{
  "classification": {
    "labels": [
      "low_possession"
    ],
    "primary_label": "low_possession"
  },
  "cumulative_team0_reward": -2.389080819129944,
  "cumulative_team1_reward": 2.2814808111190796,
  "episode_index": 317,
  "final_score": null,
  "final_team0_step_reward": -2.0303930702209474,
  "final_team1_step_reward": 1.992793062210083,
  "final_winner": null,
  "metrics": {
    "mean_ball_x": 5.856034603985873,
    "tail_mean_ball_x": 5.856034603985873,
    "team0_possession_ratio": 0.2,
    "team0_progress_toward_goal": 0.0,
    "team0_shaping_reward_sum": 0.3030808191299439,
    "team1_possession_ratio": 0.8,
    "team1_progress_toward_goal": 0.0,
    "team1_shaping_reward_sum": -0.3890808191299439
  },
  "outcome": "team1_win",
  "sampled_trace": [
    {
      "ball_pos": [
        -1.0055687427520752,
        -1.2338659763336182
      ],
      "reward_shaping": {
        "applied_reward": {
          "0": -0.001,
          "1": -0.001,
          "2": -0.001,
          "3": -0.001
        },
        "ball_dx": null,
        "ball_found": true,
        "ball_pos": [
          -1.0055687427520752,
          -1.2338659763336182
        ],
        "closest_agent_distance": null,
        "closest_agent_id": null,
        "deep_zone_team0_inner": false,
        "deep_zone_team0_outer": false,
        "deep_zone_team1_inner": false,
        "deep_zone_team1_outer": false,
        "defensive_survival_team0_active": false,
        "defensive_survival_team1_active": false,
        "episode_steps": 1,
        "player_count": 4,
        "possessing_team": null,
        "possession_confirmed": false,
        "prev_ball_x": null,
        "progress_reward_applied": false,
        "progress_reward_gated": false,
        "progress_toward_goal": null,
        "scalar_reward_delta": 0.0
      },
      "score": null,
      "step": 0,
      "team0_centroid": [
        3.7980209589004517,
        -0.04716682434082031
      ],
      "team0_step_reward": -0.002,
      "team1_centroid": [
        -6.130723714828491,
        -0.005546391010284424
      ],
      "team1_step_reward": -0.002,
      "winner": null
    },
    {
      "ball_pos": [
        15.248472213745117,
        3.620009422302246
      ],
      "reward_shaping": {
        "applied_reward": {
          "0": 0.007196535110473633,
          "1": 0.007196535110473633,
          "2": -0.015196535110473634,
          "3": -0.015196535110473634
        },
        "ball_dx": 0.8196535110473633,
        "ball_found": true,
        "ball_pos": [
          15.248472213745117,
          3.620009422302246
        ],
        "closest_agent_distance": 12.326286629472303,
        "closest_agent_id": 3,
        "deep_zone_team0_inner": false,
        "deep_zone_team0_outer": false,
        "deep_zone_team1_inner": true,
        "deep_zone_team1_outer": true,
        "defensive_survival_team0_active": false,
        "defensive_survival_team1_active": false,
        "episode_steps": 11,
        "fast_loss_penalty_team0": 0.0,
        "fast_loss_penalty_team1": 0.0,
        "player_count": 4,
        "possessing_team": 1,
        "possession_confirmed": false,
        "prev_ball_x": 14.428818702697754,
        "progress_reward_applied": true,
        "progress_reward_gated": false,
        "progress_toward_goal": 0.0,
        "scalar_reward_delta": 0.0,
        "terminal_winner": null
      },
      "score": null,
      "step": 10,
      "team0_centroid": [
        2.6285694241523743,
        -0.9948814809322357
      ],
      "team0_step_reward": -2.0303930702209474,
      "team1_centroid": [
        -1.9961230754852295,
        -0.08151578903198242
      ],
      "team1_step_reward": 1.992793062210083,
      "winner": null
    }
  ],
  "steps": 11,
  "tail_trace": [
    {
      "ball_pos": [
        -1.0055687427520752,
        -1.2338659763336182
      ],
      "reward_shaping": {
        "applied_reward": {
          "0": -0.001,
          "1": -0.001,
          "2": -0.001,
          "3": -0.001
        },
        "ball_dx": null,
        "ball_found": true,
        "ball_pos": [
          -1.0055687427520752,
          -1.2338659763336182
        ],
        "closest_agent_distance": null,
        "closest_agent_id": null,
        "deep_zone_team0_inner": false,
        "deep_zone_team0_outer": false,
        "deep_zone_team1_inner": false,
        "deep_zone_team1_outer": false,
        "defensive_survival_team0_active": false,
        "defensive_survival_team1_active": false,
        "episode_steps": 1,
        "player_count": 4,
        "possessing_team": null,
        "possession_confirmed": false,
        "prev_ball_x": null,
        "progress_reward_applied": false,
        "progress_reward_gated": false,
        "progress_toward_goal": null,
        "scalar_reward_delta": 0.0
      },
      "score": null,
      "step": 0,
      "team0_centroid": [
        3.7980209589004517,
        -0.04716682434082031
      ],
      "team0_step_reward": -0.002,
      "team1_centroid": [
        -6.130723714828491,
        -0.005546391010284424
      ],
      "team1_step_reward": -0.002,
      "winner": null
    },
    {
      "ball_pos": [
        -1.0055687427520752,
        -1.2338659763336182
      ],
      "reward_shaping": {
        "applied_reward": {
          "0": -0.001,
          "1": -0.001,
          "2": -0.001,
          "3": -0.001
        },
        "ball_dx": 0.0,
        "ball_found": true,
        "ball_pos": [
          -1.0055687427520752,
          -1.2338659763336182
        ],
        "closest_agent_distance": 2.929884180998383,
        "closest_agent_id": 1,
        "deep_zone_team0_inner": false,
        "deep_zone_team0_outer": false,
        "deep_zone_team1_inner": false,
        "deep_zone_team1_outer": false,
        "defensive_survival_team0_active": false,
        "defensive_survival_team1_active": false,
        "episode_steps": 2,
        "player_count": 4,
        "possessing_team": 0,
        "possession_confirmed": false,
        "prev_ball_x": -1.0055687427520752,
        "progress_reward_applied": true,
        "progress_reward_gated": false,
        "progress_toward_goal": 0.0,
        "scalar_reward_delta": 0.0
      },
      "score": null,
      "step": 1,
      "team0_centroid": [
        3.6175838708877563,
        -0.15644684433937073
      ],
      "team0_step_reward": -0.002,
      "team1_centroid": [
        -4.964100360870361,
        -0.006091177463531494
      ],
      "team1_step_reward": -0.002,
      "winner": null
    },
    {
      "ball_pos": [
        -1.0055687427520752,
        -1.2338659763336182
      ],
      "reward_shaping": {
        "applied_reward": {
          "0": -0.001,
          "1": -0.001,
          "2": -0.001,
          "3": -0.001
        },
        "ball_dx": 0.0,
        "ball_found": true,
        "ball_pos": [
          -1.0055687427520752,
          -1.2338659763336182
        ],
        "closest_agent_distance": 1.777600356399526,
        "closest_agent_id": 1,
        "deep_zone_team0_inner": false,
        "deep_zone_team0_outer": false,
        "deep_zone_team1_inner": false,
        "deep_zone_team1_outer": false,
        "defensive_survival_team0_active": false,
        "defensive_survival_team1_active": false,
        "episode_steps": 3,
        "player_count": 4,
        "possessing_team": 0,
        "possession_confirmed": false,
        "prev_ball_x": -1.0055687427520752,
        "progress_reward_applied": true,
        "progress_reward_gated": false,
        "progress_toward_goal": 0.0,
        "scalar_reward_delta": 0.0
      },
      "score": null,
      "step": 2,
      "team0_centroid": [
        2.68799090385437,
        -0.35580597817897797
      ],
      "team0_step_reward": -0.002,
      "team1_centroid": [
        -3.8137855529785156,
        0.0066258907318115234
      ],
      "team1_step_reward": -0.002,