{
  "classification": {
    "labels": [
      "late_defensive_collapse",
      "territory_loss",
      "poor_conversion"
    ],
    "primary_label": "late_defensive_collapse"
  },
  "cumulative_team0_reward": -2.288246709823609,
  "cumulative_team1_reward": 2.212646659851074,
  "episode_index": 202,
  "final_score": null,
  "final_team0_step_reward": -2.0066566276550297,
  "final_team1_step_reward": 1.977056577682495,
  "final_winner": null,
  "metrics": {
    "mean_ball_x": -7.246875690562384,
    "tail_mean_ball_x": -7.246875690562384,
    "team0_possession_ratio": 0.9230769230769231,
    "team0_progress_toward_goal": 0.0,
    "team0_shaping_reward_sum": -0.28824670982360834,
    "team1_possession_ratio": 0.07692307692307693,
    "team1_progress_toward_goal": 0.0,
    "team1_shaping_reward_sum": 0.2402467098236084
  },
  "outcome": "team1_win",
  "sampled_trace": [
    {
      "ball_pos": [
        -1.3842787742614746,
        1.8510560989379883
      ],
      "reward_shaping": {
        "applied_reward": {
          "0": -0.001,
          "1": -0.001,
          "2": -0.001,
          "3": -0.001
        },
        "ball_dx": null,
        "ball_found": true,
        "ball_pos": [
          -1.3842787742614746,
          1.8510560989379883
        ],
        "deep_zone_team0_inner": false,
        "deep_zone_team0_outer": false,
        "deep_zone_team1_inner": false,
        "deep_zone_team1_outer": false,
        "player_count": 4,
        "prev_ball_x": null,
        "scalar_reward_delta": 0.0
      },
      "score": null,
      "step": 0,
      "team0_centroid": [
        -5.969703912734985,
        0.08619922399520874
      ],
      "team0_step_reward": -0.002,
      "team1_centroid": [
        6.902315378189087,
        0.04423004388809204
      ],
      "team1_step_reward": -0.002,
      "winner": null
    },
    {
      "ball_pos": [
        -11.778923034667969,
        -3.426584005355835
      ],
      "reward_shaping": {
        "applied_reward": {
          "0": -0.010661941528320312,
          "1": -0.008661941528320314,
          "2": 0.008661941528320314,
          "3": 0.008661941528320314
        },
        "ball_dx": -0.9661941528320312,
        "ball_found": true,
        "ball_pos": [
          -11.778923034667969,
          -3.426584005355835
        ],
        "closest_agent_id": 1,
        "deep_zone_team0_inner": false,
        "deep_zone_team0_outer": false,
        "deep_zone_team1_inner": false,
        "deep_zone_team1_outer": false,
        "player_count": 4,
        "possessing_team": 0,
        "prev_ball_x": -10.812728881835938,
        "progress_toward_goal": 0.0,
        "scalar_reward_delta": 0.0
      },
      "score": null,
      "step": 10,
      "team0_centroid": [
        -9.679820537567139,
        -1.0774005502462387
      ],
      "team0_step_reward": -0.019323883056640626,
      "team1_centroid": [
        1.3616458177566528,
        2.262957990169525
      ],
      "team1_step_reward": 0.017323883056640628,
      "winner": null
    }
  ],
  "steps": 14,
  "tail_trace": [
    {
      "ball_pos": [
        -1.3842787742614746,
        1.8510560989379883
      ],
      "reward_shaping": {
        "applied_reward": {
          "0": -0.001,
          "1": -0.001,
          "2": -0.001,
          "3": -0.001
        },
        "ball_dx": null,
        "ball_found": true,
        "ball_pos": [
          -1.3842787742614746,
          1.8510560989379883
        ],
        "deep_zone_team0_inner": false,
        "deep_zone_team0_outer": false,
        "deep_zone_team1_inner": false,
        "deep_zone_team1_outer": false,
        "player_count": 4,
        "prev_ball_x": null,
        "scalar_reward_delta": 0.0
      },
      "score": null,
      "step": 0,
      "team0_centroid": [
        -5.969703912734985,
        0.08619922399520874
      ],
      "team0_step_reward": -0.002,
      "team1_centroid": [
        6.902315378189087,
        0.04423004388809204
      ],
      "team1_step_reward": -0.002,
      "winner": null
    },
    {
      "ball_pos": [
        -1.3842787742614746,
        1.8510560989379883
      ],
      "reward_shaping": {
        "applied_reward": {
          "0": -0.001,
          "1": -0.001,
          "2": -0.001,
          "3": -0.001
        },
        "ball_dx": 0.0,
        "ball_found": true,
        "ball_pos": [
          -1.3842787742614746,
          1.8510560989379883
        ],
        "closest_agent_id": 0,
        "deep_zone_team0_inner": false,
        "deep_zone_team0_outer": false,
        "deep_zone_team1_inner": false,
        "deep_zone_team1_outer": false,
        "player_count": 4,
        "possessing_team": 0,
        "prev_ball_x": -1.3842787742614746,
        "progress_toward_goal": 0.0,
        "scalar_reward_delta": 0.0
      },
      "score": null,
      "step": 1,
      "team0_centroid": [
        -5.6302080154418945,
        0.14979910850524902
      ],
      "team0_step_reward": -0.002,
      "team1_centroid": [
        6.316192865371704,
        0.10102230310440063
      ],
      "team1_step_reward": -0.002,
      "winner": null
    },
    {
      "ball_pos": [
        -1.3842787742614746,
        1.8510560989379883
      ],
      "reward_shaping": {
        "applied_reward": {
          "0": -0.001,
          "1": -0.001,
          "2": -0.001,
          "3": -0.001
        },
        "ball_dx": 0.0,
        "ball_found": true,
        "ball_pos": [
          -1.3842787742614746,
          1.8510560989379883
        ],
        "closest_agent_id": 0,
        "deep_zone_team0_inner": false,
        "deep_zone_team0_outer": false,
        "deep_zone_team1_inner": false,
        "deep_zone_team1_outer": false,
        "player_count": 4,
        "possessing_team": 0,
        "prev_ball_x": -1.3842787742614746,
        "progress_toward_goal": 0.0,
        "scalar_reward_delta": 0.0
      },
      "score": null,
      "step": 2,
      "team0_centroid": [
        -5.370420813560486,
        0.1321849822998047
      ],
      "team0_step_reward": -0.002,
      "team1_centroid": [
        5.471181631088257,
        0.2676466703414917
      ],
      "team1_step_reward": -0.002,
      "winner": null
    },
    {
      "ball_pos": [
        0.23904496431350708,
        1.828879475593567
      ],
      "reward_shaping": {
        "applied_reward": {
          "0": 0.015233237385749818,
          "1": 0.015233237385749818,
          "2": -0.015233237385749818,
          "3": -0.01723323738574982
        },
        "ball_dx": 1.6233237385749817,
        "ball_found": true,
        "ball_pos": [
          0.23904496431350708,
          1.828879475593567
        ],
        "closest_agent_id": 2,
        "deep_zone_team0_inner": false,
        "deep_zone_team0_outer": false,
        "deep_zone_team1_inner": false,
        "deep_zone_team1_outer": false,
        "player_count": 4,
        "possessing_team": 1,
        "prev_ball_x": -1.3842787742614746,
        "progress_toward_goal": 0.0,
        "scalar_reward_delta": 0.0
      },
      "score": null,
      "step": 3,
      "team0_centroid": [
        -5.20917683839798,
        0.11840522289276123
      ],
      "team0_step_reward": 0.030466474771499635,
      "team1_centroid": [
        4.421700179576874,
        0.5652223229408264
      ],
      "team1_step_reward": -0.03246647477149964,
      "winner": null
    },
    {
      "ball_pos": [
        -2.6034505367279053,
        -0.7962912321090698
      ],
      "reward_shaping": {
        "applied_reward": {
          "0": -0.029424955010414124,
          "1": -0.029424955010414124,
          "2": 0.027424955010414122,
          "3": 0.027424955010414122
        },
        "ball_dx": -2.8424955010414124,
        "ball_found": true,
        "ball_pos": [
          -2.6034505367279053,
          -0.7962912321090698
        ],
        "closest_agent_id": 0,
        "deep_zone_team0_inner": false,
        "deep_zone_team0_outer": false,