{
  "classification": {
    "labels": [
      "low_possession",
      "opponent_forward_progress"
    ],
    "primary_label": "low_possession"
  },
  "cumulative_team0_reward": -2.315695686340332,
  "cumulative_team1_reward": 2.256095652580261,
  "episode_index": 1,
  "final_score": null,
  "final_team0_step_reward": -2.063853084564209,
  "final_team1_step_reward": 2.040253050804138,
  "final_winner": null,
  "metrics": {
    "mean_ball_x": 4.610659885406494,
    "tail_mean_ball_x": 4.610659885406494,
    "team0_possession_ratio": 0.1111111111111111,
    "team0_progress_toward_goal": 0.0,
    "team0_shaping_reward_sum": 0.27569568634033204,
    "team1_possession_ratio": 0.8888888888888888,
    "team1_progress_toward_goal": 0.6090540885925293,
    "team1_shaping_reward_sum": -0.31569568634033207
  },
  "outcome": "team1_win",
  "sampled_trace": [
    {
      "ball_pos": [
        1.9038372039794922,
        -0.2431560754776001
      ],
      "reward_shaping": {
        "applied_reward": {
          "0": -0.001,
          "1": -0.001,
          "2": -0.001,
          "3": -0.001
        },
        "ball_dx": null,
        "ball_found": true,
        "ball_pos": [
          1.9038372039794922,
          -0.2431560754776001
        ],
        "deep_zone_team0_inner": false,
        "deep_zone_team0_outer": false,
        "deep_zone_team1_inner": false,
        "deep_zone_team1_outer": false,
        "player_count": 4,
        "prev_ball_x": null,
        "scalar_reward_delta": 0.0
      },
      "score": null,
      "step": 0,
      "team0_centroid": [
        7.2751264572143555,
        -0.00010973215103149414
      ],
      "team0_step_reward": -0.002,
      "team1_centroid": [
        -11.099205493927002,
        0.06906580924987793
      ],
      "team1_step_reward": -0.002,
      "winner": null
    }
  ],
  "steps": 10,
  "tail_trace": [
    {
      "ball_pos": [
        1.9038372039794922,
        -0.2431560754776001
      ],
      "reward_shaping": {
        "applied_reward": {
          "0": -0.001,
          "1": -0.001,
          "2": -0.001,
          "3": -0.001
        },
        "ball_dx": null,
        "ball_found": true,
        "ball_pos": [
          1.9038372039794922,
          -0.2431560754776001
        ],
        "deep_zone_team0_inner": false,
        "deep_zone_team0_outer": false,
        "deep_zone_team1_inner": false,
        "deep_zone_team1_outer": false,
        "player_count": 4,
        "prev_ball_x": null,
        "scalar_reward_delta": 0.0
      },
      "score": null,
      "step": 0,
      "team0_centroid": [
        7.2751264572143555,
        -0.00010973215103149414
      ],
      "team0_step_reward": -0.002,
      "team1_centroid": [
        -11.099205493927002,
        0.06906580924987793
      ],
      "team1_step_reward": -0.002,
      "winner": null
    },
    {
      "ball_pos": [
        1.9038372039794922,
        -0.2431560456752777
      ],
      "reward_shaping": {
        "applied_reward": {
          "0": -0.001,
          "1": -0.001,
          "2": -0.001,
          "3": -0.001
        },
        "ball_dx": 0.0,
        "ball_found": true,
        "ball_pos": [
          1.9038372039794922,
          -0.2431560456752777
        ],
        "closest_agent_id": 2,
        "deep_zone_team0_inner": false,
        "deep_zone_team0_outer": false,
        "deep_zone_team1_inner": false,
        "deep_zone_team1_outer": false,
        "player_count": 4,
        "possessing_team": 1,
        "prev_ball_x": 1.9038372039794922,
        "progress_toward_goal": -0.0,
        "scalar_reward_delta": 0.0
      },
      "score": null,
      "step": 1,
      "team0_centroid": [
        7.518631458282471,
        -0.034729450941085815
      ],
      "team0_step_reward": -0.002,
      "team1_centroid": [
        -10.596647262573242,
        0.20739343762397766
      ],
      "team1_step_reward": -0.002,
      "winner": null
    },
    {
      "ball_pos": [
        1.9038372039794922,
        -0.24315598607063293
      ],
      "reward_shaping": {
        "applied_reward": {
          "0": -0.001,
          "1": -0.001,
          "2": -0.001,
          "3": -0.001
        },
        "ball_dx": 0.0,
        "ball_found": true,
        "ball_pos": [
          1.9038372039794922,
          -0.24315598607063293
        ],
        "closest_agent_id": 2,
        "deep_zone_team0_inner": false,
        "deep_zone_team0_outer": false,
        "deep_zone_team1_inner": false,
        "deep_zone_team1_outer": false,
        "player_count": 4,
        "possessing_team": 1,
        "prev_ball_x": 1.9038372039794922,
        "progress_toward_goal": -0.0,
        "scalar_reward_delta": 0.0
      },
      "score": null,
      "step": 2,
      "team0_centroid": [
        7.572563648223877,
        -0.038620367646217346
      ],
      "team0_step_reward": -0.002,
      "team1_centroid": [
        -9.685986042022705,
        0.3598383367061615
      ],
      "team1_step_reward": -0.002,
      "winner": null
    },
    {
      "ball_pos": [
        1.9038372039794922,
        -0.24315597116947174
      ],
      "reward_shaping": {
        "applied_reward": {
          "0": -0.001,
          "1": -0.001,
          "2": -0.001,
          "3": -0.001
        },
        "ball_dx": 0.0,
        "ball_found": true,
        "ball_pos": [
          1.9038372039794922,
          -0.24315597116947174
        ],
        "closest_agent_id": 2,
        "deep_zone_team0_inner": false,
        "deep_zone_team0_outer": false,
        "deep_zone_team1_inner": false,
        "deep_zone_team1_outer": false,
        "player_count": 4,
        "possessing_team": 1,
        "prev_ball_x": 1.9038372039794922,
        "progress_toward_goal": -0.0,
        "scalar_reward_delta": 0.0
      },
      "score": null,
      "step": 3,
      "team0_centroid": [
        7.1692962646484375,
        0.04421360045671463
      ],
      "team0_step_reward": -0.002,
      "team1_centroid": [
        -8.370215892791748,
        0.516289159655571
      ],
      "team1_step_reward": -0.002,
      "winner": null
    },
    {
      "ball_pos": [
        1.294783115386963,
        -0.2572159469127655
      ],
      "reward_shaping": {
        "applied_reward": {
          "0": -0.007090540885925293,
          "1": -0.007090540885925293,
          "2": 0.005090540885925293,
          "3": 0.005090540885925293
        },
        "ball_dx": -0.6090540885925293,
        "ball_found": true,
        "ball_pos": [
          1.294783115386963,
          -0.2572159469127655
        ],
        "closest_agent_id": 2,
        "deep_zone_team0_inner": false,
        "deep_zone_team0_outer": false,
        "deep_zone_team1_inner": false,
        "deep_zone_team1_outer": false,
        "player_count": 4,
        "possessing_team": 1,
        "prev_ball_x": 1.9038372039794922,
        "progress_toward_goal": 0.6090540885925293,
        "scalar_reward_delta": 0.0
      },
      "score": null,
      "step": 4,
      "team0_centroid": [
        6.732807636260986,
        0.13940253853797913
      ],
      "team0_step_reward": 0.010181081771850587,
      "team1_centroid": [
        -6.60457181930542,
        0.7152499035000801
      ],
      "team1_step_reward": -0.014181081771850587,
      "winner": null
    },
    {
      "ball_pos": [
        -2.58524227142334,
        0.09454623609781265
      ],
      "reward_shaping": {
        "applied_reward": {
          "0": -0.03980025386810303,
          "1": -0.03980025386810303,
          "2": 0.037800253868103026,
          "3": 0.037800253868103026
        },
        "ball_dx": -3.8800253868103027,
        "ball_found": true,
        "ball_pos": [
          -2.58524227142334,
          0.09454623609781265
        ],
        "closest_agent_id": 1,
        "deep_zone_team0_inner": false,
        "deep_zone_team0_outer": false,
        "deep_zone_team1_inner": false,
        "deep_zone_team1_outer": false,
        "player_count": 4,