{
  "classification": {
    "labels": [
      "late_defensive_collapse",
      "territory_loss",
      "poor_conversion"
    ],
    "primary_label": "late_defensive_collapse"
  },
  "cumulative_team0_reward": -2.354692500114441,
  "cumulative_team1_reward": 2.273492516517639,
  "episode_index": 154,
  "final_score": null,
  "final_team0_step_reward": -2.0121010131835937,
  "final_team1_step_reward": 1.980901029586792,
  "final_winner": null,
  "metrics": {
    "mean_ball_x": -6.453797570296696,
    "tail_mean_ball_x": -6.453797570296696,
    "team0_possession_ratio": 0.8461538461538461,
    "team0_progress_toward_goal": 0.0,
    "team0_shaping_reward_sum": -0.354692500114441,
    "team1_possession_ratio": 0.15384615384615385,
    "team1_progress_toward_goal": 0.0,
    "team1_shaping_reward_sum": 0.30069250011444104
  },
  "outcome": "team1_win",
  "sampled_trace": [
    {
      "ball_pos": [
        1.0026776790618896,
        -1.179915428161621
      ],
      "reward_shaping": {
        "applied_reward": {
          "0": -0.001,
          "1": -0.001,
          "2": -0.001,
          "3": -0.001
        },
        "ball_dx": null,
        "ball_found": true,
        "ball_pos": [
          1.0026776790618896,
          -1.179915428161621
        ],
        "deep_zone_team0_inner": false,
        "deep_zone_team0_outer": false,
        "deep_zone_team1_inner": false,
        "deep_zone_team1_outer": false,
        "player_count": 4,
        "prev_ball_x": null,
        "scalar_reward_delta": 0.0
      },
      "score": null,
      "step": 0,
      "team0_centroid": [
        -8.621370792388916,
        0.07391643524169922
      ],
      "team0_step_reward": -0.002,
      "team1_centroid": [
        7.6931328773498535,
        0.09052658081054688
      ],
      "team1_step_reward": -0.002,
      "winner": null
    },
    {
      "ball_pos": [
        -10.478070259094238,
        -0.8953506946563721
      ],
      "reward_shaping": {
        "applied_reward": {
          "0": -0.01886975860595703,
          "1": -0.01886975860595703,
          "2": 0.01686975860595703,
          "3": 0.01686975860595703
        },
        "ball_dx": -1.7869758605957031,
        "ball_found": true,
        "ball_pos": [
          -10.478070259094238,
          -0.8953506946563721
        ],
        "closest_agent_id": 1,
        "deep_zone_team0_inner": false,
        "deep_zone_team0_outer": false,
        "deep_zone_team1_inner": false,
        "deep_zone_team1_outer": false,
        "player_count": 4,
        "possessing_team": 0,
        "prev_ball_x": -8.691094398498535,
        "progress_toward_goal": 0.0,
        "scalar_reward_delta": 0.0
      },
      "score": null,
      "step": 10,
      "team0_centroid": [
        -11.314346313476562,
        0.7394655346870422
      ],
      "team0_step_reward": -0.03773951721191406,
      "team1_centroid": [
        2.6762054562568665,
        0.2966960072517395
      ],
      "team1_step_reward": 0.03373951721191406,
      "winner": null
    }
  ],
  "steps": 14,
  "tail_trace": [
    {
      "ball_pos": [
        1.0026776790618896,
        -1.179915428161621
      ],
      "reward_shaping": {
        "applied_reward": {
          "0": -0.001,
          "1": -0.001,
          "2": -0.001,
          "3": -0.001
        },
        "ball_dx": null,
        "ball_found": true,
        "ball_pos": [
          1.0026776790618896,
          -1.179915428161621
        ],
        "deep_zone_team0_inner": false,
        "deep_zone_team0_outer": false,
        "deep_zone_team1_inner": false,
        "deep_zone_team1_outer": false,
        "player_count": 4,
        "prev_ball_x": null,
        "scalar_reward_delta": 0.0
      },
      "score": null,
      "step": 0,
      "team0_centroid": [
        -8.621370792388916,
        0.07391643524169922
      ],
      "team0_step_reward": -0.002,
      "team1_centroid": [
        7.6931328773498535,
        0.09052658081054688
      ],
      "team1_step_reward": -0.002,
      "winner": null
    },
    {
      "ball_pos": [
        1.0026776790618896,
        -1.179915428161621
      ],
      "reward_shaping": {
        "applied_reward": {
          "0": -0.001,
          "1": -0.001,
          "2": -0.001,
          "3": -0.001
        },
        "ball_dx": 0.0,
        "ball_found": true,
        "ball_pos": [
          1.0026776790618896,
          -1.179915428161621
        ],
        "closest_agent_id": 3,
        "deep_zone_team0_inner": false,
        "deep_zone_team0_outer": false,
        "deep_zone_team1_inner": false,
        "deep_zone_team1_outer": false,
        "player_count": 4,
        "possessing_team": 1,
        "prev_ball_x": 1.0026776790618896,
        "progress_toward_goal": -0.0,
        "scalar_reward_delta": 0.0
      },
      "score": null,
      "step": 1,
      "team0_centroid": [
        -8.001599073410034,
        0.202545166015625
      ],
      "team0_step_reward": -0.002,
      "team1_centroid": [
        6.552699565887451,
        0.2995941638946533
      ],
      "team1_step_reward": -0.002,
      "winner": null
    },
    {
      "ball_pos": [
        1.0026776790618896,
        -1.179915428161621
      ],
      "reward_shaping": {
        "applied_reward": {
          "0": -0.001,
          "1": -0.001,
          "2": -0.001,
          "3": 0.001
        },
        "ball_dx": 0.0,
        "ball_found": true,
        "ball_pos": [
          1.0026776790618896,
          -1.179915428161621
        ],
        "closest_agent_id": 3,
        "deep_zone_team0_inner": false,
        "deep_zone_team0_outer": false,
        "deep_zone_team1_inner": false,
        "deep_zone_team1_outer": false,
        "player_count": 4,
        "possessing_team": 1,
        "prev_ball_x": 1.0026776790618896,
        "progress_toward_goal": -0.0,
        "scalar_reward_delta": 0.0
      },
      "score": null,
      "step": 2,
      "team0_centroid": [
        -7.1016082763671875,
        0.3685363531112671
      ],
      "team0_step_reward": -0.002,
      "team1_centroid": [
        5.399700880050659,
        0.5120770931243896
      ],
      "team1_step_reward": 0.0,
      "winner": null
    },
    {
      "ball_pos": [
        -1.3980990648269653,
        -1.9229081869125366
      ],
      "reward_shaping": {
        "applied_reward": {
          "0": -0.02500776743888855,
          "1": -0.02500776743888855,
          "2": 0.02300776743888855,
          "3": 0.02300776743888855
        },
        "ball_dx": -2.400776743888855,
        "ball_found": true,
        "ball_pos": [
          -1.3980990648269653,
          -1.9229081869125366
        ],
        "closest_agent_id": 1,
        "deep_zone_team0_inner": false,
        "deep_zone_team0_outer": false,
        "deep_zone_team1_inner": false,
        "deep_zone_team1_outer": false,
        "player_count": 4,
        "possessing_team": 0,
        "prev_ball_x": 1.0026776790618896,
        "progress_toward_goal": 0.0,
        "scalar_reward_delta": 0.0
      },
      "score": null,
      "step": 3,
      "team0_centroid": [
        -5.9965444803237915,
        0.61142897605896
      ],
      "team0_step_reward": -0.0500155348777771,
      "team1_centroid": [
        4.3006287813186646,
        0.6150006949901581
      ],
      "team1_step_reward": 0.0460155348777771,
      "winner": null
    },
    {
      "ball_pos": [
        -3.27203369140625,
        -3.6252007484436035
      ],
      "reward_shaping": {
        "applied_reward": {
          "0": -0.019739346265792847,
          "1": -0.019739346265792847,
          "2": 0.017739346265792846,
          "3": 0.017739346265792846
        },
        "ball_dx": -1.8739346265792847,
        "ball_found": true,
        "ball_pos": [
          -3.27203369140625,
          -3.6252007484436035
        ],
        "closest_agent_id": 1,
        "deep_zone_team0_inner": false,
        "deep_zone_team0_outer": false,
        "deep_zone_team1_inner": false,