{
  "classification": {
    "labels": [
      "unclear_loss"
    ],
    "primary_label": "unclear_loss"
  },
  "cumulative_team0_reward": -2.3126758923530577,
  "cumulative_team1_reward": 2.239875949382782,
  "episode_index": 357,
  "final_score": null,
  "final_team0_step_reward": -2.006487190246582,
  "final_team1_step_reward": 1.977687247276306,
  "final_winner": null,
  "metrics": {
    "mean_ball_x": 5.782172945829538,
    "tail_mean_ball_x": 5.782172945829538,
    "team0_possession_ratio": 0.4166666666666667,
    "team0_progress_toward_goal": 0.8036381006240845,
    "team0_shaping_reward_sum": 0.26467589235305794,
    "team1_possession_ratio": 0.5833333333333334,
    "team1_progress_toward_goal": 0.0,
    "team1_shaping_reward_sum": -0.312675892353058
  },
  "outcome": "team1_win",
  "sampled_trace": [
    {
      "ball_pos": [
        1.1222833395004272,
        -0.464975506067276
      ],
      "reward_shaping": {
        "applied_reward": {
          "0": -0.001,
          "1": -0.001,
          "2": -0.001,
          "3": -0.001
        },
        "ball_dx": null,
        "ball_found": true,
        "ball_pos": [
          1.1222833395004272,
          -0.464975506067276
        ],
        "deep_zone_team0_inner": false,
        "deep_zone_team0_outer": false,
        "deep_zone_team1_inner": false,
        "deep_zone_team1_outer": false,
        "player_count": 4,
        "prev_ball_x": null,
        "scalar_reward_delta": 0.0
      },
      "score": null,
      "step": 0,
      "team0_centroid": [
        9.54078221321106,
        -0.03552597761154175
      ],
      "team0_step_reward": -0.002,
      "team1_centroid": [
        -5.299774169921875,
        -0.00833594799041748
      ],
      "team1_step_reward": -0.002,
      "winner": null
    },
    {
      "ball_pos": [
        13.177735328674316,
        2.55637264251709
      ],
      "reward_shaping": {
        "applied_reward": {
          "0": 0.023300556182861327,
          "1": 0.023300556182861327,
          "2": -0.02530055618286133,
          "3": -0.02530055618286133
        },
        "ball_dx": 2.430055618286133,
        "ball_found": true,
        "ball_pos": [
          13.177735328674316,
          2.55637264251709
        ],
        "closest_agent_id": 3,
        "deep_zone_team0_inner": false,
        "deep_zone_team0_outer": false,
        "deep_zone_team1_inner": false,
        "deep_zone_team1_outer": false,
        "player_count": 4,
        "possessing_team": 1,
        "prev_ball_x": 10.747679710388184,
        "progress_toward_goal": 0.0,
        "scalar_reward_delta": 0.0
      },
      "score": null,
      "step": 10,
      "team0_centroid": [
        8.238865375518799,
        1.6402712310664356
      ],
      "team0_step_reward": -0.05060111236572266,
      "team1_centroid": [
        -0.4418904781341553,
        1.1927786022424698
      ],
      "team1_step_reward": 0.046601112365722654,
      "winner": null
    }
  ],
  "steps": 13,
  "tail_trace": [
    {
      "ball_pos": [
        1.1222833395004272,
        -0.464975506067276
      ],
      "reward_shaping": {
        "applied_reward": {
          "0": -0.001,
          "1": -0.001,
          "2": -0.001,
          "3": -0.001
        },
        "ball_dx": null,
        "ball_found": true,
        "ball_pos": [
          1.1222833395004272,
          -0.464975506067276
        ],
        "deep_zone_team0_inner": false,
        "deep_zone_team0_outer": false,
        "deep_zone_team1_inner": false,
        "deep_zone_team1_outer": false,
        "player_count": 4,
        "prev_ball_x": null,
        "scalar_reward_delta": 0.0
      },
      "score": null,
      "step": 0,
      "team0_centroid": [
        9.54078221321106,
        -0.03552597761154175
      ],
      "team0_step_reward": -0.002,
      "team1_centroid": [
        -5.299774169921875,
        -0.00833594799041748
      ],
      "team1_step_reward": -0.002,
      "winner": null
    },
    {
      "ball_pos": [
        1.1222833395004272,
        -0.46497559547424316
      ],
      "reward_shaping": {
        "applied_reward": {
          "0": -0.001,
          "1": -0.001,
          "2": -0.001,
          "3": -0.001
        },
        "ball_dx": 0.0,
        "ball_found": true,
        "ball_pos": [
          1.1222833395004272,
          -0.46497559547424316
        ],
        "closest_agent_id": 1,
        "deep_zone_team0_inner": false,
        "deep_zone_team0_outer": false,
        "deep_zone_team1_inner": false,
        "deep_zone_team1_outer": false,
        "player_count": 4,
        "possessing_team": 0,
        "prev_ball_x": 1.1222833395004272,
        "progress_toward_goal": 0.0,
        "scalar_reward_delta": 0.0
      },
      "score": null,
      "step": 1,
      "team0_centroid": [
        8.962732315063477,
        -0.012415945529937744
      ],
      "team0_step_reward": -0.002,
      "team1_centroid": [
        -4.715859651565552,
        0.02546226978302002
      ],
      "team1_step_reward": -0.002,
      "winner": null
    },
    {
      "ball_pos": [
        1.1222833395004272,
        -0.46497559547424316
      ],
      "reward_shaping": {
        "applied_reward": {
          "0": -0.001,
          "1": -0.001,
          "2": -0.001,
          "3": -0.001
        },
        "ball_dx": 0.0,
        "ball_found": true,
        "ball_pos": [
          1.1222833395004272,
          -0.46497559547424316
        ],
        "closest_agent_id": 1,
        "deep_zone_team0_inner": false,
        "deep_zone_team0_outer": false,
        "deep_zone_team1_inner": false,
        "deep_zone_team1_outer": false,
        "player_count": 4,
        "possessing_team": 0,
        "prev_ball_x": 1.1222833395004272,
        "progress_toward_goal": 0.0,
        "scalar_reward_delta": 0.0
      },
      "score": null,
      "step": 2,
      "team0_centroid": [
        8.159758567810059,
        0.03608900308609009
      ],
      "team0_step_reward": -0.002,
      "team1_centroid": [
        -3.6455289721488953,
        0.10056248307228088
      ],
      "team1_step_reward": -0.002,
      "winner": null
    },
    {
      "ball_pos": [
        1.1222833395004272,
        -0.46497559547424316
      ],
      "reward_shaping": {
        "applied_reward": {
          "0": -0.001,
          "1": 0.001,
          "2": -0.001,
          "3": -0.001
        },
        "ball_dx": 0.0,
        "ball_found": true,
        "ball_pos": [
          1.1222833395004272,
          -0.46497559547424316
        ],
        "closest_agent_id": 1,
        "deep_zone_team0_inner": false,
        "deep_zone_team0_outer": false,
        "deep_zone_team1_inner": false,
        "deep_zone_team1_outer": false,
        "player_count": 4,
        "possessing_team": 0,
        "prev_ball_x": 1.1222833395004272,
        "progress_toward_goal": 0.0,
        "scalar_reward_delta": 0.0
      },
      "score": null,
      "step": 3,
      "team0_centroid": [
        7.18969464302063,
        0.05475429445505142
      ],
      "team0_step_reward": -0.002,
      "team1_centroid": [
        -2.317694276571274,
        0.2678530812263489
      ],
      "team1_step_reward": 0.0,
      "winner": null
    },
    {
      "ball_pos": [
        4.153811454772949,
        0.1212363913655281
      ],
      "reward_shaping": {
        "applied_reward": {
          "0": 0.02931528115272522,
          "1": 0.02931528115272522,
          "2": -0.02931528115272522,
          "3": -0.03131528115272522
        },
        "ball_dx": 3.031528115272522,
        "ball_found": true,
        "ball_pos": [
          4.153811454772949,
          0.1212363913655281
        ],
        "closest_agent_id": 2,
        "deep_zone_team0_inner": false,
        "deep_zone_team0_outer": false,
        "deep_zone_team1_inner": false,
        "deep_zone_team1_outer": false,
        "player_count": 4,
        "possessing_team": 1,
        "prev_ball_x": 1.1222833395004272,
        "progress_toward_goal": 0.0,