{
  "classification": {
    "labels": [
      "low_possession"
    ],
    "primary_label": "low_possession"
  },
  "cumulative_team0_reward": -2.365183701992035,
  "cumulative_team1_reward": 2.3115836424827574,
  "episode_index": 411,
  "final_score": null,
  "final_team0_step_reward": -2.025583736419678,
  "final_team1_step_reward": 2.0039836769104005,
  "final_winner": null,
  "metrics": {
    "mean_ball_x": 6.56078635983997,
    "tail_mean_ball_x": 6.56078635983997,
    "team0_possession_ratio": 0.25,
    "team0_progress_toward_goal": 1.3720685839653015,
    "team0_shaping_reward_sum": 0.3291837019920349,
    "team1_possession_ratio": 0.75,
    "team1_progress_toward_goal": 0.0,
    "team1_shaping_reward_sum": -0.36518370199203487
  },
  "outcome": "team1_win",
  "sampled_trace": [
    {
      "ball_pos": [
        -1.6063965559005737,
        1.2545490264892578
      ],
      "reward_shaping": {
        "applied_reward": {
          "0": -0.001,
          "1": -0.001,
          "2": -0.001,
          "3": -0.001
        },
        "ball_dx": null,
        "ball_found": true,
        "ball_pos": [
          -1.6063965559005737,
          1.2545490264892578
        ],
        "deep_zone_team0_inner": false,
        "deep_zone_team0_outer": false,
        "deep_zone_team1_inner": false,
        "deep_zone_team1_outer": false,
        "player_count": 4,
        "prev_ball_x": null,
        "scalar_reward_delta": 0.0
      },
      "score": null,
      "step": 0,
      "team0_centroid": [
        9.012683391571045,
        -0.00037544965744018555
      ],
      "team0_step_reward": -0.002,
      "team1_centroid": [
        -8.616868734359741,
        0.0031511783599853516
      ],
      "team1_step_reward": -0.002,
      "winner": null
    }
  ],
  "steps": 9,
  "tail_trace": [
    {
      "ball_pos": [
        -1.6063965559005737,
        1.2545490264892578
      ],
      "reward_shaping": {
        "applied_reward": {
          "0": -0.001,
          "1": -0.001,
          "2": -0.001,
          "3": -0.001
        },
        "ball_dx": null,
        "ball_found": true,
        "ball_pos": [
          -1.6063965559005737,
          1.2545490264892578
        ],
        "deep_zone_team0_inner": false,
        "deep_zone_team0_outer": false,
        "deep_zone_team1_inner": false,
        "deep_zone_team1_outer": false,
        "player_count": 4,
        "prev_ball_x": null,
        "scalar_reward_delta": 0.0
      },
      "score": null,
      "step": 0,
      "team0_centroid": [
        9.012683391571045,
        -0.00037544965744018555
      ],
      "team0_step_reward": -0.002,
      "team1_centroid": [
        -8.616868734359741,
        0.0031511783599853516
      ],
      "team1_step_reward": -0.002,
      "winner": null
    },
    {
      "ball_pos": [
        -1.6063965559005737,
        1.2545490264892578
      ],
      "reward_shaping": {
        "applied_reward": {
          "0": -0.001,
          "1": -0.001,
          "2": -0.001,
          "3": -0.001
        },
        "ball_dx": 0.0,
        "ball_found": true,
        "ball_pos": [
          -1.6063965559005737,
          1.2545490264892578
        ],
        "closest_agent_id": 0,
        "deep_zone_team0_inner": false,
        "deep_zone_team0_outer": false,
        "deep_zone_team1_inner": false,
        "deep_zone_team1_outer": false,
        "player_count": 4,
        "possessing_team": 0,
        "prev_ball_x": -1.6063965559005737,
        "progress_toward_goal": 0.0,
        "scalar_reward_delta": 0.0
      },
      "score": null,
      "step": 1,
      "team0_centroid": [
        8.743581295013428,
        -0.07092764973640442
      ],
      "team0_step_reward": -0.002,
      "team1_centroid": [
        -7.69099223613739,
        0.0488014817237854
      ],
      "team1_step_reward": -0.002,
      "winner": null
    },
    {
      "ball_pos": [
        -0.23432797193527222,
        1.3351720571517944
      ],
      "reward_shaping": {
        "applied_reward": {
          "0": 0.012720685839653016,
          "1": 0.012720685839653016,
          "2": -0.014720685839653014,
          "3": -0.014720685839653014
        },
        "ball_dx": 1.3720685839653015,
        "ball_found": true,
        "ball_pos": [
          -0.23432797193527222,
          1.3351720571517944
        ],
        "closest_agent_id": 0,
        "deep_zone_team0_inner": false,
        "deep_zone_team0_outer": false,
        "deep_zone_team1_inner": false,
        "deep_zone_team1_outer": false,
        "player_count": 4,
        "possessing_team": 0,
        "prev_ball_x": -1.6063965559005737,
        "progress_toward_goal": 1.3720685839653015,
        "scalar_reward_delta": 0.0
      },
      "score": null,
      "step": 2,
      "team0_centroid": [
        7.8990089893341064,
        -0.14752152562141418
      ],
      "team0_step_reward": -0.02944137167930603,
      "team1_centroid": [
        -6.635466814041138,
        0.1323363184928894
      ],
      "team1_step_reward": 0.025441371679306032,
      "winner": null
    },
    {
      "ball_pos": [
        3.4610142707824707,
        1.7002273797988892
      ],
      "reward_shaping": {
        "applied_reward": {
          "0": 0.03595342242717743,
          "1": 0.03595342242717743,
          "2": -0.03795342242717743,
          "3": -0.03795342242717743
        },
        "ball_dx": 3.695342242717743,
        "ball_found": true,
        "ball_pos": [
          3.4610142707824707,
          1.7002273797988892
        ],
        "closest_agent_id": 3,
        "deep_zone_team0_inner": false,
        "deep_zone_team0_outer": false,
        "deep_zone_team1_inner": false,
        "deep_zone_team1_outer": false,
        "player_count": 4,
        "possessing_team": 1,
        "prev_ball_x": -0.23432797193527222,
        "progress_toward_goal": 0.0,
        "scalar_reward_delta": 0.0
      },
      "score": null,
      "step": 3,
      "team0_centroid": [
        6.73290491104126,
        -0.23065977171063423
      ],
      "team0_step_reward": -0.07590684485435487,
      "team1_centroid": [
        -5.486740693449974,
        0.24270755052566528
      ],
      "team1_step_reward": 0.07190684485435486,
      "winner": null
    },
    {
      "ball_pos": [
        6.752484321594238,
        2.025728702545166
      ],
      "reward_shaping": {
        "applied_reward": {
          "0": 0.03191470050811768,
          "1": 0.03191470050811768,
          "2": -0.03391470050811768,
          "3": -0.03391470050811768
        },
        "ball_dx": 3.2914700508117676,
        "ball_found": true,
        "ball_pos": [
          6.752484321594238,
          2.025728702545166
        ],
        "closest_agent_id": 2,
        "deep_zone_team0_inner": false,
        "deep_zone_team0_outer": false,
        "deep_zone_team1_inner": false,
        "deep_zone_team1_outer": false,
        "player_count": 4,
        "possessing_team": 1,
        "prev_ball_x": 3.4610142707824707,
        "progress_toward_goal": 0.0,
        "scalar_reward_delta": 0.0
      },
      "score": null,
      "step": 4,
      "team0_centroid": [
        5.738966703414917,
        -0.3096846640110016
      ],
      "team0_step_reward": -0.06782940101623536,
      "team1_centroid": [
        -4.270994782447815,
        0.25967074930667877
      ],
      "team1_step_reward": 0.06382940101623535,
      "winner": null
    },
    {
      "ball_pos": [
        9.678918838500977,
        2.3151333332061768
      ],
      "reward_shaping": {
        "applied_reward": {
          "0": 0.02826434516906738,
          "1": 0.02826434516906738,
          "2": -0.030264345169067383,
          "3": -0.030264345169067383
        },
        "ball_dx": 2.9264345169067383,
        "ball_found": true,
        "ball_pos": [
          9.678918838500977,
          2.3151333332061768
        ],
        "closest_agent_id": 2,
        "deep_zone_team0_inner": false,
        "deep_zone_team0_outer": false,