{
  "classification": {
    "labels": [
      "late_defensive_collapse",
      "territory_loss",
      "poor_conversion"
    ],
    "primary_label": "late_defensive_collapse"
  },
  "cumulative_team0_reward": -2.3160637009143827,
  "cumulative_team1_reward": 2.2548637592792513,
  "episode_index": 456,
  "final_score": null,
  "final_team0_step_reward": -2.009592716217041,
  "final_team1_step_reward": 1.9843927745819092,
  "final_winner": null,
  "metrics": {
    "mean_ball_x": -7.144032803448764,
    "tail_mean_ball_x": -7.144032803448764,
    "team0_possession_ratio": 0.8,
    "team0_progress_toward_goal": 0.0,
    "team0_shaping_reward_sum": -0.31606370091438296,
    "team1_possession_ratio": 0.2,
    "team1_progress_toward_goal": 0.0,
    "team1_shaping_reward_sum": 0.2760637009143829
  },
  "outcome": "team1_win",
  "sampled_trace": [
    {
      "ball_pos": [
        -0.5632385611534119,
        -0.8147344589233398
      ],
      "reward_shaping": {
        "applied_reward": {
          "0": -0.001,
          "1": -0.001,
          "2": -0.001,
          "3": -0.001
        },
        "ball_dx": null,
        "ball_found": true,
        "ball_pos": [
          -0.5632385611534119,
          -0.8147344589233398
        ],
        "deep_zone_team0_inner": false,
        "deep_zone_team0_outer": false,
        "deep_zone_team1_inner": false,
        "deep_zone_team1_outer": false,
        "player_count": 4,
        "prev_ball_x": null,
        "scalar_reward_delta": 0.0
      },
      "score": null,
      "step": 0,
      "team0_centroid": [
        -8.041573524475098,
        -0.04524785280227661
      ],
      "team0_step_reward": -0.002,
      "team1_centroid": [
        3.637372374534607,
        -0.06752890348434448
      ],
      "team1_step_reward": -0.002,
      "winner": null
    },
    {
      "ball_pos": [
        -15.366423606872559,
        -3.144798755645752
      ],
      "reward_shaping": {
        "applied_reward": {
          "0": -0.004796358108520507,
          "1": -0.004796358108520507,
          "2": 0.0027963581085205078,
          "3": 0.0027963581085205078
        },
        "ball_dx": -0.3796358108520508,
        "ball_found": true,
        "ball_pos": [
          -15.366423606872559,
          -3.144798755645752
        ],
        "closest_agent_id": 1,
        "deep_zone_team0_inner": false,
        "deep_zone_team0_outer": false,
        "deep_zone_team1_inner": false,
        "deep_zone_team1_outer": false,
        "player_count": 4,
        "possessing_team": 0,
        "prev_ball_x": -14.986787796020508,
        "progress_toward_goal": 0.0,
        "scalar_reward_delta": 0.0
      },
      "score": null,
      "step": 10,
      "team0_centroid": [
        -7.703389406204224,
        -0.9468607902526855
      ],
      "team0_step_reward": -2.009592716217041,
      "team1_centroid": [
        -3.2478638887405396,
        -4.497366189956665
      ],
      "team1_step_reward": 1.9843927745819092,
      "winner": null
    }
  ],
  "steps": 11,
  "tail_trace": [
    {
      "ball_pos": [
        -0.5632385611534119,
        -0.8147344589233398
      ],
      "reward_shaping": {
        "applied_reward": {
          "0": -0.001,
          "1": -0.001,
          "2": -0.001,
          "3": -0.001
        },
        "ball_dx": null,
        "ball_found": true,
        "ball_pos": [
          -0.5632385611534119,
          -0.8147344589233398
        ],
        "deep_zone_team0_inner": false,
        "deep_zone_team0_outer": false,
        "deep_zone_team1_inner": false,
        "deep_zone_team1_outer": false,
        "player_count": 4,
        "prev_ball_x": null,
        "scalar_reward_delta": 0.0
      },
      "score": null,
      "step": 0,
      "team0_centroid": [
        -8.041573524475098,
        -0.04524785280227661
      ],
      "team0_step_reward": -0.002,
      "team1_centroid": [
        3.637372374534607,
        -0.06752890348434448
      ],
      "team1_step_reward": -0.002,
      "winner": null
    },
    {
      "ball_pos": [
        -0.5632384419441223,
        -0.8147344589233398
      ],
      "reward_shaping": {
        "applied_reward": {
          "0": -0.0009999988079071045,
          "1": -0.0009999988079071045,
          "2": -0.0010000011920928956,
          "3": -0.0010000011920928956
        },
        "ball_dx": 1.1920928955078125e-07,
        "ball_found": true,
        "ball_pos": [
          -0.5632384419441223,
          -0.8147344589233398
        ],
        "closest_agent_id": 2,
        "deep_zone_team0_inner": false,
        "deep_zone_team0_outer": false,
        "deep_zone_team1_inner": false,
        "deep_zone_team1_outer": false,
        "player_count": 4,
        "possessing_team": 1,
        "prev_ball_x": -0.5632385611534119,
        "progress_toward_goal": 0.0,
        "scalar_reward_delta": 0.0
      },
      "score": null,
      "step": 1,
      "team0_centroid": [
        -7.1402482986450195,
        -0.27336862683296204
      ],
      "team0_step_reward": -0.001999997615814209,
      "team1_centroid": [
        2.492975115776062,
        -0.3050778806209564
      ],
      "team1_step_reward": -0.002000002384185791,
      "winner": null
    },
    {
      "ball_pos": [
        -0.5632384419441223,
        -0.8147344589233398
      ],
      "reward_shaping": {
        "applied_reward": {
          "0": -0.001,
          "1": -0.001,
          "2": -0.001,
          "3": -0.001
        },
        "ball_dx": 0.0,
        "ball_found": true,
        "ball_pos": [
          -0.5632384419441223,
          -0.8147344589233398
        ],
        "closest_agent_id": 2,
        "deep_zone_team0_inner": false,
        "deep_zone_team0_outer": false,
        "deep_zone_team1_inner": false,
        "deep_zone_team1_outer": false,
        "player_count": 4,
        "possessing_team": 1,
        "prev_ball_x": -0.5632384419441223,
        "progress_toward_goal": -0.0,
        "scalar_reward_delta": 0.0
      },
      "score": null,
      "step": 2,
      "team0_centroid": [
        -6.093097805976868,
        -0.7289860844612122
      ],
      "team0_step_reward": -0.002,
      "team1_centroid": [
        1.1541069149971008,
        -0.6219781339168549
      ],
      "team1_step_reward": -0.002,
      "winner": null
    },
    {
      "ball_pos": [
        -0.7497846484184265,
        -0.9800573587417603
      ],
      "reward_shaping": {
        "applied_reward": {
          "0": -0.0008654620647430421,
          "1": -0.002865462064743042,
          "2": 0.002865462064743042,
          "3": 0.0008654620647430421
        },
        "ball_dx": -0.1865462064743042,
        "ball_found": true,
        "ball_pos": [
          -0.7497846484184265,
          -0.9800573587417603
        ],
        "closest_agent_id": 0,
        "deep_zone_team0_inner": false,
        "deep_zone_team0_outer": false,
        "deep_zone_team1_inner": false,
        "deep_zone_team1_outer": false,
        "player_count": 4,
        "possessing_team": 0,
        "prev_ball_x": -0.5632384419441223,
        "progress_toward_goal": 0.0,
        "scalar_reward_delta": 0.0
      },
      "score": null,
      "step": 3,
      "team0_centroid": [
        -4.965600788593292,
        -1.1504641771316528
      ],
      "team0_step_reward": -0.0037309241294860842,
      "team1_centroid": [
        0.3515481613576412,
        -0.967072069644928
      ],
      "team1_step_reward": 0.0037309241294860842,
      "winner": null
    },
    {
      "ball_pos": [
        -3.3216137886047363,
        -2.981323719024658
      ],
      "reward_shaping": {
        "applied_reward": {
          "0": -0.0267182914018631,
          "1": -0.0267182914018631,
          "2": 0.024718291401863098,
          "3": 0.024718291401863098
        },
        "ball_dx": -2.57182914018631,
        "ball_found": true,
        "ball_pos": [
          -3.3216137886047363,
          -2.981323719024658
        ],
        "closest_agent_id": 0,