{
  "/home/hice1/wsun377/Desktop/cs8803drl/docs/experiments/artifacts/failure-cases/mappo_pool290_vs_mappo_v1_500": {
    "episodes": 250,
    "outcomes": {
      "team1_win": 250
    },
    "primary_labels": {
      "late_defensive_collapse": 108,
      "low_possession": 43,
      "unclear_loss": 36,
      "poor_conversion": 39,
      "territory_loss": 16,
      "opponent_forward_progress": 8
    },
    "labels": {
      "late_defensive_collapse": 108,
      "territory_loss": 109,
      "opponent_forward_progress": 96,
      "poor_conversion": 105,
      "low_possession": 55,
      "unclear_loss": 36
    },
    "steps_all": {
      "count": 250,
      "mean": 62.64,
      "median": 46.0,
      "p75": 80.0,
      "min": 8.0,
      "max": 303.0
    },
    "steps_by_outcome": {
      "team1_win": {
        "count": 250,
        "mean": 62.64,
        "median": 46.0,
        "p75": 80.0,
        "min": 8.0,
        "max": 303.0
      }
    },
    "metrics_all": {
      "mean_ball_x": 0.6994081982958862,
      "tail_mean_ball_x": 1.0706671117081679,
      "team0_possession_ratio": 0.503377388421891,
      "team0_progress_toward_goal": 9.354220617258921,
      "team0_shaping_reward_sum": -0.33667207784588454,
      "team1_possession_ratio": 0.4966226115781091,
      "team1_progress_toward_goal": 7.644857425950468,
      "team1_shaping_reward_sum": -0.4677174830183032
    },
    "metrics_by_primary_label": {
      "late_defensive_collapse": {
        "mean_ball_x": -4.194484773075131,
        "tail_mean_ball_x": -6.391302212058095,
        "team0_possession_ratio": 0.5659562640781375,
        "team0_progress_toward_goal": 7.553646425682086,
        "team0_shaping_reward_sum": -0.7427421930233636,
        "team1_possession_ratio": 0.43404373592186263,
        "team1_progress_toward_goal": 10.69582293058435,
        "team1_shaping_reward_sum": -0.07565460150937243
      },
      "low_possession": {
        "mean_ball_x": 5.849969336672546,
        "tail_mean_ball_x": 7.077842995813188,
        "team0_possession_ratio": 0.21601319339499345,
        "team0_progress_toward_goal": 3.9842147724053194,
        "team0_shaping_reward_sum": -0.002983229146447302,
        "team1_possession_ratio": 0.7839868066050066,
        "team1_progress_toward_goal": 5.785129741787217,
        "team1_shaping_reward_sum": -0.5638920332304268
      },
      "unclear_loss": {
        "mean_ball_x": 5.308716181019939,
        "tail_mean_ball_x": 7.518720837322062,
        "team0_possession_ratio": 0.4602730919569772,
        "team0_progress_toward_goal": 9.854310124905574,
        "team0_shaping_reward_sum": 0.05915912524590058,
        "team1_possession_ratio": 0.5397269080430229,
        "team1_progress_toward_goal": 3.982444580489149,
        "team1_shaping_reward_sum": -0.7816719971315732
      },
      "poor_conversion": {
        "mean_ball_x": 5.002235366233271,
        "tail_mean_ball_x": 7.076582769294569,
        "team0_possession_ratio": 0.6678864676032702,
        "team0_progress_toward_goal": 16.005554549264698,
        "team0_shaping_reward_sum": 0.06147304888920955,
        "team1_possession_ratio": 0.33211353239672964,
        "team1_progress_toward_goal": 3.3949864223981514,
        "team1_shaping_reward_sum": -0.9355864324250308
      },
      "territory_loss": {
        "mean_ball_x": -2.370499898161153,
        "tail_mean_ball_x": 4.425541671846683,
        "team0_possession_ratio": 0.5907224336780343,
        "team0_progress_toward_goal": 20.128764546941966,
        "team0_shaping_reward_sum": -0.23684594627469774,
        "team1_possession_ratio": 0.40927756632196566,
        "team1_progress_toward_goal": 6.2586231688037515,
        "team1_shaping_reward_sum": -0.9867768080402167
      },
      "opponent_forward_progress": {
        "mean_ball_x": 3.504345019991142,
        "tail_mean_ball_x": 4.513852889214952,
        "team0_possession_ratio": 0.42044259790274513,
        "team0_progress_toward_goal": 6.3010100573301315,
        "team0_shaping_reward_sum": -0.5701532545983794,
        "team1_possession_ratio": 0.5795574020972549,
        "team1_progress_toward_goal": 16.424306876957417,
        "team1_shaping_reward_sum": -0.5118530840873716
      }
    }
  }
}