{
  "/home/hice1/wsun377/Desktop/cs8803drl/docs/experiments/artifacts/failure-cases/mappo_aux_teammate_checkpoint450_baseline_500": {
    "episodes": 134,
    "outcomes": {
      "team1_win": 134
    },
    "primary_labels": {
      "late_defensive_collapse": 63,
      "low_possession": 40,
      "poor_conversion": 18,
      "territory_loss": 2,
      "unclear_loss": 11
    },
    "labels": {
      "late_defensive_collapse": 63,
      "territory_loss": 62,
      "low_possession": 50,
      "opponent_forward_progress": 51,
      "poor_conversion": 57,
      "unclear_loss": 11
    },
    "steps_all": {
      "count": 134,
      "mean": 37.88059701492537,
      "median": 26.5,
      "p75": 50.0,
      "min": 6.0,
      "max": 156.0
    },
    "steps_by_outcome": {
      "team1_win": {
        "count": 134,
        "mean": 37.88059701492537,
        "median": 26.5,
        "p75": 50.0,
        "min": 6.0,
        "max": 156.0
      }
    },
    "metrics_all": {
      "mean_ball_x": 0.4040363935395862,
      "tail_mean_ball_x": 0.19432829974001237,
      "team0_possession_ratio": 0.4719759572878144,
      "team0_progress_toward_goal": 4.418926125920531,
      "team0_shaping_reward_sum": -0.21467279576612003,
      "team1_possession_ratio": 0.5280240427121856,
      "team1_progress_toward_goal": 4.211962754268255,
      "team1_shaping_reward_sum": -0.2595867728824317
    },
    "metrics_by_primary_label": {
      "late_defensive_collapse": {
        "mean_ball_x": -6.2791288367874944,
        "tail_mean_ball_x": -8.008356531881441,
        "team0_possession_ratio": 0.6112630684001906,
        "team0_progress_toward_goal": 2.7868635439801785,
        "team0_shaping_reward_sum": -0.6594876893311737,
        "team1_possession_ratio": 0.3887369315998092,
        "team1_progress_toward_goal": 6.5387837942394,
        "team1_shaping_reward_sum": 0.1434826790747188
      },
      "low_possession": {
        "mean_ball_x": 6.900316669105264,
        "tail_mean_ball_x": 7.411724706884284,
        "team0_possession_ratio": 0.17250082628905164,
        "team0_progress_toward_goal": 1.442895588465035,
        "team0_shaping_reward_sum": 0.23503206966588044,
        "team1_possession_ratio": 0.8274991737109483,
        "team1_progress_toward_goal": 1.1265014827251434,
        "team1_shaping_reward_sum": -0.4917200110896838
      },
      "poor_conversion": {
        "mean_ball_x": 5.729648035425595,
        "tail_mean_ball_x": 7.213319606459998,
        "team0_possession_ratio": 0.6642508484523241,
        "team0_progress_toward_goal": 11.23751919861469,
        "team0_shaping_reward_sum": 0.13342797484414448,
        "team1_possession_ratio": 0.3357491515476758,
        "team1_progress_toward_goal": 2.365348920226097,
        "team1_shaping_reward_sum": -0.7399297816654046
      },
      "territory_loss": {
        "mean_ball_x": -1.6143500638175152,
        "tail_mean_ball_x": 3.9561692188183466,
        "team0_possession_ratio": 0.42569612590799033,
        "team0_progress_toward_goal": 17.563924714922905,
        "team0_shaping_reward_sum": -0.22205680513381953,
        "team1_possession_ratio": 0.5743038740920097,
        "team1_progress_toward_goal": 11.063849776983261,
        "team1_shaping_reward_sum": -0.8894986847043036
      },
      "unclear_loss": {
        "mean_ball_x": 6.709851107061858,
        "tail_mean_ball_x": 8.758670367673133,
        "team0_possession_ratio": 0.4570240356213837,
        "team0_progress_toward_goal": 11.040425369008021,
        "team0_shaping_reward_sum": 0.1293360974219712,
        "team1_possession_ratio": 0.5429759643786164,
        "team1_progress_toward_goal": 3.881417327983813,
        "team1_shaping_reward_sum": -0.8234093149981717
      }
    }
  }
}