{
  "classification": {
    "labels": [
      "win"
    ],
    "primary_label": "win"
  },
  "cumulative_team0_reward": 1.934399962425232,
  "cumulative_team1_reward": -2.0,
  "episode_index": 119,
  "final_score": null,
  "final_team0_step_reward": 1.934399962425232,
  "final_team1_step_reward": -2.0,
  "final_winner": null,
  "metrics": {
    "mean_ball_x": -6.6138503768227315,
    "tail_mean_ball_x": -7.501338195800781,
    "team0_possession_ratio": null,
    "team0_progress_toward_goal": 0.0,
    "team0_shaping_reward_sum": 0.0,
    "team1_possession_ratio": null,
    "team1_progress_toward_goal": 0.0,
    "team1_shaping_reward_sum": 0.0
  },
  "outcome": "team0_win",
  "sampled_trace": [
    {
      "ball_pos": [
        2.2610278129577637,
        -1.676774024963379
      ],
      "reward_shaping": null,
      "score": null,
      "step": 0,
      "team0_centroid": [
        10.833176612854004,
        -0.06906068325042725
      ],
      "team0_step_reward": 0.0,
      "team1_centroid": [
        -6.904479265213013,
        0.07470905780792236
      ],
      "team1_step_reward": 0.0,
      "winner": null
    },
    {
      "ball_pos": [
        0.6245677471160889,
        -1.8232731819152832
      ],
      "reward_shaping": null,
      "score": null,
      "step": 10,
      "team0_centroid": [
        8.069074988365173,
        -0.8588657379150391
      ],
      "team0_step_reward": 0.0,
      "team1_centroid": [
        -9.36678957939148,
        0.7504577040672302
      ],
      "team1_step_reward": 0.0,
      "winner": null
    },
    {
      "ball_pos": [
        -11.560118675231934,
        -3.0109992027282715
      ],
      "reward_shaping": null,
      "score": null,
      "step": 20,
      "team0_centroid": [
        1.3392081260681152,
        -4.553879499435425
      ],
      "team0_step_reward": 0.0,
      "team1_centroid": [
        -11.452789545059204,
        2.038352072238922
      ],
      "team1_step_reward": 0.0,
      "winner": null
    },
    {
      "ball_pos": [
        -14.855063438415527,
        -3.332192897796631
      ],
      "reward_shaping": null,
      "score": null,
      "step": 30,
      "team0_centroid": [
        -1.2307138442993164,
        -5.212253451347351
      ],
      "team0_step_reward": 0.0,
      "team1_centroid": [
        -12.52060079574585,
        3.1281957626342773
      ],
      "team1_step_reward": 0.0,
      "winner": null
    }
  ],
  "steps": 33,
  "tail_trace": [
    {
      "ball_pos": [
        2.2610278129577637,
        -1.676774024963379
      ],
      "reward_shaping": null,
      "score": null,
      "step": 3,
      "team0_centroid": [
        9.565451860427856,
        -0.5810253843665123
      ],
      "team0_step_reward": 0.0,
      "team1_centroid": [
        -6.897073984146118,
        0.2444366216659546
      ],
      "team1_step_reward": 0.0,
      "winner": null
    },
    {
      "ball_pos": [
        2.2610278129577637,
        -1.676774024963379
      ],
      "reward_shaping": null,
      "score": null,
      "step": 4,
      "team0_centroid": [
        8.979068517684937,
        -0.6198211347218603
      ],
      "team0_step_reward": 0.0,
      "team1_centroid": [
        -7.223077297210693,
        0.08620920777320862
      ],
      "team1_step_reward": 0.0,
      "winner": null
    },
    {
      "ball_pos": [
        2.2610273361206055,
        -1.676774024963379
      ],
      "reward_shaping": null,
      "score": null,
      "step": 5,
      "team0_centroid": [
        8.685710906982422,
        -0.48856148310005665
      ],
      "team0_step_reward": 0.0,
      "team1_centroid": [
        -7.480662822723389,
        -0.045332908630371094
      ],
      "team1_step_reward": 0.0,
      "winner": null
    },
    {
      "ball_pos": [
        2.2610270977020264,
        -1.676774024963379
      ],
      "reward_shaping": null,
      "score": null,
      "step": 6,
      "team0_centroid": [
        8.227149963378906,
        -0.4111585118807852
      ],
      "team0_step_reward": 0.0,
      "team1_centroid": [
        -7.751634240150452,
        0.02268427610397339
      ],
      "team1_step_reward": 0.0,
      "winner": null
    },
    {
      "ball_pos": [
        2.2610270977020264,
        -1.676774024963379
      ],
      "reward_shaping": null,
      "score": null,
      "step": 7,
      "team0_centroid": [
        8.035613298416138,
        -0.49164084903895855
      ],
      "team0_step_reward": 0.0,
      "team1_centroid": [
        -8.269404411315918,
        0.2449551559984684
      ],
      "team1_step_reward": 0.0,
      "winner": null
    },
    {
      "ball_pos": [
        2.2610270977020264,
        -1.676774024963379
      ],
      "reward_shaping": null,
      "score": null,
      "step": 8,
      "team0_centroid": [
        8.080917596817017,
        -0.6837335955351591
      ],
      "team0_step_reward": 0.0,
      "team1_centroid": [
        -8.791367411613464,
        0.3383035361766815
      ],
      "team1_step_reward": 0.0,
      "winner": null
    },
    {
      "ball_pos": [
        2.2610270977020264,
        -1.676774024963379
      ],
      "reward_shaping": null,
      "score": null,
      "step": 9,
      "team0_centroid": [
        8.086007833480835,
        -0.8027934655547142
      ],
      "team0_step_reward": 0.0,
      "team1_centroid": [
        -9.14231252670288,
        0.45788682997226715
      ],
      "team1_step_reward": 0.0,
      "winner": null
    },
    {
      "ball_pos": [
        0.6245677471160889,
        -1.8232731819152832
      ],
      "reward_shaping": null,
      "score": null,
      "step": 10,
      "team0_centroid": [
        8.069074988365173,
        -0.8588657379150391
      ],
      "team0_step_reward": 0.0,
      "team1_centroid": [
        -9.36678957939148,
        0.7504577040672302
      ],
      "team1_step_reward": 0.0,
      "winner": null
    },
    {
      "ball_pos": [
        -1.4712474346160889,
        -2.027529001235962
      ],
      "reward_shaping": null,
      "score": null,
      "step": 11,
      "team0_centroid": [
        7.567650258541107,
        -1.0518606752157211
      ],
      "team0_step_reward": 0.0,
      "team1_centroid": [
        -9.331096529960632,
        0.977170467376709
      ],
      "team1_step_reward": 0.0,
      "winner": null
    },
    {
      "ball_pos": [
        -3.316895008087158,
        -2.207443952560425
      ],
      "reward_shaping": null,
      "score": null,
      "step": 12,
      "team0_centroid": [
        6.701643019914627,
        -1.3892571926116943
      ],
      "team0_step_reward": 0.0,
      "team1_centroid": [
        -9.411909341812134,
        0.8719878196716309
      ],
      "team1_step_reward": 0.0,
      "winner": null
    },
    {
      "ball_pos": [
        -4.93641471862793,
        -2.3653159141540527
      ],
      "reward_shaping": null,
      "score": null,
      "step": 13,
      "team0_centroid": [
        5.902034491300583,
        -1.7087467312812805
      ],
      "team0_step_reward": 0.0,
      "team1_centroid": [
        -9.62921929359436,
        0.7751911580562592
      ],
      "team1_step_reward": 0.0,
      "winner": null
    },
    {
      "ball_pos": [
        -6.351531982421875,
        -2.503262519836426
      ],
      "reward_shaping": null,
      "score": null,
      "step": 14,
      "team0_centroid": [
        5.249837756156921,
        -1.9560845494270325
      ],
      "team0_step_reward": 0.0,
      "team1_centroid": [
        -10.098947048187256,
        0.9201384484767914
      ],
      "team1_step_reward": 0.0,
      "winner": null
    },
    {
      "ball_pos": [
        -7.581884860992432,
        -2.6231982707977295
      ],
      "reward_shaping": null,
      "score": null,
      "step": 15,
      "team0_centroid": [
        4.67780065536499,
        -2.1593677401542664
      ],
      "team0_step_reward": 0.0,