{
  "classification": {
    "labels": [
      "win"
    ],
    "primary_label": "win"
  },
  "cumulative_team0_reward": 1.9631999731063843,
  "cumulative_team1_reward": -2.0,
  "episode_index": 289,
  "final_score": null,
  "final_team0_step_reward": 1.9631999731063843,
  "final_team1_step_reward": -2.0,
  "final_winner": null,
  "metrics": {
    "mean_ball_x": -6.025735030833044,
    "tail_mean_ball_x": -6.025735030833044,
    "team0_possession_ratio": null,
    "team0_progress_toward_goal": 0.0,
    "team0_shaping_reward_sum": 0.0,
    "team1_possession_ratio": null,
    "team1_progress_toward_goal": 0.0,
    "team1_shaping_reward_sum": 0.0
  },
  "outcome": "team0_win",
  "sampled_trace": [
    {
      "ball_pos": [
        0.16302481293678284,
        -2.0468525886535645
      ],
      "reward_shaping": null,
      "score": null,
      "step": 0,
      "team0_centroid": [
        4.790940284729004,
        -0.0949975848197937
      ],
      "team0_step_reward": 0.0,
      "team1_centroid": [
        -7.792561769485474,
        0.1380709409713745
      ],
      "team1_step_reward": 0.0,
      "winner": null
    },
    {
      "ball_pos": [
        -6.8485107421875,
        -0.9144343733787537
      ],
      "reward_shaping": null,
      "score": null,
      "step": 10,
      "team0_centroid": [
        -3.039111912250519,
        -3.1440083980560303
      ],
      "team0_step_reward": 0.0,
      "team1_centroid": [
        -7.946720600128174,
        1.870149850845337
      ],
      "team1_step_reward": 0.0,
      "winner": null
    }
  ],
  "steps": 19,
  "tail_trace": [
    {
      "ball_pos": [
        0.16302481293678284,
        -2.0468525886535645
      ],
      "reward_shaping": null,
      "score": null,
      "step": 0,
      "team0_centroid": [
        4.790940284729004,
        -0.0949975848197937
      ],
      "team0_step_reward": 0.0,
      "team1_centroid": [
        -7.792561769485474,
        0.1380709409713745
      ],
      "team1_step_reward": 0.0,
      "winner": null
    },
    {
      "ball_pos": [
        0.16302473843097687,
        -2.0468525886535645
      ],
      "reward_shaping": null,
      "score": null,
      "step": 1,
      "team0_centroid": [
        4.202046871185303,
        -0.2764052450656891
      ],
      "team0_step_reward": 0.0,
      "team1_centroid": [
        -7.795113801956177,
        0.3095313310623169
      ],
      "team1_step_reward": 0.0,
      "winner": null
    },
    {
      "ball_pos": [
        0.1630246639251709,
        -2.0468525886535645
      ],
      "reward_shaping": null,
      "score": null,
      "step": 2,
      "team0_centroid": [
        3.3753035068511963,
        -0.523346409201622
      ],
      "team0_step_reward": 0.0,
      "team1_centroid": [
        -7.791166067123413,
        0.27889779210090637
      ],
      "team1_step_reward": 0.0,
      "winner": null
    },
    {
      "ball_pos": [
        -0.7656694054603577,
        -2.8865580558776855
      ],
      "reward_shaping": null,
      "score": null,
      "step": 3,
      "team0_centroid": [
        2.157260701060295,
        -0.8247629031538963
      ],
      "team0_step_reward": 0.0,
      "team1_centroid": [
        -7.771302700042725,
        0.16352055966854095
      ],
      "team1_step_reward": 0.0,
      "winner": null
    },
    {
      "ball_pos": [
        -2.759653091430664,
        -5.402627944946289
      ],
      "reward_shaping": null,
      "score": null,
      "step": 4,
      "team0_centroid": [
        0.7902646660804749,
        -1.165818214416504
      ],
      "team0_step_reward": 0.0,
      "team1_centroid": [
        -7.997267484664917,
        0.11027245968580246
      ],
      "team1_step_reward": 0.0,
      "winner": null
    },
    {
      "ball_pos": [
        -4.337667942047119,
        -6.881147384643555
      ],
      "reward_shaping": null,
      "score": null,
      "step": 5,
      "team0_centroid": [
        -0.5369036197662354,
        -1.5793373584747314
      ],
      "team0_step_reward": 0.0,
      "team1_centroid": [
        -8.307189702987671,
        0.2493901252746582
      ],
      "team1_step_reward": 0.0,
      "winner": null
    },
    {
      "ball_pos": [
        -4.985128879547119,
        -5.334786415100098
      ],
      "reward_shaping": null,
      "score": null,
      "step": 6,
      "team0_centroid": [
        -1.5679959952831268,
        -1.989069640636444
      ],
      "team0_step_reward": 0.0,
      "team1_centroid": [
        -8.50902771949768,
        0.5815338492393494
      ],
      "team1_step_reward": 0.0,
      "winner": null
    },
    {
      "ball_pos": [
        -5.5546674728393555,
        -3.9835872650146484
      ],
      "reward_shaping": null,
      "score": null,
      "step": 7,
      "team0_centroid": [
        -1.9846393167972565,
        -2.31595116853714
      ],
      "team0_step_reward": 0.0,
      "team1_centroid": [
        -8.622275352478027,
        0.9671184420585632
      ],
      "team1_step_reward": 0.0,
      "winner": null
    },
    {
      "ball_pos": [
        -6.050498008728027,
        -2.8074159622192383
      ],
      "reward_shaping": null,
      "score": null,
      "step": 8,
      "team0_centroid": [
        -2.0742204189300537,
        -2.606925308704376
      ],
      "team0_step_reward": 0.0,
      "team1_centroid": [
        -8.432785034179688,
        1.3506639301776886
      ],
      "team1_step_reward": 0.0,
      "winner": null
    },
    {
      "ball_pos": [
        -6.47964334487915,
        -1.789431095123291
      ],
      "reward_shaping": null,
      "score": null,
      "step": 9,
      "team0_centroid": [
        -2.4082425832748413,
        -2.8424338698387146
      ],
      "team0_step_reward": 0.0,
      "team1_centroid": [
        -8.158600807189941,
        1.6615689992904663
      ],
      "team1_step_reward": 0.0,
      "winner": null
    },
    {
      "ball_pos": [
        -6.8485107421875,
        -0.9144343733787537
      ],
      "reward_shaping": null,
      "score": null,
      "step": 10,
      "team0_centroid": [
        -3.039111912250519,
        -3.1440083980560303
      ],
      "team0_step_reward": 0.0,
      "team1_centroid": [
        -7.946720600128174,
        1.870149850845337
      ],
      "team1_step_reward": 0.0,
      "winner": null
    },
    {
      "ball_pos": [
        -7.162890911102295,
        -0.16868743300437927
      ],
      "reward_shaping": null,
      "score": null,
      "step": 11,
      "team0_centroid": [
        -3.878663569688797,
        -3.4092403650283813
      ],
      "team0_step_reward": 0.0,
      "team1_centroid": [
        -7.78919792175293,
        1.8593388795852661
      ],
      "team1_step_reward": 0.0,
      "winner": null
    },
    {
      "ball_pos": [
        -6.994794845581055,
        0.04649108648300171
      ],
      "reward_shaping": null,
      "score": null,
      "step": 12,
      "team0_centroid": [
        -4.631230175495148,
        -3.464462399482727
      ],
      "team0_step_reward": 0.0,
      "team1_centroid": [
        -7.719499588012695,
        1.7115789949893951
      ],
      "team1_step_reward": 0.0,
      "winner": null
    },
    {
      "ball_pos": [
        -6.2604475021362305,
        -0.2710901200771332
      ],
      "reward_shaping": null,
      "score": null,
      "step": 13,
      "team0_centroid": [
        -5.460451722145081,
        -3.3126439452171326
      ],
      "team0_step_reward": 0.0,
      "team1_centroid": [
        -7.704873323440552,
        1.4481754899024963
      ],
      "team1_step_reward": 0.0,
      "winner": null
    },
    {
      "ball_pos": [
        -5.63954496383667,
        -0.5330368280410767
      ],
      "reward_shaping": null,
      "score": null,
      "step": 14,
      "team0_centroid": [
        -6.236152410507202,
        -3.0022391378879547
      ],
      "team0_step_reward": 0.0,