{
  "classification": {
    "labels": [
      "win"
    ],
    "primary_label": "win"
  },
  "cumulative_team0_reward": 1.951200008392334,
  "cumulative_team1_reward": -2.0,
  "episode_index": 15,
  "final_score": null,
  "final_team0_step_reward": 1.951200008392334,
  "final_team1_step_reward": -2.0,
  "final_winner": null,
  "metrics": {
    "mean_ball_x": -4.229077434539795,
    "tail_mean_ball_x": -4.229077434539795,
    "team0_possession_ratio": null,
    "team0_progress_toward_goal": 0.0,
    "team0_shaping_reward_sum": 0.0,
    "team1_possession_ratio": null,
    "team1_progress_toward_goal": 0.0,
    "team1_shaping_reward_sum": 0.0
  },
  "outcome": "team0_win",
  "sampled_trace": [
    {
      "ball_pos": [
        -2.3571901321411133,
        0.32872340083122253
      ],
      "reward_shaping": null,
      "score": null,
      "step": 0,
      "team0_centroid": [
        10.764758586883545,
        -0.05653738975524902
      ],
      "team0_step_reward": 0.0,
      "team1_centroid": [
        -8.187389373779297,
        0.0688852071762085
      ],
      "team1_step_reward": 0.0,
      "winner": null
    },
    {
      "ball_pos": [
        -2.3571901321411133,
        0.3287239372730255
      ],
      "reward_shaping": null,
      "score": null,
      "step": 10,
      "team0_centroid": [
        2.543714940547943,
        0.12067168951034546
      ],
      "team0_step_reward": 0.0,
      "team1_centroid": [
        -1.372902274131775,
        1.8306314945220947
      ],
      "team1_step_reward": 0.0,
      "winner": null
    },
    {
      "ball_pos": [
        -6.9598708152771,
        2.566162347793579
      ],
      "reward_shaping": null,
      "score": null,
      "step": 20,
      "team0_centroid": [
        -1.2677073776721954,
        1.5718005299568176
      ],
      "team0_step_reward": 0.0,
      "team1_centroid": [
        -3.9085601568222046,
        3.4660288989543915
      ],
      "team1_step_reward": 0.0,
      "winner": null
    }
  ],
  "steps": 25,
  "tail_trace": [
    {
      "ball_pos": [
        -2.3571901321411133,
        0.32872340083122253
      ],
      "reward_shaping": null,
      "score": null,
      "step": 0,
      "team0_centroid": [
        10.764758586883545,
        -0.05653738975524902
      ],
      "team0_step_reward": 0.0,
      "team1_centroid": [
        -8.187389373779297,
        0.0688852071762085
      ],
      "team1_step_reward": 0.0,
      "winner": null
    },
    {
      "ball_pos": [
        -2.3571901321411133,
        0.32872340083122253
      ],
      "reward_shaping": null,
      "score": null,
      "step": 1,
      "team0_centroid": [
        9.857661724090576,
        -0.15784084796905518
      ],
      "team0_step_reward": 0.0,
      "team1_centroid": [
        -8.2023606300354,
        0.1607871651649475
      ],
      "team1_step_reward": 0.0,
      "winner": null
    },
    {
      "ball_pos": [
        -2.3571901321411133,
        0.32872340083122253
      ],
      "reward_shaping": null,
      "score": null,
      "step": 2,
      "team0_centroid": [
        9.3170747756958,
        -0.30246755480766296
      ],
      "team0_step_reward": 0.0,
      "team1_centroid": [
        -7.710323333740234,
        0.19302630424499512
      ],
      "team1_step_reward": 0.0,
      "winner": null
    },
    {
      "ball_pos": [
        -2.3571901321411133,
        0.32872340083122253
      ],
      "reward_shaping": null,
      "score": null,
      "step": 3,
      "team0_centroid": [
        9.075733184814453,
        -0.5867590308189392
      ],
      "team0_step_reward": 0.0,
      "team1_centroid": [
        -6.824088096618652,
        0.13989442586898804
      ],
      "team1_step_reward": 0.0,
      "winner": null
    },
    {
      "ball_pos": [
        -2.3571901321411133,
        0.32872340083122253
      ],
      "reward_shaping": null,
      "score": null,
      "step": 4,
      "team0_centroid": [
        8.399609565734863,
        -0.8393233269453049
      ],
      "team0_step_reward": 0.0,
      "team1_centroid": [
        -6.052254557609558,
        0.13827961683273315
      ],
      "team1_step_reward": 0.0,
      "winner": null
    },
    {
      "ball_pos": [
        -2.3571901321411133,
        0.32872340083122253
      ],
      "reward_shaping": null,
      "score": null,
      "step": 5,
      "team0_centroid": [
        7.366778135299683,
        -0.8590365946292877
      ],
      "team0_step_reward": 0.0,
      "team1_centroid": [
        -5.236635863780975,
        0.3007602095603943
      ],
      "team1_step_reward": 0.0,
      "winner": null
    },
    {
      "ball_pos": [
        -2.3571901321411133,
        0.32872340083122253
      ],
      "reward_shaping": null,
      "score": null,
      "step": 6,
      "team0_centroid": [
        6.22664737701416,
        -0.7398692518472672
      ],
      "team0_step_reward": 0.0,
      "team1_centroid": [
        -4.217045903205872,
        0.6377999782562256
      ],
      "team1_step_reward": 0.0,
      "winner": null
    },
    {
      "ball_pos": [
        -2.3571901321411133,
        0.3287234902381897
      ],
      "reward_shaping": null,
      "score": null,
      "step": 7,
      "team0_centroid": [
        4.754124164581299,
        -0.55799500644207
      ],
      "team0_step_reward": 0.0,
      "team1_centroid": [
        -3.1019654273986816,
        0.984696552157402
      ],
      "team1_step_reward": 0.0,
      "winner": null
    },
    {
      "ball_pos": [
        -2.3571901321411133,
        0.32872363924980164
      ],
      "reward_shaping": null,
      "score": null,
      "step": 8,
      "team0_centroid": [
        3.383646011352539,
        -0.49939167499542236
      ],
      "team0_step_reward": 0.0,
      "team1_centroid": [
        -1.9453760385513306,
        1.2936560809612274
      ],
      "team1_step_reward": 0.0,
      "winner": null
    },
    {
      "ball_pos": [
        -2.3571901321411133,
        0.3287237882614136
      ],
      "reward_shaping": null,
      "score": null,
      "step": 9,
      "team0_centroid": [
        3.076251983642578,
        -0.21361792087554932
      ],
      "team0_step_reward": 0.0,
      "team1_centroid": [
        -1.4369690418243408,
        1.596483826637268
      ],
      "team1_step_reward": 0.0,
      "winner": null
    },
    {
      "ball_pos": [
        -2.3571901321411133,
        0.3287239372730255
      ],
      "reward_shaping": null,
      "score": null,
      "step": 10,
      "team0_centroid": [
        2.543714940547943,
        0.12067168951034546
      ],
      "team0_step_reward": 0.0,
      "team1_centroid": [
        -1.372902274131775,
        1.8306314945220947
      ],
      "team1_step_reward": 0.0,
      "winner": null
    },
    {
      "ball_pos": [
        -2.3571901321411133,
        0.32872408628463745
      ],
      "reward_shaping": null,
      "score": null,
      "step": 11,
      "team0_centroid": [
        1.6440578401088715,
        0.507231742143631
      ],
      "team0_step_reward": 0.0,
      "team1_centroid": [
        -1.5019983053207397,
        2.0308828353881836
      ],
      "team1_step_reward": 0.0,
      "winner": null
    },
    {
      "ball_pos": [
        -2.9561073780059814,
        0.9523245096206665
      ],
      "reward_shaping": null,
      "score": null,
      "step": 12,
      "team0_centroid": [
        0.8703290224075317,
        0.8617644757032394
      ],
      "team0_step_reward": 0.0,
      "team1_centroid": [
        -1.6380513906478882,
        2.2758066654205322
      ],
      "team1_step_reward": 0.0,
      "winner": null
    },
    {
      "ball_pos": [
        -4.214229583740234,
        2.963909149169922
      ],
      "reward_shaping": null,
      "score": null,
      "step": 13,
      "team0_centroid": [
        0.35997331142425537,
        1.248709011822939
      ],
      "team0_step_reward": 0.0,