{
  "classification": {
    "labels": [
      "win"
    ],
    "primary_label": "win"
  },
  "cumulative_team0_reward": 1.9356000423431396,
  "cumulative_team1_reward": -2.0,
  "episode_index": 239,
  "final_score": null,
  "final_team0_step_reward": 1.9356000423431396,
  "final_team1_step_reward": -2.0,
  "final_winner": null,
  "metrics": {
    "mean_ball_x": -2.936576386913657,
    "tail_mean_ball_x": -3.172617053985596,
    "team0_possession_ratio": null,
    "team0_progress_toward_goal": 0.0,
    "team0_shaping_reward_sum": 0.0,
    "team1_possession_ratio": null,
    "team1_progress_toward_goal": 0.0,
    "team1_shaping_reward_sum": 0.0
  },
  "outcome": "team0_win",
  "sampled_trace": [
    {
      "ball_pos": [
        0.6040336489677429,
        -0.10696373879909515
      ],
      "reward_shaping": null,
      "score": null,
      "step": 0,
      "team0_centroid": [
        12.033289432525635,
        -0.035479187965393066
      ],
      "team0_step_reward": 0.0,
      "team1_centroid": [
        -9.387558698654175,
        -0.022875547409057617
      ],
      "team1_step_reward": 0.0,
      "winner": null
    },
    {
      "ball_pos": [
        0.6040335297584534,
        -0.10696347802877426
      ],
      "reward_shaping": null,
      "score": null,
      "step": 10,
      "team0_centroid": [
        6.831977605819702,
        -1.8096748441457748
      ],
      "team0_step_reward": 0.0,
      "team1_centroid": [
        -10.09421968460083,
        0.5028750225901604
      ],
      "team1_step_reward": 0.0,
      "winner": null
    },
    {
      "ball_pos": [
        0.6040335297584534,
        -0.10696347802877426
      ],
      "reward_shaping": null,
      "score": null,
      "step": 20,
      "team0_centroid": [
        6.574073493480682,
        -2.8852634839713573
      ],
      "team0_step_reward": 0.0,
      "team1_centroid": [
        -9.250109672546387,
        0.1421271562576294
      ],
      "team1_step_reward": 0.0,
      "winner": null
    },
    {
      "ball_pos": [
        -14.625394821166992,
        2.336050510406494
      ],
      "reward_shaping": null,
      "score": null,
      "step": 30,
      "team0_centroid": [
        1.1317849159240723,
        -2.4552363455295563
      ],
      "team0_step_reward": 0.0,
      "team1_centroid": [
        -6.135559797286987,
        3.4390093088150024
      ],
      "team1_step_reward": 0.0,
      "winner": null
    }
  ],
  "steps": 32,
  "tail_trace": [
    {
      "ball_pos": [
        0.6040335893630981,
        -0.10696358233690262
      ],
      "reward_shaping": null,
      "score": null,
      "step": 2,
      "team0_centroid": [
        11.646113872528076,
        -0.368967667222023
      ],
      "team0_step_reward": 0.0,
      "team1_centroid": [
        -9.140436172485352,
        0.28135818243026733
      ],
      "team1_step_reward": 0.0,
      "winner": null
    },
    {
      "ball_pos": [
        0.6040335297584534,
        -0.10696347802877426
      ],
      "reward_shaping": null,
      "score": null,
      "step": 3,
      "team0_centroid": [
        11.456869125366211,
        -0.6191562190651894
      ],
      "team0_step_reward": 0.0,
      "team1_centroid": [
        -9.316660642623901,
        0.430765837430954
      ],
      "team1_step_reward": 0.0,
      "winner": null
    },
    {
      "ball_pos": [
        0.6040335297584534,
        -0.10696347802877426
      ],
      "reward_shaping": null,
      "score": null,
      "step": 4,
      "team0_centroid": [
        11.205668926239014,
        -0.9349924623966217
      ],
      "team0_step_reward": 0.0,
      "team1_centroid": [
        -9.640721321105957,
        0.4516870081424713
      ],
      "team1_step_reward": 0.0,
      "winner": null
    },
    {
      "ball_pos": [
        0.6040335297584534,
        -0.10696347802877426
      ],
      "reward_shaping": null,
      "score": null,
      "step": 5,
      "team0_centroid": [
        10.604942321777344,
        -1.3887384831905365
      ],
      "team0_step_reward": 0.0,
      "team1_centroid": [
        -9.934320211410522,
        0.27619849145412445
      ],
      "team1_step_reward": 0.0,
      "winner": null
    },
    {
      "ball_pos": [
        0.6040335297584534,
        -0.10696347802877426
      ],
      "reward_shaping": null,
      "score": null,
      "step": 6,
      "team0_centroid": [
        9.801549911499023,
        -1.840301275253296
      ],
      "team0_step_reward": 0.0,
      "team1_centroid": [
        -10.068100452423096,
        0.009815841913223267
      ],
      "team1_step_reward": 0.0,
      "winner": null
    },
    {
      "ball_pos": [
        0.6040335297584534,
        -0.10696347802877426
      ],
      "reward_shaping": null,
      "score": null,
      "step": 7,
      "team0_centroid": [
        8.816110134124756,
        -2.1028873920440674
      ],
      "team0_step_reward": 0.0,
      "team1_centroid": [
        -10.206865310668945,
        -0.0742025375366211
      ],
      "team1_step_reward": 0.0,
      "winner": null
    },
    {
      "ball_pos": [
        0.6040335297584534,
        -0.10696347802877426
      ],
      "reward_shaping": null,
      "score": null,
      "step": 8,
      "team0_centroid": [
        7.938135862350464,
        -2.1058242321014404
      ],
      "team0_step_reward": 0.0,
      "team1_centroid": [
        -10.377859115600586,
        0.02500729262828827
      ],
      "team1_step_reward": 0.0,
      "winner": null
    },
    {
      "ball_pos": [
        0.6040335297584534,
        -0.10696347802877426
      ],
      "reward_shaping": null,
      "score": null,
      "step": 9,
      "team0_centroid": [
        7.293351411819458,
        -2.018995463848114
      ],
      "team0_step_reward": 0.0,
      "team1_centroid": [
        -10.284079551696777,
        0.23228318989276886
      ],
      "team1_step_reward": 0.0,
      "winner": null
    },
    {
      "ball_pos": [
        0.6040335297584534,
        -0.10696347802877426
      ],
      "reward_shaping": null,
      "score": null,
      "step": 10,
      "team0_centroid": [
        6.831977605819702,
        -1.8096748441457748
      ],
      "team0_step_reward": 0.0,
      "team1_centroid": [
        -10.09421968460083,
        0.5028750225901604
      ],
      "team1_step_reward": 0.0,
      "winner": null
    },
    {
      "ball_pos": [
        0.6040335297584534,
        -0.10696347802877426
      ],
      "reward_shaping": null,
      "score": null,
      "step": 11,
      "team0_centroid": [
        6.508556842803955,
        -1.4303468614816666
      ],
      "team0_step_reward": 0.0,
      "team1_centroid": [
        -9.952470541000366,
        0.590332742780447
      ],
      "team1_step_reward": 0.0,
      "winner": null
    },
    {
      "ball_pos": [
        0.6040335297584534,
        -0.10696347802877426
      ],
      "reward_shaping": null,
      "score": null,
      "step": 12,
      "team0_centroid": [
        6.28676700592041,
        -0.932321697473526
      ],
      "team0_step_reward": 0.0,
      "team1_centroid": [
        -9.869760513305664,
        0.5631267726421356
      ],
      "team1_step_reward": 0.0,
      "winner": null
    },
    {
      "ball_pos": [
        0.6040335297584534,
        -0.10696347802877426
      ],
      "reward_shaping": null,
      "score": null,
      "step": 13,
      "team0_centroid": [
        6.399994850158691,
        -0.6321290731430054
      ],
      "team0_step_reward": 0.0,
      "team1_centroid": [
        -9.82504677772522,
        0.6478668451309204
      ],
      "team1_step_reward": 0.0,
      "winner": null
    },
    {
      "ball_pos": [
        0.6040335297584534,
        -0.10696347802877426
      ],
      "reward_shaping": null,
      "score": null,
      "step": 14,
      "team0_centroid": [
        6.6387104988098145,
        -0.5865479111671448
      ],
      "team0_step_reward": 0.0,