{
  "classification": {
    "labels": [
      "win"
    ],
    "primary_label": "win"
  },
  "cumulative_team0_reward": 1.9323999881744385,
  "cumulative_team1_reward": -2.0,
  "episode_index": 101,
  "final_score": null,
  "final_team0_step_reward": 1.9323999881744385,
  "final_team1_step_reward": -2.0,
  "final_winner": null,
  "metrics": {
    "mean_ball_x": -9.681682509534498,
    "tail_mean_ball_x": -10.65098938147227,
    "team0_possession_ratio": null,
    "team0_progress_toward_goal": 0.0,
    "team0_shaping_reward_sum": 0.0,
    "team1_possession_ratio": null,
    "team1_progress_toward_goal": 0.0,
    "team1_shaping_reward_sum": 0.0
  },
  "outcome": "team0_win",
  "sampled_trace": [
    {
      "ball_pos": [
        -2.4118809700012207,
        -0.10142718255519867
      ],
      "reward_shaping": null,
      "score": null,
      "step": 0,
      "team0_centroid": [
        10.583682537078857,
        0.04664057493209839
      ],
      "team0_step_reward": 0.0,
      "team1_centroid": [
        -8.500210285186768,
        -0.0007794499397277832
      ],
      "team1_step_reward": 0.0,
      "winner": null
    },
    {
      "ball_pos": [
        -3.3349320888519287,
        0.3753722310066223
      ],
      "reward_shaping": null,
      "score": null,
      "step": 10,
      "team0_centroid": [
        1.5591305494308472,
        -0.7123944163322449
      ],
      "team0_step_reward": 0.0,
      "team1_centroid": [
        -10.857046365737915,
        -0.08162751793861389
      ],
      "team1_step_reward": 0.0,
      "winner": null
    },
    {
      "ball_pos": [
        -13.892685890197754,
        4.095294952392578
      ],
      "reward_shaping": null,
      "score": null,
      "step": 20,
      "team0_centroid": [
        2.54720538854599,
        1.1015241220593452
      ],
      "team0_step_reward": 0.0,
      "team1_centroid": [
        -10.239373445510864,
        -0.885242223739624
      ],
      "team1_step_reward": 0.0,
      "winner": null
    },
    {
      "ball_pos": [
        -14.249712944030762,
        1.633979082107544
      ],
      "reward_shaping": null,
      "score": null,
      "step": 30,
      "team0_centroid": [
        -2.0589051246643066,
        1.3656784296035767
      ],
      "team0_step_reward": 0.0,
      "team1_centroid": [
        -8.772416353225708,
        0.04237020015716553
      ],
      "team1_step_reward": 0.0,
      "winner": null
    }
  ],
  "steps": 34,
  "tail_trace": [
    {
      "ball_pos": [
        -2.4118809700012207,
        -0.10142762959003448
      ],
      "reward_shaping": null,
      "score": null,
      "step": 4,
      "team0_centroid": [
        8.054158210754395,
        -0.3171301484107971
      ],
      "team0_step_reward": 0.0,
      "team1_centroid": [
        -9.354265213012695,
        0.06872187554836273
      ],
      "team1_step_reward": 0.0,
      "winner": null
    },
    {
      "ball_pos": [
        -2.4118809700012207,
        -0.10142774134874344
      ],
      "reward_shaping": null,
      "score": null,
      "step": 5,
      "team0_centroid": [
        6.57728910446167,
        -0.42483434081077576
      ],
      "team0_step_reward": 0.0,
      "team1_centroid": [
        -9.70423936843872,
        0.056469421833753586
      ],
      "team1_step_reward": 0.0,
      "winner": null
    },
    {
      "ball_pos": [
        -2.4118809700012207,
        -0.10142785310745239
      ],
      "reward_shaping": null,
      "score": null,
      "step": 6,
      "team0_centroid": [
        5.112188339233398,
        -0.5241619348526001
      ],
      "team0_step_reward": 0.0,
      "team1_centroid": [
        -10.192615270614624,
        0.023488931357860565
      ],
      "team1_step_reward": 0.0,
      "winner": null
    },
    {
      "ball_pos": [
        -2.4118809700012207,
        -0.10142796486616135
      ],
      "reward_shaping": null,
      "score": null,
      "step": 7,
      "team0_centroid": [
        3.926100730895996,
        -0.6680973470211029
      ],
      "team0_step_reward": 0.0,
      "team1_centroid": [
        -10.702763080596924,
        -0.03650079667568207
      ],
      "team1_step_reward": 0.0,
      "winner": null
    },
    {
      "ball_pos": [
        -2.4118809700012207,
        -0.1014280915260315
      ],
      "reward_shaping": null,
      "score": null,
      "step": 8,
      "team0_centroid": [
        3.103517599403858,
        -0.8113717436790466
      ],
      "team0_step_reward": 0.0,
      "team1_centroid": [
        -11.07329511642456,
        -0.01571422815322876
      ],
      "team1_step_reward": 0.0,
      "winner": null
    },
    {
      "ball_pos": [
        -2.4118809700012207,
        -0.10142824053764343
      ],
      "reward_shaping": null,
      "score": null,
      "step": 9,
      "team0_centroid": [
        2.4900698959827423,
        -0.7594709694385529
      ],
      "team0_step_reward": 0.0,
      "team1_centroid": [
        -11.035158634185791,
        -0.07340142130851746
      ],
      "team1_step_reward": 0.0,
      "winner": null
    },
    {
      "ball_pos": [
        -3.3349320888519287,
        0.3753722310066223
      ],
      "reward_shaping": null,
      "score": null,
      "step": 10,
      "team0_centroid": [
        1.5591305494308472,
        -0.7123944163322449
      ],
      "team0_step_reward": 0.0,
      "team1_centroid": [
        -10.857046365737915,
        -0.08162751793861389
      ],
      "team1_step_reward": 0.0,
      "winner": null
    },
    {
      "ball_pos": [
        -5.700645446777344,
        2.0325355529785156
      ],
      "reward_shaping": null,
      "score": null,
      "step": 11,
      "team0_centroid": [
        0.6041872501373291,
        -0.576251819729805
      ],
      "team0_step_reward": 0.0,
      "team1_centroid": [
        -10.720451593399048,
        -0.18411022424697876
      ],
      "team1_step_reward": 0.0,
      "winner": null
    },
    {
      "ball_pos": [
        -7.798773288726807,
        3.502537250518799
      ],
      "reward_shaping": null,
      "score": null,
      "step": 12,
      "team0_centroid": [
        -0.09996724128723145,
        -0.2379162684082985
      ],
      "team0_step_reward": 0.0,
      "team1_centroid": [
        -10.653769969940186,
        -0.3401699364185333
      ],
      "team1_step_reward": 0.0,
      "winner": null
    },
    {
      "ball_pos": [
        -9.655156135559082,
        4.803169250488281
      ],
      "reward_shaping": null,
      "score": null,
      "step": 13,
      "team0_centroid": [
        -0.3511561155319214,
        0.22215412557125092
      ],
      "team0_step_reward": 0.0,
      "team1_centroid": [
        -10.577648401260376,
        -0.43022653460502625
      ],
      "team1_step_reward": 0.0,
      "winner": null
    },
    {
      "ball_pos": [
        -11.293025016784668,
        5.950702667236328
      ],
      "reward_shaping": null,
      "score": null,
      "step": 14,
      "team0_centroid": [
        -0.2257068157196045,
        0.511629194021225
      ],
      "team0_step_reward": 0.0,
      "team1_centroid": [
        -10.697818517684937,
        -0.3785068392753601
      ],
      "team1_step_reward": 0.0,
      "winner": null
    },
    {
      "ball_pos": [
        -12.733372688293457,
        6.959847450256348
      ],
      "reward_shaping": null,
      "score": null,
      "step": 15,
      "team0_centroid": [
        0.11556482315063477,
        0.718128889799118
      ],
      "team0_step_reward": 0.0,
      "team1_centroid": [
        -10.814541339874268,
        -0.33885037899017334
      ],
      "team1_step_reward": 0.0,
      "winner": null
    },
    {
      "ball_pos": [
        -13.592361450195312,
        6.2723188400268555
      ],
      "reward_shaping": null,
      "score": null,
      "step": 16,
      "team0_centroid": [
        0.2701071500778198,
        0.7755946218967438
      ],
      "team0_step_reward": 0.0,