{
  "classification": {
    "labels": [
      "win"
    ],
    "primary_label": "win"
  },
  "cumulative_team0_reward": 1.9631999731063843,
  "cumulative_team1_reward": -2.0,
  "episode_index": 149,
  "final_score": null,
  "final_team0_step_reward": 1.9631999731063843,
  "final_team1_step_reward": -2.0,
  "final_winner": null,
  "metrics": {
    "mean_ball_x": -9.259276785348591,
    "tail_mean_ball_x": -9.259276785348591,
    "team0_possession_ratio": null,
    "team0_progress_toward_goal": 0.0,
    "team0_shaping_reward_sum": 0.0,
    "team1_possession_ratio": null,
    "team1_progress_toward_goal": 0.0,
    "team1_shaping_reward_sum": 0.0
  },
  "outcome": "team0_win",
  "sampled_trace": [
    {
      "ball_pos": [
        1.2439936399459839,
        -0.7337965965270996
      ],
      "reward_shaping": null,
      "score": null,
      "step": 0,
      "team0_centroid": [
        5.745571255683899,
        0.006999313831329346
      ],
      "team0_step_reward": 0.0,
      "team1_centroid": [
        -8.814110517501831,
        -0.13590198755264282
      ],
      "team1_step_reward": 0.0,
      "winner": null
    },
    {
      "ball_pos": [
        -12.568192481994629,
        5.952125072479248
      ],
      "reward_shaping": null,
      "score": null,
      "step": 10,
      "team0_centroid": [
        -3.1618223041296005,
        3.4240842461586
      ],
      "team0_step_reward": 0.0,
      "team1_centroid": [
        -9.897714614868164,
        -3.789458751678467
      ],
      "team1_step_reward": 0.0,
      "winner": null
    }
  ],
  "steps": 19,
  "tail_trace": [
    {
      "ball_pos": [
        1.2439936399459839,
        -0.7337965965270996
      ],
      "reward_shaping": null,
      "score": null,
      "step": 0,
      "team0_centroid": [
        5.745571255683899,
        0.006999313831329346
      ],
      "team0_step_reward": 0.0,
      "team1_centroid": [
        -8.814110517501831,
        -0.13590198755264282
      ],
      "team1_step_reward": 0.0,
      "winner": null
    },
    {
      "ball_pos": [
        1.2439936399459839,
        -0.7337965965270996
      ],
      "reward_shaping": null,
      "score": null,
      "step": 1,
      "team0_centroid": [
        5.162357330322266,
        0.06416934728622437
      ],
      "team0_step_reward": 0.0,
      "team1_centroid": [
        -8.827566385269165,
        -0.2629418671131134
      ],
      "team1_step_reward": 0.0,
      "winner": null
    },
    {
      "ball_pos": [
        -1.3753429651260376,
        0.4792141318321228
      ],
      "reward_shaping": null,
      "score": null,
      "step": 2,
      "team0_centroid": [
        4.67137736082077,
        0.11804640293121338
      ],
      "team0_step_reward": 0.0,
      "team1_centroid": [
        -8.599405527114868,
        -0.48713794350624084
      ],
      "team1_step_reward": 0.0,
      "winner": null
    },
    {
      "ball_pos": [
        -3.8559865951538086,
        1.726341724395752
      ],
      "reward_shaping": null,
      "score": null,
      "step": 3,
      "team0_centroid": [
        4.093931555747986,
        0.26207734644412994
      ],
      "team0_step_reward": 0.0,
      "team1_centroid": [
        -8.332000494003296,
        -0.8805974125862122
      ],
      "team1_step_reward": 0.0,
      "winner": null
    },
    {
      "ball_pos": [
        -6.05448055267334,
        2.8316335678100586
      ],
      "reward_shaping": null,
      "score": null,
      "step": 4,
      "team0_centroid": [
        3.3128169178962708,
        0.489579975605011
      ],
      "team0_step_reward": 0.0,
      "team1_centroid": [
        -7.945057153701782,
        -1.4135713279247284
      ],
      "team1_step_reward": 0.0,
      "winner": null
    },
    {
      "ball_pos": [
        -7.997937202453613,
        3.808706283569336
      ],
      "reward_shaping": null,
      "score": null,
      "step": 5,
      "team0_centroid": [
        2.3989953994750977,
        0.7391838431358337
      ],
      "team0_step_reward": 0.0,
      "team1_centroid": [
        -7.8273316621780396,
        -1.9425069689750671
      ],
      "team1_step_reward": 0.0,
      "winner": null
    },
    {
      "ball_pos": [
        -9.710862159729004,
        4.669878959655762
      ],
      "reward_shaping": null,
      "score": null,
      "step": 6,
      "team0_centroid": [
        1.3811479806900024,
        1.0561807751655579
      ],
      "team0_step_reward": 0.0,
      "team1_centroid": [
        -7.949944734573364,
        -2.4889091849327087
      ],
      "team1_step_reward": 0.0,
      "winner": null
    },
    {
      "ball_pos": [
        -11.215404510498047,
        5.4262871742248535
      ],
      "reward_shaping": null,
      "score": null,
      "step": 7,
      "team0_centroid": [
        0.2888021469116211,
        1.491011768579483
      ],
      "team0_step_reward": 0.0,
      "team1_centroid": [
        -7.98194694519043,
        -2.9621758460998535
      ],
      "team1_step_reward": 0.0,
      "winner": null
    },
    {
      "ball_pos": [
        -12.531584739685059,
        6.087996482849121
      ],
      "reward_shaping": null,
      "score": null,
      "step": 8,
      "team0_centroid": [
        -1.117030143737793,
        2.057660847902298
      ],
      "team0_step_reward": 0.0,
      "team1_centroid": [
        -8.384134292602539,
        -3.2223132848739624
      ],
      "team1_step_reward": 0.0,
      "winner": null
    },
    {
      "ball_pos": [
        -13.272436141967773,
        6.437629222869873
      ],
      "reward_shaping": null,
      "score": null,
      "step": 9,
      "team0_centroid": [
        -2.3515450954437256,
        2.718642294406891
      ],
      "team0_step_reward": 0.0,
      "team1_centroid": [
        -9.22405457496643,
        -3.487274169921875
      ],
      "team1_step_reward": 0.0,
      "winner": null
    },
    {
      "ball_pos": [
        -12.568192481994629,
        5.952125072479248
      ],
      "reward_shaping": null,
      "score": null,
      "step": 10,
      "team0_centroid": [
        -3.1618223041296005,
        3.4240842461586
      ],
      "team0_step_reward": 0.0,
      "team1_centroid": [
        -9.897714614868164,
        -3.789458751678467
      ],
      "team1_step_reward": 0.0,
      "winner": null
    },
    {
      "ball_pos": [
        -11.972570419311523,
        5.540243148803711
      ],
      "reward_shaping": null,
      "score": null,
      "step": 11,
      "team0_centroid": [
        -3.7452830374240875,
        3.8615171909332275
      ],
      "team0_step_reward": 0.0,
      "team1_centroid": [
        -10.334797382354736,
        -4.127269864082336
      ],
      "team1_step_reward": 0.0,
      "winner": null
    },
    {
      "ball_pos": [
        -11.474507331848145,
        5.195815086364746
      ],
      "reward_shaping": null,
      "score": null,
      "step": 12,
      "team0_centroid": [
        -4.431927442550659,
        4.014146685600281
      ],
      "team0_step_reward": 0.0,
      "team1_centroid": [
        -11.028329849243164,
        -4.306148529052734
      ],
      "team1_step_reward": 0.0,
      "winner": null
    },
    {
      "ball_pos": [
        -11.064626693725586,
        4.912367820739746
      ],
      "reward_shaping": null,
      "score": null,
      "step": 13,
      "team0_centroid": [
        -5.3258538246154785,
        4.143625736236572
      ],
      "team0_step_reward": 0.0,
      "team1_centroid": [
        -11.832799434661865,
        -4.334734320640564
      ],
      "team1_step_reward": 0.0,
      "winner": null
    },
    {
      "ball_pos": [
        -10.723278045654297,
        4.6763129234313965
      ],
      "reward_shaping": null,
      "score": null,
      "step": 14,
      "team0_centroid": [
        -6.35254979133606,
        4.168154835700989
      ],
      "team0_step_reward": 0.0,