{
  "classification": {
    "labels": [
      "win"
    ],
    "primary_label": "win"
  },
  "cumulative_team0_reward": 1.9575999975204468,
  "cumulative_team1_reward": -2.0,
  "episode_index": 452,
  "final_score": null,
  "final_team0_step_reward": 1.9575999975204468,
  "final_team1_step_reward": -2.0,
  "final_winner": null,
  "metrics": {
    "mean_ball_x": 6.982679929052081,
    "tail_mean_ball_x": 6.982679929052081,
    "team0_possession_ratio": null,
    "team0_progress_toward_goal": 0.0,
    "team0_shaping_reward_sum": 0.0,
    "team1_possession_ratio": null,
    "team1_progress_toward_goal": 0.0,
    "team1_shaping_reward_sum": 0.0
  },
  "outcome": "team0_win",
  "sampled_trace": [
    {
      "ball_pos": [
        -1.7354893684387207,
        -0.4444322884082794
      ],
      "reward_shaping": null,
      "score": null,
      "step": 0,
      "team0_centroid": [
        -10.159895896911621,
        -0.04068171977996826
      ],
      "team0_step_reward": 0.0,
      "team1_centroid": [
        6.417783975601196,
        0.1378517746925354
      ],
      "team1_step_reward": 0.0,
      "winner": null
    },
    {
      "ball_pos": [
        8.892857551574707,
        -5.642625331878662
      ],
      "reward_shaping": null,
      "score": null,
      "step": 10,
      "team0_centroid": [
        -2.4238600730895996,
        0.45220494270324707
      ],
      "team0_step_reward": 0.0,
      "team1_centroid": [
        5.722646474838257,
        1.7809272110462189
      ],
      "team1_step_reward": 0.0,
      "winner": null
    },
    {
      "ball_pos": [
        15.213640213012695,
        -0.37343084812164307
      ],
      "reward_shaping": null,
      "score": null,
      "step": 20,
      "team0_centroid": [
        0.03386521339416504,
        -0.5819213390350342
      ],
      "team0_step_reward": 1.9575999975204468,
      "team1_centroid": [
        4.51610541343689,
        0.671034187078476
      ],
      "team1_step_reward": -2.0,
      "winner": null
    }
  ],
  "steps": 21,
  "tail_trace": [
    {
      "ball_pos": [
        -1.7354893684387207,
        -0.4444322884082794
      ],
      "reward_shaping": null,
      "score": null,
      "step": 0,
      "team0_centroid": [
        -10.159895896911621,
        -0.04068171977996826
      ],
      "team0_step_reward": 0.0,
      "team1_centroid": [
        6.417783975601196,
        0.1378517746925354
      ],
      "team1_step_reward": 0.0,
      "winner": null
    },
    {
      "ball_pos": [
        -1.7354893684387207,
        -0.4444322884082794
      ],
      "reward_shaping": null,
      "score": null,
      "step": 1,
      "team0_centroid": [
        -9.98930025100708,
        0.008266448974609375
      ],
      "team0_step_reward": 0.0,
      "team1_centroid": [
        5.845343351364136,
        0.2681320011615753
      ],
      "team1_step_reward": 0.0,
      "winner": null
    },
    {
      "ball_pos": [
        -1.7354893684387207,
        -0.4444322884082794
      ],
      "reward_shaping": null,
      "score": null,
      "step": 2,
      "team0_centroid": [
        -9.324222564697266,
        0.05875670909881592
      ],
      "team0_step_reward": 0.0,
      "team1_centroid": [
        5.308166980743408,
        0.48276981711387634
      ],
      "team1_step_reward": 0.0,
      "winner": null
    },
    {
      "ball_pos": [
        -1.7354893684387207,
        -0.4444322884082794
      ],
      "reward_shaping": null,
      "score": null,
      "step": 3,
      "team0_centroid": [
        -8.437373161315918,
        0.15616777539253235
      ],
      "team0_step_reward": 0.0,
      "team1_centroid": [
        4.950831294059753,
        0.8572926819324493
      ],
      "team1_step_reward": 0.0,
      "winner": null
    },
    {
      "ball_pos": [
        -1.7354893684387207,
        -0.4444322884082794
      ],
      "reward_shaping": null,
      "score": null,
      "step": 4,
      "team0_centroid": [
        -7.381670951843262,
        0.3685945123434067
      ],
      "team0_step_reward": 0.0,
      "team1_centroid": [
        4.976809024810791,
        1.3700665384531021
      ],
      "team1_step_reward": 0.0,
      "winner": null
    },
    {
      "ball_pos": [
        -1.7354893684387207,
        -0.4444322884082794
      ],
      "reward_shaping": null,
      "score": null,
      "step": 5,
      "team0_centroid": [
        -5.957543730735779,
        0.6204774416983128
      ],
      "team0_step_reward": 0.0,
      "team1_centroid": [
        5.089585661888123,
        1.829643964767456
      ],
      "team1_step_reward": 0.0,
      "winner": null
    },
    {
      "ball_pos": [
        0.5865472555160522,
        -1.942254900932312
      ],
      "reward_shaping": null,
      "score": null,
      "step": 6,
      "team0_centroid": [
        -4.6972931027412415,
        0.67556132376194
      ],
      "team0_step_reward": 0.0,
      "team1_centroid": [
        5.119211912155151,
        2.0086432695388794
      ],
      "team1_step_reward": 0.0,
      "winner": null
    },
    {
      "ball_pos": [
        3.253082275390625,
        -3.926466941833496
      ],
      "reward_shaping": null,
      "score": null,
      "step": 7,
      "team0_centroid": [
        -3.8098175525665283,
        0.6265491619706154
      ],
      "team0_step_reward": 0.0,
      "team1_centroid": [
        5.153325080871582,
        1.978565901517868
      ],
      "team1_step_reward": 0.0,
      "winner": null
    },
    {
      "ball_pos": [
        5.624073028564453,
        -5.690780162811279
      ],
      "reward_shaping": null,
      "score": null,
      "step": 8,
      "team0_centroid": [
        -3.174260199069977,
        0.5877519398927689
      ],
      "team0_step_reward": 0.0,
      "team1_centroid": [
        5.246322989463806,
        1.9088869094848633
      ],
      "team1_step_reward": 0.0,
      "winner": null
    },
    {
      "ball_pos": [
        7.611057281494141,
        -6.713186264038086
      ],
      "reward_shaping": null,
      "score": null,
      "step": 9,
      "team0_centroid": [
        -2.7369049787521362,
        0.5558983683586121
      ],
      "team0_step_reward": 0.0,
      "team1_centroid": [
        5.391324758529663,
        1.8507348895072937
      ],
      "team1_step_reward": 0.0,
      "winner": null
    },
    {
      "ball_pos": [
        8.892857551574707,
        -5.642625331878662
      ],
      "reward_shaping": null,
      "score": null,
      "step": 10,
      "team0_centroid": [
        -2.4238600730895996,
        0.45220494270324707
      ],
      "team0_step_reward": 0.0,
      "team1_centroid": [
        5.722646474838257,
        1.7809272110462189
      ],
      "team1_step_reward": 0.0,
      "winner": null
    },
    {
      "ball_pos": [
        10.01473331451416,
        -4.707385063171387
      ],
      "reward_shaping": null,
      "score": null,
      "step": 11,
      "team0_centroid": [
        -2.2106754779815674,
        0.48179715871810913
      ],
      "team0_step_reward": 0.0,
      "team1_centroid": [
        6.011699438095093,
        1.7080352008342743
      ],
      "team1_step_reward": 0.0,
      "winner": null
    },
    {
      "ball_pos": [
        10.991164207458496,
        -3.8934051990509033
      ],
      "reward_shaping": null,
      "score": null,
      "step": 12,
      "team0_centroid": [
        -2.09035325050354,
        0.6644275188446045
      ],
      "team0_step_reward": 0.0,
      "team1_centroid": [
        5.982140302658081,
        1.5870656073093414
      ],
      "team1_step_reward": 0.0,
      "winner": null
    },
    {
      "ball_pos": [
        11.836119651794434,
        -3.1890273094177246
      ],
      "reward_shaping": null,
      "score": null,
      "step": 13,
      "team0_centroid": [
        -2.0195599794387817,
        0.7531702518463135
      ],
      "team0_step_reward": 0.0,