{
  "classification": {
    "labels": [
      "win"
    ],
    "primary_label": "win"
  },
  "cumulative_team0_reward": 1.9788000583648682,
  "cumulative_team1_reward": -2.0,
  "episode_index": 32,
  "final_score": null,
  "final_team0_step_reward": 1.9788000583648682,
  "final_team1_step_reward": -2.0,
  "final_winner": null,
  "metrics": {
    "mean_ball_x": 6.397256970405579,
    "tail_mean_ball_x": 6.397256970405579,
    "team0_possession_ratio": null,
    "team0_progress_toward_goal": 0.0,
    "team0_shaping_reward_sum": 0.0,
    "team1_possession_ratio": null,
    "team1_progress_toward_goal": 0.0,
    "team1_shaping_reward_sum": 0.0
  },
  "outcome": "team0_win",
  "sampled_trace": [
    {
      "ball_pos": [
        0.7686632871627808,
        -0.9779670238494873
      ],
      "reward_shaping": null,
      "score": null,
      "step": 0,
      "team0_centroid": [
        -7.2937105894088745,
        -0.08041954040527344
      ],
      "team0_step_reward": 0.0,
      "team1_centroid": [
        9.833313465118408,
        -0.1071544885635376
      ],
      "team1_step_reward": 0.0,
      "winner": null
    },
    {
      "ball_pos": [
        15.508936882019043,
        -3.578653573989868
      ],
      "reward_shaping": null,
      "score": null,
      "step": 10,
      "team0_centroid": [
        5.569514870643616,
        -2.88321316242218
      ],
      "team0_step_reward": 1.9788000583648682,
      "team1_centroid": [
        8.40920877456665,
        2.1075328588485718
      ],
      "team1_step_reward": -2.0,
      "winner": null
    }
  ],
  "steps": 11,
  "tail_trace": [
    {
      "ball_pos": [
        0.7686632871627808,
        -0.9779670238494873
      ],
      "reward_shaping": null,
      "score": null,
      "step": 0,
      "team0_centroid": [
        -7.2937105894088745,
        -0.08041954040527344
      ],
      "team0_step_reward": 0.0,
      "team1_centroid": [
        9.833313465118408,
        -0.1071544885635376
      ],
      "team1_step_reward": 0.0,
      "winner": null
    },
    {
      "ball_pos": [
        0.7686632871627808,
        -0.9779670238494873
      ],
      "reward_shaping": null,
      "score": null,
      "step": 1,
      "team0_centroid": [
        -6.496470212936401,
        -0.3078163266181946
      ],
      "team0_step_reward": 0.0,
      "team1_centroid": [
        9.522984027862549,
        -0.24431660771369934
      ],
      "team1_step_reward": 0.0,
      "winner": null
    },
    {
      "ball_pos": [
        0.7686632871627808,
        -0.9779670238494873
      ],
      "reward_shaping": null,
      "score": null,
      "step": 2,
      "team0_centroid": [
        -5.372990369796753,
        -0.4978006184101105
      ],
      "team0_step_reward": 0.0,
      "team1_centroid": [
        9.307649612426758,
        -0.3390156924724579
      ],
      "team1_step_reward": 0.0,
      "winner": null
    },
    {
      "ball_pos": [
        0.7686632871627808,
        -0.9779670238494873
      ],
      "reward_shaping": null,
      "score": null,
      "step": 3,
      "team0_centroid": [
        -4.437233746051788,
        -0.6946108043193817
      ],
      "team0_step_reward": 0.0,
      "team1_centroid": [
        9.112148761749268,
        -0.256352961063385
      ],
      "team1_step_reward": 0.0,
      "winner": null
    },
    {
      "ball_pos": [
        1.2651790380477905,
        -1.0916858911514282
      ],
      "reward_shaping": null,
      "score": null,
      "step": 4,
      "team0_centroid": [
        -3.538100689649582,
        -0.8860740661621094
      ],
      "team0_step_reward": 0.0,
      "team1_centroid": [
        8.902462720870972,
        0.017046332359313965
      ],
      "team1_step_reward": 0.0,
      "winner": null
    },
    {
      "ball_pos": [
        4.678492546081543,
        -1.6830641031265259
      ],
      "reward_shaping": null,
      "score": null,
      "step": 5,
      "team0_centroid": [
        -2.281529128551483,
        -1.1049413979053497
      ],
      "team0_step_reward": 0.0,
      "team1_centroid": [
        8.700803279876709,
        0.35305511951446533
      ],
      "team1_step_reward": 0.0,
      "winner": null
    },
    {
      "ball_pos": [
        7.715424060821533,
        -2.2099592685699463
      ],
      "reward_shaping": null,
      "score": null,
      "step": 6,
      "team0_centroid": [
        -0.5690357685089111,
        -1.4218676388263702
      ],
      "team0_step_reward": 0.0,
      "team1_centroid": [
        8.480891704559326,
        0.7567901909351349
      ],
      "team1_step_reward": 0.0,
      "winner": null
    },
    {
      "ball_pos": [
        10.412259101867676,
        -2.677854061126709
      ],
      "reward_shaping": null,
      "score": null,
      "step": 7,
      "team0_centroid": [
        1.4719778299331665,
        -1.8341331481933594
      ],
      "team0_step_reward": 0.0,
      "team1_centroid": [
        8.246427774429321,
        1.1727904677391052
      ],
      "team1_step_reward": 0.0,
      "winner": null
    },
    {
      "ball_pos": [
        12.801674842834473,
        -3.0924124717712402
      ],
      "reward_shaping": null,
      "score": null,
      "step": 8,
      "team0_centroid": [
        3.454817086458206,
        -2.3977283239364624
      ],
      "team0_step_reward": 0.0,
      "team1_centroid": [
        8.270965337753296,
        1.5894789397716522
      ],
      "team1_step_reward": 0.0,
      "winner": null
    },
    {
      "ball_pos": [
        14.913207054138184,
        -3.458759069442749
      ],
      "reward_shaping": null,
      "score": null,
      "step": 9,
      "team0_centroid": [
        5.0584006905555725,
        -2.7718127965927124
      ],
      "team0_step_reward": 0.0,
      "team1_centroid": [
        8.378984451293945,
        1.995391309261322
      ],
      "team1_step_reward": 0.0,
      "winner": null
    },
    {
      "ball_pos": [
        15.508936882019043,
        -3.578653573989868
      ],
      "reward_shaping": null,
      "score": null,
      "step": 10,
      "team0_centroid": [
        5.569514870643616,
        -2.88321316242218
      ],
      "team0_step_reward": 1.9788000583648682,
      "team1_centroid": [
        8.40920877456665,
        2.1075328588485718
      ],
      "team1_step_reward": -2.0,
      "winner": null
    }
  ],
  "team0_module": "ceia_baseline_agent",
  "team1_module": "example_player_agent.agent_random"
}