{
  "classification": {
    "labels": [
      "win"
    ],
    "primary_label": "win"
  },
  "cumulative_team0_reward": 1.937600016593933,
  "cumulative_team1_reward": -2.0,
  "episode_index": 371,
  "final_score": null,
  "final_team0_step_reward": 1.937600016593933,
  "final_team1_step_reward": -2.0,
  "final_winner": null,
  "metrics": {
    "mean_ball_x": -6.650926116974123,
    "tail_mean_ball_x": -6.939202817281087,
    "team0_possession_ratio": null,
    "team0_progress_toward_goal": 0.0,
    "team0_shaping_reward_sum": 0.0,
    "team1_possession_ratio": null,
    "team1_progress_toward_goal": 0.0,
    "team1_shaping_reward_sum": 0.0
  },
  "outcome": "team0_win",
  "sampled_trace": [
    {
      "ball_pos": [
        1.9973748922348022,
        -0.3755166530609131
      ],
      "reward_shaping": null,
      "score": null,
      "step": 0,
      "team0_centroid": [
        9.07132625579834,
        -0.06688511371612549
      ],
      "team0_step_reward": 0.0,
      "team1_centroid": [
        -8.55137825012207,
        -0.0010614395141601562
      ],
      "team1_step_reward": 0.0,
      "winner": null
    },
    {
      "ball_pos": [
        -5.633144855499268,
        -5.176892280578613
      ],
      "reward_shaping": null,
      "score": null,
      "step": 10,
      "team0_centroid": [
        -1.009055256843567,
        -2.327789291739464
      ],
      "team0_step_reward": 0.0,
      "team1_centroid": [
        -7.876600980758667,
        1.0061474591493607
      ],
      "team1_step_reward": 0.0,
      "winner": null
    },
    {
      "ball_pos": [
        -8.624855995178223,
        -1.7182458639144897
      ],
      "reward_shaping": null,
      "score": null,
      "step": 20,
      "team0_centroid": [
        -5.904688358306885,
        -1.4338426887989044
      ],
      "team0_step_reward": 0.0,
      "team1_centroid": [
        -10.2240891456604,
        4.9371044635772705
      ],
      "team1_step_reward": 0.0,
      "winner": null
    },
    {
      "ball_pos": [
        -15.201435089111328,
        -3.4597854614257812
      ],
      "reward_shaping": null,
      "score": null,
      "step": 30,
      "team0_centroid": [
        -9.122605085372925,
        -1.4366046488285065
      ],
      "team0_step_reward": 1.937600016593933,
      "team1_centroid": [
        -13.139662265777588,
        6.552307367324829
      ],
      "team1_step_reward": -2.0,
      "winner": null
    }
  ],
  "steps": 31,
  "tail_trace": [
    {
      "ball_pos": [
        1.9973748922348022,
        -0.3755166530609131
      ],
      "reward_shaping": null,
      "score": null,
      "step": 1,
      "team0_centroid": [
        8.773781299591064,
        -0.25239473581314087
      ],
      "team0_step_reward": 0.0,
      "team1_centroid": [
        -8.766260862350464,
        0.16522955894470215
      ],
      "team1_step_reward": 0.0,
      "winner": null
    },
    {
      "ball_pos": [
        1.9973748922348022,
        -0.3755166530609131
      ],
      "reward_shaping": null,
      "score": null,
      "step": 2,
      "team0_centroid": [
        7.906723260879517,
        -0.4868604242801666
      ],
      "team0_step_reward": 0.0,
      "team1_centroid": [
        -9.030997037887573,
        0.5256959795951843
      ],
      "team1_step_reward": 0.0,
      "winner": null
    },
    {
      "ball_pos": [
        1.9973748922348022,
        -0.3755166530609131
      ],
      "reward_shaping": null,
      "score": null,
      "step": 3,
      "team0_centroid": [
        6.760416626930237,
        -0.7114967703819275
      ],
      "team0_step_reward": 0.0,
      "team1_centroid": [
        -9.225260496139526,
        0.7835421711206436
      ],
      "team1_step_reward": 0.0,
      "winner": null
    },
    {
      "ball_pos": [
        1.0360467433929443,
        -1.0541173219680786
      ],
      "reward_shaping": null,
      "score": null,
      "step": 4,
      "team0_centroid": [
        5.3380303382873535,
        -0.859111949801445
      ],
      "team0_step_reward": 0.0,
      "team1_centroid": [
        -9.355597019195557,
        0.9070680737495422
      ],
      "team1_step_reward": 0.0,
      "winner": null
    },
    {
      "ball_pos": [
        -0.5730880498886108,
        -2.8749961853027344
      ],
      "reward_shaping": null,
      "score": null,
      "step": 5,
      "team0_centroid": [
        3.5726989954710007,
        -0.930390477180481
      ],
      "team0_step_reward": 0.0,
      "team1_centroid": [
        -9.40529990196228,
        1.0550225675106049
      ],
      "team1_step_reward": 0.0,
      "winner": null
    },
    {
      "ball_pos": [
        -1.9950110912322998,
        -4.48430871963501
      ],
      "reward_shaping": null,
      "score": null,
      "step": 6,
      "team0_centroid": [
        2.03107750415802,
        -1.140494555234909
      ],
      "team0_step_reward": 0.0,
      "team1_centroid": [
        -9.380869388580322,
        1.2425361573696136
      ],
      "team1_step_reward": 0.0,
      "winner": null
    },
    {
      "ball_pos": [
        -3.2478511333465576,
        -5.902256488800049
      ],
      "reward_shaping": null,
      "score": null,
      "step": 7,
      "team0_centroid": [
        0.9850431680679321,
        -1.3659310042858124
      ],
      "team0_step_reward": 0.0,
      "team1_centroid": [
        -9.298796892166138,
        1.383971631526947
      ],
      "team1_step_reward": 0.0,
      "winner": null
    },
    {
      "ball_pos": [
        -4.309752464294434,
        -6.713190078735352
      ],
      "reward_shaping": null,
      "score": null,
      "step": 8,
      "team0_centroid": [
        0.2891397476196289,
        -1.5936105400323868
      ],
      "team0_step_reward": 0.0,
      "team1_centroid": [
        -9.032674312591553,
        1.3496798872947693
      ],
      "team1_step_reward": 0.0,
      "winner": null
    },
    {
      "ball_pos": [
        -5.020259380340576,
        -5.885551929473877
      ],
      "reward_shaping": null,
      "score": null,
      "step": 9,
      "team0_centroid": [
        -0.4124664068222046,
        -1.9404247999191284
      ],
      "team0_step_reward": 0.0,
      "team1_centroid": [
        -8.447990894317627,
        1.1740746796131134
      ],
      "team1_step_reward": 0.0,
      "winner": null
    },
    {
      "ball_pos": [
        -5.633144855499268,
        -5.176892280578613
      ],
      "reward_shaping": null,
      "score": null,
      "step": 10,
      "team0_centroid": [
        -1.009055256843567,
        -2.327789291739464
      ],
      "team0_step_reward": 0.0,
      "team1_centroid": [
        -7.876600980758667,
        1.0061474591493607
      ],
      "team1_step_reward": 0.0,
      "winner": null
    },
    {
      "ball_pos": [
        -6.155120849609375,
        -4.573448657989502
      ],
      "reward_shaping": null,
      "score": null,
      "step": 11,
      "team0_centroid": [
        -1.3681564331054688,
        -2.627747595310211
      ],
      "team0_step_reward": 0.0,
      "team1_centroid": [
        -7.6165947914123535,
        1.1033639311790466
      ],
      "team1_step_reward": 0.0,
      "winner": null
    },
    {
      "ball_pos": [
        -6.594868183135986,
        -4.065066337585449
      ],
      "reward_shaping": null,
      "score": null,
      "step": 12,
      "team0_centroid": [
        -1.8831450045108795,
        -2.8081604540348053
      ],
      "team0_step_reward": 0.0,
      "team1_centroid": [
        -7.444487571716309,
        1.4077494740486145
      ],
      "team1_step_reward": 0.0,
      "winner": null
    },
    {
      "ball_pos": [
        -6.9602885246276855,
        -3.6426124572753906
      ],
      "reward_shaping": null,
      "score": null,
      "step": 13,
      "team0_centroid": [
        -2.4303104281425476,
        -2.8493506982922554
      ],
      "team0_step_reward": 0.0,