{
  "classification": {
    "labels": [
      "win"
    ],
    "primary_label": "win"
  },
  "cumulative_team0_reward": 1.9428000450134277,
  "cumulative_team1_reward": -2.0,
  "episode_index": 237,
  "final_score": null,
  "final_team0_step_reward": 1.9428000450134277,
  "final_team1_step_reward": -2.0,
  "final_winner": null,
  "metrics": {
    "mean_ball_x": -5.845299614914532,
    "tail_mean_ball_x": -5.845299614914532,
    "team0_possession_ratio": null,
    "team0_progress_toward_goal": 0.0,
    "team0_shaping_reward_sum": 0.0,
    "team1_possession_ratio": null,
    "team1_progress_toward_goal": 0.0,
    "team1_shaping_reward_sum": 0.0
  },
  "outcome": "team0_win",
  "sampled_trace": [
    {
      "ball_pos": [
        1.079535961151123,
        1.0598468780517578
      ],
      "reward_shaping": null,
      "score": null,
      "step": 0,
      "team0_centroid": [
        12.5956130027771,
        -0.021896719932556152
      ],
      "team0_step_reward": 0.0,
      "team1_centroid": [
        -9.258289813995361,
        -0.06977009773254395
      ],
      "team1_step_reward": 0.0,
      "winner": null
    },
    {
      "ball_pos": [
        -4.504247665405273,
        6.474608421325684
      ],
      "reward_shaping": null,
      "score": null,
      "step": 10,
      "team0_centroid": [
        2.1106438636779785,
        2.1299806237220764
      ],
      "team0_step_reward": 0.0,
      "team1_centroid": [
        -9.22764766216278,
        0.6581898927688599
      ],
      "team1_step_reward": 0.0,
      "winner": null
    },
    {
      "ball_pos": [
        -9.143178939819336,
        2.865525722503662
      ],
      "reward_shaping": null,
      "score": null,
      "step": 20,
      "team0_centroid": [
        -2.4365750551223755,
        4.469016075134277
      ],
      "team0_step_reward": 0.0,
      "team1_centroid": [
        -9.403308749198914,
        -1.1495466232299805
      ],
      "team1_step_reward": 0.0,
      "winner": null
    }
  ],
  "steps": 29,
  "tail_trace": [
    {
      "ball_pos": [
        1.079535961151123,
        1.0598468780517578
      ],
      "reward_shaping": null,
      "score": null,
      "step": 0,
      "team0_centroid": [
        12.5956130027771,
        -0.021896719932556152
      ],
      "team0_step_reward": 0.0,
      "team1_centroid": [
        -9.258289813995361,
        -0.06977009773254395
      ],
      "team1_step_reward": 0.0,
      "winner": null
    },
    {
      "ball_pos": [
        1.079535961151123,
        1.0598468780517578
      ],
      "reward_shaping": null,
      "score": null,
      "step": 1,
      "team0_centroid": [
        12.010172843933105,
        -0.06059640645980835
      ],
      "team0_step_reward": 0.0,
      "team1_centroid": [
        -9.323603630065918,
        -0.04703330993652344
      ],
      "team1_step_reward": 0.0,
      "winner": null
    },
    {
      "ball_pos": [
        1.079535961151123,
        1.0598468780517578
      ],
      "reward_shaping": null,
      "score": null,
      "step": 2,
      "team0_centroid": [
        11.18069314956665,
        -0.05061006546020508
      ],
      "team0_step_reward": 0.0,
      "team1_centroid": [
        -9.185105800628662,
        0.04300886392593384
      ],
      "team1_step_reward": 0.0,
      "winner": null
    },
    {
      "ball_pos": [
        1.079535961151123,
        1.0598468780517578
      ],
      "reward_shaping": null,
      "score": null,
      "step": 3,
      "team0_centroid": [
        9.927948236465454,
        0.059590160846710205
      ],
      "team0_step_reward": 0.0,
      "team1_centroid": [
        -9.060296058654785,
        0.027454137802124023
      ],
      "team1_step_reward": 0.0,
      "winner": null
    },
    {
      "ball_pos": [
        1.079535961151123,
        1.0598468780517578
      ],
      "reward_shaping": null,
      "score": null,
      "step": 4,
      "team0_centroid": [
        8.726203441619873,
        0.18358784914016724
      ],
      "team0_step_reward": 0.0,
      "team1_centroid": [
        -9.240210056304932,
        0.05720674991607666
      ],
      "team1_step_reward": 0.0,
      "winner": null
    },
    {
      "ball_pos": [
        1.079535961151123,
        1.0598468780517578
      ],
      "reward_shaping": null,
      "score": null,
      "step": 5,
      "team0_centroid": [
        7.362377405166626,
        0.3224045932292938
      ],
      "team0_step_reward": 0.0,
      "team1_centroid": [
        -9.527251720428467,
        0.21583807468414307
      ],
      "team1_step_reward": 0.0,
      "winner": null
    },
    {
      "ball_pos": [
        1.079535961151123,
        1.0598468780517578
      ],
      "reward_shaping": null,
      "score": null,
      "step": 6,
      "team0_centroid": [
        5.813663959503174,
        0.5465654768049717
      ],
      "team0_step_reward": 0.0,
      "team1_centroid": [
        -9.458251953125,
        0.4830355644226074
      ],
      "team1_step_reward": 0.0,
      "winner": null
    },
    {
      "ball_pos": [
        -0.33288076519966125,
        2.4353106021881104
      ],
      "reward_shaping": null,
      "score": null,
      "step": 7,
      "team0_centroid": [
        4.61390084028244,
        0.8169434666633606
      ],
      "team0_step_reward": 0.0,
      "team1_centroid": [
        -9.46996021270752,
        0.7470065355300903
      ],
      "team1_step_reward": 0.0,
      "winner": null
    },
    {
      "ball_pos": [
        -1.9035003185272217,
        3.9562084674835205
      ],
      "reward_shaping": null,
      "score": null,
      "step": 8,
      "team0_centroid": [
        3.5496903359889984,
        1.1855478882789612
      ],
      "team0_step_reward": 0.0,
      "team1_centroid": [
        -9.631635665893555,
        0.8543612957000732
      ],
      "team1_step_reward": 0.0,
      "winner": null
    },
    {
      "ball_pos": [
        -3.287996530532837,
        5.2968668937683105
      ],
      "reward_shaping": null,
      "score": null,
      "step": 9,
      "team0_centroid": [
        2.70556104183197,
        1.6836130619049072
      ],
      "team0_step_reward": 0.0,
      "team1_centroid": [
        -9.45166301727295,
        0.7601711750030518
      ],
      "team1_step_reward": 0.0,
      "winner": null
    },
    {
      "ball_pos": [
        -4.504247665405273,
        6.474608421325684
      ],
      "reward_shaping": null,
      "score": null,
      "step": 10,
      "team0_centroid": [
        2.1106438636779785,
        2.1299806237220764
      ],
      "team0_step_reward": 0.0,
      "team1_centroid": [
        -9.22764766216278,
        0.6581898927688599
      ],
      "team1_step_reward": 0.0,
      "winner": null
    },
    {
      "ball_pos": [
        -5.4391889572143555,
        6.4174604415893555
      ],
      "reward_shaping": null,
      "score": null,
      "step": 11,
      "team0_centroid": [
        1.461117148399353,
        2.6161060333251953
      ],
      "team0_step_reward": 0.0,
      "team1_centroid": [
        -9.079071760177612,
        0.41403353214263916
      ],
      "team1_step_reward": 0.0,
      "winner": null
    },
    {
      "ball_pos": [
        -6.141524791717529,
        5.742621421813965
      ],
      "reward_shaping": null,
      "score": null,
      "step": 12,
      "team0_centroid": [
        0.8499504327774048,
        2.982867121696472
      ],
      "team0_step_reward": 0.0,
      "team1_centroid": [
        -8.966352939605713,
        0.11481475830078125
      ],
      "team1_step_reward": 0.0,
      "winner": null
    },
    {
      "ball_pos": [
        -6.741723537445068,
        5.167321681976318
      ],
      "reward_shaping": null,
      "score": null,
      "step": 13,
      "team0_centroid": [
        0.21053743362426758,
        3.411739706993103
      ],
      "team0_step_reward": 0.0,
      "team1_centroid": [
        -8.881052613258362,
        -0.03622007369995117
      ],