{
  "classification": {
    "labels": [
      "win"
    ],
    "primary_label": "win"
  },
  "cumulative_team0_reward": 1.9667999744415283,
  "cumulative_team1_reward": -2.0,
  "episode_index": 438,
  "final_score": null,
  "final_team0_step_reward": 1.9667999744415283,
  "final_team1_step_reward": -2.0,
  "final_winner": null,
  "metrics": {
    "mean_ball_x": 4.784959673881531,
    "tail_mean_ball_x": 4.784959673881531,
    "team0_possession_ratio": null,
    "team0_progress_toward_goal": 0.0,
    "team0_shaping_reward_sum": 0.0,
    "team1_possession_ratio": null,
    "team1_progress_toward_goal": 0.0,
    "team1_shaping_reward_sum": 0.0
  },
  "outcome": "team0_win",
  "sampled_trace": [
    {
      "ball_pos": [
        0.8105694651603699,
        -0.6943569183349609
      ],
      "reward_shaping": null,
      "score": null,
      "step": 0,
      "team0_centroid": [
        -11.39544677734375,
        0.0003272891044616699
      ],
      "team0_step_reward": 0.0,
      "team1_centroid": [
        5.073283791542053,
        0.13777053356170654
      ],
      "team1_step_reward": 0.0,
      "winner": null
    },
    {
      "ball_pos": [
        3.229004383087158,
        -0.09861728549003601
      ],
      "reward_shaping": null,
      "score": null,
      "step": 10,
      "team0_centroid": [
        -3.490580528974533,
        -0.7480615973472595
      ],
      "team0_step_reward": 0.0,
      "team1_centroid": [
        7.912038087844849,
        0.08727002143859863
      ],
      "team1_step_reward": 0.0,
      "winner": null
    }
  ],
  "steps": 17,
  "tail_trace": [
    {
      "ball_pos": [
        0.8105694651603699,
        -0.6943569183349609
      ],
      "reward_shaping": null,
      "score": null,
      "step": 0,
      "team0_centroid": [
        -11.39544677734375,
        0.0003272891044616699
      ],
      "team0_step_reward": 0.0,
      "team1_centroid": [
        5.073283791542053,
        0.13777053356170654
      ],
      "team1_step_reward": 0.0,
      "winner": null
    },
    {
      "ball_pos": [
        0.8105694651603699,
        -0.6943569183349609
      ],
      "reward_shaping": null,
      "score": null,
      "step": 1,
      "team0_centroid": [
        -10.896976947784424,
        0.03484833240509033
      ],
      "team0_step_reward": 0.0,
      "team1_centroid": [
        5.0801146030426025,
        0.38218972086906433
      ],
      "team1_step_reward": 0.0,
      "winner": null
    },
    {
      "ball_pos": [
        0.8105694651603699,
        -0.6943569183349609
      ],
      "reward_shaping": null,
      "score": null,
      "step": 2,
      "team0_centroid": [
        -10.250526905059814,
        0.011534303426742554
      ],
      "team0_step_reward": 0.0,
      "team1_centroid": [
        5.328861117362976,
        0.6080770194530487
      ],
      "team1_step_reward": 0.0,
      "winner": null
    },
    {
      "ball_pos": [
        0.8105694651603699,
        -0.6943569183349609
      ],
      "reward_shaping": null,
      "score": null,
      "step": 3,
      "team0_centroid": [
        -9.772277355194092,
        -0.04696768522262573
      ],
      "team0_step_reward": 0.0,
      "team1_centroid": [
        5.901390314102173,
        0.7567192614078522
      ],
      "team1_step_reward": 0.0,
      "winner": null
    },
    {
      "ball_pos": [
        0.8105694651603699,
        -0.6943569183349609
      ],
      "reward_shaping": null,
      "score": null,
      "step": 4,
      "team0_centroid": [
        -9.139687299728394,
        -0.19651447236537933
      ],
      "team0_step_reward": 0.0,
      "team1_centroid": [
        6.7082908153533936,
        0.8343666195869446
      ],
      "team1_step_reward": 0.0,
      "winner": null
    },
    {
      "ball_pos": [
        0.8105694651603699,
        -0.6943569183349609
      ],
      "reward_shaping": null,
      "score": null,
      "step": 5,
      "team0_centroid": [
        -8.528364658355713,
        -0.5175942778587341
      ],
      "team0_step_reward": 0.0,
      "team1_centroid": [
        7.6571478843688965,
        0.7156888246536255
      ],
      "team1_step_reward": 0.0,
      "winner": null
    },
    {
      "ball_pos": [
        0.8105694651603699,
        -0.6943569183349609
      ],
      "reward_shaping": null,
      "score": null,
      "step": 6,
      "team0_centroid": [
        -7.847496509552002,
        -0.7826441675424576
      ],
      "team0_step_reward": 0.0,
      "team1_centroid": [
        8.189877986907959,
        0.5499238967895508
      ],
      "team1_step_reward": 0.0,
      "winner": null
    },
    {
      "ball_pos": [
        0.8105694651603699,
        -0.6943569183349609
      ],
      "reward_shaping": null,
      "score": null,
      "step": 7,
      "team0_centroid": [
        -6.952496290206909,
        -0.867837131023407
      ],
      "team0_step_reward": 0.0,
      "team1_centroid": [
        8.136174440383911,
        0.45046794414520264
      ],
      "team1_step_reward": 0.0,
      "winner": null
    },
    {
      "ball_pos": [
        0.8105694651603699,
        -0.6943569183349609
      ],
      "reward_shaping": null,
      "score": null,
      "step": 8,
      "team0_centroid": [
        -5.908742070198059,
        -0.8835339248180389
      ],
      "team0_step_reward": 0.0,
      "team1_centroid": [
        7.918227910995483,
        0.2266017198562622
      ],
      "team1_step_reward": 0.0,
      "winner": null
    },
    {
      "ball_pos": [
        0.8105694651603699,
        -0.6943569183349609
      ],
      "reward_shaping": null,
      "score": null,
      "step": 9,
      "team0_centroid": [
        -4.728575259447098,
        -0.8500636219978333
      ],
      "team0_step_reward": 0.0,
      "team1_centroid": [
        7.76576042175293,
        0.13964855670928955
      ],
      "team1_step_reward": 0.0,
      "winner": null
    },
    {
      "ball_pos": [
        3.229004383087158,
        -0.09861728549003601
      ],
      "reward_shaping": null,
      "score": null,
      "step": 10,
      "team0_centroid": [
        -3.490580528974533,
        -0.7480615973472595
      ],
      "team0_step_reward": 0.0,
      "team1_centroid": [
        7.912038087844849,
        0.08727002143859863
      ],
      "team1_step_reward": 0.0,
      "winner": null
    },
    {
      "ball_pos": [
        6.192782878875732,
        0.7184703350067139
      ],
      "reward_shaping": null,
      "score": null,
      "step": 11,
      "team0_centroid": [
        -2.1863343715667725,
        -0.5233775675296783
      ],
      "team0_step_reward": 0.0,
      "team1_centroid": [
        8.158722400665283,
        -0.07882928848266602
      ],
      "team1_step_reward": 0.0,
      "winner": null
    },
    {
      "ball_pos": [
        8.824525833129883,
        1.4440597295761108
      ],
      "reward_shaping": null,
      "score": null,
      "step": 12,
      "team0_centroid": [
        -0.848984956741333,
        -0.16336293891072273
      ],
      "team0_step_reward": 0.0,
      "team1_centroid": [
        8.32841968536377,
        -0.2368561029434204
      ],
      "team1_step_reward": 0.0,
      "winner": null
    },
    {
      "ball_pos": [
        11.156144142150879,
        2.0869033336639404
      ],
      "reward_shaping": null,
      "score": null,
      "step": 13,
      "team0_centroid": [
        0.7670996189117432,
        0.2515067271888256
      ],
      "team0_step_reward": 0.0,
      "team1_centroid": [
        8.429285526275635,
        -0.271464467048645
      ],
      "team1_step_reward": 0.0,
      "winner": null
    },
    {
      "ball_pos": [
        13.216474533081055,
        2.6549510955810547
      ],
      "reward_shaping": null,
      "score": null,
      "step": 14,
      "team0_centroid": [
        1.9807356595993042,
        0.5454248264431953
      ],
      "team0_step_reward": 0.0,