{
  "classification": {
    "labels": [
      "win"
    ],
    "primary_label": "win"
  },
  "cumulative_team0_reward": 1.9631999731063843,
  "cumulative_team1_reward": -2.0,
  "episode_index": 163,
  "final_score": null,
  "final_team0_step_reward": 1.9631999731063843,
  "final_team1_step_reward": -2.0,
  "final_winner": null,
  "metrics": {
    "mean_ball_x": -8.104833628001966,
    "tail_mean_ball_x": -8.104833628001966,
    "team0_possession_ratio": null,
    "team0_progress_toward_goal": 0.0,
    "team0_shaping_reward_sum": 0.0,
    "team1_possession_ratio": null,
    "team1_progress_toward_goal": 0.0,
    "team1_shaping_reward_sum": 0.0
  },
  "outcome": "team0_win",
  "sampled_trace": [
    {
      "ball_pos": [
        -2.017960548400879,
        -0.6945321559906006
      ],
      "reward_shaping": null,
      "score": null,
      "step": 0,
      "team0_centroid": [
        5.4797972440719604,
        -0.041608333587646484
      ],
      "team0_step_reward": 0.0,
      "team1_centroid": [
        -5.911241173744202,
        0.010450005531311035
      ],
      "team1_step_reward": 0.0,
      "winner": null
    },
    {
      "ball_pos": [
        -9.783574104309082,
        -0.18266968429088593
      ],
      "reward_shaping": null,
      "score": null,
      "step": 10,
      "team0_centroid": [
        -4.456125378608704,
        -1.5499850809574127
      ],
      "team0_step_reward": 0.0,
      "team1_centroid": [
        -6.918610334396362,
        -0.13094961643218994
      ],
      "team1_step_reward": 0.0,
      "winner": null
    }
  ],
  "steps": 19,
  "tail_trace": [
    {
      "ball_pos": [
        -2.017960548400879,
        -0.6945321559906006
      ],
      "reward_shaping": null,
      "score": null,
      "step": 0,
      "team0_centroid": [
        5.4797972440719604,
        -0.041608333587646484
      ],
      "team0_step_reward": 0.0,
      "team1_centroid": [
        -5.911241173744202,
        0.010450005531311035
      ],
      "team1_step_reward": 0.0,
      "winner": null
    },
    {
      "ball_pos": [
        -2.017960548400879,
        -0.6945321559906006
      ],
      "reward_shaping": null,
      "score": null,
      "step": 1,
      "team0_centroid": [
        4.894891738891602,
        -0.15145498514175415
      ],
      "team0_step_reward": 0.0,
      "team1_centroid": [
        -5.515836715698242,
        0.052588045597076416
      ],
      "team1_step_reward": 0.0,
      "winner": null
    },
    {
      "ball_pos": [
        -2.017960548400879,
        -0.6945321559906006
      ],
      "reward_shaping": null,
      "score": null,
      "step": 2,
      "team0_centroid": [
        4.08825409412384,
        -0.35748907923698425
      ],
      "team0_step_reward": 0.0,
      "team1_centroid": [
        -5.882230043411255,
        0.1863369345664978
      ],
      "team1_step_reward": 0.0,
      "winner": null
    },
    {
      "ball_pos": [
        -2.017960548400879,
        -0.6945321559906006
      ],
      "reward_shaping": null,
      "score": null,
      "step": 3,
      "team0_centroid": [
        3.125477910041809,
        -0.5569838862866163
      ],
      "team0_step_reward": 0.0,
      "team1_centroid": [
        -6.2064526081085205,
        0.2770107388496399
      ],
      "team1_step_reward": 0.0,
      "winner": null
    },
    {
      "ball_pos": [
        -2.017960548400879,
        -0.6945321559906006
      ],
      "reward_shaping": null,
      "score": null,
      "step": 4,
      "team0_centroid": [
        1.7842783331871033,
        -0.7289421185851097
      ],
      "team0_step_reward": 0.0,
      "team1_centroid": [
        -6.34692907333374,
        0.3160862326622009
      ],
      "team1_step_reward": 0.0,
      "winner": null
    },
    {
      "ball_pos": [
        -2.017960548400879,
        -0.6945321559906006
      ],
      "reward_shaping": null,
      "score": null,
      "step": 5,
      "team0_centroid": [
        0.5221245437860489,
        -0.9045560359954834
      ],
      "team0_step_reward": 0.0,
      "team1_centroid": [
        -6.53827977180481,
        0.3462129831314087
      ],
      "team1_step_reward": 0.0,
      "winner": null
    },
    {
      "ball_pos": [
        -3.169750213623047,
        -0.6866821646690369
      ],
      "reward_shaping": null,
      "score": null,
      "step": 6,
      "team0_centroid": [
        -0.8422823250293732,
        -1.13256174325943
      ],
      "team0_step_reward": 0.0,
      "team1_centroid": [
        -6.658482074737549,
        0.577989935874939
      ],
      "team1_step_reward": 0.0,
      "winner": null
    },
    {
      "ball_pos": [
        -5.160974025726318,
        -0.5347041487693787
      ],
      "reward_shaping": null,
      "score": null,
      "step": 7,
      "team0_centroid": [
        -2.0842463672161102,
        -1.3435450196266174
      ],
      "team0_step_reward": 0.0,
      "team1_centroid": [
        -6.755896091461182,
        0.7454397082328796
      ],
      "team1_step_reward": 0.0,
      "winner": null
    },
    {
      "ball_pos": [
        -6.912015914916992,
        -0.4013521671295166
      ],
      "reward_shaping": null,
      "score": null,
      "step": 8,
      "team0_centroid": [
        -2.986374855041504,
        -1.341082751750946
      ],
      "team0_step_reward": 0.0,
      "team1_centroid": [
        -6.923308610916138,
        0.6705000996589661
      ],
      "team1_step_reward": 0.0,
      "winner": null
    },
    {
      "ball_pos": [
        -8.445928573608398,
        -0.2845376133918762
      ],
      "reward_shaping": null,
      "score": null,
      "step": 9,
      "team0_centroid": [
        -3.8921437859535217,
        -1.3741559088230133
      ],
      "team0_step_reward": 0.0,
      "team1_centroid": [
        -6.9394450187683105,
        0.338081955909729
      ],
      "team1_step_reward": 0.0,
      "winner": null
    },
    {
      "ball_pos": [
        -9.783574104309082,
        -0.18266968429088593
      ],
      "reward_shaping": null,
      "score": null,
      "step": 10,
      "team0_centroid": [
        -4.456125378608704,
        -1.5499850809574127
      ],
      "team0_step_reward": 0.0,
      "team1_centroid": [
        -6.918610334396362,
        -0.13094961643218994
      ],
      "team1_step_reward": 0.0,
      "winner": null
    },
    {
      "ball_pos": [
        -10.94381046295166,
        -0.09431236982345581
      ],
      "reward_shaping": null,
      "score": null,
      "step": 11,
      "team0_centroid": [
        -4.965317904949188,
        -1.5485396087169647
      ],
      "team0_step_reward": 0.0,
      "team1_centroid": [
        -7.241488695144653,
        -0.6395655870437622
      ],
      "team1_step_reward": 0.0,
      "winner": null
    },
    {
      "ball_pos": [
        -11.943682670593262,
        -0.01816752925515175
      ],
      "reward_shaping": null,
      "score": null,
      "step": 12,
      "team0_centroid": [
        -5.44878888130188,
        -1.299432635307312
      ],
      "team0_step_reward": 0.0,
      "team1_centroid": [
        -7.601041555404663,
        -1.315745770931244
      ],
      "team1_step_reward": 0.0,
      "winner": null
    },
    {
      "ball_pos": [
        -12.79859733581543,
        0.04693818837404251
      ],
      "reward_shaping": null,
      "score": null,
      "step": 13,
      "team0_centroid": [
        -5.7881104946136475,
        -1.0853367373347282
      ],
      "team0_step_reward": 0.0,
      "team1_centroid": [
        -7.531306028366089,
        -1.8196834921836853
      ],
      "team1_step_reward": 0.0,
      "winner": null
    },
    {
      "ball_pos": [
        -13.522482872009277,
        0.10206540673971176
      ],
      "reward_shaping": null,
      "score": null,
      "step": 14,
      "team0_centroid": [
        -5.788604713976383,
        -1.1184977516531944
      ],
      "team0_step_reward": 0.0,