{
  "classification": {
    "labels": [
      "win"
    ],
    "primary_label": "win"
  },
  "cumulative_team0_reward": 1.932800054550171,
  "cumulative_team1_reward": -2.0,
  "episode_index": 311,
  "final_score": null,
  "final_team0_step_reward": 1.932800054550171,
  "final_team1_step_reward": -2.0,
  "final_winner": null,
  "metrics": {
    "mean_ball_x": -9.112393274026758,
    "tail_mean_ball_x": -10.448872735102972,
    "team0_possession_ratio": null,
    "team0_progress_toward_goal": 0.0,
    "team0_shaping_reward_sum": 0.0,
    "team1_possession_ratio": null,
    "team1_progress_toward_goal": 0.0,
    "team1_shaping_reward_sum": 0.0
  },
  "outcome": "team0_win",
  "sampled_trace": [
    {
      "ball_pos": [
        0.9112025499343872,
        -1.6733460426330566
      ],
      "reward_shaping": null,
      "score": null,
      "step": 0,
      "team0_centroid": [
        8.270788192749023,
        -0.0479390025138855
      ],
      "team0_step_reward": 0.0,
      "team1_centroid": [
        -10.808600902557373,
        -0.1375441551208496
      ],
      "team1_step_reward": 0.0,
      "winner": null
    },
    {
      "ball_pos": [
        -8.119032859802246,
        -4.354910373687744
      ],
      "reward_shaping": null,
      "score": null,
      "step": 10,
      "team0_centroid": [
        0.8249852657318115,
        -1.4647180289030075
      ],
      "team0_step_reward": 0.0,
      "team1_centroid": [
        -12.999374389648438,
        -0.9989528357982635
      ],
      "team1_step_reward": 0.0,
      "winner": null
    },
    {
      "ball_pos": [
        -12.37802505493164,
        0.6730294227600098
      ],
      "reward_shaping": null,
      "score": null,
      "step": 20,
      "team0_centroid": [
        -6.6998655796051025,
        -1.388310268521309
      ],
      "team0_step_reward": 0.0,
      "team1_centroid": [
        -13.72270393371582,
        0.7737677097320557
      ],
      "team1_step_reward": 0.0,
      "winner": null
    },
    {
      "ball_pos": [
        -13.708233833312988,
        2.2434029579162598
      ],
      "reward_shaping": null,
      "score": null,
      "step": 30,
      "team0_centroid": [
        -9.256365299224854,
        2.184555768966675
      ],
      "team0_step_reward": 0.0,
      "team1_centroid": [
        -14.342258930206299,
        0.8545626997947693
      ],
      "team1_step_reward": 0.0,
      "winner": null
    }
  ],
  "steps": 34,
  "tail_trace": [
    {
      "ball_pos": [
        0.9112029075622559,
        -1.6733460426330566
      ],
      "reward_shaping": null,
      "score": null,
      "step": 4,
      "team0_centroid": [
        5.53376567363739,
        -0.26661229133605957
      ],
      "team0_step_reward": 0.0,
      "team1_centroid": [
        -11.59978199005127,
        -1.1162642687559128
      ],
      "team1_step_reward": 0.0,
      "winner": null
    },
    {
      "ball_pos": [
        0.36910170316696167,
        -1.8761743307113647
      ],
      "reward_shaping": null,
      "score": null,
      "step": 5,
      "team0_centroid": [
        4.559252023696899,
        -0.34943297505378723
      ],
      "team0_step_reward": 0.0,
      "team1_centroid": [
        -11.779580354690552,
        -1.3518688380718231
      ],
      "team1_step_reward": 0.0,
      "winner": null
    },
    {
      "ball_pos": [
        -2.2197117805480957,
        -4.074472427368164
      ],
      "reward_shaping": null,
      "score": null,
      "step": 6,
      "team0_centroid": [
        3.740039512515068,
        -0.32785898447036743
      ],
      "team0_step_reward": 0.0,
      "team1_centroid": [
        -12.139500141143799,
        -1.5232198163866997
      ],
      "team1_step_reward": 0.0,
      "winner": null
    },
    {
      "ball_pos": [
        -4.522109508514404,
        -6.030188083648682
      ],
      "reward_shaping": null,
      "score": null,
      "step": 7,
      "team0_centroid": [
        3.1562058329582214,
        -0.36328503489494324
      ],
      "team0_step_reward": 0.0,
      "team1_centroid": [
        -12.502009391784668,
        -1.5049955770373344
      ],
      "team1_step_reward": 0.0,
      "winner": null
    },
    {
      "ball_pos": [
        -6.2402238845825195,
        -6.5741729736328125
      ],
      "reward_shaping": null,
      "score": null,
      "step": 8,
      "team0_centroid": [
        2.5334469079971313,
        -0.5913606435060501
      ],
      "team0_step_reward": 0.0,
      "team1_centroid": [
        -12.754952430725098,
        -1.410892814397812
      ],
      "team1_step_reward": 0.0,
      "winner": null
    },
    {
      "ball_pos": [
        -7.243391990661621,
        -5.3886518478393555
      ],
      "reward_shaping": null,
      "score": null,
      "step": 9,
      "team0_centroid": [
        1.7384512424468994,
        -0.973953478038311
      ],
      "team0_step_reward": 0.0,
      "team1_centroid": [
        -12.918640613555908,
        -1.2693843841552734
      ],
      "team1_step_reward": 0.0,
      "winner": null
    },
    {
      "ball_pos": [
        -8.119032859802246,
        -4.354910373687744
      ],
      "reward_shaping": null,
      "score": null,
      "step": 10,
      "team0_centroid": [
        0.8249852657318115,
        -1.4647180289030075
      ],
      "team0_step_reward": 0.0,
      "team1_centroid": [
        -12.999374389648438,
        -0.9989528357982635
      ],
      "team1_step_reward": 0.0,
      "winner": null
    },
    {
      "ball_pos": [
        -8.878854751586914,
        -3.4579057693481445
      ],
      "reward_shaping": null,
      "score": null,
      "step": 11,
      "team0_centroid": [
        -0.3890343904495239,
        -2.1772532761096954
      ],
      "team0_step_reward": 0.0,
      "team1_centroid": [
        -13.036532878875732,
        -0.741874098777771
      ],
      "team1_step_reward": 0.0,
      "winner": null
    },
    {
      "ball_pos": [
        -9.533982276916504,
        -2.684497833251953
      ],
      "reward_shaping": null,
      "score": null,
      "step": 12,
      "team0_centroid": [
        -1.8091616034507751,
        -2.8699079155921936
      ],
      "team0_step_reward": 0.0,
      "team1_centroid": [
        -13.032376766204834,
        -0.4280511140823364
      ],
      "team1_step_reward": 0.0,
      "winner": null
    },
    {
      "ball_pos": [
        -10.094472885131836,
        -2.0228114128112793
      ],
      "reward_shaping": null,
      "score": null,
      "step": 13,
      "team0_centroid": [
        -3.0731206089258194,
        -3.2558038234710693
      ],
      "team0_step_reward": 0.0,
      "team1_centroid": [
        -13.031906127929688,
        -0.2202906608581543
      ],
      "team1_step_reward": 0.0,
      "winner": null
    },
    {
      "ball_pos": [
        -10.56942081451416,
        -1.4621121883392334
      ],
      "reward_shaping": null,
      "score": null,
      "step": 14,
      "team0_centroid": [
        -3.9709383845329285,
        -3.425987124443054
      ],
      "team0_step_reward": 0.0,
      "team1_centroid": [
        -13.034794807434082,
        -0.14682495594024658
      ],
      "team1_step_reward": 0.0,
      "winner": null
    },
    {
      "ball_pos": [
        -10.967046737670898,
        -0.9926976561546326
      ],
      "reward_shaping": null,
      "score": null,
      "step": 15,
      "team0_centroid": [
        -4.706017732620239,
        -3.3027799129486084
      ],
      "team0_step_reward": 0.0,
      "team1_centroid": [
        -12.965103149414062,
        0.02337491512298584
      ],
      "team1_step_reward": 0.0,
      "winner": null
    },
    {
      "ball_pos": [
        -11.312298774719238,
        -0.585111677646637
      ],
      "reward_shaping": null,
      "score": null,
      "step": 16,
      "team0_centroid": [
        -5.305724620819092,
        -2.9992161989212036
      ],
      "team0_step_reward": 0.0,