{
  "classification": {
    "labels": [
      "win"
    ],
    "primary_label": "win"
  },
  "cumulative_team0_reward": 1.9240000247955322,
  "cumulative_team1_reward": -2.0,
  "episode_index": 143,
  "final_score": null,
  "final_team0_step_reward": 1.9240000247955322,
  "final_team1_step_reward": -2.0,
  "final_winner": null,
  "metrics": {
    "mean_ball_x": -9.783831194827432,
    "tail_mean_ball_x": -11.667001740137737,
    "team0_possession_ratio": null,
    "team0_progress_toward_goal": 0.0,
    "team0_shaping_reward_sum": 0.0,
    "team1_possession_ratio": null,
    "team1_progress_toward_goal": 0.0,
    "team1_shaping_reward_sum": 0.0
  },
  "outcome": "team0_win",
  "sampled_trace": [
    {
      "ball_pos": [
        -1.974484920501709,
        -1.6112213134765625
      ],
      "reward_shaping": null,
      "score": null,
      "step": 0,
      "team0_centroid": [
        9.142211198806763,
        -0.05278193950653076
      ],
      "team0_step_reward": 0.0,
      "team1_centroid": [
        -8.681804418563843,
        0.13660401105880737
      ],
      "team1_step_reward": 0.0,
      "winner": null
    },
    {
      "ball_pos": [
        -9.040895462036133,
        -6.373652935028076
      ],
      "reward_shaping": null,
      "score": null,
      "step": 10,
      "team0_centroid": [
        4.972376585006714,
        -1.161141887307167
      ],
      "team0_step_reward": 0.0,
      "team1_centroid": [
        -10.66793155670166,
        0.6691047549247742
      ],
      "team1_step_reward": 0.0,
      "winner": null
    },
    {
      "ball_pos": [
        -12.457077980041504,
        -2.573700428009033
      ],
      "reward_shaping": null,
      "score": null,
      "step": 20,
      "team0_centroid": [
        1.349656581878662,
        -3.9909271001815796
      ],
      "team0_step_reward": 0.0,
      "team1_centroid": [
        -12.524837970733643,
        1.7730674147605896
      ],
      "team1_step_reward": 0.0,
      "winner": null
    },
    {
      "ball_pos": [
        -10.432694435119629,
        2.259150743484497
      ],
      "reward_shaping": null,
      "score": null,
      "step": 30,
      "team0_centroid": [
        2.7022290229797363,
        -0.9844150543212891
      ],
      "team0_step_reward": 0.0,
      "team1_centroid": [
        -12.051443099975586,
        1.8821946792304516
      ],
      "team1_step_reward": 0.0,
      "winner": null
    }
  ],
  "steps": 38,
  "tail_trace": [
    {
      "ball_pos": [
        -5.583646297454834,
        -2.503087282180786
      ],
      "reward_shaping": null,
      "score": null,
      "step": 8,
      "team0_centroid": [
        4.85727858543396,
        -0.5686087012290955
      ],
      "team0_step_reward": 0.0,
      "team1_centroid": [
        -10.000619411468506,
        0.8704752027988434
      ],
      "team1_step_reward": 0.0,
      "winner": null
    },
    {
      "ball_pos": [
        -7.417003631591797,
        -4.554931163787842
      ],
      "reward_shaping": null,
      "score": null,
      "step": 9,
      "team0_centroid": [
        4.836378335952759,
        -0.7901214212179184
      ],
      "team0_step_reward": 0.0,
      "team1_centroid": [
        -10.373225212097168,
        0.6746436953544617
      ],
      "team1_step_reward": 0.0,
      "winner": null
    },
    {
      "ball_pos": [
        -9.040895462036133,
        -6.373652935028076
      ],
      "reward_shaping": null,
      "score": null,
      "step": 10,
      "team0_centroid": [
        4.972376585006714,
        -1.161141887307167
      ],
      "team0_step_reward": 0.0,
      "team1_centroid": [
        -10.66793155670166,
        0.6691047549247742
      ],
      "team1_step_reward": 0.0,
      "winner": null
    },
    {
      "ball_pos": [
        -10.190305709838867,
        -6.302082538604736
      ],
      "reward_shaping": null,
      "score": null,
      "step": 11,
      "team0_centroid": [
        5.045535564422607,
        -1.626880258321762
      ],
      "team0_step_reward": 0.0,
      "team1_centroid": [
        -11.11328411102295,
        0.6319105625152588
      ],
      "team1_step_reward": 0.0,
      "winner": null
    },
    {
      "ball_pos": [
        -10.99605941772461,
        -5.216344833374023
      ],
      "reward_shaping": null,
      "score": null,
      "step": 12,
      "team0_centroid": [
        4.824812889099121,
        -2.20964378118515
      ],
      "team0_step_reward": 0.0,
      "team1_centroid": [
        -11.596077919006348,
        0.4969533681869507
      ],
      "team1_step_reward": 0.0,
      "winner": null
    },
    {
      "ball_pos": [
        -11.695366859436035,
        -4.274439334869385
      ],
      "reward_shaping": null,
      "score": null,
      "step": 13,
      "team0_centroid": [
        4.328237056732178,
        -2.7838950157165527
      ],
      "team0_step_reward": 0.0,
      "team1_centroid": [
        -11.961913585662842,
        0.3029862642288208
      ],
      "team1_step_reward": 0.0,
      "winner": null
    },
    {
      "ball_pos": [
        -12.196043014526367,
        -4.358418941497803
      ],
      "reward_shaping": null,
      "score": null,
      "step": 14,
      "team0_centroid": [
        3.670301914215088,
        -3.2629429697990417
      ],
      "team0_step_reward": 0.0,
      "team1_centroid": [
        -12.27277135848999,
        0.2155522108078003
      ],
      "team1_step_reward": 0.0,
      "winner": null
    },
    {
      "ball_pos": [
        -12.56201171875,
        -4.948158264160156
      ],
      "reward_shaping": null,
      "score": null,
      "step": 15,
      "team0_centroid": [
        3.1178956031799316,
        -3.533014953136444
      ],
      "team0_step_reward": 0.0,
      "team1_centroid": [
        -12.34728717803955,
        0.4431419372558594
      ],
      "team1_step_reward": 0.0,
      "winner": null
    },
    {
      "ball_pos": [
        -12.868654251098633,
        -5.438478469848633
      ],
      "reward_shaping": null,
      "score": null,
      "step": 16,
      "team0_centroid": [
        2.678147792816162,
        -3.768383264541626
      ],
      "team0_step_reward": 0.0,
      "team1_centroid": [
        -12.263663291931152,
        0.7500827312469482
      ],
      "team1_step_reward": 0.0,
      "winner": null
    },
    {
      "ball_pos": [
        -13.638758659362793,
        -5.673272609710693
      ],
      "reward_shaping": null,
      "score": null,
      "step": 17,
      "team0_centroid": [
        2.2538976669311523,
        -3.9542242288589478
      ],
      "team0_step_reward": 0.0,
      "team1_centroid": [
        -12.25617790222168,
        1.0928836464881897
      ],
      "team1_step_reward": 0.0,
      "winner": null
    },
    {
      "ball_pos": [
        -13.513008117675781,
        -4.609471321105957
      ],
      "reward_shaping": null,
      "score": null,
      "step": 18,
      "team0_centroid": [
        1.8239364624023438,
        -4.0430179834365845
      ],
      "team0_step_reward": 0.0,
      "team1_centroid": [
        -12.343705177307129,
        1.3687140941619873
      ],
      "team1_step_reward": 0.0,
      "winner": null
    },
    {
      "ball_pos": [
        -12.94658088684082,
        -3.517338752746582
      ],
      "reward_shaping": null,
      "score": null,
      "step": 19,
      "team0_centroid": [
        1.4282546043395996,
        -4.147030711174011
      ],
      "team0_step_reward": 0.0,
      "team1_centroid": [
        -12.428579807281494,
        1.5331673622131348
      ],
      "team1_step_reward": 0.0,
      "winner": null
    },
    {
      "ball_pos": [
        -12.457077980041504,
        -2.573700428009033
      ],
      "reward_shaping": null,
      "score": null,
      "step": 20,
      "team0_centroid": [
        1.349656581878662,
        -3.9909271001815796
      ],
      "team0_step_reward": 0.0,