{
  "classification": {
    "labels": [
      "win"
    ],
    "primary_label": "win"
  },
  "cumulative_team0_reward": 1.9759999513626099,
  "cumulative_team1_reward": -2.0,
  "episode_index": 186,
  "final_score": null,
  "final_team0_step_reward": 1.9759999513626099,
  "final_team1_step_reward": -2.0,
  "final_winner": null,
  "metrics": {
    "mean_ball_x": 4.35786634683609,
    "tail_mean_ball_x": 4.35786634683609,
    "team0_possession_ratio": null,
    "team0_progress_toward_goal": 0.0,
    "team0_shaping_reward_sum": 0.0,
    "team1_possession_ratio": null,
    "team1_progress_toward_goal": 0.0,
    "team1_shaping_reward_sum": 0.0
  },
  "outcome": "team0_win",
  "sampled_trace": [
    {
      "ball_pos": [
        0.48692846298217773,
        -2.0246052742004395
      ],
      "reward_shaping": null,
      "score": null,
      "step": 0,
      "team0_centroid": [
        -6.35381007194519,
        -0.048051536083221436
      ],
      "team0_step_reward": 0.0,
      "team1_centroid": [
        7.6720170974731445,
        -0.1381239891052246
      ],
      "team1_step_reward": 0.0,
      "winner": null
    },
    {
      "ball_pos": [
        13.46304988861084,
        2.525466203689575
      ],
      "reward_shaping": null,
      "score": null,
      "step": 10,
      "team0_centroid": [
        4.717752695083618,
        -1.8680475652217865
      ],
      "team0_step_reward": 0.0,
      "team1_centroid": [
        8.171577453613281,
        -0.19109928607940674
      ],
      "team1_step_reward": 0.0,
      "winner": null
    }
  ],
  "steps": 12,
  "tail_trace": [
    {
      "ball_pos": [
        0.48692846298217773,
        -2.0246052742004395
      ],
      "reward_shaping": null,
      "score": null,
      "step": 0,
      "team0_centroid": [
        -6.35381007194519,
        -0.048051536083221436
      ],
      "team0_step_reward": 0.0,
      "team1_centroid": [
        7.6720170974731445,
        -0.1381239891052246
      ],
      "team1_step_reward": 0.0,
      "winner": null
    },
    {
      "ball_pos": [
        0.48692846298217773,
        -2.0246052742004395
      ],
      "reward_shaping": null,
      "score": null,
      "step": 1,
      "team0_centroid": [
        -5.785038709640503,
        -0.11148592829704285
      ],
      "team0_step_reward": 0.0,
      "team1_centroid": [
        7.673446178436279,
        -0.23371046781539917
      ],
      "team1_step_reward": 0.0,
      "winner": null
    },
    {
      "ball_pos": [
        0.48692846298217773,
        -2.0246052742004395
      ],
      "reward_shaping": null,
      "score": null,
      "step": 2,
      "team0_centroid": [
        -5.23960816860199,
        -0.28669336438179016
      ],
      "team0_step_reward": 0.0,
      "team1_centroid": [
        7.719891786575317,
        -0.23825609683990479
      ],
      "team1_step_reward": 0.0,
      "winner": null
    },
    {
      "ball_pos": [
        0.48692846298217773,
        -2.0246052742004395
      ],
      "reward_shaping": null,
      "score": null,
      "step": 3,
      "team0_centroid": [
        -4.885338544845581,
        -0.641986608505249
      ],
      "team0_step_reward": 0.0,
      "team1_centroid": [
        7.761355400085449,
        -0.3174753785133362
      ],
      "team1_step_reward": 0.0,
      "winner": null
    },
    {
      "ball_pos": [
        0.48692846298217773,
        -2.0246052742004395
      ],
      "reward_shaping": null,
      "score": null,
      "step": 4,
      "team0_centroid": [
        -4.630073070526123,
        -0.8812110759317875
      ],
      "team0_step_reward": 0.0,
      "team1_centroid": [
        7.83186149597168,
        -0.4135253429412842
      ],
      "team1_step_reward": 0.0,
      "winner": null
    },
    {
      "ball_pos": [
        0.48692846298217773,
        -2.0246052742004395
      ],
      "reward_shaping": null,
      "score": null,
      "step": 5,
      "team0_centroid": [
        -3.929972529411316,
        -1.0886165834963322
      ],
      "team0_step_reward": 0.0,
      "team1_centroid": [
        7.912734508514404,
        -0.339055597782135
      ],
      "team1_step_reward": 0.0,
      "winner": null
    },
    {
      "ball_pos": [
        0.48692846298217773,
        -2.0246052742004395
      ],
      "reward_shaping": null,
      "score": null,
      "step": 6,
      "team0_centroid": [
        -2.6276527047157288,
        -1.373162865638733
      ],
      "team0_step_reward": 0.0,
      "team1_centroid": [
        7.981881856918335,
        -0.27941805124282837
      ],
      "team1_step_reward": 0.0,
      "winner": null
    },
    {
      "ball_pos": [
        2.9227006435394287,
        -1.3198320865631104
      ],
      "reward_shaping": null,
      "score": null,
      "step": 7,
      "team0_centroid": [
        -0.9707106351852417,
        -1.7007497549057007
      ],
      "team0_step_reward": 0.0,
      "team1_centroid": [
        8.062474727630615,
        -0.2829941511154175
      ],
      "team1_step_reward": 0.0,
      "winner": null
    },
    {
      "ball_pos": [
        6.845601558685303,
        0.11122110486030579
      ],
      "reward_shaping": null,
      "score": null,
      "step": 8,
      "team0_centroid": [
        0.9691410660743713,
        -1.9610687494277954
      ],
      "team0_step_reward": 0.0,
      "team1_centroid": [
        8.123119592666626,
        -0.23026728630065918
      ],
      "team1_step_reward": 0.0,
      "winner": null
    },
    {
      "ball_pos": [
        10.345490455627441,
        1.3880857229232788
      ],
      "reward_shaping": null,
      "score": null,
      "step": 9,
      "team0_centroid": [
        2.9214245676994324,
        -1.9703105092048645
      ],
      "team0_step_reward": 0.0,
      "team1_centroid": [
        8.136539101600647,
        -0.16729581356048584
      ],
      "team1_step_reward": 0.0,
      "winner": null
    },
    {
      "ball_pos": [
        13.46304988861084,
        2.525466203689575
      ],
      "reward_shaping": null,
      "score": null,
      "step": 10,
      "team0_centroid": [
        4.717752695083618,
        -1.8680475652217865
      ],
      "team0_step_reward": 0.0,
      "team1_centroid": [
        8.171577453613281,
        -0.19109928607940674
      ],
      "team1_step_reward": 0.0,
      "winner": null
    },
    {
      "ball_pos": [
        15.309054374694824,
        3.2906010150909424
      ],
      "reward_shaping": null,
      "score": null,
      "step": 11,
      "team0_centroid": [
        5.91621994972229,
        -1.845520168542862
      ],
      "team0_step_reward": 1.9759999513626099,
      "team1_centroid": [
        8.08385443687439,
        -0.4031747579574585
      ],
      "team1_step_reward": -2.0,
      "winner": null
    }
  ],
  "team0_module": "ceia_baseline_agent",
  "team1_module": "example_player_agent.agent_random"
}