{
  "classification": {
    "labels": [
      "win"
    ],
    "primary_label": "win"
  },
  "cumulative_team0_reward": 1.9492000341415405,
  "cumulative_team1_reward": -2.0,
  "episode_index": 169,
  "final_score": null,
  "final_team0_step_reward": 1.9492000341415405,
  "final_team1_step_reward": -2.0,
  "final_winner": null,
  "metrics": {
    "mean_ball_x": -8.474547697947575,
    "tail_mean_ball_x": -8.474547697947575,
    "team0_possession_ratio": null,
    "team0_progress_toward_goal": 0.0,
    "team0_shaping_reward_sum": 0.0,
    "team1_possession_ratio": null,
    "team1_progress_toward_goal": 0.0,
    "team1_shaping_reward_sum": 0.0
  },
  "outcome": "team0_win",
  "sampled_trace": [
    {
      "ball_pos": [
        -0.3620109558105469,
        -0.3262653350830078
      ],
      "reward_shaping": null,
      "score": null,
      "step": 0,
      "team0_centroid": [
        8.043545246124268,
        -0.10329383611679077
      ],
      "team0_step_reward": 0.0,
      "team1_centroid": [
        -11.970703601837158,
        -0.13776320219039917
      ],
      "team1_step_reward": 0.0,
      "winner": null
    },
    {
      "ball_pos": [
        -7.575557231903076,
        4.389594078063965
      ],
      "reward_shaping": null,
      "score": null,
      "step": 10,
      "team0_centroid": [
        1.3878058195114136,
        -1.153716504573822
      ],
      "team0_step_reward": 0.0,
      "team1_centroid": [
        -13.504231929779053,
        0.37619316577911377
      ],
      "team1_step_reward": 0.0,
      "winner": null
    },
    {
      "ball_pos": [
        -14.4227876663208,
        4.765183925628662
      ],
      "reward_shaping": null,
      "score": null,
      "step": 20,
      "team0_centroid": [
        4.800491571426392,
        1.4246312975883484
      ],
      "team0_step_reward": 0.0,
      "team1_centroid": [
        -12.80198335647583,
        -1.2703249007463455
      ],
      "team1_step_reward": 0.0,
      "winner": null
    }
  ],
  "steps": 26,
  "tail_trace": [
    {
      "ball_pos": [
        -0.3620109558105469,
        -0.3262653350830078
      ],
      "reward_shaping": null,
      "score": null,
      "step": 0,
      "team0_centroid": [
        8.043545246124268,
        -0.10329383611679077
      ],
      "team0_step_reward": 0.0,
      "team1_centroid": [
        -11.970703601837158,
        -0.13776320219039917
      ],
      "team1_step_reward": 0.0,
      "winner": null
    },
    {
      "ball_pos": [
        -0.3620109558105469,
        -0.3262653350830078
      ],
      "reward_shaping": null,
      "score": null,
      "step": 1,
      "team0_centroid": [
        7.457106113433838,
        -0.35761594772338867
      ],
      "team0_step_reward": 0.0,
      "team1_centroid": [
        -11.723723888397217,
        -0.2787608504295349
      ],
      "team1_step_reward": 0.0,
      "winner": null
    },
    {
      "ball_pos": [
        -0.3620109558105469,
        -0.3262653350830078
      ],
      "reward_shaping": null,
      "score": null,
      "step": 2,
      "team0_centroid": [
        6.6243298053741455,
        -0.5935759246349335
      ],
      "team0_step_reward": 0.0,
      "team1_centroid": [
        -11.653164386749268,
        -0.39208561182022095
      ],
      "team1_step_reward": 0.0,
      "winner": null
    },
    {
      "ball_pos": [
        -0.3620109558105469,
        -0.3262653350830078
      ],
      "reward_shaping": null,
      "score": null,
      "step": 3,
      "team0_centroid": [
        5.37408709526062,
        -0.863627016544342
      ],
      "team0_step_reward": 0.0,
      "team1_centroid": [
        -11.773457050323486,
        -0.4951475262641907
      ],
      "team1_step_reward": 0.0,
      "winner": null
    },
    {
      "ball_pos": [
        -0.3620109558105469,
        -0.3262653350830078
      ],
      "reward_shaping": null,
      "score": null,
      "step": 4,
      "team0_centroid": [
        3.9198719263076782,
        -1.1154786348342896
      ],
      "team0_step_reward": 0.0,
      "team1_centroid": [
        -11.8389573097229,
        -0.41543489694595337
      ],
      "team1_step_reward": 0.0,
      "winner": null
    },
    {
      "ball_pos": [
        -0.3620109558105469,
        -0.3262653350830078
      ],
      "reward_shaping": null,
      "score": null,
      "step": 5,
      "team0_centroid": [
        2.4826138019561768,
        -1.4230947196483612
      ],
      "team0_step_reward": 0.0,
      "team1_centroid": [
        -12.102284908294678,
        -0.12010955810546875
      ],
      "team1_step_reward": 0.0,
      "winner": null
    },
    {
      "ball_pos": [
        -0.3620109558105469,
        -0.3262653350830078
      ],
      "reward_shaping": null,
      "score": null,
      "step": 6,
      "team0_centroid": [
        1.553882360458374,
        -1.5658803880214691
      ],
      "team0_step_reward": 0.0,
      "team1_centroid": [
        -12.433501720428467,
        0.08776700496673584
      ],
      "team1_step_reward": 0.0,
      "winner": null
    },
    {
      "ball_pos": [
        -2.0449934005737305,
        0.7148206830024719
      ],
      "reward_shaping": null,
      "score": null,
      "step": 7,
      "team0_centroid": [
        1.326382152736187,
        -1.4899736642837524
      ],
      "team0_step_reward": 0.0,
      "team1_centroid": [
        -12.664907932281494,
        0.10878217220306396
      ],
      "team1_step_reward": 0.0,
      "winner": null
    },
    {
      "ball_pos": [
        -4.121138572692871,
        2.0942931175231934
      ],
      "reward_shaping": null,
      "score": null,
      "step": 8,
      "team0_centroid": [
        1.3328457176685333,
        -1.3709590137004852
      ],
      "team0_step_reward": 0.0,
      "team1_centroid": [
        -12.787613868713379,
        0.2250654697418213
      ],
      "team1_step_reward": 0.0,
      "winner": null
    },
    {
      "ball_pos": [
        -5.956958770751953,
        3.31411075592041
      ],
      "reward_shaping": null,
      "score": null,
      "step": 9,
      "team0_centroid": [
        1.3585341572761536,
        -1.2859764099121094
      ],
      "team0_step_reward": 0.0,
      "team1_centroid": [
        -13.10164499282837,
        0.3968161344528198
      ],
      "team1_step_reward": 0.0,
      "winner": null
    },
    {
      "ball_pos": [
        -7.575557231903076,
        4.389594078063965
      ],
      "reward_shaping": null,
      "score": null,
      "step": 10,
      "team0_centroid": [
        1.3878058195114136,
        -1.153716504573822
      ],
      "team0_step_reward": 0.0,
      "team1_centroid": [
        -13.504231929779053,
        0.37619316577911377
      ],
      "team1_step_reward": 0.0,
      "winner": null
    },
    {
      "ball_pos": [
        -8.997804641723633,
        5.334610939025879
      ],
      "reward_shaping": null,
      "score": null,
      "step": 11,
      "team0_centroid": [
        1.6696022748947144,
        -0.9131561517715454
      ],
      "team0_step_reward": 0.0,
      "team1_centroid": [
        -13.826613903045654,
        0.2107776403427124
      ],
      "team1_step_reward": 0.0,
      "winner": null
    },
    {
      "ball_pos": [
        -10.24256420135498,
        6.161695957183838
      ],
      "reward_shaping": null,
      "score": null,
      "step": 12,
      "team0_centroid": [
        2.3000898361206055,
        -0.5523576736450195
      ],
      "team0_step_reward": 0.0,
      "team1_centroid": [
        -14.007434368133545,
        0.056868910789489746
      ],
      "team1_step_reward": 0.0,
      "winner": null
    },
    {
      "ball_pos": [
        -11.32689094543457,
        6.882180213928223
      ],
      "reward_shaping": null,
      "score": null,
      "step": 13,
      "team0_centroid": [
        3.1576156616210938,
        -0.05782163143157959
      ],
      "team0_step_reward": 0.0,