{
  "classification": {
    "labels": [
      "win"
    ],
    "primary_label": "win"
  },
  "cumulative_team0_reward": 1.9592000246047974,
  "cumulative_team1_reward": -2.0,
  "episode_index": 5,
  "final_score": null,
  "final_team0_step_reward": 1.9592000246047974,
  "final_team1_step_reward": -2.0,
  "final_winner": null,
  "metrics": {
    "mean_ball_x": -10.32845478682291,
    "tail_mean_ball_x": -10.32845478682291,
    "team0_possession_ratio": null,
    "team0_progress_toward_goal": 0.0,
    "team0_shaping_reward_sum": 0.0,
    "team1_possession_ratio": null,
    "team1_progress_toward_goal": 0.0,
    "team1_shaping_reward_sum": 0.0
  },
  "outcome": "team0_win",
  "sampled_trace": [
    {
      "ball_pos": [
        -0.7668938040733337,
        0.004469355568289757
      ],
      "reward_shaping": null,
      "score": null,
      "step": 0,
      "team0_centroid": [
        5.606388688087463,
        0.05598574876785278
      ],
      "team0_step_reward": 0.0,
      "team1_centroid": [
        -7.517797946929932,
        -0.06902062892913818
      ],
      "team1_step_reward": 0.0,
      "winner": null
    },
    {
      "ball_pos": [
        -12.586289405822754,
        4.537893295288086
      ],
      "reward_shaping": null,
      "score": null,
      "step": 10,
      "team0_centroid": [
        -4.693430781364441,
        4.4775320291519165
      ],
      "team0_step_reward": 0.0,
      "team1_centroid": [
        -9.650036334991455,
        -0.24110904335975647
      ],
      "team1_step_reward": 0.0,
      "winner": null
    },
    {
      "ball_pos": [
        -15.129931449890137,
        1.5973265171051025
      ],
      "reward_shaping": null,
      "score": null,
      "step": 20,
      "team0_centroid": [
        -5.844443678855896,
        4.678688049316406
      ],
      "team0_step_reward": 1.9592000246047974,
      "team1_centroid": [
        -10.39028549194336,
        -0.3793480396270752
      ],
      "team1_step_reward": -2.0,
      "winner": null
    }
  ],
  "steps": 21,
  "tail_trace": [
    {
      "ball_pos": [
        -0.7668938040733337,
        0.004469355568289757
      ],
      "reward_shaping": null,
      "score": null,
      "step": 0,
      "team0_centroid": [
        5.606388688087463,
        0.05598574876785278
      ],
      "team0_step_reward": 0.0,
      "team1_centroid": [
        -7.517797946929932,
        -0.06902062892913818
      ],
      "team1_step_reward": 0.0,
      "winner": null
    },
    {
      "ball_pos": [
        -0.7668935060501099,
        0.0044692805968225
      ],
      "reward_shaping": null,
      "score": null,
      "step": 1,
      "team0_centroid": [
        4.4549641609191895,
        0.2428414225578308
      ],
      "team0_step_reward": 0.0,
      "team1_centroid": [
        -7.7320661544799805,
        -0.3203284740447998
      ],
      "team1_step_reward": 0.0,
      "winner": null
    },
    {
      "ball_pos": [
        -0.7668935060501099,
        0.0044692642986774445
      ],
      "reward_shaping": null,
      "score": null,
      "step": 2,
      "team0_centroid": [
        2.81260684132576,
        0.449654221534729
      ],
      "team0_step_reward": 0.0,
      "team1_centroid": [
        -8.001846075057983,
        -0.583803653717041
      ],
      "team1_step_reward": 0.0,
      "winner": null
    },
    {
      "ball_pos": [
        -2.871152639389038,
        1.3796288967132568
      ],
      "reward_shaping": null,
      "score": null,
      "step": 3,
      "team0_centroid": [
        1.3955391347408295,
        0.6741036660969257
      ],
      "team0_step_reward": 0.0,
      "team1_centroid": [
        -8.193647384643555,
        -0.6176406145095825
      ],
      "team1_step_reward": 0.0,
      "winner": null
    },
    {
      "ball_pos": [
        -5.290532112121582,
        3.2284719944000244
      ],
      "reward_shaping": null,
      "score": null,
      "step": 4,
      "team0_centroid": [
        0.15654480457305908,
        0.9876239001750946
      ],
      "team0_step_reward": 0.0,
      "team1_centroid": [
        -8.319558143615723,
        -0.706164687871933
      ],
      "team1_step_reward": 0.0,
      "winner": null
    },
    {
      "ball_pos": [
        -7.438480854034424,
        4.869935035705566
      ],
      "reward_shaping": null,
      "score": null,
      "step": 5,
      "team0_centroid": [
        -1.1385023146867752,
        1.2467684745788574
      ],
      "team0_step_reward": 0.0,
      "team1_centroid": [
        -8.436795711517334,
        -0.8486318588256836
      ],
      "team1_step_reward": 0.0,
      "winner": null
    },
    {
      "ball_pos": [
        -9.341097831726074,
        6.323916435241699
      ],
      "reward_shaping": null,
      "score": null,
      "step": 6,
      "team0_centroid": [
        -2.1938312649726868,
        1.5698543190956116
      ],
      "team0_step_reward": 0.0,
      "team1_centroid": [
        -8.574188470840454,
        -0.879099041223526
      ],
      "team1_step_reward": 0.0,
      "winner": null
    },
    {
      "ball_pos": [
        -10.707795143127441,
        6.712309837341309
      ],
      "reward_shaping": null,
      "score": null,
      "step": 7,
      "team0_centroid": [
        -2.909510612487793,
        2.0248836278915405
      ],
      "team0_step_reward": 0.0,
      "team1_centroid": [
        -8.7014901638031,
        -0.7124103158712387
      ],
      "team1_step_reward": 0.0,
      "winner": null
    },
    {
      "ball_pos": [
        -11.431536674499512,
        5.872861385345459
      ],
      "reward_shaping": null,
      "score": null,
      "step": 8,
      "team0_centroid": [
        -3.629209041595459,
        2.66387939453125
      ],
      "team0_step_reward": 0.0,
      "team1_centroid": [
        -9.019384860992432,
        -0.5769541263580322
      ],
      "team1_step_reward": 0.0,
      "winner": null
    },
    {
      "ball_pos": [
        -12.054892539978027,
        5.152212619781494
      ],
      "reward_shaping": null,
      "score": null,
      "step": 9,
      "team0_centroid": [
        -4.235854864120483,
        3.577404737472534
      ],
      "team0_step_reward": 0.0,
      "team1_centroid": [
        -9.390825271606445,
        -0.3712226450443268
      ],
      "team1_step_reward": 0.0,
      "winner": null
    },
    {
      "ball_pos": [
        -12.586289405822754,
        4.537893295288086
      ],
      "reward_shaping": null,
      "score": null,
      "step": 10,
      "team0_centroid": [
        -4.693430781364441,
        4.4775320291519165
      ],
      "team0_step_reward": 0.0,
      "team1_centroid": [
        -9.650036334991455,
        -0.24110904335975647
      ],
      "team1_step_reward": 0.0,
      "winner": null
    },
    {
      "ball_pos": [
        -13.034552574157715,
        4.019680023193359
      ],
      "reward_shaping": null,
      "score": null,
      "step": 11,
      "team0_centroid": [
        -5.064480543136597,
        5.231621980667114
      ],
      "team0_step_reward": 0.0,
      "team1_centroid": [
        -9.796549081802368,
        -0.20810776948928833
      ],
      "team1_step_reward": 0.0,
      "winner": null
    },
    {
      "ball_pos": [
        -13.407670021057129,
        3.588339328765869
      ],
      "reward_shaping": null,
      "score": null,
      "step": 12,
      "team0_centroid": [
        -5.305862307548523,
        5.804544448852539
      ],
      "team0_step_reward": 0.0,
      "team1_centroid": [
        -10.077013492584229,
        -0.15833759307861328
      ],
      "team1_step_reward": 0.0,
      "winner": null
    },
    {
      "ball_pos": [
        -13.729236602783203,
        3.2165932655334473
      ],
      "reward_shaping": null,
      "score": null,
      "step": 13,
      "team0_centroid": [
        -5.256458759307861,
        5.993091344833374
      ],
      "team0_step_reward": 0.0,