{
  "classification": {
    "labels": [
      "win"
    ],
    "primary_label": "win"
  },
  "cumulative_team0_reward": 1.9575999975204468,
  "cumulative_team1_reward": -2.0,
  "episode_index": 118,
  "final_score": null,
  "final_team0_step_reward": 1.9575999975204468,
  "final_team1_step_reward": -2.0,
  "final_winner": null,
  "metrics": {
    "mean_ball_x": 8.497334417842684,
    "tail_mean_ball_x": 8.497334417842684,
    "team0_possession_ratio": null,
    "team0_progress_toward_goal": 0.0,
    "team0_shaping_reward_sum": 0.0,
    "team1_possession_ratio": null,
    "team1_progress_toward_goal": 0.0,
    "team1_shaping_reward_sum": 0.0
  },
  "outcome": "team0_win",
  "sampled_trace": [
    {
      "ball_pos": [
        0.31048983335494995,
        -1.4537220001220703
      ],
      "reward_shaping": null,
      "score": null,
      "step": 0,
      "team0_centroid": [
        -4.154336214065552,
        -0.05196940898895264
      ],
      "team0_step_reward": 0.0,
      "team1_centroid": [
        10.147314310073853,
        0.13621878623962402
      ],
      "team1_step_reward": 0.0,
      "winner": null
    },
    {
      "ball_pos": [
        10.138945579528809,
        -3.176260471343994
      ],
      "reward_shaping": null,
      "score": null,
      "step": 10,
      "team0_centroid": [
        1.8762009143829346,
        -0.27710479497909546
      ],
      "team0_step_reward": 0.0,
      "team1_centroid": [
        10.383632183074951,
        0.34247922897338867
      ],
      "team1_step_reward": 0.0,
      "winner": null
    },
    {
      "ball_pos": [
        14.814836502075195,
        -3.9992527961730957
      ],
      "reward_shaping": null,
      "score": null,
      "step": 20,
      "team0_centroid": [
        7.697192192077637,
        -2.434818387031555
      ],
      "team0_step_reward": 1.9575999975204468,
      "team1_centroid": [
        7.5350446701049805,
        -0.3379276394844055
      ],
      "team1_step_reward": -2.0,
      "winner": null
    }
  ],
  "steps": 21,
  "tail_trace": [
    {
      "ball_pos": [
        0.31048983335494995,
        -1.4537220001220703
      ],
      "reward_shaping": null,
      "score": null,
      "step": 0,
      "team0_centroid": [
        -4.154336214065552,
        -0.05196940898895264
      ],
      "team0_step_reward": 0.0,
      "team1_centroid": [
        10.147314310073853,
        0.13621878623962402
      ],
      "team1_step_reward": 0.0,
      "winner": null
    },
    {
      "ball_pos": [
        0.31048983335494995,
        -1.4537220001220703
      ],
      "reward_shaping": null,
      "score": null,
      "step": 1,
      "team0_centroid": [
        -3.90567684173584,
        -0.2597162425518036
      ],
      "team0_step_reward": 0.0,
      "team1_centroid": [
        10.674465894699097,
        0.24171030521392822
      ],
      "team1_step_reward": 0.0,
      "winner": null
    },
    {
      "ball_pos": [
        0.31048983335494995,
        -1.4537220001220703
      ],
      "reward_shaping": null,
      "score": null,
      "step": 2,
      "team0_centroid": [
        -3.3045653104782104,
        -0.46459800004959106
      ],
      "team0_step_reward": 0.0,
      "team1_centroid": [
        11.366753101348877,
        0.41474395990371704
      ],
      "team1_step_reward": 0.0,
      "winner": null
    },
    {
      "ball_pos": [
        0.31048983335494995,
        -1.4537220001220703
      ],
      "reward_shaping": null,
      "score": null,
      "step": 3,
      "team0_centroid": [
        -2.6964407861232758,
        -0.43559132516384125
      ],
      "team0_step_reward": 0.0,
      "team1_centroid": [
        11.57941722869873,
        0.517713725566864
      ],
      "team1_step_reward": 0.0,
      "winner": null
    },
    {
      "ball_pos": [
        1.7822331190109253,
        -1.68766188621521
      ],
      "reward_shaping": null,
      "score": null,
      "step": 4,
      "team0_centroid": [
        -2.3091510385274887,
        -0.3253711760044098
      ],
      "team0_step_reward": 0.0,
      "team1_centroid": [
        11.546972274780273,
        0.6043151319026947
      ],
      "team1_step_reward": 0.0,
      "winner": null
    },
    {
      "ball_pos": [
        3.6835598945617676,
        -2.026315689086914
      ],
      "reward_shaping": null,
      "score": null,
      "step": 5,
      "team0_centroid": [
        -1.8217744082212448,
        -0.21816596388816833
      ],
      "team0_step_reward": 0.0,
      "team1_centroid": [
        11.575788974761963,
        0.6918531656265259
      ],
      "team1_step_reward": 0.0,
      "winner": null
    },
    {
      "ball_pos": [
        5.3539299964904785,
        -2.323870897293091
      ],
      "reward_shaping": null,
      "score": null,
      "step": 6,
      "team0_centroid": [
        -1.3194143772125244,
        -0.17072546482086182
      ],
      "team0_step_reward": 0.0,
      "team1_centroid": [
        11.578089714050293,
        0.7482789754867554
      ],
      "team1_step_reward": 0.0,
      "winner": null
    },
    {
      "ball_pos": [
        6.8155412673950195,
        -2.5842385292053223
      ],
      "reward_shaping": null,
      "score": null,
      "step": 7,
      "team0_centroid": [
        -0.9647548198699951,
        -0.17427849769592285
      ],
      "team0_step_reward": 0.0,
      "team1_centroid": [
        11.586460590362549,
        0.7821060121059418
      ],
      "team1_step_reward": 0.0,
      "winner": null
    },
    {
      "ball_pos": [
        8.088451385498047,
        -2.8109912872314453
      ],
      "reward_shaping": null,
      "score": null,
      "step": 8,
      "team0_centroid": [
        -0.22103309631347656,
        -0.10286563634872437
      ],
      "team0_step_reward": 0.0,
      "team1_centroid": [
        11.318487167358398,
        0.7360429167747498
      ],
      "team1_step_reward": 0.0,
      "winner": null
    },
    {
      "ball_pos": [
        9.190790176391602,
        -3.0073587894439697
      ],
      "reward_shaping": null,
      "score": null,
      "step": 9,
      "team0_centroid": [
        0.8925518989562988,
        -0.08888000249862671
      ],
      "team0_step_reward": 0.0,
      "team1_centroid": [
        10.916162967681885,
        0.5144968628883362
      ],
      "team1_step_reward": 0.0,
      "winner": null
    },
    {
      "ball_pos": [
        10.138945579528809,
        -3.176260471343994
      ],
      "reward_shaping": null,
      "score": null,
      "step": 10,
      "team0_centroid": [
        1.8762009143829346,
        -0.27710479497909546
      ],
      "team0_step_reward": 0.0,
      "team1_centroid": [
        10.383632183074951,
        0.34247922897338867
      ],
      "team1_step_reward": 0.0,
      "winner": null
    },
    {
      "ball_pos": [
        10.947731018066406,
        -3.3203353881835938
      ],
      "reward_shaping": null,
      "score": null,
      "step": 11,
      "team0_centroid": [
        2.840147018432617,
        -0.3339608311653137
      ],
      "team0_step_reward": 0.0,
      "team1_centroid": [
        9.838608264923096,
        0.20442485809326172
      ],
      "team1_step_reward": 0.0,
      "winner": null
    },
    {
      "ball_pos": [
        11.630537033081055,
        -3.4419684410095215
      ],
      "reward_shaping": null,
      "score": null,
      "step": 12,
      "team0_centroid": [
        3.686853289604187,
        -0.4240897297859192
      ],
      "team0_step_reward": 0.0,
      "team1_centroid": [
        9.249118328094482,
        0.16216343641281128
      ],
      "team1_step_reward": 0.0,
      "winner": null
    },
    {
      "ball_pos": [
        12.212626457214355,
        -3.5456604957580566
      ],
      "reward_shaping": null,
      "score": null,
      "step": 13,
      "team0_centroid": [
        4.292886018753052,
        -0.7211697697639465
      ],
      "team0_step_reward": 0.0,