{
  "classification": {
    "labels": [
      "win"
    ],
    "primary_label": "win"
  },
  "cumulative_team0_reward": 1.9251999855041504,
  "cumulative_team1_reward": -2.0,
  "episode_index": 434,
  "final_score": null,
  "final_team0_step_reward": 1.9251999855041504,
  "final_team1_step_reward": -2.0,
  "final_winner": null,
  "metrics": {
    "mean_ball_x": 10.509955594414158,
    "tail_mean_ball_x": 12.670416943232219,
    "team0_possession_ratio": null,
    "team0_progress_toward_goal": 0.0,
    "team0_shaping_reward_sum": 0.0,
    "team1_possession_ratio": null,
    "team1_progress_toward_goal": 0.0,
    "team1_shaping_reward_sum": 0.0
  },
  "outcome": "team0_win",
  "sampled_trace": [
    {
      "ball_pos": [
        2.4082255363464355,
        -0.9298088550567627
      ],
      "reward_shaping": null,
      "score": null,
      "step": 0,
      "team0_centroid": [
        -8.443766355514526,
        0.0008083581924438477
      ],
      "team0_step_reward": 0.0,
      "team1_centroid": [
        10.461279392242432,
        0.03657585382461548
      ],
      "team1_step_reward": 0.0,
      "winner": null
    },
    {
      "ball_pos": [
        5.7383623123168945,
        1.5634076595306396
      ],
      "reward_shaping": null,
      "score": null,
      "step": 10,
      "team0_centroid": [
        0.5939538478851318,
        -2.01309335231781
      ],
      "team0_step_reward": 0.0,
      "team1_centroid": [
        9.411509037017822,
        -0.1494055986404419
      ],
      "team1_step_reward": 0.0,
      "winner": null
    },
    {
      "ball_pos": [
        14.14469051361084,
        4.490492820739746
      ],
      "reward_shaping": null,
      "score": null,
      "step": 20,
      "team0_centroid": [
        4.075250148773193,
        -0.4203425943851471
      ],
      "team0_step_reward": 0.0,
      "team1_centroid": [
        10.385634899139404,
        -0.20151394605636597
      ],
      "team1_step_reward": 0.0,
      "winner": null
    },
    {
      "ball_pos": [
        14.59661865234375,
        2.4334545135498047
      ],
      "reward_shaping": null,
      "score": null,
      "step": 30,
      "team0_centroid": [
        8.026989221572876,
        -0.181709885597229
      ],
      "team0_step_reward": 0.0,
      "team1_centroid": [
        10.586690902709961,
        0.30487388372421265
      ],
      "team1_step_reward": 0.0,
      "winner": null
    }
  ],
  "steps": 38,
  "tail_trace": [
    {
      "ball_pos": [
        2.4082255363464355,
        -0.9298088550567627
      ],
      "reward_shaping": null,
      "score": null,
      "step": 8,
      "team0_centroid": [
        -1.3300578594207764,
        -1.3999555706977844
      ],
      "team0_step_reward": 0.0,
      "team1_centroid": [
        9.272560596466064,
        0.26515433192253113
      ],
      "team1_step_reward": 0.0,
      "winner": null
    },
    {
      "ball_pos": [
        3.683696746826172,
        -0.08792340755462646
      ],
      "reward_shaping": null,
      "score": null,
      "step": 9,
      "team0_centroid": [
        -0.3374990224838257,
        -1.738231897354126
      ],
      "team0_step_reward": 0.0,
      "team1_centroid": [
        9.214614391326904,
        0.10898935794830322
      ],
      "team1_step_reward": 0.0,
      "winner": null
    },
    {
      "ball_pos": [
        5.7383623123168945,
        1.5634076595306396
      ],
      "reward_shaping": null,
      "score": null,
      "step": 10,
      "team0_centroid": [
        0.5939538478851318,
        -2.01309335231781
      ],
      "team0_step_reward": 0.0,
      "team1_centroid": [
        9.411509037017822,
        -0.1494055986404419
      ],
      "team1_step_reward": 0.0,
      "winner": null
    },
    {
      "ball_pos": [
        7.557376861572266,
        3.025392532348633
      ],
      "reward_shaping": null,
      "score": null,
      "step": 11,
      "team0_centroid": [
        1.3890395164489746,
        -2.032490849494934
      ],
      "team0_step_reward": 0.0,
      "team1_centroid": [
        9.70170259475708,
        -0.21911674737930298
      ],
      "team1_step_reward": 0.0,
      "winner": null
    },
    {
      "ball_pos": [
        9.16340446472168,
        4.316194534301758
      ],
      "reward_shaping": null,
      "score": null,
      "step": 12,
      "team0_centroid": [
        1.9034434854984283,
        -1.8924037218093872
      ],
      "team0_step_reward": 0.0,
      "team1_centroid": [
        9.927881240844727,
        -0.16938626766204834
      ],
      "team1_step_reward": 0.0,
      "winner": null
    },
    {
      "ball_pos": [
        10.57690715789795,
        5.452261447906494
      ],
      "reward_shaping": null,
      "score": null,
      "step": 13,
      "team0_centroid": [
        2.2039193622767925,
        -1.6210517287254333
      ],
      "team0_step_reward": 0.0,
      "team1_centroid": [
        10.11115026473999,
        -0.20547866821289062
      ],
      "team1_step_reward": 0.0,
      "winner": null
    },
    {
      "ball_pos": [
        11.816385269165039,
        6.448459148406982
      ],
      "reward_shaping": null,
      "score": null,
      "step": 14,
      "team0_centroid": [
        2.351711094379425,
        -1.2158046066761017
      ],
      "team0_step_reward": 0.0,
      "team1_centroid": [
        10.26057767868042,
        -0.27496135234832764
      ],
      "team1_step_reward": 0.0,
      "winner": null
    },
    {
      "ball_pos": [
        12.784106254577637,
        6.709238529205322
      ],
      "reward_shaping": null,
      "score": null,
      "step": 15,
      "team0_centroid": [
        2.4906918108463287,
        -0.8468283712863922
      ],
      "team0_step_reward": 0.0,
      "team1_centroid": [
        10.35349178314209,
        -0.3207583427429199
      ],
      "team1_step_reward": 0.0,
      "winner": null
    },
    {
      "ball_pos": [
        13.423965454101562,
        6.157461643218994
      ],
      "reward_shaping": null,
      "score": null,
      "step": 16,
      "team0_centroid": [
        2.6553487181663513,
        -0.6522224247455597
      ],
      "team0_step_reward": 0.0,
      "team1_centroid": [
        10.379193305969238,
        -0.33956778049468994
      ],
      "team1_step_reward": 0.0,
      "winner": null
    },
    {
      "ball_pos": [
        13.8866605758667,
        5.666909217834473
      ],
      "reward_shaping": null,
      "score": null,
      "step": 17,
      "team0_centroid": [
        2.849681407213211,
        -0.5454194098711014
      ],
      "team0_step_reward": 0.0,
      "team1_centroid": [
        10.396568298339844,
        -0.3517507314682007
      ],
      "team1_step_reward": 0.0,
      "winner": null
    },
    {
      "ball_pos": [
        13.985160827636719,
        5.2166242599487305
      ],
      "reward_shaping": null,
      "score": null,
      "step": 18,
      "team0_centroid": [
        3.0403409600257874,
        -0.5377522632479668
      ],
      "team0_step_reward": 0.0,
      "team1_centroid": [
        10.39464807510376,
        -0.35529065132141113
      ],
      "team1_step_reward": 0.0,
      "winner": null
    },
    {
      "ball_pos": [
        14.068979263305664,
        4.83510684967041
      ],
      "reward_shaping": null,
      "score": null,
      "step": 19,
      "team0_centroid": [
        3.4185383319854736,
        -0.5024574398994446
      ],
      "team0_step_reward": 0.0,
      "team1_centroid": [
        10.37385606765747,
        -0.35413575172424316
      ],
      "team1_step_reward": 0.0,
      "winner": null
    },
    {
      "ball_pos": [
        14.14469051361084,
        4.490492820739746
      ],
      "reward_shaping": null,
      "score": null,
      "step": 20,
      "team0_centroid": [
        4.075250148773193,
        -0.4203425943851471
      ],
      "team0_step_reward": 0.0,