{
  "classification": {
    "labels": [
      "win"
    ],
    "primary_label": "win"
  },
  "cumulative_team0_reward": 1.9287999868392944,
  "cumulative_team1_reward": -2.0,
  "episode_index": 415,
  "final_score": null,
  "final_team0_step_reward": 1.9287999868392944,
  "final_team1_step_reward": -2.0,
  "final_winner": null,
  "metrics": {
    "mean_ball_x": -9.747659040821922,
    "tail_mean_ball_x": -11.267712394396463,
    "team0_possession_ratio": null,
    "team0_progress_toward_goal": 0.0,
    "team0_shaping_reward_sum": 0.0,
    "team1_possession_ratio": null,
    "team1_progress_toward_goal": 0.0,
    "team1_shaping_reward_sum": 0.0
  },
  "outcome": "team0_win",
  "sampled_trace": [
    {
      "ball_pos": [
        -2.1473922729492188,
        2.126368999481201
      ],
      "reward_shaping": null,
      "score": null,
      "step": 0,
      "team0_centroid": [
        12.107379913330078,
        0.06067436933517456
      ],
      "team0_step_reward": 0.0,
      "team1_centroid": [
        -7.834038734436035,
        0.0011259913444519043
      ],
      "team1_step_reward": 0.0,
      "winner": null
    },
    {
      "ball_pos": [
        -4.894460678100586,
        -0.19183945655822754
      ],
      "reward_shaping": null,
      "score": null,
      "step": 10,
      "team0_centroid": [
        4.818989872932434,
        0.75326007604599
      ],
      "team0_step_reward": 0.0,
      "team1_centroid": [
        -9.139415264129639,
        0.4708096981048584
      ],
      "team1_step_reward": 0.0,
      "winner": null
    },
    {
      "ball_pos": [
        -13.396950721740723,
        -6.080298900604248
      ],
      "reward_shaping": null,
      "score": null,
      "step": 20,
      "team0_centroid": [
        5.9698569774627686,
        2.1296820044517517
      ],
      "team0_step_reward": 0.0,
      "team1_centroid": [
        -11.14026403427124,
        1.065226972103119
      ],
      "team1_step_reward": 0.0,
      "winner": null
    },
    {
      "ball_pos": [
        -14.672163963317871,
        -4.333443641662598
      ],
      "reward_shaping": null,
      "score": null,
      "step": 30,
      "team0_centroid": [
        6.745350122451782,
        1.3107502460479736
      ],
      "team0_step_reward": 0.0,
      "team1_centroid": [
        -10.118025779724121,
        1.199297547340393
      ],
      "team1_step_reward": 0.0,
      "winner": null
    }
  ],
  "steps": 36,
  "tail_trace": [
    {
      "ball_pos": [
        -2.1473922729492188,
        2.126368999481201
      ],
      "reward_shaping": null,
      "score": null,
      "step": 6,
      "team0_centroid": [
        8.26190185546875,
        0.4034264087677002
      ],
      "team0_step_reward": 0.0,
      "team1_centroid": [
        -8.576533079147339,
        -0.5226882696151733
      ],
      "team1_step_reward": 0.0,
      "winner": null
    },
    {
      "ball_pos": [
        -2.1473922729492188,
        2.126368999481201
      ],
      "reward_shaping": null,
      "score": null,
      "step": 7,
      "team0_centroid": [
        7.039442360401154,
        0.5079734921455383
      ],
      "team0_step_reward": 0.0,
      "team1_centroid": [
        -8.420521020889282,
        -0.44323277473449707
      ],
      "team1_step_reward": 0.0,
      "winner": null
    },
    {
      "ball_pos": [
        -2.1473922729492188,
        2.126368999481201
      ],
      "reward_shaping": null,
      "score": null,
      "step": 8,
      "team0_centroid": [
        5.9273640513420105,
        0.46945518255233765
      ],
      "team0_step_reward": 0.0,
      "team1_centroid": [
        -8.56812071800232,
        -0.2053924798965454
      ],
      "team1_step_reward": 0.0,
      "winner": null
    },
    {
      "ball_pos": [
        -3.183978319168091,
        1.3470978736877441
      ],
      "reward_shaping": null,
      "score": null,
      "step": 9,
      "team0_centroid": [
        5.192712843418121,
        0.512658417224884
      ],
      "team0_step_reward": 0.0,
      "team1_centroid": [
        -8.882426023483276,
        0.04340505599975586
      ],
      "team1_step_reward": 0.0,
      "winner": null
    },
    {
      "ball_pos": [
        -4.894460678100586,
        -0.19183945655822754
      ],
      "reward_shaping": null,
      "score": null,
      "step": 10,
      "team0_centroid": [
        4.818989872932434,
        0.75326007604599
      ],
      "team0_step_reward": 0.0,
      "team1_centroid": [
        -9.139415264129639,
        0.4708096981048584
      ],
      "team1_step_reward": 0.0,
      "winner": null
    },
    {
      "ball_pos": [
        -6.404127597808838,
        -1.550148606300354
      ],
      "reward_shaping": null,
      "score": null,
      "step": 11,
      "team0_centroid": [
        4.868518233299255,
        0.9052703976631165
      ],
      "team0_step_reward": 0.0,
      "team1_centroid": [
        -9.413477897644043,
        0.9433301687240601
      ],
      "team1_step_reward": 0.0,
      "winner": null
    },
    {
      "ball_pos": [
        -7.732297897338867,
        -2.7451579570770264
      ],
      "reward_shaping": null,
      "score": null,
      "step": 12,
      "team0_centroid": [
        5.35339480638504,
        0.9143589735031128
      ],
      "team0_step_reward": 0.0,
      "team1_centroid": [
        -9.62223196029663,
        1.2116332650184631
      ],
      "team1_step_reward": 0.0,
      "winner": null
    },
    {
      "ball_pos": [
        -8.89640998840332,
        -3.7925567626953125
      ],
      "reward_shaping": null,
      "score": null,
      "step": 13,
      "team0_centroid": [
        5.685336709022522,
        0.9923551082611084
      ],
      "team0_step_reward": 0.0,
      "team1_centroid": [
        -9.758673191070557,
        1.2420833110809326
      ],
      "team1_step_reward": 0.0,
      "winner": null
    },
    {
      "ball_pos": [
        -9.912225723266602,
        -4.706527233123779
      ],
      "reward_shaping": null,
      "score": null,
      "step": 14,
      "team0_centroid": [
        5.616246461868286,
        1.1531169414520264
      ],
      "team0_step_reward": 0.0,
      "team1_centroid": [
        -10.079780578613281,
        1.3359374403953552
      ],
      "team1_step_reward": 0.0,
      "winner": null
    },
    {
      "ball_pos": [
        -10.79399299621582,
        -5.499889373779297
      ],
      "reward_shaping": null,
      "score": null,
      "step": 15,
      "team0_centroid": [
        5.246424078941345,
        1.3130172342061996
      ],
      "team0_step_reward": 0.0,
      "team1_centroid": [
        -10.447334289550781,
        1.6183542609214783
      ],
      "team1_step_reward": 0.0,
      "winner": null
    },
    {
      "ball_pos": [
        -11.554590225219727,
        -6.184230327606201
      ],
      "reward_shaping": null,
      "score": null,
      "step": 16,
      "team0_centroid": [
        4.92050576210022,
        1.4176814556121826
      ],
      "team0_step_reward": 0.0,
      "team1_centroid": [
        -10.71381664276123,
        1.7496526837348938
      ],
      "team1_step_reward": 0.0,
      "winner": null
    },
    {
      "ball_pos": [
        -12.205660820007324,
        -6.770025730133057
      ],
      "reward_shaping": null,
      "score": null,
      "step": 17,
      "team0_centroid": [
        4.780428171157837,
        1.4755553007125854
      ],
      "team0_step_reward": 0.0,
      "team1_centroid": [
        -10.955122470855713,
        1.752148687839508
      ],
      "team1_step_reward": 0.0,
      "winner": null
    },
    {
      "ball_pos": [
        -12.699928283691406,
        -6.595332622528076
      ],
      "reward_shaping": null,
      "score": null,
      "step": 18,
      "team0_centroid": [
        5.010406732559204,
        1.6348552107810974
      ],
      "team0_step_reward": 0.0,
      "team1_centroid": [
        -10.8826322555542,
        1.604408323764801
      ],