{
  "classification": {
    "labels": [
      "win"
    ],
    "primary_label": "win"
  },
  "cumulative_team0_reward": 1.9320000410079956,
  "cumulative_team1_reward": -2.0,
  "episode_index": 113,
  "final_score": null,
  "final_team0_step_reward": 1.9320000410079956,
  "final_team1_step_reward": -2.0,
  "final_winner": null,
  "metrics": {
    "mean_ball_x": -7.77040835601442,
    "tail_mean_ball_x": -8.793980352083842,
    "team0_possession_ratio": null,
    "team0_progress_toward_goal": 0.0,
    "team0_shaping_reward_sum": 0.0,
    "team1_possession_ratio": null,
    "team1_progress_toward_goal": 0.0,
    "team1_shaping_reward_sum": 0.0
  },
  "outcome": "team0_win",
  "sampled_trace": [
    {
      "ball_pos": [
        -0.09361838549375534,
        0.9522878527641296
      ],
      "reward_shaping": null,
      "score": null,
      "step": 0,
      "team0_centroid": [
        7.9559431076049805,
        0.028532743453979492
      ],
      "team0_step_reward": 0.0,
      "team1_centroid": [
        -8.533263683319092,
        -0.06892669200897217
      ],
      "team1_step_reward": 0.0,
      "winner": null
    },
    {
      "ball_pos": [
        -4.731917858123779,
        6.4037346839904785
      ],
      "reward_shaping": null,
      "score": null,
      "step": 10,
      "team0_centroid": [
        -0.6270173788070679,
        2.2851224234327674
      ],
      "team0_step_reward": 0.0,
      "team1_centroid": [
        -13.115777492523193,
        -0.23006176948547363
      ],
      "team1_step_reward": 0.0,
      "winner": null
    },
    {
      "ball_pos": [
        -10.417997360229492,
        3.3854851722717285
      ],
      "reward_shaping": null,
      "score": null,
      "step": 20,
      "team0_centroid": [
        -1.9608402252197266,
        3.17626029253006
      ],
      "team0_step_reward": 0.0,
      "team1_centroid": [
        -11.018537044525146,
        -1.6940628290176392
      ],
      "team1_step_reward": 0.0,
      "winner": null
    },
    {
      "ball_pos": [
        -11.955765724182129,
        1.729783535003662
      ],
      "reward_shaping": null,
      "score": null,
      "step": 30,
      "team0_centroid": [
        -2.0511393547058105,
        2.9606860876083374
      ],
      "team0_step_reward": 0.0,
      "team1_centroid": [
        -9.997849464416504,
        -2.330763101577759
      ],
      "team1_step_reward": 0.0,
      "winner": null
    }
  ],
  "steps": 34,
  "tail_trace": [
    {
      "ball_pos": [
        -1.2102861404418945,
        2.656609535217285
      ],
      "reward_shaping": null,
      "score": null,
      "step": 4,
      "team0_centroid": [
        4.633722901344299,
        0.6025456935167313
      ],
      "team0_step_reward": 0.0,
      "team1_centroid": [
        -11.87520170211792,
        -0.07974821329116821
      ],
      "team1_step_reward": 0.0,
      "winner": null
    },
    {
      "ball_pos": [
        -2.1824281215667725,
        4.667639255523682
      ],
      "reward_shaping": null,
      "score": null,
      "step": 5,
      "team0_centroid": [
        3.557206392288208,
        0.8229921832680702
      ],
      "team0_step_reward": 0.0,
      "team1_centroid": [
        -12.57967233657837,
        0.11417615413665771
      ],
      "team1_step_reward": 0.0,
      "winner": null
    },
    {
      "ball_pos": [
        -3.0398213863372803,
        6.441309928894043
      ],
      "reward_shaping": null,
      "score": null,
      "step": 6,
      "team0_centroid": [
        2.4465172290802,
        1.1513371616601944
      ],
      "team0_step_reward": 0.0,
      "team1_centroid": [
        -13.002772331237793,
        0.09369444847106934
      ],
      "team1_step_reward": 0.0,
      "winner": null
    },
    {
      "ball_pos": [
        -3.63293194770813,
        6.350582122802734
      ],
      "reward_shaping": null,
      "score": null,
      "step": 7,
      "team0_centroid": [
        1.3044558763504028,
        1.5177397206425667
      ],
      "team0_step_reward": 0.0,
      "team1_centroid": [
        -13.105041027069092,
        0.007981061935424805
      ],
      "team1_step_reward": 0.0,
      "winner": null
    },
    {
      "ball_pos": [
        -4.064345359802246,
        5.30403995513916
      ],
      "reward_shaping": null,
      "score": null,
      "step": 8,
      "team0_centroid": [
        0.39615440368652344,
        1.8990686759352684
      ],
      "team0_step_reward": 0.0,
      "team1_centroid": [
        -13.178465366363525,
        -0.07750475406646729
      ],
      "team1_step_reward": 0.0,
      "winner": null
    },
    {
      "ball_pos": [
        -4.450868129730225,
        5.958318710327148
      ],
      "reward_shaping": null,
      "score": null,
      "step": 9,
      "team0_centroid": [
        -0.20157599449157715,
        2.1452889759093523
      ],
      "team0_step_reward": 0.0,
      "team1_centroid": [
        -13.19277572631836,
        -0.22044587135314941
      ],
      "team1_step_reward": 0.0,
      "winner": null
    },
    {
      "ball_pos": [
        -4.731917858123779,
        6.4037346839904785
      ],
      "reward_shaping": null,
      "score": null,
      "step": 10,
      "team0_centroid": [
        -0.6270173788070679,
        2.2851224234327674
      ],
      "team0_step_reward": 0.0,
      "team1_centroid": [
        -13.115777492523193,
        -0.23006176948547363
      ],
      "team1_step_reward": 0.0,
      "winner": null
    },
    {
      "ball_pos": [
        -5.066904544830322,
        5.645188808441162
      ],
      "reward_shaping": null,
      "score": null,
      "step": 11,
      "team0_centroid": [
        -0.8973793983459473,
        2.5153360590338707
      ],
      "team0_step_reward": 0.0,
      "team1_centroid": [
        -12.725802421569824,
        -0.11033117771148682
      ],
      "team1_step_reward": 0.0,
      "winner": null
    },
    {
      "ball_pos": [
        -6.734506130218506,
        6.820120334625244
      ],
      "reward_shaping": null,
      "score": null,
      "step": 12,
      "team0_centroid": [
        -1.307058036327362,
        2.7941544502973557
      ],
      "team0_step_reward": 0.0,
      "team1_centroid": [
        -12.468367099761963,
        0.033428072929382324
      ],
      "team1_step_reward": 0.0,
      "winner": null
    },
    {
      "ball_pos": [
        -7.617428302764893,
        6.400885581970215
      ],
      "reward_shaping": null,
      "score": null,
      "step": 13,
      "team0_centroid": [
        -1.4884150624275208,
        3.119635820388794
      ],
      "team0_step_reward": 0.0,
      "team1_centroid": [
        -12.530870914459229,
        -0.09768795967102051
      ],
      "team1_step_reward": 0.0,
      "winner": null
    },
    {
      "ball_pos": [
        -8.233241081237793,
        5.737798690795898
      ],
      "reward_shaping": null,
      "score": null,
      "step": 14,
      "team0_centroid": [
        -1.4651087522506714,
        3.420963317155838
      ],
      "team0_step_reward": 0.0,
      "team1_centroid": [
        -12.534212112426758,
        -0.5830269455909729
      ],
      "team1_step_reward": 0.0,
      "winner": null
    },
    {
      "ball_pos": [
        -8.756539344787598,
        5.174365520477295
      ],
      "reward_shaping": null,
      "score": null,
      "step": 15,
      "team0_centroid": [
        -1.4637166261672974,
        3.5903360545635223
      ],
      "team0_step_reward": 0.0,
      "team1_centroid": [
        -12.366068840026855,
        -1.1190186738967896
      ],
      "team1_step_reward": 0.0,
      "winner": null
    },
    {
      "ball_pos": [
        -9.196192741394043,
        4.700993537902832
      ],
      "reward_shaping": null,
      "score": null,
      "step": 16,
      "team0_centroid": [
        -1.4830695390701294,
        3.588623881340027
      ],
      "team0_step_reward": 0.0,