{
  "classification": {
    "labels": [
      "win"
    ],
    "primary_label": "win"
  },
  "cumulative_team0_reward": 1.9611999988555908,
  "cumulative_team1_reward": -2.0,
  "episode_index": 472,
  "final_score": null,
  "final_team0_step_reward": 1.9611999988555908,
  "final_team1_step_reward": -2.0,
  "final_winner": null,
  "metrics": {
    "mean_ball_x": 8.768987071514129,
    "tail_mean_ball_x": 8.768987071514129,
    "team0_possession_ratio": null,
    "team0_progress_toward_goal": 0.0,
    "team0_shaping_reward_sum": 0.0,
    "team1_possession_ratio": null,
    "team1_progress_toward_goal": 0.0,
    "team1_shaping_reward_sum": 0.0
  },
  "outcome": "team0_win",
  "sampled_trace": [
    {
      "ball_pos": [
        0.9355859756469727,
        0.7302975058555603
      ],
      "reward_shaping": null,
      "score": null,
      "step": 0,
      "team0_centroid": [
        -9.313314199447632,
        -0.009771168231964111
      ],
      "team0_step_reward": 0.0,
      "team1_centroid": [
        12.570045948028564,
        -0.13726961612701416
      ],
      "team1_step_reward": 0.0,
      "winner": null
    },
    {
      "ball_pos": [
        11.51731014251709,
        -5.977331161499023
      ],
      "reward_shaping": null,
      "score": null,
      "step": 10,
      "team0_centroid": [
        -2.284566640853882,
        0.6514158248901367
      ],
      "team0_step_reward": 0.0,
      "team1_centroid": [
        15.008062362670898,
        -1.9813814908266068
      ],
      "team1_step_reward": 0.0,
      "winner": null
    }
  ],
  "steps": 20,
  "tail_trace": [
    {
      "ball_pos": [
        0.9355859756469727,
        0.7302975058555603
      ],
      "reward_shaping": null,
      "score": null,
      "step": 0,
      "team0_centroid": [
        -9.313314199447632,
        -0.009771168231964111
      ],
      "team0_step_reward": 0.0,
      "team1_centroid": [
        12.570045948028564,
        -0.13726961612701416
      ],
      "team1_step_reward": 0.0,
      "winner": null
    },
    {
      "ball_pos": [
        0.9355859756469727,
        0.7302975058555603
      ],
      "reward_shaping": null,
      "score": null,
      "step": 1,
      "team0_centroid": [
        -8.71637225151062,
        0.04819214344024658
      ],
      "team0_step_reward": 0.0,
      "team1_centroid": [
        12.535988807678223,
        -0.456813782453537
      ],
      "team1_step_reward": 0.0,
      "winner": null
    },
    {
      "ball_pos": [
        0.9355859756469727,
        0.7302975058555603
      ],
      "reward_shaping": null,
      "score": null,
      "step": 2,
      "team0_centroid": [
        -7.8760658502578735,
        0.2342141568660736
      ],
      "team0_step_reward": 0.0,
      "team1_centroid": [
        12.724594593048096,
        -0.8740671873092651
      ],
      "team1_step_reward": 0.0,
      "winner": null
    },
    {
      "ball_pos": [
        0.9355859756469727,
        0.7302975058555603
      ],
      "reward_shaping": null,
      "score": null,
      "step": 3,
      "team0_centroid": [
        -6.8759788274765015,
        0.47397901117801666
      ],
      "team0_step_reward": 0.0,
      "team1_centroid": [
        13.232863426208496,
        -1.340710774064064
      ],
      "team1_step_reward": 0.0,
      "winner": null
    },
    {
      "ball_pos": [
        0.9355859756469727,
        0.7302975058555603
      ],
      "reward_shaping": null,
      "score": null,
      "step": 4,
      "team0_centroid": [
        -5.772099420428276,
        0.7276220470666885
      ],
      "team0_step_reward": 0.0,
      "team1_centroid": [
        13.755581855773926,
        -1.6510666757822037
      ],
      "team1_step_reward": 0.0,
      "winner": null
    },
    {
      "ball_pos": [
        3.3046109676361084,
        -0.7630929946899414
      ],
      "reward_shaping": null,
      "score": null,
      "step": 5,
      "team0_centroid": [
        -4.928183436393738,
        0.9696462750434875
      ],
      "team0_step_reward": 0.0,
      "team1_centroid": [
        14.167724132537842,
        -1.6812540292739868
      ],
      "team1_step_reward": 0.0,
      "winner": null
    },
    {
      "ball_pos": [
        5.385633945465088,
        -2.084332227706909
      ],
      "reward_shaping": null,
      "score": null,
      "step": 6,
      "team0_centroid": [
        -4.108253598213196,
        1.0703048706054688
      ],
      "team0_step_reward": 0.0,
      "team1_centroid": [
        14.428033828735352,
        -1.7610073685646057
      ],
      "team1_step_reward": 0.0,
      "winner": null
    },
    {
      "ball_pos": [
        7.225320339202881,
        -3.2523484230041504
      ],
      "reward_shaping": null,
      "score": null,
      "step": 7,
      "team0_centroid": [
        -3.407970428466797,
        1.108953058719635
      ],
      "team0_step_reward": 0.0,
      "team1_centroid": [
        14.545274257659912,
        -1.8839847147464752
      ],
      "team1_step_reward": 0.0,
      "winner": null
    },
    {
      "ball_pos": [
        8.846857070922852,
        -4.281862258911133
      ],
      "reward_shaping": null,
      "score": null,
      "step": 8,
      "team0_centroid": [
        -2.927420139312744,
        0.9813185334205627
      ],
      "team0_step_reward": 0.0,
      "team1_centroid": [
        14.812551498413086,
        -2.0090235769748688
      ],
      "team1_step_reward": 0.0,
      "winner": null
    },
    {
      "ball_pos": [
        10.271204948425293,
        -5.186180114746094
      ],
      "reward_shaping": null,
      "score": null,
      "step": 9,
      "team0_centroid": [
        -2.571506977081299,
        0.7951123714447021
      ],
      "team0_step_reward": 0.0,
      "team1_centroid": [
        14.934298515319824,
        -2.034681811928749
      ],
      "team1_step_reward": 0.0,
      "winner": null
    },
    {
      "ball_pos": [
        11.51731014251709,
        -5.977331161499023
      ],
      "reward_shaping": null,
      "score": null,
      "step": 10,
      "team0_centroid": [
        -2.284566640853882,
        0.6514158248901367
      ],
      "team0_step_reward": 0.0,
      "team1_centroid": [
        15.008062362670898,
        -1.9813814908266068
      ],
      "team1_step_reward": 0.0,
      "winner": null
    },
    {
      "ball_pos": [
        12.602295875549316,
        -6.666188716888428
      ],
      "reward_shaping": null,
      "score": null,
      "step": 11,
      "team0_centroid": [
        -1.775986671447754,
        0.550490140914917
      ],
      "team0_step_reward": 0.0,
      "team1_centroid": [
        15.32499074935913,
        -1.7903439402580261
      ],
      "team1_step_reward": 0.0,
      "winner": null
    },
    {
      "ball_pos": [
        13.283628463745117,
        -6.5965423583984375
      ],
      "reward_shaping": null,
      "score": null,
      "step": 12,
      "team0_centroid": [
        -1.2078938484191895,
        0.4626537561416626
      ],
      "team0_step_reward": 0.0,
      "team1_centroid": [
        15.495563983917236,
        -1.59992291405797
      ],
      "team1_step_reward": 0.0,
      "winner": null
    },
    {
      "ball_pos": [
        13.343039512634277,
        -6.044869899749756
      ],
      "reward_shaping": null,
      "score": null,
      "step": 13,
      "team0_centroid": [
        -0.49857425689697266,
        0.4136350154876709
      ],
      "team0_step_reward": 0.0,
      "team1_centroid": [
        15.535523891448975,
        -1.4834992811083794
      ],
      "team1_step_reward": 0.0,
      "winner": null
    },
    {
      "ball_pos": [
        13.392033576965332,
        -5.595012664794922
      ],
      "reward_shaping": null,
      "score": null,
      "step": 14,
      "team0_centroid": [
        0.40787458419799805,
        0.3270096778869629
      ],
      "team0_step_reward": 0.0,