{
  "classification": {
    "labels": [
      "win"
    ],
    "primary_label": "win"
  },
  "cumulative_team0_reward": 1.94760000705719,
  "cumulative_team1_reward": -2.0,
  "episode_index": 411,
  "final_score": null,
  "final_team0_step_reward": 1.94760000705719,
  "final_team1_step_reward": -2.0,
  "final_winner": null,
  "metrics": {
    "mean_ball_x": -9.041515953265703,
    "tail_mean_ball_x": -9.041515953265703,
    "team0_possession_ratio": null,
    "team0_progress_toward_goal": 0.0,
    "team0_shaping_reward_sum": 0.0,
    "team1_possession_ratio": null,
    "team1_progress_toward_goal": 0.0,
    "team1_shaping_reward_sum": 0.0
  },
  "outcome": "team0_win",
  "sampled_trace": [
    {
      "ball_pos": [
        0.517631471157074,
        2.4833803176879883
      ],
      "reward_shaping": null,
      "score": null,
      "step": 0,
      "team0_centroid": [
        8.236755609512329,
        0.1052314043045044
      ],
      "team0_step_reward": 0.0,
      "team1_centroid": [
        -7.661738395690918,
        -0.0007333755493164062
      ],
      "team1_step_reward": 0.0,
      "winner": null
    },
    {
      "ball_pos": [
        -10.354347229003906,
        6.684972286224365
      ],
      "reward_shaping": null,
      "score": null,
      "step": 10,
      "team0_centroid": [
        1.6889166831970215,
        2.133892297744751
      ],
      "team0_step_reward": 0.0,
      "team1_centroid": [
        -9.760777473449707,
        1.117643617093563
      ],
      "team1_step_reward": 0.0,
      "winner": null
    },
    {
      "ball_pos": [
        -12.474348068237305,
        1.1290583610534668
      ],
      "reward_shaping": null,
      "score": null,
      "step": 20,
      "team0_centroid": [
        -2.041973829269409,
        0.11182153224945068
      ],
      "team0_step_reward": 0.0,
      "team1_centroid": [
        -11.280565738677979,
        -1.2612105011940002
      ],
      "team1_step_reward": 0.0,
      "winner": null
    }
  ],
  "steps": 26,
  "tail_trace": [
    {
      "ball_pos": [
        0.517631471157074,
        2.4833803176879883
      ],
      "reward_shaping": null,
      "score": null,
      "step": 0,
      "team0_centroid": [
        8.236755609512329,
        0.1052314043045044
      ],
      "team0_step_reward": 0.0,
      "team1_centroid": [
        -7.661738395690918,
        -0.0007333755493164062
      ],
      "team1_step_reward": 0.0,
      "winner": null
    },
    {
      "ball_pos": [
        0.517631471157074,
        2.4833803176879883
      ],
      "reward_shaping": null,
      "score": null,
      "step": 1,
      "team0_centroid": [
        7.655316114425659,
        0.2008984088897705
      ],
      "team0_step_reward": 0.0,
      "team1_centroid": [
        -7.93974232673645,
        0.08951395750045776
      ],
      "team1_step_reward": 0.0,
      "winner": null
    },
    {
      "ball_pos": [
        0.517631471157074,
        2.4833803176879883
      ],
      "reward_shaping": null,
      "score": null,
      "step": 2,
      "team0_centroid": [
        6.823859810829163,
        0.22919589281082153
      ],
      "team0_step_reward": 0.0,
      "team1_centroid": [
        -8.252822160720825,
        0.20900076627731323
      ],
      "team1_step_reward": 0.0,
      "winner": null
    },
    {
      "ball_pos": [
        -0.11187875270843506,
        2.7720720767974854
      ],
      "reward_shaping": null,
      "score": null,
      "step": 3,
      "team0_centroid": [
        5.847765684127808,
        0.4121001362800598
      ],
      "team0_step_reward": 0.0,
      "team1_centroid": [
        -8.661409854888916,
        0.2997872233390808
      ],
      "team1_step_reward": 0.0,
      "winner": null
    },
    {
      "ball_pos": [
        -1.7299562692642212,
        4.394916534423828
      ],
      "reward_shaping": null,
      "score": null,
      "step": 4,
      "team0_centroid": [
        4.845506370067596,
        0.7513378858566284
      ],
      "team0_step_reward": 0.0,
      "team1_centroid": [
        -9.074786186218262,
        0.5000267922878265
      ],
      "team1_step_reward": 0.0,
      "winner": null
    },
    {
      "ball_pos": [
        -3.1576035022735596,
        5.827464580535889
      ],
      "reward_shaping": null,
      "score": null,
      "step": 5,
      "team0_centroid": [
        4.023447275161743,
        1.202021598815918
      ],
      "team0_step_reward": 0.0,
      "team1_centroid": [
        -9.431066036224365,
        0.7115941345691681
      ],
      "team1_step_reward": 0.0,
      "winner": null
    },
    {
      "ball_pos": [
        -4.413470268249512,
        7.087646484375
      ],
      "reward_shaping": null,
      "score": null,
      "step": 6,
      "team0_centroid": [
        3.5308942794799805,
        1.569862723350525
      ],
      "team0_step_reward": 0.0,
      "team1_centroid": [
        -9.672773599624634,
        0.7818854600191116
      ],
      "team1_step_reward": 0.0,
      "winner": null
    },
    {
      "ball_pos": [
        -5.066267490386963,
        6.224642753601074
      ],
      "reward_shaping": null,
      "score": null,
      "step": 7,
      "team0_centroid": [
        3.169245719909668,
        1.7733359932899475
      ],
      "team0_step_reward": 0.0,
      "team1_centroid": [
        -9.746196746826172,
        0.7740874141454697
      ],
      "team1_step_reward": 0.0,
      "winner": null
    },
    {
      "ball_pos": [
        -6.07814884185791,
        6.517280578613281
      ],
      "reward_shaping": null,
      "score": null,
      "step": 8,
      "team0_centroid": [
        2.7103521823883057,
        1.94716078042984
      ],
      "team0_step_reward": 0.0,
      "team1_centroid": [
        -9.768869161605835,
        0.8317168205976486
      ],
      "team1_step_reward": 0.0,
      "winner": null
    },
    {
      "ball_pos": [
        -7.775810718536377,
        6.460085868835449
      ],
      "reward_shaping": null,
      "score": null,
      "step": 9,
      "team0_centroid": [
        2.3666398525238037,
        2.0665261149406433
      ],
      "team0_step_reward": 0.0,
      "team1_centroid": [
        -9.766487121582031,
        1.0441303104162216
      ],
      "team1_step_reward": 0.0,
      "winner": null
    },
    {
      "ball_pos": [
        -10.354347229003906,
        6.684972286224365
      ],
      "reward_shaping": null,
      "score": null,
      "step": 10,
      "team0_centroid": [
        1.6889166831970215,
        2.133892297744751
      ],
      "team0_step_reward": 0.0,
      "team1_centroid": [
        -9.760777473449707,
        1.117643617093563
      ],
      "team1_step_reward": 0.0,
      "winner": null
    },
    {
      "ball_pos": [
        -12.21431827545166,
        6.168463230133057
      ],
      "reward_shaping": null,
      "score": null,
      "step": 11,
      "team0_centroid": [
        0.9312925338745117,
        2.0356311798095703
      ],
      "team0_step_reward": 0.0,
      "team1_centroid": [
        -9.716472864151001,
        1.0882570892572403
      ],
      "team1_step_reward": 0.0,
      "winner": null
    },
    {
      "ball_pos": [
        -13.848369598388672,
        5.7148003578186035
      ],
      "reward_shaping": null,
      "score": null,
      "step": 12,
      "team0_centroid": [
        0.14775753021240234,
        1.909411907196045
      ],
      "team0_step_reward": 0.0,
      "team1_centroid": [
        -9.636445045471191,
        0.9320856332778931
      ],
      "team1_step_reward": 0.0,
      "winner": null
    },
    {
      "ball_pos": [
        -13.852219581604004,
        4.849575519561768
      ],
      "reward_shaping": null,
      "score": null,
      "step": 13,
      "team0_centroid": [
        -0.5442852973937988,
        1.7713779211044312
      ],
      "team0_step_reward": 0.0,
      "team1_centroid": [
        -9.53230357170105,
        0.6106181666254997
      ],