{
  "classification": {
    "labels": [
      "win"
    ],
    "primary_label": "win"
  },
  "cumulative_team0_reward": 1.9556000232696533,
  "cumulative_team1_reward": -2.0,
  "episode_index": 211,
  "final_score": null,
  "final_team0_step_reward": 1.9556000232696533,
  "final_team1_step_reward": -2.0,
  "final_winner": null,
  "metrics": {
    "mean_ball_x": -4.916663083163175,
    "tail_mean_ball_x": -4.916663083163175,
    "team0_possession_ratio": null,
    "team0_progress_toward_goal": 0.0,
    "team0_shaping_reward_sum": 0.0,
    "team1_possession_ratio": null,
    "team1_progress_toward_goal": 0.0,
    "team1_shaping_reward_sum": 0.0
  },
  "outcome": "team0_win",
  "sampled_trace": [
    {
      "ball_pos": [
        -1.3823115825653076,
        -2.2818450927734375
      ],
      "reward_shaping": null,
      "score": null,
      "step": 0,
      "team0_centroid": [
        8.7358717918396,
        0.03426682949066162
      ],
      "team0_step_reward": 0.0,
      "team1_centroid": [
        -6.335612535476685,
        0.06815391778945923
      ],
      "team1_step_reward": 0.0,
      "winner": null
    },
    {
      "ball_pos": [
        -1.3823115825653076,
        -2.2818450927734375
      ],
      "reward_shaping": null,
      "score": null,
      "step": 10,
      "team0_centroid": [
        1.9155517667531967,
        -2.224008083343506
      ],
      "team0_step_reward": 0.0,
      "team1_centroid": [
        -7.435994863510132,
        -0.6952455043792725
      ],
      "team1_step_reward": 0.0,
      "winner": null
    },
    {
      "ball_pos": [
        -14.44629192352295,
        1.3365890979766846
      ],
      "reward_shaping": null,
      "score": null,
      "step": 20,
      "team0_centroid": [
        -2.5656239092350006,
        -2.041675955057144
      ],
      "team0_step_reward": 0.0,
      "team1_centroid": [
        -4.927310943603516,
        0.3009088635444641
      ],
      "team1_step_reward": 0.0,
      "winner": null
    }
  ],
  "steps": 22,
  "tail_trace": [
    {
      "ball_pos": [
        -1.3823115825653076,
        -2.2818450927734375
      ],
      "reward_shaping": null,
      "score": null,
      "step": 0,
      "team0_centroid": [
        8.7358717918396,
        0.03426682949066162
      ],
      "team0_step_reward": 0.0,
      "team1_centroid": [
        -6.335612535476685,
        0.06815391778945923
      ],
      "team1_step_reward": 0.0,
      "winner": null
    },
    {
      "ball_pos": [
        -1.3823115825653076,
        -2.2818450927734375
      ],
      "reward_shaping": null,
      "score": null,
      "step": 1,
      "team0_centroid": [
        7.911714553833008,
        -0.013649284839630127
      ],
      "team0_step_reward": 0.0,
      "team1_centroid": [
        -6.366214275360107,
        0.08312556147575378
      ],
      "team1_step_reward": 0.0,
      "winner": null
    },
    {
      "ball_pos": [
        -1.3823115825653076,
        -2.2818450927734375
      ],
      "reward_shaping": null,
      "score": null,
      "step": 2,
      "team0_centroid": [
        7.286142587661743,
        -0.11622029542922974
      ],
      "team0_step_reward": 0.0,
      "team1_centroid": [
        -6.640010118484497,
        0.01542934775352478
      ],
      "team1_step_reward": 0.0,
      "winner": null
    },
    {
      "ball_pos": [
        -1.3823115825653076,
        -2.2818450927734375
      ],
      "reward_shaping": null,
      "score": null,
      "step": 3,
      "team0_centroid": [
        7.006373286247253,
        -0.2633402347564697
      ],
      "team0_step_reward": 0.0,
      "team1_centroid": [
        -6.732313871383667,
        -0.1692170798778534
      ],
      "team1_step_reward": 0.0,
      "winner": null
    },
    {
      "ball_pos": [
        -1.3823115825653076,
        -2.2818450927734375
      ],
      "reward_shaping": null,
      "score": null,
      "step": 4,
      "team0_centroid": [
        6.318029165267944,
        -0.5163698196411133
      ],
      "team0_step_reward": 0.0,
      "team1_centroid": [
        -6.641732931137085,
        -0.20771652460098267
      ],
      "team1_step_reward": 0.0,
      "winner": null
    },
    {
      "ball_pos": [
        -1.3823115825653076,
        -2.2818450927734375
      ],
      "reward_shaping": null,
      "score": null,
      "step": 5,
      "team0_centroid": [
        5.293877899646759,
        -0.8667126297950745
      ],
      "team0_step_reward": 0.0,
      "team1_centroid": [
        -6.589510202407837,
        -0.28934359550476074
      ],
      "team1_step_reward": 0.0,
      "winner": null
    },
    {
      "ball_pos": [
        -1.3823115825653076,
        -2.2818450927734375
      ],
      "reward_shaping": null,
      "score": null,
      "step": 6,
      "team0_centroid": [
        4.215679466724396,
        -1.324944645166397
      ],
      "team0_step_reward": 0.0,
      "team1_centroid": [
        -6.567141056060791,
        -0.5716180503368378
      ],
      "team1_step_reward": 0.0,
      "winner": null
    },
    {
      "ball_pos": [
        -1.3823115825653076,
        -2.2818450927734375
      ],
      "reward_shaping": null,
      "score": null,
      "step": 7,
      "team0_centroid": [
        3.33600777387619,
        -1.7367751896381378
      ],
      "team0_step_reward": 0.0,
      "team1_centroid": [
        -6.801086902618408,
        -0.8021789044141769
      ],
      "team1_step_reward": 0.0,
      "winner": null
    },
    {
      "ball_pos": [
        -1.3823115825653076,
        -2.2818450927734375
      ],
      "reward_shaping": null,
      "score": null,
      "step": 8,
      "team0_centroid": [
        2.658667340874672,
        -1.880077213048935
      ],
      "team0_step_reward": 0.0,
      "team1_centroid": [
        -7.119457244873047,
        -0.8588870465755463
      ],
      "team1_step_reward": 0.0,
      "winner": null
    },
    {
      "ball_pos": [
        -1.3823115825653076,
        -2.2818450927734375
      ],
      "reward_shaping": null,
      "score": null,
      "step": 9,
      "team0_centroid": [
        2.2043076753616333,
        -2.0353092551231384
      ],
      "team0_step_reward": 0.0,
      "team1_centroid": [
        -7.326239347457886,
        -0.7853085994720459
      ],
      "team1_step_reward": 0.0,
      "winner": null
    },
    {
      "ball_pos": [
        -1.3823115825653076,
        -2.2818450927734375
      ],
      "reward_shaping": null,
      "score": null,
      "step": 10,
      "team0_centroid": [
        1.9155517667531967,
        -2.224008083343506
      ],
      "team0_step_reward": 0.0,
      "team1_centroid": [
        -7.435994863510132,
        -0.6952455043792725
      ],
      "team1_step_reward": 0.0,
      "winner": null
    },
    {
      "ball_pos": [
        -1.3823115825653076,
        -2.2818450927734375
      ],
      "reward_shaping": null,
      "score": null,
      "step": 11,
      "team0_centroid": [
        1.7012649327516556,
        -2.358371913433075
      ],
      "team0_step_reward": 0.0,
      "team1_centroid": [
        -7.476696968078613,
        -0.6374752521514893
      ],
      "team1_step_reward": 0.0,
      "winner": null
    },
    {
      "ball_pos": [
        -1.3823115825653076,
        -2.2818450927734375
      ],
      "reward_shaping": null,
      "score": null,
      "step": 12,
      "team0_centroid": [
        1.0594252422451973,
        -2.6011492013931274
      ],
      "team0_step_reward": 0.0,
      "team1_centroid": [
        -7.4771623611450195,
        -0.5226032733917236
      ],
      "team1_step_reward": 0.0,
      "winner": null
    },
    {
      "ball_pos": [
        -2.7722246646881104,
        -1.995461344718933
      ],
      "reward_shaping": null,
      "score": null,
      "step": 13,
      "team0_centroid": [
        0.10217070579528809,
        -2.9605278968811035
      ],
      "team0_step_reward": 0.0,