{
  "classification": {
    "labels": [
      "win"
    ],
    "primary_label": "win"
  },
  "cumulative_team0_reward": 1.934000015258789,
  "cumulative_team1_reward": -2.0,
  "episode_index": 170,
  "final_score": null,
  "final_team0_step_reward": 1.934000015258789,
  "final_team1_step_reward": -2.0,
  "final_winner": null,
  "metrics": {
    "mean_ball_x": 10.996407248757102,
    "tail_mean_ball_x": 11.95938739379247,
    "team0_possession_ratio": null,
    "team0_progress_toward_goal": 0.0,
    "team0_shaping_reward_sum": 0.0,
    "team1_possession_ratio": null,
    "team1_progress_toward_goal": 0.0,
    "team1_shaping_reward_sum": 0.0
  },
  "outcome": "team0_win",
  "sampled_trace": [
    {
      "ball_pos": [
        1.3666057586669922,
        1.5665191411972046
      ],
      "reward_shaping": null,
      "score": null,
      "step": 0,
      "team0_centroid": [
        -5.856242060661316,
        0.03309476375579834
      ],
      "team0_step_reward": 0.0,
      "team1_centroid": [
        8.058207988739014,
        0.00031644105911254883
      ],
      "team1_step_reward": 0.0,
      "winner": null
    },
    {
      "ball_pos": [
        10.578303337097168,
        3.2315680980682373
      ],
      "reward_shaping": null,
      "score": null,
      "step": 10,
      "team0_centroid": [
        4.136206030845642,
        1.532773733139038
      ],
      "team0_step_reward": 0.0,
      "team1_centroid": [
        7.314648866653442,
        -0.5617886781692505
      ],
      "team1_step_reward": 0.0,
      "winner": null
    },
    {
      "ball_pos": [
        13.88923454284668,
        -0.41970157623291016
      ],
      "reward_shaping": null,
      "score": null,
      "step": 20,
      "team0_centroid": [
        9.359756469726562,
        0.5461623072624207
      ],
      "team0_step_reward": 0.0,
      "team1_centroid": [
        5.224219053983688,
        -1.8700977563858032
      ],
      "team1_step_reward": 0.0,
      "winner": null
    },
    {
      "ball_pos": [
        15.006722450256348,
        -1.6520596742630005
      ],
      "reward_shaping": null,
      "score": null,
      "step": 30,
      "team0_centroid": [
        12.872101783752441,
        0.09539556503295898
      ],
      "team0_step_reward": 0.0,
      "team1_centroid": [
        5.684303522109985,
        -1.3013026714324951
      ],
      "team1_step_reward": 0.0,
      "winner": null
    }
  ],
  "steps": 33,
  "tail_trace": [
    {
      "ball_pos": [
        1.3666058778762817,
        1.5665191411972046
      ],
      "reward_shaping": null,
      "score": null,
      "step": 3,
      "team0_centroid": [
        -2.786082297563553,
        0.2565486282110214
      ],
      "team0_step_reward": 0.0,
      "team1_centroid": [
        7.781578302383423,
        0.3067488670349121
      ],
      "team1_step_reward": 0.0,
      "winner": null
    },
    {
      "ball_pos": [
        3.494316816329956,
        3.441638946533203
      ],
      "reward_shaping": null,
      "score": null,
      "step": 4,
      "team0_centroid": [
        -1.6313146352767944,
        0.38249827921390533
      ],
      "team0_step_reward": 0.0,
      "team1_centroid": [
        7.489007472991943,
        0.1867741346359253
      ],
      "team1_step_reward": 0.0,
      "winner": null
    },
    {
      "ball_pos": [
        5.446856498718262,
        5.325039386749268
      ],
      "reward_shaping": null,
      "score": null,
      "step": 5,
      "team0_centroid": [
        -0.40895915031433105,
        0.6042292546480894
      ],
      "team0_step_reward": 0.0,
      "team1_centroid": [
        7.272729158401489,
        0.15144884586334229
      ],
      "team1_step_reward": 0.0,
      "winner": null
    },
    {
      "ball_pos": [
        7.176505088806152,
        6.993447780609131
      ],
      "reward_shaping": null,
      "score": null,
      "step": 6,
      "team0_centroid": [
        0.583451509475708,
        0.8903361260890961
      ],
      "team0_step_reward": 0.0,
      "team1_centroid": [
        7.343241214752197,
        0.23336684703826904
      ],
      "team1_step_reward": 0.0,
      "winner": null
    },
    {
      "ball_pos": [
        8.225332260131836,
        5.826455116271973
      ],
      "reward_shaping": null,
      "score": null,
      "step": 7,
      "team0_centroid": [
        1.4425597190856934,
        1.0740384310483932
      ],
      "team0_step_reward": 0.0,
      "team1_centroid": [
        7.658219337463379,
        0.28440260887145996
      ],
      "team1_step_reward": 0.0,
      "winner": null
    },
    {
      "ball_pos": [
        9.125213623046875,
        4.8340229988098145
      ],
      "reward_shaping": null,
      "score": null,
      "step": 8,
      "team0_centroid": [
        2.443032741546631,
        1.21259006857872
      ],
      "team0_step_reward": 0.0,
      "team1_centroid": [
        7.748669385910034,
        0.11049258708953857
      ],
      "team1_step_reward": 0.0,
      "winner": null
    },
    {
      "ball_pos": [
        9.905721664428711,
        3.973284959793091
      ],
      "reward_shaping": null,
      "score": null,
      "step": 9,
      "team0_centroid": [
        3.2895021438598633,
        1.3802940249443054
      ],
      "team0_step_reward": 0.0,
      "team1_centroid": [
        7.721347093582153,
        -0.104239821434021
      ],
      "team1_step_reward": 0.0,
      "winner": null
    },
    {
      "ball_pos": [
        10.578303337097168,
        3.2315680980682373
      ],
      "reward_shaping": null,
      "score": null,
      "step": 10,
      "team0_centroid": [
        4.136206030845642,
        1.532773733139038
      ],
      "team0_step_reward": 0.0,
      "team1_centroid": [
        7.314648866653442,
        -0.5617886781692505
      ],
      "team1_step_reward": 0.0,
      "winner": null
    },
    {
      "ball_pos": [
        11.153327941894531,
        2.5974364280700684
      ],
      "reward_shaping": null,
      "score": null,
      "step": 11,
      "team0_centroid": [
        4.467713475227356,
        1.6013062000274658
      ],
      "team0_step_reward": 0.0,
      "team1_centroid": [
        6.799358367919922,
        -1.203770101070404
      ],
      "team1_step_reward": 0.0,
      "winner": null
    },
    {
      "ball_pos": [
        11.640167236328125,
        2.060553550720215
      ],
      "reward_shaping": null,
      "score": null,
      "step": 12,
      "team0_centroid": [
        4.496202647686005,
        1.694066196680069
      ],
      "team0_step_reward": 0.0,
      "team1_centroid": [
        6.436127543449402,
        -1.7688184976577759
      ],
      "team1_step_reward": 0.0,
      "winner": null
    },
    {
      "ball_pos": [
        12.047295570373535,
        1.6115758419036865
      ],
      "reward_shaping": null,
      "score": null,
      "step": 13,
      "team0_centroid": [
        4.530805706977844,
        1.6855431497097015
      ],
      "team0_step_reward": 0.0,
      "team1_centroid": [
        6.300850987434387,
        -1.9585988521575928
      ],
      "team1_step_reward": 0.0,
      "winner": null
    },
    {
      "ball_pos": [
        12.40145206451416,
        1.2210147380828857
      ],
      "reward_shaping": null,
      "score": null,
      "step": 14,
      "team0_centroid": [
        4.816274642944336,
        1.6751883625984192
      ],
      "team0_step_reward": 0.0,
      "team1_centroid": [
        6.186497867107391,
        -2.16126948595047
      ],
      "team1_step_reward": 0.0,
      "winner": null
    },
    {
      "ball_pos": [
        12.72141170501709,
        0.8681660890579224
      ],
      "reward_shaping": null,
      "score": null,
      "step": 15,
      "team0_centroid": [
        5.444525957107544,
        1.6167230159044266
      ],
      "team0_step_reward": 0.0,
      "team1_centroid": [
        5.993441879749298,
        -2.389694631099701
      ],