{
  "classification": {
    "labels": [
      "win"
    ],
    "primary_label": "win"
  },
  "cumulative_team0_reward": 1.9404000043869019,
  "cumulative_team1_reward": -2.0,
  "episode_index": 439,
  "final_score": null,
  "final_team0_step_reward": 1.9404000043869019,
  "final_team1_step_reward": -2.0,
  "final_winner": null,
  "metrics": {
    "mean_ball_x": -5.584919878343741,
    "tail_mean_ball_x": -5.584919878343741,
    "team0_possession_ratio": null,
    "team0_progress_toward_goal": 0.0,
    "team0_shaping_reward_sum": 0.0,
    "team1_possession_ratio": null,
    "team1_progress_toward_goal": 0.0,
    "team1_shaping_reward_sum": 0.0
  },
  "outcome": "team0_win",
  "sampled_trace": [
    {
      "ball_pos": [
        -0.1122465580701828,
        0.7830314636230469
      ],
      "reward_shaping": null,
      "score": null,
      "step": 0,
      "team0_centroid": [
        11.321188926696777,
        0.09636569023132324
      ],
      "team0_step_reward": 0.0,
      "team1_centroid": [
        -6.701406002044678,
        -0.12706053256988525
      ],
      "team1_step_reward": 0.0,
      "winner": null
    },
    {
      "ball_pos": [
        -1.151550531387329,
        -0.2154470831155777
      ],
      "reward_shaping": null,
      "score": null,
      "step": 10,
      "team0_centroid": [
        7.0188282281160355,
        -2.15195631980896
      ],
      "team0_step_reward": 0.0,
      "team1_centroid": [
        -7.837597608566284,
        -1.0589020252227783
      ],
      "team1_step_reward": 0.0,
      "winner": null
    },
    {
      "ball_pos": [
        -10.041824340820312,
        -5.155819416046143
      ],
      "reward_shaping": null,
      "score": null,
      "step": 20,
      "team0_centroid": [
        3.408712863922119,
        -4.814458847045898
      ],
      "team0_step_reward": 0.0,
      "team1_centroid": [
        -7.084974050521851,
        -1.5132891535758972
      ],
      "team1_step_reward": 0.0,
      "winner": null
    }
  ],
  "steps": 30,
  "tail_trace": [
    {
      "ball_pos": [
        -0.1122465580701828,
        0.7830314636230469
      ],
      "reward_shaping": null,
      "score": null,
      "step": 0,
      "team0_centroid": [
        11.321188926696777,
        0.09636569023132324
      ],
      "team0_step_reward": 0.0,
      "team1_centroid": [
        -6.701406002044678,
        -0.12706053256988525
      ],
      "team1_step_reward": 0.0,
      "winner": null
    },
    {
      "ball_pos": [
        -0.11224659532308578,
        0.7830314636230469
      ],
      "reward_shaping": null,
      "score": null,
      "step": 1,
      "team0_centroid": [
        11.056849002838135,
        0.11068570613861084
      ],
      "team0_step_reward": 0.0,
      "team1_centroid": [
        -7.068058490753174,
        -0.30081459879875183
      ],
      "team1_step_reward": 0.0,
      "winner": null
    },
    {
      "ball_pos": [
        -0.11224663257598877,
        0.7830314636230469
      ],
      "reward_shaping": null,
      "score": null,
      "step": 2,
      "team0_centroid": [
        10.744601726531982,
        -0.019265472888946533
      ],
      "team0_step_reward": 0.0,
      "team1_centroid": [
        -7.312807321548462,
        -0.5652528554201126
      ],
      "team1_step_reward": 0.0,
      "winner": null
    },
    {
      "ball_pos": [
        -0.11224666982889175,
        0.7830314636230469
      ],
      "reward_shaping": null,
      "score": null,
      "step": 3,
      "team0_centroid": [
        10.562268257141113,
        -0.22030651569366455
      ],
      "team0_step_reward": 0.0,
      "team1_centroid": [
        -7.439189195632935,
        -0.8230056390166283
      ],
      "team1_step_reward": 0.0,
      "winner": null
    },
    {
      "ball_pos": [
        -0.11224670708179474,
        0.7830314636230469
      ],
      "reward_shaping": null,
      "score": null,
      "step": 4,
      "team0_centroid": [
        10.225148439407349,
        -0.39029401540756226
      ],
      "team0_step_reward": 0.0,
      "team1_centroid": [
        -7.753504037857056,
        -1.0920874178409576
      ],
      "team1_step_reward": 0.0,
      "winner": null
    },
    {
      "ball_pos": [
        -0.11224674433469772,
        0.7830314636230469
      ],
      "reward_shaping": null,
      "score": null,
      "step": 5,
      "team0_centroid": [
        9.61124038696289,
        -0.5417221784591675
      ],
      "team0_step_reward": 0.0,
      "team1_centroid": [
        -7.858671188354492,
        -1.330493040382862
      ],
      "team1_step_reward": 0.0,
      "winner": null
    },
    {
      "ball_pos": [
        -0.11224678158760071,
        0.7830314636230469
      ],
      "reward_shaping": null,
      "score": null,
      "step": 6,
      "team0_centroid": [
        8.785216331481934,
        -0.7509241104125977
      ],
      "team0_step_reward": 0.0,
      "team1_centroid": [
        -7.755600214004517,
        -1.4878923557698727
      ],
      "team1_step_reward": 0.0,
      "winner": null
    },
    {
      "ball_pos": [
        -0.11224681884050369,
        0.7830314636230469
      ],
      "reward_shaping": null,
      "score": null,
      "step": 7,
      "team0_centroid": [
        8.066563367843628,
        -1.0238860845565796
      ],
      "team0_step_reward": 0.0,
      "team1_centroid": [
        -7.630074977874756,
        -1.5863681584596634
      ],
      "team1_step_reward": 0.0,
      "winner": null
    },
    {
      "ball_pos": [
        -0.11224685609340668,
        0.7830314636230469
      ],
      "reward_shaping": null,
      "score": null,
      "step": 8,
      "team0_centroid": [
        7.593491733074188,
        -1.404730498790741
      ],
      "team0_step_reward": 0.0,
      "team1_centroid": [
        -7.550410270690918,
        -1.5020853877067566
      ],
      "team1_step_reward": 0.0,
      "winner": null
    },
    {
      "ball_pos": [
        -0.43987399339675903,
        0.46596166491508484
      ],
      "reward_shaping": null,
      "score": null,
      "step": 9,
      "team0_centroid": [
        7.309503763914108,
        -1.8972397446632385
      ],
      "team0_step_reward": 0.0,
      "team1_centroid": [
        -7.7700207233428955,
        -1.3235149383544922
      ],
      "team1_step_reward": 0.0,
      "winner": null
    },
    {
      "ball_pos": [
        -1.151550531387329,
        -0.2154470831155777
      ],
      "reward_shaping": null,
      "score": null,
      "step": 10,
      "team0_centroid": [
        7.0188282281160355,
        -2.15195631980896
      ],
      "team0_step_reward": 0.0,
      "team1_centroid": [
        -7.837597608566284,
        -1.0589020252227783
      ],
      "team1_step_reward": 0.0,
      "winner": null
    },
    {
      "ball_pos": [
        -1.7594537734985352,
        -0.7974571585655212
      ],
      "reward_shaping": null,
      "score": null,
      "step": 11,
      "team0_centroid": [
        7.083602242171764,
        -2.338072121143341
      ],
      "team0_step_reward": 0.0,
      "team1_centroid": [
        -7.482098817825317,
        -0.8451567888259888
      ],
      "team1_step_reward": 0.0,
      "winner": null
    },
    {
      "ball_pos": [
        -2.273533582687378,
        -1.2896400690078735
      ],
      "reward_shaping": null,
      "score": null,
      "step": 12,
      "team0_centroid": [
        7.291548877954483,
        -2.530525416135788
      ],
      "team0_step_reward": 0.0,
      "team1_centroid": [
        -7.068485975265503,
        -0.8856475353240967
      ],
      "team1_step_reward": 0.0,
      "winner": null
    },
    {
      "ball_pos": [
        -2.7028048038482666,
        -1.7006266117095947
      ],
      "reward_shaping": null,
      "score": null,
      "step": 13,
      "team0_centroid": [
        7.205334775149822,
        -2.804952636361122
      ],
      "team0_step_reward": 0.0,