{
  "classification": {
    "labels": [
      "win"
    ],
    "primary_label": "win"
  },
  "cumulative_team0_reward": 1.9656000137329102,
  "cumulative_team1_reward": -2.0,
  "episode_index": 41,
  "final_score": null,
  "final_team0_step_reward": 1.9656000137329102,
  "final_team1_step_reward": -2.0,
  "final_winner": null,
  "metrics": {
    "mean_ball_x": -5.863055079956265,
    "tail_mean_ball_x": -5.863055079956265,
    "team0_possession_ratio": null,
    "team0_progress_toward_goal": 0.0,
    "team0_shaping_reward_sum": 0.0,
    "team1_possession_ratio": null,
    "team1_progress_toward_goal": 0.0,
    "team1_shaping_reward_sum": 0.0
  },
  "outcome": "team0_win",
  "sampled_trace": [
    {
      "ball_pos": [
        -0.060389287769794464,
        0.3744528293609619
      ],
      "reward_shaping": null,
      "score": null,
      "step": 0,
      "team0_centroid": [
        8.326133012771606,
        -0.06900292634963989
      ],
      "team0_step_reward": 0.0,
      "team1_centroid": [
        -5.940063953399658,
        -0.06831717491149902
      ],
      "team1_step_reward": 0.0,
      "winner": null
    },
    {
      "ball_pos": [
        -8.359477043151855,
        -0.40288519859313965
      ],
      "reward_shaping": null,
      "score": null,
      "step": 10,
      "team0_centroid": [
        3.7546547651290894,
        -0.7237232178449631
      ],
      "team0_step_reward": 0.0,
      "team1_centroid": [
        -12.693730354309082,
        -0.9736932516098022
      ],
      "team1_step_reward": 0.0,
      "winner": null
    }
  ],
  "steps": 17,
  "tail_trace": [
    {
      "ball_pos": [
        -0.060389287769794464,
        0.3744528293609619
      ],
      "reward_shaping": null,
      "score": null,
      "step": 0,
      "team0_centroid": [
        8.326133012771606,
        -0.06900292634963989
      ],
      "team0_step_reward": 0.0,
      "team1_centroid": [
        -5.940063953399658,
        -0.06831717491149902
      ],
      "team1_step_reward": 0.0,
      "winner": null
    },
    {
      "ball_pos": [
        -0.060389306396245956,
        0.3744528293609619
      ],
      "reward_shaping": null,
      "score": null,
      "step": 1,
      "team0_centroid": [
        8.322127103805542,
        -0.1794203221797943
      ],
      "team0_step_reward": 0.0,
      "team1_centroid": [
        -5.965126872062683,
        -0.08250683546066284
      ],
      "team1_step_reward": 0.0,
      "winner": null
    },
    {
      "ball_pos": [
        -0.06038932502269745,
        0.3744528293609619
      ],
      "reward_shaping": null,
      "score": null,
      "step": 2,
      "team0_centroid": [
        8.066536664962769,
        -0.2204378843307495
      ],
      "team0_step_reward": 0.0,
      "team1_centroid": [
        -6.238398551940918,
        -0.07317864894866943
      ],
      "team1_step_reward": 0.0,
      "winner": null
    },
    {
      "ball_pos": [
        -0.06038934364914894,
        0.3744528293609619
      ],
      "reward_shaping": null,
      "score": null,
      "step": 3,
      "team0_centroid": [
        7.2127275466918945,
        -0.24324007332324982
      ],
      "team0_step_reward": 0.0,
      "team1_centroid": [
        -6.828329801559448,
        -0.054670631885528564
      ],
      "team1_step_reward": 0.0,
      "winner": null
    },
    {
      "ball_pos": [
        -0.06038936227560043,
        0.3744528293609619
      ],
      "reward_shaping": null,
      "score": null,
      "step": 4,
      "team0_centroid": [
        6.031984210014343,
        -0.1621372103691101
      ],
      "team0_step_reward": 0.0,
      "team1_centroid": [
        -7.670586585998535,
        0.0008183121681213379
      ],
      "team1_step_reward": 0.0,
      "winner": null
    },
    {
      "ball_pos": [
        -0.060389380902051926,
        0.3744528293609619
      ],
      "reward_shaping": null,
      "score": null,
      "step": 5,
      "team0_centroid": [
        5.040636301040649,
        -0.10704967379570007
      ],
      "team0_step_reward": 0.0,
      "team1_centroid": [
        -8.940910816192627,
        0.02698129415512085
      ],
      "team1_step_reward": 0.0,
      "winner": null
    },
    {
      "ball_pos": [
        -2.199469566345215,
        0.18692773580551147
      ],
      "reward_shaping": null,
      "score": null,
      "step": 6,
      "team0_centroid": [
        4.436114132404327,
        -0.10103264451026917
      ],
      "team0_step_reward": 0.0,
      "team1_centroid": [
        -10.136164665222168,
        0.09411144256591797
      ],
      "team1_step_reward": 0.0,
      "winner": null
    },
    {
      "ball_pos": [
        -4.059401988983154,
        0.008852366358041763
      ],
      "reward_shaping": null,
      "score": null,
      "step": 7,
      "team0_centroid": [
        4.050028026103973,
        -0.23254764080047607
      ],
      "team0_step_reward": 0.0,
      "team1_centroid": [
        -10.968904972076416,
        0.03708159923553467
      ],
      "team1_step_reward": 0.0,
      "winner": null
    },
    {
      "ball_pos": [
        -5.691823482513428,
        -0.14745409786701202
      ],
      "reward_shaping": null,
      "score": null,
      "step": 8,
      "team0_centroid": [
        4.012055456638336,
        -0.3592734932899475
      ],
      "team0_step_reward": 0.0,
      "team1_centroid": [
        -11.786183834075928,
        -0.2600686550140381
      ],
      "team1_step_reward": 0.0,
      "winner": null
    },
    {
      "ball_pos": [
        -7.118595600128174,
        -0.28406935930252075
      ],
      "reward_shaping": null,
      "score": null,
      "step": 9,
      "team0_centroid": [
        4.148869752883911,
        -0.49905264377593994
      ],
      "team0_step_reward": 0.0,
      "team1_centroid": [
        -12.48196268081665,
        -0.6434025764465332
      ],
      "team1_step_reward": 0.0,
      "winner": null
    },
    {
      "ball_pos": [
        -8.359477043151855,
        -0.40288519859313965
      ],
      "reward_shaping": null,
      "score": null,
      "step": 10,
      "team0_centroid": [
        3.7546547651290894,
        -0.7237232178449631
      ],
      "team0_step_reward": 0.0,
      "team1_centroid": [
        -12.693730354309082,
        -0.9736932516098022
      ],
      "team1_step_reward": 0.0,
      "winner": null
    },
    {
      "ball_pos": [
        -9.432328224182129,
        -0.5056118965148926
      ],
      "reward_shaping": null,
      "score": null,
      "step": 11,
      "team0_centroid": [
        3.170078992843628,
        -0.9220051467418671
      ],
      "team0_step_reward": 0.0,
      "team1_centroid": [
        -12.208209991455078,
        -1.027145266532898
      ],
      "team1_step_reward": 0.0,
      "winner": null
    },
    {
      "ball_pos": [
        -10.353292465209961,
        -0.5937952995300293
      ],
      "reward_shaping": null,
      "score": null,
      "step": 12,
      "team0_centroid": [
        2.229952096939087,
        -1.101452648639679
      ],
      "team0_step_reward": 0.0,
      "team1_centroid": [
        -11.604298114776611,
        -0.9618740081787109
      ],
      "team1_step_reward": 0.0,
      "winner": null
    },
    {
      "ball_pos": [
        -11.136962890625,
        -0.6688326597213745
      ],
      "reward_shaping": null,
      "score": null,
      "step": 13,
      "team0_centroid": [
        0.9968509674072266,
        -1.2865317463874817
      ],
      "team0_step_reward": 0.0,
      "team1_centroid": [
        -11.413564682006836,
        -1.0801568031311035
      ],
      "team1_step_reward": 0.0,
      "winner": null
    },
    {
      "ball_pos": [
        -11.796529769897461,
        -0.7319871187210083
      ],
      "reward_shaping": null,
      "score": null,
      "step": 14,
      "team0_centroid": [
        -0.2898745536804199,
        -1.4922274351119995
      ],
      "team0_step_reward": 0.0,