{
  "classification": {
    "labels": [
      "win"
    ],
    "primary_label": "win"
  },
  "cumulative_team0_reward": 1.9223999977111816,
  "cumulative_team1_reward": -2.0,
  "episode_index": 227,
  "final_score": null,
  "final_team0_step_reward": 1.9223999977111816,
  "final_team1_step_reward": -2.0,
  "final_winner": null,
  "metrics": {
    "mean_ball_x": -10.7587868922796,
    "tail_mean_ball_x": -12.60129451751709,
    "team0_possession_ratio": null,
    "team0_progress_toward_goal": 0.0,
    "team0_shaping_reward_sum": 0.0,
    "team1_possession_ratio": null,
    "team1_progress_toward_goal": 0.0,
    "team1_shaping_reward_sum": 0.0
  },
  "outcome": "team0_win",
  "sampled_trace": [
    {
      "ball_pos": [
        -1.3664746284484863,
        -2.300107479095459
      ],
      "reward_shaping": null,
      "score": null,
      "step": 0,
      "team0_centroid": [
        5.429455280303955,
        -0.012080252170562744
      ],
      "team0_step_reward": 0.0,
      "team1_centroid": [
        -9.939849376678467,
        0.1019635796546936
      ],
      "team1_step_reward": 0.0,
      "winner": null
    },
    {
      "ball_pos": [
        -12.7832612991333,
        -6.180734634399414
      ],
      "reward_shaping": null,
      "score": null,
      "step": 10,
      "team0_centroid": [
        -6.801797151565552,
        -2.3583942353725433
      ],
      "team0_step_reward": 0.0,
      "team1_centroid": [
        -9.300559997558594,
        -0.5151124000549316
      ],
      "team1_step_reward": 0.0,
      "winner": null
    },
    {
      "ball_pos": [
        -12.727995872497559,
        -3.027014970779419
      ],
      "reward_shaping": null,
      "score": null,
      "step": 20,
      "team0_centroid": [
        -5.35328334569931,
        -0.6451733112335205
      ],
      "team0_step_reward": 0.0,
      "team1_centroid": [
        -9.561651468276978,
        0.0243341326713562
      ],
      "team1_step_reward": 0.0,
      "winner": null
    },
    {
      "ball_pos": [
        -11.881842613220215,
        -0.7209111452102661
      ],
      "reward_shaping": null,
      "score": null,
      "step": 30,
      "team0_centroid": [
        -2.8113019317388535,
        3.676832437515259
      ],
      "team0_step_reward": 0.0,
      "team1_centroid": [
        -6.457775413990021,
        2.499521017074585
      ],
      "team1_step_reward": 0.0,
      "winner": null
    }
  ],
  "steps": 39,
  "tail_trace": [
    {
      "ball_pos": [
        -11.713369369506836,
        -5.8137407302856445
      ],
      "reward_shaping": null,
      "score": null,
      "step": 9,
      "team0_centroid": [
        -5.975517511367798,
        -2.2363289296627045
      ],
      "team0_step_reward": 0.0,
      "team1_centroid": [
        -9.373438596725464,
        -0.45005421340465546
      ],
      "team1_step_reward": 0.0,
      "winner": null
    },
    {
      "ball_pos": [
        -12.7832612991333,
        -6.180734634399414
      ],
      "reward_shaping": null,
      "score": null,
      "step": 10,
      "team0_centroid": [
        -6.801797151565552,
        -2.3583942353725433
      ],
      "team0_step_reward": 0.0,
      "team1_centroid": [
        -9.300559997558594,
        -0.5151124000549316
      ],
      "team1_step_reward": 0.0,
      "winner": null
    },
    {
      "ball_pos": [
        -13.388078689575195,
        -6.341133117675781
      ],
      "reward_shaping": null,
      "score": null,
      "step": 11,
      "team0_centroid": [
        -7.194614887237549,
        -2.4226160645484924
      ],
      "team0_step_reward": 0.0,
      "team1_centroid": [
        -9.077162265777588,
        -0.618484765291214
      ],
      "team1_step_reward": 0.0,
      "winner": null
    },
    {
      "ball_pos": [
        -13.165586471557617,
        -6.15538215637207
      ],
      "reward_shaping": null,
      "score": null,
      "step": 12,
      "team0_centroid": [
        -7.33298921585083,
        -2.442714676260948
      ],
      "team0_step_reward": 0.0,
      "team1_centroid": [
        -8.909995794296265,
        -0.7295982241630554
      ],
      "team1_step_reward": 0.0,
      "winner": null
    },
    {
      "ball_pos": [
        -12.876178741455078,
        -6.756928443908691
      ],
      "reward_shaping": null,
      "score": null,
      "step": 13,
      "team0_centroid": [
        -7.238454103469849,
        -2.3764804005622864
      ],
      "team0_step_reward": 0.0,
      "team1_centroid": [
        -8.592819452285767,
        -0.6244071871042252
      ],
      "team1_step_reward": 0.0,
      "winner": null
    },
    {
      "ball_pos": [
        -13.014922142028809,
        -6.258059024810791
      ],
      "reward_shaping": null,
      "score": null,
      "step": 14,
      "team0_centroid": [
        -7.026892900466919,
        -2.26142817735672
      ],
      "team0_step_reward": 0.0,
      "team1_centroid": [
        -8.483190298080444,
        -0.4977506548166275
      ],
      "team1_step_reward": 0.0,
      "winner": null
    },
    {
      "ball_pos": [
        -13.72722339630127,
        -5.747928619384766
      ],
      "reward_shaping": null,
      "score": null,
      "step": 15,
      "team0_centroid": [
        -6.791274845600128,
        -2.2930200695991516
      ],
      "team0_step_reward": 0.0,
      "team1_centroid": [
        -8.57488763332367,
        -0.44685640931129456
      ],
      "team1_step_reward": 0.0,
      "winner": null
    },
    {
      "ball_pos": [
        -13.45200252532959,
        -5.00021505355835
      ],
      "reward_shaping": null,
      "score": null,
      "step": 16,
      "team0_centroid": [
        -6.658422529697418,
        -2.406826078891754
      ],
      "team0_step_reward": 0.0,
      "team1_centroid": [
        -8.61732292175293,
        -0.4822595417499542
      ],
      "team1_step_reward": 0.0,
      "winner": null
    },
    {
      "ball_pos": [
        -13.220804214477539,
        -4.370118618011475
      ],
      "reward_shaping": null,
      "score": null,
      "step": 17,
      "team0_centroid": [
        -6.551190257072449,
        -2.4668201208114624
      ],
      "team0_step_reward": 0.0,
      "team1_centroid": [
        -8.872020721435547,
        -0.5464850664138794
      ],
      "team1_step_reward": 0.0,
      "winner": null
    },
    {
      "ball_pos": [
        -13.028712272644043,
        -3.846590042114258
      ],
      "reward_shaping": null,
      "score": null,
      "step": 18,
      "team0_centroid": [
        -6.279841303825378,
        -2.2239948511123657
      ],
      "team0_step_reward": 0.0,
      "team1_centroid": [
        -9.249119520187378,
        -0.4712557792663574
      ],
      "team1_step_reward": 0.0,
      "winner": null
    },
    {
      "ball_pos": [
        -12.869743347167969,
        -3.4133341312408447
      ],
      "reward_shaping": null,
      "score": null,
      "step": 19,
      "team0_centroid": [
        -5.850764513015747,
        -1.5893836617469788
      ],
      "team0_step_reward": 0.0,
      "team1_centroid": [
        -9.58906602859497,
        -0.20125526189804077
      ],
      "team1_step_reward": 0.0,
      "winner": null
    },
    {
      "ball_pos": [
        -12.727995872497559,
        -3.027014970779419
      ],
      "reward_shaping": null,
      "score": null,
      "step": 20,
      "team0_centroid": [
        -5.35328334569931,
        -0.6451733112335205
      ],
      "team0_step_reward": 0.0,
      "team1_centroid": [
        -9.561651468276978,
        0.0243341326713562
      ],
      "team1_step_reward": 0.0,
      "winner": null
    },
    {
      "ball_pos": [
        -12.599953651428223,
        -2.678050994873047
      ],
      "reward_shaping": null,
      "score": null,
      "step": 21,
      "team0_centroid": [
        -4.91448974609375,
        0.3975440263748169
      ],
      "team0_step_reward": 0.0,