{
  "classification": {
    "labels": [
      "win"
    ],
    "primary_label": "win"
  },
  "cumulative_team0_reward": 1.9520000219345093,
  "cumulative_team1_reward": -2.0,
  "episode_index": 450,
  "final_score": null,
  "final_team0_step_reward": 1.9520000219345093,
  "final_team1_step_reward": -2.0,
  "final_winner": null,
  "metrics": {
    "mean_ball_x": 4.66717163970073,
    "tail_mean_ball_x": 4.66717163970073,
    "team0_possession_ratio": null,
    "team0_progress_toward_goal": 0.0,
    "team0_shaping_reward_sum": 0.0,
    "team1_possession_ratio": null,
    "team1_progress_toward_goal": 0.0,
    "team1_shaping_reward_sum": 0.0
  },
  "outcome": "team0_win",
  "sampled_trace": [
    {
      "ball_pos": [
        -1.169560194015503,
        -2.0247058868408203
      ],
      "reward_shaping": null,
      "score": null,
      "step": 0,
      "team0_centroid": [
        -8.189297676086426,
        0.0
      ],
      "team0_step_reward": 0.0,
      "team1_centroid": [
        5.718008041381836,
        -0.09305888414382935
      ],
      "team1_step_reward": 0.0,
      "winner": null
    },
    {
      "ball_pos": [
        4.193753242492676,
        -6.131976127624512
      ],
      "reward_shaping": null,
      "score": null,
      "step": 10,
      "team0_centroid": [
        2.48395836353302,
        -3.731462001800537
      ],
      "team0_step_reward": 0.0,
      "team1_centroid": [
        7.015303730964661,
        -0.8740368485450745
      ],
      "team1_step_reward": 0.0,
      "winner": null
    },
    {
      "ball_pos": [
        9.817856788635254,
        -0.9130143523216248
      ],
      "reward_shaping": null,
      "score": null,
      "step": 20,
      "team0_centroid": [
        6.604289770126343,
        -2.102262854576111
      ],
      "team0_step_reward": 0.0,
      "team1_centroid": [
        7.602053880691528,
        -2.217886447906494
      ],
      "team1_step_reward": 0.0,
      "winner": null
    }
  ],
  "steps": 24,
  "tail_trace": [
    {
      "ball_pos": [
        -1.169560194015503,
        -2.0247058868408203
      ],
      "reward_shaping": null,
      "score": null,
      "step": 0,
      "team0_centroid": [
        -8.189297676086426,
        0.0
      ],
      "team0_step_reward": 0.0,
      "team1_centroid": [
        5.718008041381836,
        -0.09305888414382935
      ],
      "team1_step_reward": 0.0,
      "winner": null
    },
    {
      "ball_pos": [
        -1.169560194015503,
        -2.0247058868408203
      ],
      "reward_shaping": null,
      "score": null,
      "step": 1,
      "team0_centroid": [
        -7.69032621383667,
        -0.061325669288635254
      ],
      "team0_step_reward": 0.0,
      "team1_centroid": [
        6.03205132484436,
        -0.3522982895374298
      ],
      "team1_step_reward": 0.0,
      "winner": null
    },
    {
      "ball_pos": [
        -1.169560194015503,
        -2.0247058868408203
      ],
      "reward_shaping": null,
      "score": null,
      "step": 2,
      "team0_centroid": [
        -6.784752368927002,
        -0.22933611273765564
      ],
      "team0_step_reward": 0.0,
      "team1_centroid": [
        6.2586987018585205,
        -0.5379206240177155
      ],
      "team1_step_reward": 0.0,
      "winner": null
    },
    {
      "ball_pos": [
        -1.169560194015503,
        -2.0247058868408203
      ],
      "reward_shaping": null,
      "score": null,
      "step": 3,
      "team0_centroid": [
        -5.741717576980591,
        -0.4514506161212921
      ],
      "team0_step_reward": 0.0,
      "team1_centroid": [
        6.207695484161377,
        -0.6277011036872864
      ],
      "team1_step_reward": 0.0,
      "winner": null
    },
    {
      "ball_pos": [
        -1.169560194015503,
        -2.0247058868408203
      ],
      "reward_shaping": null,
      "score": null,
      "step": 4,
      "team0_centroid": [
        -4.598971605300903,
        -0.8250456638634205
      ],
      "team0_step_reward": 0.0,
      "team1_centroid": [
        6.033766746520996,
        -0.545647993683815
      ],
      "team1_step_reward": 0.0,
      "winner": null
    },
    {
      "ball_pos": [
        -1.169560194015503,
        -2.0247058868408203
      ],
      "reward_shaping": null,
      "score": null,
      "step": 5,
      "team0_centroid": [
        -3.148555040359497,
        -1.3092190325260162
      ],
      "team0_step_reward": 0.0,
      "team1_centroid": [
        5.933978796005249,
        -0.4717761501669884
      ],
      "team1_step_reward": 0.0,
      "winner": null
    },
    {
      "ball_pos": [
        -0.5101991891860962,
        -2.7364699840545654
      ],
      "reward_shaping": null,
      "score": null,
      "step": 6,
      "team0_centroid": [
        -1.5996978282928467,
        -1.7498489022254944
      ],
      "team0_step_reward": 0.0,
      "team1_centroid": [
        6.102875828742981,
        -0.327299602329731
      ],
      "team1_step_reward": 0.0,
      "winner": null
    },
    {
      "ball_pos": [
        0.9832474589347839,
        -4.329463481903076
      ],
      "reward_shaping": null,
      "score": null,
      "step": 7,
      "team0_centroid": [
        -0.1319316029548645,
        -2.240670323371887
      ],
      "team0_step_reward": 0.0,
      "team1_centroid": [
        6.546880722045898,
        -0.18469926714897156
      ],
      "team1_step_reward": 0.0,
      "winner": null
    },
    {
      "ball_pos": [
        2.2997148036956787,
        -5.733592510223389
      ],
      "reward_shaping": null,
      "score": null,
      "step": 8,
      "team0_centroid": [
        1.0317167043685913,
        -2.8404256105422974
      ],
      "team0_step_reward": 0.0,
      "team1_centroid": [
        6.9500603675842285,
        -0.2474268078804016
      ],
      "team1_step_reward": 0.0,
      "winner": null
    },
    {
      "ball_pos": [
        3.4561612606048584,
        -6.967044353485107
      ],
      "reward_shaping": null,
      "score": null,
      "step": 9,
      "team0_centroid": [
        1.855876088142395,
        -3.359030604362488
      ],
      "team0_step_reward": 0.0,
      "team1_centroid": [
        7.176124334335327,
        -0.4958709180355072
      ],
      "team1_step_reward": 0.0,
      "winner": null
    },
    {
      "ball_pos": [
        4.193753242492676,
        -6.131976127624512
      ],
      "reward_shaping": null,
      "score": null,
      "step": 10,
      "team0_centroid": [
        2.48395836353302,
        -3.731462001800537
      ],
      "team0_step_reward": 0.0,
      "team1_centroid": [
        7.015303730964661,
        -0.8740368485450745
      ],
      "team1_step_reward": 0.0,
      "winner": null
    },
    {
      "ball_pos": [
        4.812924861907959,
        -5.427280426025391
      ],
      "reward_shaping": null,
      "score": null,
      "step": 11,
      "team0_centroid": [
        2.9907633662223816,
        -3.9992008209228516
      ],
      "team0_step_reward": 0.0,
      "team1_centroid": [
        6.823407769203186,
        -1.2483400776982307
      ],
      "team1_step_reward": 0.0,
      "winner": null
    },
    {
      "ball_pos": [
        5.340296745300293,
        -4.8271708488464355
      ],
      "reward_shaping": null,
      "score": null,
      "step": 12,
      "team0_centroid": [
        3.6474941968917847,
        -4.062390327453613
      ],
      "team0_step_reward": 0.0,
      "team1_centroid": [
        7.050665855407715,
        -1.4085878878831863
      ],
      "team1_step_reward": 0.0,
      "winner": null
    },
    {
      "ball_pos": [
        5.784633159637451,
        -4.3215508460998535
      ],
      "reward_shaping": null,
      "score": null,
      "step": 13,
      "team0_centroid": [
        4.286296248435974,
        -3.8850982785224915
      ],
      "team0_step_reward": 0.0,
      "team1_centroid": [
        7.413691520690918,
        -1.5209685862064362
      ],