{
  "classification": {
    "labels": [
      "win"
    ],
    "primary_label": "win"
  },
  "cumulative_team0_reward": 1.9459999799728394,
  "cumulative_team1_reward": -2.0,
  "episode_index": 128,
  "final_score": null,
  "final_team0_step_reward": 1.9459999799728394,
  "final_team1_step_reward": -2.0,
  "final_winner": null,
  "metrics": {
    "mean_ball_x": 8.735906954164859,
    "tail_mean_ball_x": 8.735906954164859,
    "team0_possession_ratio": null,
    "team0_progress_toward_goal": 0.0,
    "team0_shaping_reward_sum": 0.0,
    "team1_possession_ratio": null,
    "team1_progress_toward_goal": 0.0,
    "team1_shaping_reward_sum": 0.0
  },
  "outcome": "team0_win",
  "sampled_trace": [
    {
      "ball_pos": [
        2.0877158641815186,
        2.3430962562561035
      ],
      "reward_shaping": null,
      "score": null,
      "step": 0,
      "team0_centroid": [
        -9.293205261230469,
        0.05144983530044556
      ],
      "team0_step_reward": 0.0,
      "team1_centroid": [
        9.965856313705444,
        0.13721442222595215
      ],
      "team1_step_reward": 0.0,
      "winner": null
    },
    {
      "ball_pos": [
        6.603194713592529,
        -1.7321217060089111
      ],
      "reward_shaping": null,
      "score": null,
      "step": 10,
      "team0_centroid": [
        3.683811902999878,
        1.946399450302124
      ],
      "team0_step_reward": 0.0,
      "team1_centroid": [
        13.010607242584229,
        -0.06789892166852951
      ],
      "team1_step_reward": 0.0,
      "winner": null
    },
    {
      "ball_pos": [
        13.910018920898438,
        -5.169992923736572
      ],
      "reward_shaping": null,
      "score": null,
      "step": 20,
      "team0_centroid": [
        7.434304714202881,
        1.3896919190883636
      ],
      "team0_step_reward": 0.0,
      "team1_centroid": [
        12.536686420440674,
        0.4220673739910126
      ],
      "team1_step_reward": 0.0,
      "winner": null
    }
  ],
  "steps": 27,
  "tail_trace": [
    {
      "ball_pos": [
        2.0877158641815186,
        2.3430962562561035
      ],
      "reward_shaping": null,
      "score": null,
      "step": 0,
      "team0_centroid": [
        -9.293205261230469,
        0.05144983530044556
      ],
      "team0_step_reward": 0.0,
      "team1_centroid": [
        9.965856313705444,
        0.13721442222595215
      ],
      "team1_step_reward": 0.0,
      "winner": null
    },
    {
      "ball_pos": [
        2.0877158641815186,
        2.3430962562561035
      ],
      "reward_shaping": null,
      "score": null,
      "step": 1,
      "team0_centroid": [
        -8.478392124176025,
        0.2426546812057495
      ],
      "team0_step_reward": 0.0,
      "team1_centroid": [
        9.96822190284729,
        0.15592938661575317
      ],
      "team1_step_reward": 0.0,
      "winner": null
    },
    {
      "ball_pos": [
        2.0877158641815186,
        2.3430962562561035
      ],
      "reward_shaping": null,
      "score": null,
      "step": 2,
      "team0_centroid": [
        -7.3506200313568115,
        0.5475824773311615
      ],
      "team0_step_reward": 0.0,
      "team1_centroid": [
        10.19191312789917,
        0.07664653658866882
      ],
      "team1_step_reward": 0.0,
      "winner": null
    },
    {
      "ball_pos": [
        2.0877158641815186,
        2.3430962562561035
      ],
      "reward_shaping": null,
      "score": null,
      "step": 3,
      "team0_centroid": [
        -5.897112607955933,
        0.9558116942644119
      ],
      "team0_step_reward": 0.0,
      "team1_centroid": [
        10.739898204803467,
        0.01925310492515564
      ],
      "team1_step_reward": 0.0,
      "winner": null
    },
    {
      "ball_pos": [
        2.0877158641815186,
        2.3430962562561035
      ],
      "reward_shaping": null,
      "score": null,
      "step": 4,
      "team0_centroid": [
        -4.292405486106873,
        1.3527140356600285
      ],
      "team0_step_reward": 0.0,
      "team1_centroid": [
        11.015711784362793,
        -0.002179473638534546
      ],
      "team1_step_reward": 0.0,
      "winner": null
    },
    {
      "ball_pos": [
        2.0877158641815186,
        2.3430962562561035
      ],
      "reward_shaping": null,
      "score": null,
      "step": 5,
      "team0_centroid": [
        -2.722947657108307,
        1.6301425397396088
      ],
      "team0_step_reward": 0.0,
      "team1_centroid": [
        11.040307521820068,
        -0.0005754977464675903
      ],
      "team1_step_reward": 0.0,
      "winner": null
    },
    {
      "ball_pos": [
        2.0877158641815186,
        2.3430962562561035
      ],
      "reward_shaping": null,
      "score": null,
      "step": 6,
      "team0_centroid": [
        -1.2026087641716003,
        2.0004621744155884
      ],
      "team0_step_reward": 0.0,
      "team1_centroid": [
        11.316385269165039,
        -0.00657673180103302
      ],
      "team1_step_reward": 0.0,
      "winner": null
    },
    {
      "ball_pos": [
        2.0877158641815186,
        2.3430962562561035
      ],
      "reward_shaping": null,
      "score": null,
      "step": 7,
      "team0_centroid": [
        0.3096528947353363,
        2.2774065136909485
      ],
      "team0_step_reward": 0.0,
      "team1_centroid": [
        11.684860229492188,
        0.04652628302574158
      ],
      "team1_step_reward": 0.0,
      "winner": null
    },
    {
      "ball_pos": [
        3.282358169555664,
        1.4868249893188477
      ],
      "reward_shaping": null,
      "score": null,
      "step": 8,
      "team0_centroid": [
        1.7697267532348633,
        2.376453936100006
      ],
      "team0_step_reward": 0.0,
      "team1_centroid": [
        12.169156551361084,
        -0.02001892775297165
      ],
      "team1_step_reward": 0.0,
      "winner": null
    },
    {
      "ball_pos": [
        5.045087814331055,
        -0.22176286578178406
      ],
      "reward_shaping": null,
      "score": null,
      "step": 9,
      "team0_centroid": [
        2.924726128578186,
        2.26217782497406
      ],
      "team0_step_reward": 0.0,
      "team1_centroid": [
        12.67012071609497,
        -0.08393618557602167
      ],
      "team1_step_reward": 0.0,
      "winner": null
    },
    {
      "ball_pos": [
        6.603194713592529,
        -1.7321217060089111
      ],
      "reward_shaping": null,
      "score": null,
      "step": 10,
      "team0_centroid": [
        3.683811902999878,
        1.946399450302124
      ],
      "team0_step_reward": 0.0,
      "team1_centroid": [
        13.010607242584229,
        -0.06789892166852951
      ],
      "team1_step_reward": 0.0,
      "winner": null
    },
    {
      "ball_pos": [
        7.976394176483154,
        -3.0632400512695312
      ],
      "reward_shaping": null,
      "score": null,
      "step": 11,
      "team0_centroid": [
        4.200943827629089,
        1.6325873136520386
      ],
      "team0_step_reward": 0.0,
      "team1_centroid": [
        13.118591785430908,
        -0.12792809307575226
      ],
      "team1_step_reward": 0.0,
      "winner": null
    },
    {
      "ball_pos": [
        9.182451248168945,
        -4.2323384284973145
      ],
      "reward_shaping": null,
      "score": null,
      "step": 12,
      "team0_centroid": [
        4.791428565979004,
        1.278699204325676
      ],
      "team0_step_reward": 0.0,
      "team1_centroid": [
        13.02037525177002,
        -0.25508441030979156
      ],
      "team1_step_reward": 0.0,
      "winner": null
    },
    {
      "ball_pos": [
        10.2374267578125,
        -5.254984378814697
      ],
      "reward_shaping": null,
      "score": null,
      "step": 13,
      "team0_centroid": [
        5.332116365432739,
        0.9413741230964661
      ],
      "team0_step_reward": 0.0,