{
  "classification": {
    "labels": [
      "win"
    ],
    "primary_label": "win"
  },
  "cumulative_team0_reward": 1.9235999584197998,
  "cumulative_team1_reward": -2.0,
  "episode_index": 71,
  "final_score": null,
  "final_team0_step_reward": 1.9235999584197998,
  "final_team1_step_reward": -2.0,
  "final_winner": null,
  "metrics": {
    "mean_ball_x": -6.165883194459112,
    "tail_mean_ball_x": -8.038982995351155,
    "team0_possession_ratio": null,
    "team0_progress_toward_goal": 0.0,
    "team0_shaping_reward_sum": 0.0,
    "team1_possession_ratio": null,
    "team1_progress_toward_goal": 0.0,
    "team1_shaping_reward_sum": 0.0
  },
  "outcome": "team0_win",
  "sampled_trace": [
    {
      "ball_pos": [
        1.8268462419509888,
        0.5962560176849365
      ],
      "reward_shaping": null,
      "score": null,
      "step": 0,
      "team0_centroid": [
        7.425764560699463,
        0.07739639282226562
      ],
      "team0_step_reward": 0.0,
      "team1_centroid": [
        -9.706830978393555,
        -0.00096893310546875
      ],
      "team1_step_reward": 0.0,
      "winner": null
    },
    {
      "ball_pos": [
        -1.3982774019241333,
        5.675890922546387
      ],
      "reward_shaping": null,
      "score": null,
      "step": 10,
      "team0_centroid": [
        4.996328711509705,
        2.3978387117385864
      ],
      "team0_step_reward": 0.0,
      "team1_centroid": [
        -9.664141178131104,
        -0.9946938753128052
      ],
      "team1_step_reward": 0.0,
      "winner": null
    },
    {
      "ball_pos": [
        -3.3343701362609863,
        6.818012237548828
      ],
      "reward_shaping": null,
      "score": null,
      "step": 20,
      "team0_centroid": [
        6.17059063911438,
        5.379568338394165
      ],
      "team0_step_reward": 0.0,
      "team1_centroid": [
        -10.24318552017212,
        -1.406481146812439
      ],
      "team1_step_reward": 0.0,
      "winner": null
    },
    {
      "ball_pos": [
        -13.751724243164062,
        3.3275723457336426
      ],
      "reward_shaping": null,
      "score": null,
      "step": 30,
      "team0_centroid": [
        0.8097000122070312,
        4.668055295944214
      ],
      "team0_step_reward": 0.0,
      "team1_centroid": [
        -10.492847442626953,
        -2.1518253535032272
      ],
      "team1_step_reward": 0.0,
      "winner": null
    }
  ],
  "steps": 38,
  "tail_trace": [
    {
      "ball_pos": [
        -0.8983016014099121,
        4.895434379577637
      ],
      "reward_shaping": null,
      "score": null,
      "step": 8,
      "team0_centroid": [
        5.284982591867447,
        1.5060959309339523
      ],
      "team0_step_reward": 0.0,
      "team1_centroid": [
        -9.61862301826477,
        -0.7985398471355438
      ],
      "team1_step_reward": 0.0,
      "winner": null
    },
    {
      "ball_pos": [
        -1.1609766483306885,
        5.305467128753662
      ],
      "reward_shaping": null,
      "score": null,
      "step": 9,
      "team0_centroid": [
        5.075869560241699,
        1.9969700872898102
      ],
      "team0_step_reward": 0.0,
      "team1_centroid": [
        -9.703687191009521,
        -1.0136174261569977
      ],
      "team1_step_reward": 0.0,
      "winner": null
    },
    {
      "ball_pos": [
        -1.3982774019241333,
        5.675890922546387
      ],
      "reward_shaping": null,
      "score": null,
      "step": 10,
      "team0_centroid": [
        4.996328711509705,
        2.3978387117385864
      ],
      "team0_step_reward": 0.0,
      "team1_centroid": [
        -9.664141178131104,
        -0.9946938753128052
      ],
      "team1_step_reward": 0.0,
      "winner": null
    },
    {
      "ball_pos": [
        -1.6126415729522705,
        6.0105109214782715
      ],
      "reward_shaping": null,
      "score": null,
      "step": 11,
      "team0_centroid": [
        4.9875752329826355,
        2.64786559343338
      ],
      "team0_step_reward": 0.0,
      "team1_centroid": [
        -9.397985935211182,
        -0.8915731310844421
      ],
      "team1_step_reward": 0.0,
      "winner": null
    },
    {
      "ball_pos": [
        -1.806242823600769,
        6.312720775604248
      ],
      "reward_shaping": null,
      "score": null,
      "step": 12,
      "team0_centroid": [
        5.076576590538025,
        2.9403902292251587
      ],
      "team0_step_reward": 0.0,
      "team1_centroid": [
        -9.008698463439941,
        -0.9593120962381363
      ],
      "team1_step_reward": 0.0,
      "winner": null
    },
    {
      "ball_pos": [
        -1.9800910949707031,
        6.584096431732178
      ],
      "reward_shaping": null,
      "score": null,
      "step": 13,
      "team0_centroid": [
        5.202749848365784,
        3.207683801651001
      ],
      "team0_step_reward": 0.0,
      "team1_centroid": [
        -8.72029161453247,
        -1.0890297666192055
      ],
      "team1_step_reward": 0.0,
      "winner": null
    },
    {
      "ball_pos": [
        -2.1371283531188965,
        6.829230308532715
      ],
      "reward_shaping": null,
      "score": null,
      "step": 14,
      "team0_centroid": [
        5.393853783607483,
        3.5122103691101074
      ],
      "team0_step_reward": 0.0,
      "team1_centroid": [
        -8.530400276184082,
        -1.1794322431087494
      ],
      "team1_step_reward": 0.0,
      "winner": null
    },
    {
      "ball_pos": [
        -2.271454095840454,
        6.786228179931641
      ],
      "reward_shaping": null,
      "score": null,
      "step": 15,
      "team0_centroid": [
        5.655657887458801,
        3.9215288162231445
      ],
      "team0_step_reward": 0.0,
      "team1_centroid": [
        -8.661942481994629,
        -1.3015660047531128
      ],
      "team1_step_reward": 0.0,
      "winner": null
    },
    {
      "ball_pos": [
        -2.3978188037872314,
        6.705071926116943
      ],
      "reward_shaping": null,
      "score": null,
      "step": 16,
      "team0_centroid": [
        5.806343913078308,
        4.142991781234741
      ],
      "team0_step_reward": 0.0,
      "team1_centroid": [
        -8.933599710464478,
        -1.4821263551712036
      ],
      "team1_step_reward": 0.0,
      "winner": null
    },
    {
      "ball_pos": [
        -2.512033700942993,
        6.631956100463867
      ],
      "reward_shaping": null,
      "score": null,
      "step": 17,
      "team0_centroid": [
        5.935910701751709,
        4.3384376764297485
      ],
      "team0_step_reward": 0.0,
      "team1_centroid": [
        -9.118359088897705,
        -1.5746176838874817
      ],
      "team1_step_reward": 0.0,
      "winner": null
    },
    {
      "ball_pos": [
        -2.61527681350708,
        6.565873146057129
      ],
      "reward_shaping": null,
      "score": null,
      "step": 18,
      "team0_centroid": [
        6.117818295955658,
        4.682683944702148
      ],
      "team0_step_reward": 0.0,
      "team1_centroid": [
        -9.50900936126709,
        -1.577896922826767
      ],
      "team1_step_reward": 0.0,
      "winner": null
    },
    {
      "ball_pos": [
        -2.7690541744232178,
        6.644900321960449
      ],
      "reward_shaping": null,
      "score": null,
      "step": 19,
      "team0_centroid": [
        6.327552378177643,
        5.129345893859863
      ],
      "team0_step_reward": 0.0,
      "team1_centroid": [
        -9.974297046661377,
        -1.564396619796753
      ],
      "team1_step_reward": 0.0,
      "winner": null
    },
    {
      "ball_pos": [
        -3.3343701362609863,
        6.818012237548828
      ],
      "reward_shaping": null,
      "score": null,
      "step": 20,
      "team0_centroid": [
        6.17059063911438,
        5.379568338394165
      ],
      "team0_step_reward": 0.0,
      "team1_centroid": [
        -10.24318552017212,
        -1.406481146812439
      ],