{
  "classification": {
    "labels": [
      "win"
    ],
    "primary_label": "win"
  },
  "cumulative_team0_reward": 1.9575999975204468,
  "cumulative_team1_reward": -2.0,
  "episode_index": 313,
  "final_score": null,
  "final_team0_step_reward": 1.9575999975204468,
  "final_team1_step_reward": -2.0,
  "final_winner": null,
  "metrics": {
    "mean_ball_x": -7.321788075424376,
    "tail_mean_ball_x": -7.321788075424376,
    "team0_possession_ratio": null,
    "team0_progress_toward_goal": 0.0,
    "team0_shaping_reward_sum": 0.0,
    "team1_possession_ratio": null,
    "team1_progress_toward_goal": 0.0,
    "team1_shaping_reward_sum": 0.0
  },
  "outcome": "team0_win",
  "sampled_trace": [
    {
      "ball_pos": [
        0.751009464263916,
        -1.9936407804489136
      ],
      "reward_shaping": null,
      "score": null,
      "step": 0,
      "team0_centroid": [
        10.572365283966064,
        -0.04032987356185913
      ],
      "team0_step_reward": 0.0,
      "team1_centroid": [
        -11.789519309997559,
        -0.022740066051483154
      ],
      "team1_step_reward": 0.0,
      "winner": null
    },
    {
      "ball_pos": [
        -8.914942741394043,
        -5.416174411773682
      ],
      "reward_shaping": null,
      "score": null,
      "step": 10,
      "team0_centroid": [
        -0.035929203033447266,
        -0.5053227543830872
      ],
      "team0_step_reward": 0.0,
      "team1_centroid": [
        -11.037157535552979,
        -0.4939993619918823
      ],
      "team1_step_reward": 0.0,
      "winner": null
    },
    {
      "ball_pos": [
        -14.918367385864258,
        -3.9070076942443848
      ],
      "reward_shaping": null,
      "score": null,
      "step": 20,
      "team0_centroid": [
        -4.1529998779296875,
        -1.4216696470975876
      ],
      "team0_step_reward": 1.9575999975204468,
      "team1_centroid": [
        -9.277522087097168,
        -1.7508909702301025
      ],
      "team1_step_reward": -2.0,
      "winner": null
    }
  ],
  "steps": 21,
  "tail_trace": [
    {
      "ball_pos": [
        0.751009464263916,
        -1.9936407804489136
      ],
      "reward_shaping": null,
      "score": null,
      "step": 0,
      "team0_centroid": [
        10.572365283966064,
        -0.04032987356185913
      ],
      "team0_step_reward": 0.0,
      "team1_centroid": [
        -11.789519309997559,
        -0.022740066051483154
      ],
      "team1_step_reward": 0.0,
      "winner": null
    },
    {
      "ball_pos": [
        0.751009464263916,
        -1.9936407804489136
      ],
      "reward_shaping": null,
      "score": null,
      "step": 1,
      "team0_centroid": [
        9.944496154785156,
        -0.18328562378883362
      ],
      "team0_step_reward": 0.0,
      "team1_centroid": [
        -11.461804866790771,
        -0.1241459846496582
      ],
      "team1_step_reward": 0.0,
      "winner": null
    },
    {
      "ball_pos": [
        0.751009464263916,
        -1.9936407804489136
      ],
      "reward_shaping": null,
      "score": null,
      "step": 2,
      "team0_centroid": [
        9.265284061431885,
        -0.32685959339141846
      ],
      "team0_step_reward": 0.0,
      "team1_centroid": [
        -11.23981761932373,
        -0.08003091812133789
      ],
      "team1_step_reward": 0.0,
      "winner": null
    },
    {
      "ball_pos": [
        0.7510095238685608,
        -1.9936407804489136
      ],
      "reward_shaping": null,
      "score": null,
      "step": 3,
      "team0_centroid": [
        8.356783866882324,
        -0.3687089681625366
      ],
      "team0_step_reward": 0.0,
      "team1_centroid": [
        -11.079213619232178,
        -0.10082948207855225
      ],
      "team1_step_reward": 0.0,
      "winner": null
    },
    {
      "ball_pos": [
        0.7510095238685608,
        -1.9936407804489136
      ],
      "reward_shaping": null,
      "score": null,
      "step": 4,
      "team0_centroid": [
        7.524585247039795,
        -0.33693087100982666
      ],
      "team0_step_reward": 0.0,
      "team1_centroid": [
        -10.967164516448975,
        -0.2715161442756653
      ],
      "team1_step_reward": 0.0,
      "winner": null
    },
    {
      "ball_pos": [
        0.7510095238685608,
        -1.9936407804489136
      ],
      "reward_shaping": null,
      "score": null,
      "step": 5,
      "team0_centroid": [
        6.909473180770874,
        -0.2900480628013611
      ],
      "team0_step_reward": 0.0,
      "team1_centroid": [
        -10.87189245223999,
        -0.49603188037872314
      ],
      "team1_step_reward": 0.0,
      "winner": null
    },
    {
      "ball_pos": [
        -1.0671417713165283,
        -2.1543450355529785
      ],
      "reward_shaping": null,
      "score": null,
      "step": 6,
      "team0_centroid": [
        6.268124848604202,
        -0.24722176790237427
      ],
      "team0_step_reward": 0.0,
      "team1_centroid": [
        -11.007122039794922,
        -0.7487591505050659
      ],
      "team1_step_reward": 0.0,
      "winner": null
    },
    {
      "ball_pos": [
        -3.3714139461517334,
        -2.404238700866699
      ],
      "reward_shaping": null,
      "score": null,
      "step": 7,
      "team0_centroid": [
        5.164233207702637,
        -0.20367270708084106
      ],
      "team0_step_reward": 0.0,
      "team1_centroid": [
        -11.258116245269775,
        -0.8110446929931641
      ],
      "team1_step_reward": 0.0,
      "winner": null
    },
    {
      "ball_pos": [
        -5.56052303314209,
        -3.091599225997925
      ],
      "reward_shaping": null,
      "score": null,
      "step": 8,
      "team0_centroid": [
        3.557105779647827,
        -0.2043665051460266
      ],
      "team0_step_reward": 0.0,
      "team1_centroid": [
        -11.447888851165771,
        -0.6217287182807922
      ],
      "team1_step_reward": 0.0,
      "winner": null
    },
    {
      "ball_pos": [
        -7.343554973602295,
        -4.327184200286865
      ],
      "reward_shaping": null,
      "score": null,
      "step": 9,
      "team0_centroid": [
        1.8536193370819092,
        -0.32194608449935913
      ],
      "team0_step_reward": 0.0,
      "team1_centroid": [
        -11.310495376586914,
        -0.5197964906692505
      ],
      "team1_step_reward": 0.0,
      "winner": null
    },
    {
      "ball_pos": [
        -8.914942741394043,
        -5.416174411773682
      ],
      "reward_shaping": null,
      "score": null,
      "step": 10,
      "team0_centroid": [
        -0.035929203033447266,
        -0.5053227543830872
      ],
      "team0_step_reward": 0.0,
      "team1_centroid": [
        -11.037157535552979,
        -0.4939993619918823
      ],
      "team1_step_reward": 0.0,
      "winner": null
    },
    {
      "ball_pos": [
        -10.295052528381348,
        -6.372607231140137
      ],
      "reward_shaping": null,
      "score": null,
      "step": 11,
      "team0_centroid": [
        -1.9659686088562012,
        -0.6561766266822815
      ],
      "team0_step_reward": 0.0,
      "team1_centroid": [
        -10.592765808105469,
        -0.43937283754348755
      ],
      "team1_step_reward": 0.0,
      "winner": null
    },
    {
      "ball_pos": [
        -11.384156227111816,
        -6.631885051727295
      ],
      "reward_shaping": null,
      "score": null,
      "step": 12,
      "team0_centroid": [
        -3.487232208251953,
        -0.8737444877624512
      ],
      "team0_step_reward": 0.0,
      "team1_centroid": [
        -10.154711723327637,
        -0.4534677267074585
      ],
      "team1_step_reward": 0.0,
      "winner": null
    },
    {
      "ball_pos": [
        -12.135529518127441,
        -6.0901970863342285
      ],
      "reward_shaping": null,
      "score": null,
      "step": 13,
      "team0_centroid": [
        -4.553951740264893,
        -1.2210266590118408
      ],
      "team0_step_reward": 0.0,