{
  "classification": {
    "labels": [
      "win"
    ],
    "primary_label": "win"
  },
  "cumulative_team0_reward": 1.9515999555587769,
  "cumulative_team1_reward": -2.0,
  "episode_index": 259,
  "final_score": null,
  "final_team0_step_reward": 1.9515999555587769,
  "final_team1_step_reward": -2.0,
  "final_winner": null,
  "metrics": {
    "mean_ball_x": -8.42990412314733,
    "tail_mean_ball_x": -8.42990412314733,
    "team0_possession_ratio": null,
    "team0_progress_toward_goal": 0.0,
    "team0_shaping_reward_sum": 0.0,
    "team1_possession_ratio": null,
    "team1_progress_toward_goal": 0.0,
    "team1_shaping_reward_sum": 0.0
  },
  "outcome": "team0_win",
  "sampled_trace": [
    {
      "ball_pos": [
        -2.1296539306640625,
        2.2634239196777344
      ],
      "reward_shaping": null,
      "score": null,
      "step": 0,
      "team0_centroid": [
        6.461562633514404,
        0.06535899639129639
      ],
      "team0_step_reward": 0.0,
      "team1_centroid": [
        -6.787616729736328,
        -0.06918549537658691
      ],
      "team1_step_reward": 0.0,
      "winner": null
    },
    {
      "ball_pos": [
        -7.823071479797363,
        0.9727701544761658
      ],
      "reward_shaping": null,
      "score": null,
      "step": 10,
      "team0_centroid": [
        -1.3036859035491943,
        2.10518217086792
      ],
      "team0_step_reward": 0.0,
      "team1_centroid": [
        -7.920893907546997,
        -2.061368405818939
      ],
      "team1_step_reward": 0.0,
      "winner": null
    },
    {
      "ball_pos": [
        -14.07973861694336,
        -0.45368683338165283
      ],
      "reward_shaping": null,
      "score": null,
      "step": 20,
      "team0_centroid": [
        -9.268052816390991,
        1.0225969552993774
      ],
      "team0_step_reward": 0.0,
      "team1_centroid": [
        -10.832760095596313,
        -1.7956173419952393
      ],
      "team1_step_reward": 0.0,
      "winner": null
    }
  ],
  "steps": 24,
  "tail_trace": [
    {
      "ball_pos": [
        -2.1296539306640625,
        2.2634239196777344
      ],
      "reward_shaping": null,
      "score": null,
      "step": 0,
      "team0_centroid": [
        6.461562633514404,
        0.06535899639129639
      ],
      "team0_step_reward": 0.0,
      "team1_centroid": [
        -6.787616729736328,
        -0.06918549537658691
      ],
      "team1_step_reward": 0.0,
      "winner": null
    },
    {
      "ball_pos": [
        -2.1296539306640625,
        2.2634239196777344
      ],
      "reward_shaping": null,
      "score": null,
      "step": 1,
      "team0_centroid": [
        5.563233375549316,
        0.22039532661437988
      ],
      "team0_step_reward": 0.0,
      "team1_centroid": [
        -6.785958766937256,
        -0.22169095277786255
      ],
      "team1_step_reward": 0.0,
      "winner": null
    },
    {
      "ball_pos": [
        -2.1296539306640625,
        2.2634239196777344
      ],
      "reward_shaping": null,
      "score": null,
      "step": 2,
      "team0_centroid": [
        4.751382112503052,
        0.30474352836608887
      ],
      "team0_step_reward": 0.0,
      "team1_centroid": [
        -7.046666860580444,
        -0.48080846667289734
      ],
      "team1_step_reward": 0.0,
      "winner": null
    },
    {
      "ball_pos": [
        -2.1296539306640625,
        2.2634239196777344
      ],
      "reward_shaping": null,
      "score": null,
      "step": 3,
      "team0_centroid": [
        3.9333614706993103,
        0.4447017312049866
      ],
      "team0_step_reward": 0.0,
      "team1_centroid": [
        -7.390970587730408,
        -0.8779103010892868
      ],
      "team1_step_reward": 0.0,
      "winner": null
    },
    {
      "ball_pos": [
        -2.1296539306640625,
        2.2634239196777344
      ],
      "reward_shaping": null,
      "score": null,
      "step": 4,
      "team0_centroid": [
        3.1994331628084183,
        0.6203400492668152
      ],
      "team0_step_reward": 0.0,
      "team1_centroid": [
        -7.872198820114136,
        -1.278028316795826
      ],
      "team1_step_reward": 0.0,
      "winner": null
    },
    {
      "ball_pos": [
        -2.1296539306640625,
        2.2634239196777344
      ],
      "reward_shaping": null,
      "score": null,
      "step": 5,
      "team0_centroid": [
        2.464197725057602,
        0.8473998308181763
      ],
      "team0_step_reward": 0.0,
      "team1_centroid": [
        -8.125964641571045,
        -1.6274908930063248
      ],
      "team1_step_reward": 0.0,
      "winner": null
    },
    {
      "ball_pos": [
        -2.1296539306640625,
        2.2634239196777344
      ],
      "reward_shaping": null,
      "score": null,
      "step": 6,
      "team0_centroid": [
        1.8763729929924011,
        1.0453874319791794
      ],
      "team0_step_reward": 0.0,
      "team1_centroid": [
        -7.94474983215332,
        -2.007332533597946
      ],
      "team1_step_reward": 0.0,
      "winner": null
    },
    {
      "ball_pos": [
        -3.401057243347168,
        1.9809072017669678
      ],
      "reward_shaping": null,
      "score": null,
      "step": 7,
      "team0_centroid": [
        1.5465171337127686,
        1.173987053334713
      ],
      "team0_step_reward": 0.0,
      "team1_centroid": [
        -7.719463348388672,
        -2.2663079500198364
      ],
      "team1_step_reward": 0.0,
      "winner": null
    },
    {
      "ball_pos": [
        -5.077227592468262,
        1.5987948179244995
      ],
      "reward_shaping": null,
      "score": null,
      "step": 8,
      "team0_centroid": [
        0.8480056524276733,
        1.3709689676761627
      ],
      "team0_step_reward": 0.0,
      "team1_centroid": [
        -7.522316217422485,
        -2.403074085712433
      ],
      "team1_step_reward": 0.0,
      "winner": null
    },
    {
      "ball_pos": [
        -6.544540882110596,
        1.2642621994018555
      ],
      "reward_shaping": null,
      "score": null,
      "step": 9,
      "team0_centroid": [
        -0.16020989418029785,
        1.795595645904541
      ],
      "team0_step_reward": 0.0,
      "team1_centroid": [
        -7.557981967926025,
        -2.3477989435195923
      ],
      "team1_step_reward": 0.0,
      "winner": null
    },
    {
      "ball_pos": [
        -7.823071479797363,
        0.9727701544761658
      ],
      "reward_shaping": null,
      "score": null,
      "step": 10,
      "team0_centroid": [
        -1.3036859035491943,
        2.10518217086792
      ],
      "team0_step_reward": 0.0,
      "team1_centroid": [
        -7.920893907546997,
        -2.061368405818939
      ],
      "team1_step_reward": 0.0,
      "winner": null
    },
    {
      "ball_pos": [
        -8.930956840515137,
        0.7201833724975586
      ],
      "reward_shaping": null,
      "score": null,
      "step": 11,
      "team0_centroid": [
        -2.2926830053329468,
        2.098725378513336
      ],
      "team0_step_reward": 0.0,
      "team1_centroid": [
        -8.358156681060791,
        -1.8960139751434326
      ],
      "team1_step_reward": 0.0,
      "winner": null
    },
    {
      "ball_pos": [
        -9.88459300994873,
        0.5027639865875244
      ],
      "reward_shaping": null,
      "score": null,
      "step": 12,
      "team0_centroid": [
        -3.0139906108379364,
        1.8581737279891968
      ],
      "team0_step_reward": 0.0,
      "team1_centroid": [
        -8.754440069198608,
        -1.9899989310652018
      ],
      "team1_step_reward": 0.0,
      "winner": null
    },
    {
      "ball_pos": [
        -10.698800086975098,
        0.3171330690383911
      ],
      "reward_shaping": null,
      "score": null,
      "step": 13,
      "team0_centroid": [
        -3.781365752220154,
        1.573039561510086
      ],
      "team0_step_reward": 0.0,