{
  "classification": {
    "labels": [
      "win"
    ],
    "primary_label": "win"
  },
  "cumulative_team0_reward": 1.945199966430664,
  "cumulative_team1_reward": -2.0,
  "episode_index": 9,
  "final_score": null,
  "final_team0_step_reward": 1.945199966430664,
  "final_team1_step_reward": -2.0,
  "final_winner": null,
  "metrics": {
    "mean_ball_x": -9.20365799324853,
    "tail_mean_ball_x": -9.20365799324853,
    "team0_possession_ratio": null,
    "team0_progress_toward_goal": 0.0,
    "team0_shaping_reward_sum": 0.0,
    "team1_possession_ratio": null,
    "team1_progress_toward_goal": 0.0,
    "team1_shaping_reward_sum": 0.0
  },
  "outcome": "team0_win",
  "sampled_trace": [
    {
      "ball_pos": [
        -2.397909641265869,
        1.6322368383407593
      ],
      "reward_shaping": null,
      "score": null,
      "step": 0,
      "team0_centroid": [
        8.64006781578064,
        -0.017719507217407227
      ],
      "team0_step_reward": 0.0,
      "team1_centroid": [
        -8.30589246749878,
        0.137315571308136
      ],
      "team1_step_reward": 0.0,
      "winner": null
    },
    {
      "ball_pos": [
        -8.416751861572266,
        6.762720108032227
      ],
      "reward_shaping": null,
      "score": null,
      "step": 10,
      "team0_centroid": [
        -2.2116461992263794,
        2.804504156112671
      ],
      "team0_step_reward": 0.0,
      "team1_centroid": [
        -6.586720705032349,
        -0.19134461879730225
      ],
      "team1_step_reward": 0.0,
      "winner": null
    },
    {
      "ball_pos": [
        -13.231287002563477,
        2.70027232170105
      ],
      "reward_shaping": null,
      "score": null,
      "step": 20,
      "team0_centroid": [
        -6.058288395404816,
        4.355651497840881
      ],
      "team0_step_reward": 0.0,
      "team1_centroid": [
        -7.890141010284424,
        -0.6485013961791992
      ],
      "team1_step_reward": 0.0,
      "winner": null
    }
  ],
  "steps": 28,
  "tail_trace": [
    {
      "ball_pos": [
        -2.397909641265869,
        1.6322368383407593
      ],
      "reward_shaping": null,
      "score": null,
      "step": 0,
      "team0_centroid": [
        8.64006781578064,
        -0.017719507217407227
      ],
      "team0_step_reward": 0.0,
      "team1_centroid": [
        -8.30589246749878,
        0.137315571308136
      ],
      "team1_step_reward": 0.0,
      "winner": null
    },
    {
      "ball_pos": [
        -2.397909641265869,
        1.6322368383407593
      ],
      "reward_shaping": null,
      "score": null,
      "step": 1,
      "team0_centroid": [
        7.814921617507935,
        0.06815320253372192
      ],
      "team0_step_reward": 0.0,
      "team1_centroid": [
        -8.059438943862915,
        0.27850431203842163
      ],
      "team1_step_reward": 0.0,
      "winner": null
    },
    {
      "ball_pos": [
        -2.397909641265869,
        1.6322368383407593
      ],
      "reward_shaping": null,
      "score": null,
      "step": 2,
      "team0_centroid": [
        6.9193501472473145,
        0.12145096063613892
      ],
      "team0_step_reward": 0.0,
      "team1_centroid": [
        -7.4853527545928955,
        0.43186283111572266
      ],
      "team1_step_reward": 0.0,
      "winner": null
    },
    {
      "ball_pos": [
        -2.397909641265869,
        1.6322368383407593
      ],
      "reward_shaping": null,
      "score": null,
      "step": 3,
      "team0_centroid": [
        5.767958402633667,
        0.1708361804485321
      ],
      "team0_step_reward": 0.0,
      "team1_centroid": [
        -6.914660930633545,
        0.5828212201595306
      ],
      "team1_step_reward": 0.0,
      "winner": null
    },
    {
      "ball_pos": [
        -2.397909641265869,
        1.6322368383407593
      ],
      "reward_shaping": null,
      "score": null,
      "step": 4,
      "team0_centroid": [
        4.134950160980225,
        0.35178297758102417
      ],
      "team0_step_reward": 0.0,
      "team1_centroid": [
        -6.495474576950073,
        0.5410583019256592
      ],
      "team1_step_reward": 0.0,
      "winner": null
    },
    {
      "ball_pos": [
        -2.397909641265869,
        1.6322368383407593
      ],
      "reward_shaping": null,
      "score": null,
      "step": 5,
      "team0_centroid": [
        2.426377058029175,
        0.6914771571755409
      ],
      "team0_step_reward": 0.0,
      "team1_centroid": [
        -6.266242027282715,
        0.4289616346359253
      ],
      "team1_step_reward": 0.0,
      "winner": null
    },
    {
      "ball_pos": [
        -2.397909641265869,
        1.6322368383407593
      ],
      "reward_shaping": null,
      "score": null,
      "step": 6,
      "team0_centroid": [
        0.8130056262016296,
        1.118413507938385
      ],
      "team0_step_reward": 0.0,
      "team1_centroid": [
        -6.103683352470398,
        0.3588966727256775
      ],
      "team1_step_reward": 0.0,
      "winner": null
    },
    {
      "ball_pos": [
        -3.6070683002471924,
        2.6623950004577637
      ],
      "reward_shaping": null,
      "score": null,
      "step": 7,
      "team0_centroid": [
        -0.44577938318252563,
        1.5339196920394897
      ],
      "team0_step_reward": 0.0,
      "team1_centroid": [
        -6.1794058084487915,
        0.2617641091346741
      ],
      "team1_step_reward": 0.0,
      "winner": null
    },
    {
      "ball_pos": [
        -5.4145073890686035,
        4.203267574310303
      ],
      "reward_shaping": null,
      "score": null,
      "step": 8,
      "team0_centroid": [
        -1.303435742855072,
        1.935413897037506
      ],
      "team0_step_reward": 0.0,
      "team1_centroid": [
        -6.2887444496154785,
        0.1668306589126587
      ],
      "team1_step_reward": 0.0,
      "winner": null
    },
    {
      "ball_pos": [
        -7.010979175567627,
        5.564280986785889
      ],
      "reward_shaping": null,
      "score": null,
      "step": 9,
      "team0_centroid": [
        -1.8744497001171112,
        2.336375594139099
      ],
      "team0_step_reward": 0.0,
      "team1_centroid": [
        -6.352717399597168,
        0.03495526313781738
      ],
      "team1_step_reward": 0.0,
      "winner": null
    },
    {
      "ball_pos": [
        -8.416751861572266,
        6.762720108032227
      ],
      "reward_shaping": null,
      "score": null,
      "step": 10,
      "team0_centroid": [
        -2.2116461992263794,
        2.804504156112671
      ],
      "team0_step_reward": 0.0,
      "team1_centroid": [
        -6.586720705032349,
        -0.19134461879730225
      ],
      "team1_step_reward": 0.0,
      "winner": null
    },
    {
      "ball_pos": [
        -9.36005687713623,
        6.326238632202148
      ],
      "reward_shaping": null,
      "score": null,
      "step": 11,
      "team0_centroid": [
        -2.380127936601639,
        3.2798064947128296
      ],
      "team0_step_reward": 0.0,
      "team1_centroid": [
        -7.113065719604492,
        -0.6183624267578125
      ],
      "team1_step_reward": 0.0,
      "winner": null
    },
    {
      "ball_pos": [
        -10.09444808959961,
        5.638128757476807
      ],
      "reward_shaping": null,
      "score": null,
      "step": 12,
      "team0_centroid": [
        -2.5114184617996216,
        3.5758520364761353
      ],
      "team0_step_reward": 0.0,
      "team1_centroid": [
        -7.664825439453125,
        -1.1603846549987793
      ],
      "team1_step_reward": 0.0,
      "winner": null
    },
    {
      "ball_pos": [
        -10.722630500793457,
        5.0497941970825195
      ],
      "reward_shaping": null,
      "score": null,
      "step": 13,
      "team0_centroid": [
        -2.6589901447296143,
        3.5923945903778076
      ],
      "team0_step_reward": 0.0,
      "team1_centroid": [
        -8.10098385810852,
        -1.7400450706481934
      ],