{
  "classification": {
    "labels": [
      "win"
    ],
    "primary_label": "win"
  },
  "cumulative_team0_reward": 1.9271999597549438,
  "cumulative_team1_reward": -2.0,
  "episode_index": 402,
  "final_score": null,
  "final_team0_step_reward": 1.9271999597549438,
  "final_team1_step_reward": -2.0,
  "final_winner": null,
  "metrics": {
    "mean_ball_x": 5.656035681028624,
    "tail_mean_ball_x": 6.5234949588775635,
    "team0_possession_ratio": null,
    "team0_progress_toward_goal": 0.0,
    "team0_shaping_reward_sum": 0.0,
    "team1_possession_ratio": null,
    "team1_progress_toward_goal": 0.0,
    "team1_shaping_reward_sum": 0.0
  },
  "outcome": "team0_win",
  "sampled_trace": [
    {
      "ball_pos": [
        1.9383530616760254,
        -1.7055635452270508
      ],
      "reward_shaping": null,
      "score": null,
      "step": 0,
      "team0_centroid": [
        -5.914677619934082,
        0.03656923770904541
      ],
      "team0_step_reward": 0.0,
      "team1_centroid": [
        9.899303913116455,
        0.13694638013839722
      ],
      "team1_step_reward": 0.0,
      "winner": null
    },
    {
      "ball_pos": [
        2.6194794178009033,
        -4.613186836242676
      ],
      "reward_shaping": null,
      "score": null,
      "step": 10,
      "team0_centroid": [
        3.7392059564590454,
        -2.4777190685272217
      ],
      "team0_step_reward": 0.0,
      "team1_centroid": [
        14.594195365905762,
        1.158425748348236
      ],
      "team1_step_reward": 0.0,
      "winner": null
    },
    {
      "ball_pos": [
        3.5564353466033936,
        -6.355039119720459
      ],
      "reward_shaping": null,
      "score": null,
      "step": 20,
      "team0_centroid": [
        3.6259419322013855,
        -5.0209128856658936
      ],
      "team0_step_reward": 0.0,
      "team1_centroid": [
        16.29500961303711,
        0.8562077283859253
      ],
      "team1_step_reward": 0.0,
      "winner": null
    },
    {
      "ball_pos": [
        11.678841590881348,
        -3.5484797954559326
      ],
      "reward_shaping": null,
      "score": null,
      "step": 30,
      "team0_centroid": [
        2.579783082008362,
        -3.9391459226608276
      ],
      "team0_step_reward": 0.0,
      "team1_centroid": [
        16.82068634033203,
        2.1957541704177856
      ],
      "team1_step_reward": 0.0,
      "winner": null
    }
  ],
  "steps": 37,
  "tail_trace": [
    {
      "ball_pos": [
        2.5810062885284424,
        -1.701552391052246
      ],
      "reward_shaping": null,
      "score": null,
      "step": 7,
      "team0_centroid": [
        2.2615398168563843,
        -1.5321485996246338
      ],
      "team0_step_reward": 0.0,
      "team1_centroid": [
        13.2338228225708,
        0.641707181930542
      ],
      "team1_step_reward": 0.0,
      "winner": null
    },
    {
      "ball_pos": [
        2.601126194000244,
        -2.828625440597534
      ],
      "reward_shaping": null,
      "score": null,
      "step": 8,
      "team0_centroid": [
        2.907940447330475,
        -1.9218788146972656
      ],
      "team0_step_reward": 0.0,
      "team1_centroid": [
        13.44143295288086,
        0.866216629743576
      ],
      "team1_step_reward": 0.0,
      "winner": null
    },
    {
      "ball_pos": [
        2.6110267639160156,
        -3.7916855812072754
      ],
      "reward_shaping": null,
      "score": null,
      "step": 9,
      "team0_centroid": [
        3.407086670398712,
        -2.163835108280182
      ],
      "team0_step_reward": 0.0,
      "team1_centroid": [
        13.848750591278076,
        1.0591754913330078
      ],
      "team1_step_reward": 0.0,
      "winner": null
    },
    {
      "ball_pos": [
        2.6194794178009033,
        -4.613186836242676
      ],
      "reward_shaping": null,
      "score": null,
      "step": 10,
      "team0_centroid": [
        3.7392059564590454,
        -2.4777190685272217
      ],
      "team0_step_reward": 0.0,
      "team1_centroid": [
        14.594195365905762,
        1.158425748348236
      ],
      "team1_step_reward": 0.0,
      "winner": null
    },
    {
      "ball_pos": [
        2.626615524291992,
        -5.306730270385742
      ],
      "reward_shaping": null,
      "score": null,
      "step": 11,
      "team0_centroid": [
        3.723074793815613,
        -2.7364797592163086
      ],
      "team0_step_reward": 0.0,
      "team1_centroid": [
        15.353784561157227,
        1.0863930583000183
      ],
      "team1_step_reward": 0.0,
      "winner": null
    },
    {
      "ball_pos": [
        2.632561445236206,
        -5.884609222412109
      ],
      "reward_shaping": null,
      "score": null,
      "step": 12,
      "team0_centroid": [
        3.5496914386749268,
        -3.038513481616974
      ],
      "team0_step_reward": 0.0,
      "team1_centroid": [
        15.848780155181885,
        0.938046783208847
      ],
      "team1_step_reward": 0.0,
      "winner": null
    },
    {
      "ball_pos": [
        2.6376049518585205,
        -6.374804973602295
      ],
      "reward_shaping": null,
      "score": null,
      "step": 13,
      "team0_centroid": [
        3.4510515928268433,
        -3.3443570137023926
      ],
      "team0_step_reward": 0.0,
      "team1_centroid": [
        16.300870418548584,
        0.9681925177574158
      ],
      "team1_step_reward": 0.0,
      "winner": null
    },
    {
      "ball_pos": [
        2.6421539783477783,
        -6.816927909851074
      ],
      "reward_shaping": null,
      "score": null,
      "step": 14,
      "team0_centroid": [
        3.628680944442749,
        -3.7590785026550293
      ],
      "team0_step_reward": 0.0,
      "team1_centroid": [
        16.369842529296875,
        0.8652477860450745
      ],
      "team1_step_reward": 0.0,
      "winner": null
    },
    {
      "ball_pos": [
        2.7422683238983154,
        -6.861037731170654
      ],
      "reward_shaping": null,
      "score": null,
      "step": 15,
      "team0_centroid": [
        3.8763870000839233,
        -3.947708487510681
      ],
      "team0_step_reward": 0.0,
      "team1_centroid": [
        16.358088493347168,
        0.7789387702941895
      ],
      "team1_step_reward": 0.0,
      "winner": null
    },
    {
      "ball_pos": [
        2.939526081085205,
        -6.738311767578125
      ],
      "reward_shaping": null,
      "score": null,
      "step": 16,
      "team0_centroid": [
        3.978280544281006,
        -3.7834060192108154
      ],
      "team0_step_reward": 0.0,
      "team1_centroid": [
        16.35671091079712,
        0.6321697533130646
      ],
      "team1_step_reward": 0.0,
      "winner": null
    },
    {
      "ball_pos": [
        3.1178460121154785,
        -6.627525806427002
      ],
      "reward_shaping": null,
      "score": null,
      "step": 17,
      "team0_centroid": [
        3.991742968559265,
        -3.854352116584778
      ],
      "team0_step_reward": 0.0,
      "team1_centroid": [
        16.348140716552734,
        0.5758451074361801
      ],
      "team1_step_reward": 0.0,
      "winner": null
    },
    {
      "ball_pos": [
        3.2790329456329346,
        -6.527383327484131
      ],
      "reward_shaping": null,
      "score": null,
      "step": 18,
      "team0_centroid": [
        3.9342329502105713,
        -4.122890472412109
      ],
      "team0_step_reward": 0.0,
      "team1_centroid": [
        16.326873779296875,
        0.645817905664444
      ],
      "team1_step_reward": 0.0,
      "winner": null
    },
    {
      "ball_pos": [
        3.4247336387634277,
        -6.436862468719482
      ],
      "reward_shaping": null,
      "score": null,
      "step": 19,
      "team0_centroid": [
        3.8068577647209167,
        -4.523779988288879
      ],
      "team0_step_reward": 0.0,
      "team1_centroid": [
        16.301193237304688,
        0.7971534729003906
      ],