{
  "classification": {
    "labels": [
      "win"
    ],
    "primary_label": "win"
  },
  "cumulative_team0_reward": 1.9559999704360962,
  "cumulative_team1_reward": -2.0,
  "episode_index": 325,
  "final_score": null,
  "final_team0_step_reward": 1.9559999704360962,
  "final_team1_step_reward": -2.0,
  "final_winner": null,
  "metrics": {
    "mean_ball_x": -9.585558857430112,
    "tail_mean_ball_x": -9.585558857430112,
    "team0_possession_ratio": null,
    "team0_progress_toward_goal": 0.0,
    "team0_shaping_reward_sum": 0.0,
    "team1_possession_ratio": null,
    "team1_progress_toward_goal": 0.0,
    "team1_shaping_reward_sum": 0.0
  },
  "outcome": "team0_win",
  "sampled_trace": [
    {
      "ball_pos": [
        -0.10944989323616028,
        0.977587103843689
      ],
      "reward_shaping": null,
      "score": null,
      "step": 0,
      "team0_centroid": [
        3.6826246976852417,
        0.09721070528030396
      ],
      "team0_step_reward": 0.0,
      "team1_centroid": [
        -9.610405921936035,
        -2.0205974578857422e-05
      ],
      "team1_step_reward": 0.0,
      "winner": null
    },
    {
      "ball_pos": [
        -11.5210599899292,
        6.081820964813232
      ],
      "reward_shaping": null,
      "score": null,
      "step": 10,
      "team0_centroid": [
        -3.288453221321106,
        1.655055284500122
      ],
      "team0_step_reward": 0.0,
      "team1_centroid": [
        -11.102534055709839,
        -0.6482077538967133
      ],
      "team1_step_reward": 0.0,
      "winner": null
    },
    {
      "ball_pos": [
        -14.83122444152832,
        3.942389965057373
      ],
      "reward_shaping": null,
      "score": null,
      "step": 20,
      "team0_centroid": [
        -7.841035604476929,
        0.4924466609954834
      ],
      "team0_step_reward": 0.0,
      "team1_centroid": [
        -11.18452262878418,
        -2.9003769755363464
      ],
      "team1_step_reward": 0.0,
      "winner": null
    }
  ],
  "steps": 22,
  "tail_trace": [
    {
      "ball_pos": [
        -0.10944989323616028,
        0.977587103843689
      ],
      "reward_shaping": null,
      "score": null,
      "step": 0,
      "team0_centroid": [
        3.6826246976852417,
        0.09721070528030396
      ],
      "team0_step_reward": 0.0,
      "team1_centroid": [
        -9.610405921936035,
        -2.0205974578857422e-05
      ],
      "team1_step_reward": 0.0,
      "winner": null
    },
    {
      "ball_pos": [
        -0.10944989323616028,
        0.977587103843689
      ],
      "reward_shaping": null,
      "score": null,
      "step": 1,
      "team0_centroid": [
        3.105968952178955,
        0.16104644536972046
      ],
      "team0_step_reward": 0.0,
      "team1_centroid": [
        -9.89672565460205,
        0.11477053165435791
      ],
      "team1_step_reward": 0.0,
      "winner": null
    },
    {
      "ball_pos": [
        -0.10944989323616028,
        0.977587103843689
      ],
      "reward_shaping": null,
      "score": null,
      "step": 2,
      "team0_centroid": [
        2.0472028851509094,
        0.19283521175384521
      ],
      "team0_step_reward": 0.0,
      "team1_centroid": [
        -10.27733039855957,
        0.27056169509887695
      ],
      "team1_step_reward": 0.0,
      "winner": null
    },
    {
      "ball_pos": [
        -1.531448245048523,
        1.5815978050231934
      ],
      "reward_shaping": null,
      "score": null,
      "step": 3,
      "team0_centroid": [
        0.7765983194112778,
        0.2905787378549576
      ],
      "team0_step_reward": 0.0,
      "team1_centroid": [
        -10.55551815032959,
        0.3007338773459196
      ],
      "team1_step_reward": 0.0,
      "winner": null
    },
    {
      "ball_pos": [
        -3.6758711338043213,
        2.8999996185302734
      ],
      "reward_shaping": null,
      "score": null,
      "step": 4,
      "team0_centroid": [
        -0.24305173754692078,
        0.5550218820571899
      ],
      "team0_step_reward": 0.0,
      "team1_centroid": [
        -11.023775577545166,
        0.20790539681911469
      ],
      "team1_step_reward": 0.0,
      "winner": null
    },
    {
      "ball_pos": [
        -5.572434902191162,
        4.0661420822143555
      ],
      "reward_shaping": null,
      "score": null,
      "step": 5,
      "team0_centroid": [
        -0.9578532576560974,
        0.8321583867073059
      ],
      "team0_step_reward": 0.0,
      "team1_centroid": [
        -11.271178722381592,
        0.017027728259563446
      ],
      "team1_step_reward": 0.0,
      "winner": null
    },
    {
      "ball_pos": [
        -7.2450103759765625,
        5.094561576843262
      ],
      "reward_shaping": null,
      "score": null,
      "step": 6,
      "team0_centroid": [
        -1.6924270391464233,
        1.0570937991142273
      ],
      "team0_step_reward": 0.0,
      "team1_centroid": [
        -11.279358863830566,
        -0.1558493673801422
      ],
      "team1_step_reward": 0.0,
      "winner": null
    },
    {
      "ball_pos": [
        -8.715117454528809,
        5.9984893798828125
      ],
      "reward_shaping": null,
      "score": null,
      "step": 7,
      "team0_centroid": [
        -2.3236483931541443,
        1.2254739701747894
      ],
      "team0_step_reward": 0.0,
      "team1_centroid": [
        -11.287845134735107,
        -0.3356129005551338
      ],
      "team1_step_reward": 0.0,
      "winner": null
    },
    {
      "ball_pos": [
        -10.00221061706543,
        6.789886951446533
      ],
      "reward_shaping": null,
      "score": null,
      "step": 8,
      "team0_centroid": [
        -2.7580093145370483,
        1.3410626500844955
      ],
      "team0_step_reward": 0.0,
      "team1_centroid": [
        -11.028913736343384,
        -0.43539365381002426
      ],
      "team1_step_reward": 0.0,
      "winner": null
    },
    {
      "ball_pos": [
        -10.857563018798828,
        6.511458396911621
      ],
      "reward_shaping": null,
      "score": null,
      "step": 9,
      "team0_centroid": [
        -3.0750430822372437,
        1.567182868719101
      ],
      "team0_step_reward": 0.0,
      "team1_centroid": [
        -10.97687554359436,
        -0.5396938100457191
      ],
      "team1_step_reward": 0.0,
      "winner": null
    },
    {
      "ball_pos": [
        -11.5210599899292,
        6.081820964813232
      ],
      "reward_shaping": null,
      "score": null,
      "step": 10,
      "team0_centroid": [
        -3.288453221321106,
        1.655055284500122
      ],
      "team0_step_reward": 0.0,
      "team1_centroid": [
        -11.102534055709839,
        -0.6482077538967133
      ],
      "team1_step_reward": 0.0,
      "winner": null
    },
    {
      "ball_pos": [
        -12.079959869384766,
        5.7205891609191895
      ],
      "reward_shaping": null,
      "score": null,
      "step": 11,
      "team0_centroid": [
        -3.6758065223693848,
        1.6386152505874634
      ],
      "team0_step_reward": 0.0,
      "team1_centroid": [
        -11.162416696548462,
        -0.7213852405548096
      ],
      "team1_step_reward": 0.0,
      "winner": null
    },
    {
      "ball_pos": [
        -12.54398250579834,
        5.420681476593018
      ],
      "reward_shaping": null,
      "score": null,
      "step": 12,
      "team0_centroid": [
        -4.09831964969635,
        1.6280379593372345
      ],
      "team0_step_reward": 0.0,
      "team1_centroid": [
        -11.21130633354187,
        -0.9194777011871338
      ],
      "team1_step_reward": 0.0,
      "winner": null
    },
    {
      "ball_pos": [
        -12.94143009185791,
        5.163802146911621
      ],
      "reward_shaping": null,
      "score": null,
      "step": 13,
      "team0_centroid": [
        -4.653446197509766,
        1.5354583263397217
      ],
      "team0_step_reward": 0.0,