{
  "classification": {
    "labels": [
      "win"
    ],
    "primary_label": "win"
  },
  "cumulative_team0_reward": 1.9240000247955322,
  "cumulative_team1_reward": -2.0,
  "episode_index": 69,
  "final_score": null,
  "final_team0_step_reward": 1.9240000247955322,
  "final_team1_step_reward": -2.0,
  "final_winner": null,
  "metrics": {
    "mean_ball_x": -8.776743302219792,
    "tail_mean_ball_x": -10.027574761708577,
    "team0_possession_ratio": null,
    "team0_progress_toward_goal": 0.0,
    "team0_shaping_reward_sum": 0.0,
    "team1_possession_ratio": null,
    "team1_progress_toward_goal": 0.0,
    "team1_shaping_reward_sum": 0.0
  },
  "outcome": "team0_win",
  "sampled_trace": [
    {
      "ball_pos": [
        -1.430065631866455,
        -0.30342233180999756
      ],
      "reward_shaping": null,
      "score": null,
      "step": 0,
      "team0_centroid": [
        7.355958700180054,
        0.012924432754516602
      ],
      "team0_step_reward": 0.0,
      "team1_centroid": [
        -10.128013610839844,
        -0.07778394222259521
      ],
      "team1_step_reward": 0.0,
      "winner": null
    },
    {
      "ball_pos": [
        -12.461021423339844,
        -5.883641242980957
      ],
      "reward_shaping": null,
      "score": null,
      "step": 10,
      "team0_centroid": [
        0.21855449676513672,
        -0.15841452777385712
      ],
      "team0_step_reward": 0.0,
      "team1_centroid": [
        -7.5903942584991455,
        0.27805137634277344
      ],
      "team1_step_reward": 0.0,
      "winner": null
    },
    {
      "ball_pos": [
        -7.571688652038574,
        -2.5211539268493652
      ],
      "reward_shaping": null,
      "score": null,
      "step": 20,
      "team0_centroid": [
        -1.9021957516670227,
        -0.17421269416809082
      ],
      "team0_step_reward": 0.0,
      "team1_centroid": [
        -9.039960861206055,
        -1.9308176189661026
      ],
      "team1_step_reward": 0.0,
      "winner": null
    },
    {
      "ball_pos": [
        -10.58833122253418,
        -1.9615100622177124
      ],
      "reward_shaping": null,
      "score": null,
      "step": 30,
      "team0_centroid": [
        -4.892627120018005,
        -0.350726380944252
      ],
      "team0_step_reward": 0.0,
      "team1_centroid": [
        -9.324171304702759,
        -2.2410937696695328
      ],
      "team1_step_reward": 0.0,
      "winner": null
    }
  ],
  "steps": 38,
  "tail_trace": [
    {
      "ball_pos": [
        -11.922165870666504,
        -5.73693323135376
      ],
      "reward_shaping": null,
      "score": null,
      "step": 8,
      "team0_centroid": [
        1.1733229160308838,
        0.4843112528324127
      ],
      "team0_step_reward": 0.0,
      "team1_centroid": [
        -9.117975950241089,
        -0.11253833770751953
      ],
      "team1_step_reward": 0.0,
      "winner": null
    },
    {
      "ball_pos": [
        -13.522317886352539,
        -6.601602077484131
      ],
      "reward_shaping": null,
      "score": null,
      "step": 9,
      "team0_centroid": [
        0.7777718305587769,
        0.20543260872364044
      ],
      "team0_step_reward": 0.0,
      "team1_centroid": [
        -8.472198963165283,
        0.14205431938171387
      ],
      "team1_step_reward": 0.0,
      "winner": null
    },
    {
      "ball_pos": [
        -12.461021423339844,
        -5.883641242980957
      ],
      "reward_shaping": null,
      "score": null,
      "step": 10,
      "team0_centroid": [
        0.21855449676513672,
        -0.15841452777385712
      ],
      "team0_step_reward": 0.0,
      "team1_centroid": [
        -7.5903942584991455,
        0.27805137634277344
      ],
      "team1_step_reward": 0.0,
      "winner": null
    },
    {
      "ball_pos": [
        -11.572556495666504,
        -5.272641181945801
      ],
      "reward_shaping": null,
      "score": null,
      "step": 11,
      "team0_centroid": [
        -0.3491150140762329,
        -0.492229450494051
      ],
      "team0_step_reward": 0.0,
      "team1_centroid": [
        -6.8475341796875,
        0.30623024702072144
      ],
      "team1_step_reward": 0.0,
      "winner": null
    },
    {
      "ball_pos": [
        -10.809863090515137,
        -4.748119354248047
      ],
      "reward_shaping": null,
      "score": null,
      "step": 12,
      "team0_centroid": [
        -0.7531132698059082,
        -0.8012663722038269
      ],
      "team0_step_reward": 0.0,
      "team1_centroid": [
        -6.307251691818237,
        0.32353127002716064
      ],
      "team1_step_reward": 0.0,
      "winner": null
    },
    {
      "ball_pos": [
        -10.160847663879395,
        -4.301776885986328
      ],
      "reward_shaping": null,
      "score": null,
      "step": 13,
      "team0_centroid": [
        -0.704973578453064,
        -0.9611221253871918
      ],
      "team0_step_reward": 0.0,
      "team1_centroid": [
        -6.042532920837402,
        0.34501200914382935
      ],
      "team1_step_reward": 0.0,
      "winner": null
    },
    {
      "ball_pos": [
        -9.614588737487793,
        -3.926102876663208
      ],
      "reward_shaping": null,
      "score": null,
      "step": 14,
      "team0_centroid": [
        -0.434112548828125,
        -1.040406346321106
      ],
      "team0_step_reward": 0.0,
      "team1_centroid": [
        -6.222008228302002,
        0.15168941020965576
      ],
      "team1_step_reward": 0.0,
      "winner": null
    },
    {
      "ball_pos": [
        -9.161213874816895,
        -3.614306926727295
      ],
      "reward_shaping": null,
      "score": null,
      "step": 15,
      "team0_centroid": [
        -0.5111570358276367,
        -1.0259621739387512
      ],
      "team0_step_reward": 0.0,
      "team1_centroid": [
        -6.757369041442871,
        -0.2875708341598511
      ],
      "team1_step_reward": 0.0,
      "winner": null
    },
    {
      "ball_pos": [
        -8.775588035583496,
        -3.349102735519409
      ],
      "reward_shaping": null,
      "score": null,
      "step": 16,
      "team0_centroid": [
        -0.7266567945480347,
        -0.8918600380420685
      ],
      "team0_step_reward": 0.0,
      "team1_centroid": [
        -7.261749744415283,
        -0.6263498663902283
      ],
      "team1_step_reward": 0.0,
      "winner": null
    },
    {
      "ball_pos": [
        -8.427266120910645,
        -3.109553575515747
      ],
      "reward_shaping": null,
      "score": null,
      "step": 17,
      "team0_centroid": [
        -0.8628252744674683,
        -0.6787322014570236
      ],
      "team0_step_reward": 0.0,
      "team1_centroid": [
        -7.662487030029297,
        -0.8080567419528961
      ],
      "team1_step_reward": 0.0,
      "winner": null
    },
    {
      "ball_pos": [
        -8.112618446350098,
        -2.8931641578674316
      ],
      "reward_shaping": null,
      "score": null,
      "step": 18,
      "team0_centroid": [
        -1.1846352964639664,
        -0.3999289870262146
      ],
      "team0_step_reward": 0.0,
      "team1_centroid": [
        -8.275449752807617,
        -1.0683697164058685
      ],
      "team1_step_reward": 0.0,
      "winner": null
    },
    {
      "ball_pos": [
        -7.828412055969238,
        -2.6977083683013916
      ],
      "reward_shaping": null,
      "score": null,
      "step": 19,
      "team0_centroid": [
        -1.574130356311798,
        -0.23982220888137817
      ],
      "team0_step_reward": 0.0,
      "team1_centroid": [
        -8.696086883544922,
        -1.6006073094904423
      ],
      "team1_step_reward": 0.0,
      "winner": null
    },
    {
      "ball_pos": [
        -7.571688652038574,
        -2.5211539268493652
      ],
      "reward_shaping": null,
      "score": null,
      "step": 20,
      "team0_centroid": [
        -1.9021957516670227,
        -0.17421269416809082
      ],
      "team0_step_reward": 0.0,