{
  "classification": {
    "labels": [
      "win"
    ],
    "primary_label": "win"
  },
  "cumulative_team0_reward": 1.964400053024292,
  "cumulative_team1_reward": -2.0,
  "episode_index": 20,
  "final_score": null,
  "final_team0_step_reward": 1.964400053024292,
  "final_team1_step_reward": -2.0,
  "final_winner": null,
  "metrics": {
    "mean_ball_x": 7.135923716757032,
    "tail_mean_ball_x": 7.135923716757032,
    "team0_possession_ratio": null,
    "team0_progress_toward_goal": 0.0,
    "team0_shaping_reward_sum": 0.0,
    "team1_possession_ratio": null,
    "team1_progress_toward_goal": 0.0,
    "team1_shaping_reward_sum": 0.0
  },
  "outcome": "team0_win",
  "sampled_trace": [
    {
      "ball_pos": [
        -0.5155394077301025,
        1.0887126922607422
      ],
      "reward_shaping": null,
      "score": null,
      "step": 0,
      "team0_centroid": [
        -9.723834037780762,
        0.006788015365600586
      ],
      "team0_step_reward": 0.0,
      "team1_centroid": [
        7.861515283584595,
        0.026320695877075195
      ],
      "team1_step_reward": 0.0,
      "winner": null
    },
    {
      "ball_pos": [
        10.734676361083984,
        6.146832466125488
      ],
      "reward_shaping": null,
      "score": null,
      "step": 10,
      "team0_centroid": [
        1.7347200512886047,
        1.5365139842033386
      ],
      "team0_step_reward": 0.0,
      "team1_centroid": [
        9.207375526428223,
        -0.7000250369310379
      ],
      "team1_step_reward": 0.0,
      "winner": null
    }
  ],
  "steps": 18,
  "tail_trace": [
    {
      "ball_pos": [
        -0.5155394077301025,
        1.0887126922607422
      ],
      "reward_shaping": null,
      "score": null,
      "step": 0,
      "team0_centroid": [
        -9.723834037780762,
        0.006788015365600586
      ],
      "team0_step_reward": 0.0,
      "team1_centroid": [
        7.861515283584595,
        0.026320695877075195
      ],
      "team1_step_reward": 0.0,
      "winner": null
    },
    {
      "ball_pos": [
        -0.5155394077301025,
        1.0887126922607422
      ],
      "reward_shaping": null,
      "score": null,
      "step": 1,
      "team0_centroid": [
        -8.887690305709839,
        0.011179208755493164
      ],
      "team0_step_reward": 0.0,
      "team1_centroid": [
        7.514743089675903,
        0.06213736534118652
      ],
      "team1_step_reward": 0.0,
      "winner": null
    },
    {
      "ball_pos": [
        -0.5155394077301025,
        1.0887126922607422
      ],
      "reward_shaping": null,
      "score": null,
      "step": 2,
      "team0_centroid": [
        -7.985474586486816,
        0.029197514057159424
      ],
      "team0_step_reward": 0.0,
      "team1_centroid": [
        7.3299150466918945,
        0.09347325563430786
      ],
      "team1_step_reward": 0.0,
      "winner": null
    },
    {
      "ball_pos": [
        -0.5155394077301025,
        1.0887126922607422
      ],
      "reward_shaping": null,
      "score": null,
      "step": 3,
      "team0_centroid": [
        -7.101158857345581,
        0.10534876585006714
      ],
      "team0_step_reward": 0.0,
      "team1_centroid": [
        7.268622636795044,
        0.0017159581184387207
      ],
      "team1_step_reward": 0.0,
      "winner": null
    },
    {
      "ball_pos": [
        -0.5155394077301025,
        1.0887126922607422
      ],
      "reward_shaping": null,
      "score": null,
      "step": 4,
      "team0_centroid": [
        -5.827407479286194,
        0.2533406764268875
      ],
      "team0_step_reward": 0.0,
      "team1_centroid": [
        7.33820366859436,
        -0.10473191738128662
      ],
      "team1_step_reward": 0.0,
      "winner": null
    },
    {
      "ball_pos": [
        -0.5155394077301025,
        1.0887126922607422
      ],
      "reward_shaping": null,
      "score": null,
      "step": 5,
      "team0_centroid": [
        -4.356200754642487,
        0.35318517312407494
      ],
      "team0_step_reward": 0.0,
      "team1_centroid": [
        7.738397598266602,
        -0.3035038113594055
      ],
      "team1_step_reward": 0.0,
      "winner": null
    },
    {
      "ball_pos": [
        2.4027340412139893,
        2.672928810119629
      ],
      "reward_shaping": null,
      "score": null,
      "step": 6,
      "team0_centroid": [
        -2.701785072684288,
        0.43637923896312714
      ],
      "team0_step_reward": 0.0,
      "team1_centroid": [
        8.289153575897217,
        -0.46424318850040436
      ],
      "team1_step_reward": 0.0,
      "winner": null
    },
    {
      "ball_pos": [
        5.088616371154785,
        4.303159236907959
      ],
      "reward_shaping": null,
      "score": null,
      "step": 7,
      "team0_centroid": [
        -1.224387526512146,
        0.613396555185318
      ],
      "team0_step_reward": 0.0,
      "team1_centroid": [
        8.660855770111084,
        -0.4500572234392166
      ],
      "team1_step_reward": 0.0,
      "winner": null
    },
    {
      "ball_pos": [
        7.474522113800049,
        5.7513251304626465
      ],
      "reward_shaping": null,
      "score": null,
      "step": 8,
      "team0_centroid": [
        -0.2144761085510254,
        0.8536917567253113
      ],
      "team0_step_reward": 0.0,
      "team1_centroid": [
        8.885343074798584,
        -0.5671792030334473
      ],
      "team1_step_reward": 0.0,
      "winner": null
    },
    {
      "ball_pos": [
        9.589277267456055,
        7.034911632537842
      ],
      "reward_shaping": null,
      "score": null,
      "step": 9,
      "team0_centroid": [
        0.689272403717041,
        1.1940289735794067
      ],
      "team0_step_reward": 0.0,
      "team1_centroid": [
        9.015291213989258,
        -0.6965481787919998
      ],
      "team1_step_reward": 0.0,
      "winner": null
    },
    {
      "ball_pos": [
        10.734676361083984,
        6.146832466125488
      ],
      "reward_shaping": null,
      "score": null,
      "step": 10,
      "team0_centroid": [
        1.7347200512886047,
        1.5365139842033386
      ],
      "team0_step_reward": 0.0,
      "team1_centroid": [
        9.207375526428223,
        -0.7000250369310379
      ],
      "team1_step_reward": 0.0,
      "winner": null
    },
    {
      "ball_pos": [
        11.733905792236328,
        5.395900726318359
      ],
      "reward_shaping": null,
      "score": null,
      "step": 11,
      "team0_centroid": [
        3.1434507966041565,
        1.9287776350975037
      ],
      "team0_step_reward": 0.0,
      "team1_centroid": [
        9.39920711517334,
        -0.47958360612392426
      ],
      "team1_step_reward": 0.0,
      "winner": null
    },
    {
      "ball_pos": [
        12.59795093536377,
        4.746596813201904
      ],
      "reward_shaping": null,
      "score": null,
      "step": 12,
      "team0_centroid": [
        4.46291184425354,
        2.301909327507019
      ],
      "team0_step_reward": 0.0,
      "team1_centroid": [
        9.403221607208252,
        -0.4986453093588352
      ],
      "team1_step_reward": 0.0,
      "winner": null
    },
    {
      "ball_pos": [
        13.339781761169434,
        4.189133644104004
      ],
      "reward_shaping": null,
      "score": null,
      "step": 13,
      "team0_centroid": [
        5.430623531341553,
        2.5731531381607056
      ],
      "team0_step_reward": 0.0,
      "team1_centroid": [
        9.429598808288574,
        -0.3925172835588455
      ],
      "team1_step_reward": 0.0,
      "winner": null
    },
    {
      "ball_pos": [
        13.97114086151123,
        3.7146873474121094
      ],
      "reward_shaping": null,
      "score": null,
      "step": 14,
      "team0_centroid": [
        6.362330436706543,
        2.8597317934036255
      ],
      "team0_step_reward": 0.0,
      "team1_centroid": [
        9.413676261901855,
        -0.17446324229240417
      ],