{
  "classification": {
    "labels": [
      "win"
    ],
    "primary_label": "win"
  },
  "cumulative_team0_reward": 1.9459999799728394,
  "cumulative_team1_reward": -2.0,
  "episode_index": 413,
  "final_score": null,
  "final_team0_step_reward": 1.9459999799728394,
  "final_team1_step_reward": -2.0,
  "final_winner": null,
  "metrics": {
    "mean_ball_x": -7.911440911116423,
    "tail_mean_ball_x": -7.911440911116423,
    "team0_possession_ratio": null,
    "team0_progress_toward_goal": 0.0,
    "team0_shaping_reward_sum": 0.0,
    "team1_possession_ratio": null,
    "team1_progress_toward_goal": 0.0,
    "team1_shaping_reward_sum": 0.0
  },
  "outcome": "team0_win",
  "sampled_trace": [
    {
      "ball_pos": [
        -2.0005598068237305,
        0.8352279663085938
      ],
      "reward_shaping": null,
      "score": null,
      "step": 0,
      "team0_centroid": [
        7.881765842437744,
        0.03912836313247681
      ],
      "team0_step_reward": 0.0,
      "team1_centroid": [
        -8.122172236442566,
        0.13758832216262817
      ],
      "team1_step_reward": 0.0,
      "winner": null
    },
    {
      "ball_pos": [
        -6.342656135559082,
        5.238338947296143
      ],
      "reward_shaping": null,
      "score": null,
      "step": 10,
      "team0_centroid": [
        -3.582692265510559,
        0.47227151691913605
      ],
      "team0_step_reward": 0.0,
      "team1_centroid": [
        -11.54258108139038,
        1.3177047371864319
      ],
      "team1_step_reward": 0.0,
      "winner": null
    },
    {
      "ball_pos": [
        -12.187158584594727,
        2.108196258544922
      ],
      "reward_shaping": null,
      "score": null,
      "step": 20,
      "team0_centroid": [
        -9.815276145935059,
        4.968055486679077
      ],
      "team0_step_reward": 0.0,
      "team1_centroid": [
        -10.982646465301514,
        1.1756950318813324
      ],
      "team1_step_reward": 0.0,
      "winner": null
    }
  ],
  "steps": 27,
  "tail_trace": [
    {
      "ball_pos": [
        -2.0005598068237305,
        0.8352279663085938
      ],
      "reward_shaping": null,
      "score": null,
      "step": 0,
      "team0_centroid": [
        7.881765842437744,
        0.03912836313247681
      ],
      "team0_step_reward": 0.0,
      "team1_centroid": [
        -8.122172236442566,
        0.13758832216262817
      ],
      "team1_step_reward": 0.0,
      "winner": null
    },
    {
      "ball_pos": [
        -2.0005598068237305,
        0.8352279663085938
      ],
      "reward_shaping": null,
      "score": null,
      "step": 1,
      "team0_centroid": [
        7.553799390792847,
        -0.009826570749282837
      ],
      "team0_step_reward": 0.0,
      "team1_centroid": [
        -8.38012146949768,
        0.24077510833740234
      ],
      "team1_step_reward": 0.0,
      "winner": null
    },
    {
      "ball_pos": [
        -2.0005598068237305,
        0.8352279663085938
      ],
      "reward_shaping": null,
      "score": null,
      "step": 2,
      "team0_centroid": [
        7.284209251403809,
        -0.09618404507637024
      ],
      "team0_step_reward": 0.0,
      "team1_centroid": [
        -8.706428289413452,
        0.3788488507270813
      ],
      "team1_step_reward": 0.0,
      "winner": null
    },
    {
      "ball_pos": [
        -2.0005598068237305,
        0.8352279663085938
      ],
      "reward_shaping": null,
      "score": null,
      "step": 3,
      "team0_centroid": [
        6.819929361343384,
        -0.12589603662490845
      ],
      "team0_step_reward": 0.0,
      "team1_centroid": [
        -8.9444580078125,
        0.686247318983078
      ],
      "team1_step_reward": 0.0,
      "winner": null
    },
    {
      "ball_pos": [
        -2.0005598068237305,
        0.8352279663085938
      ],
      "reward_shaping": null,
      "score": null,
      "step": 4,
      "team0_centroid": [
        5.8340911865234375,
        -0.10858920216560364
      ],
      "team0_step_reward": 0.0,
      "team1_centroid": [
        -9.372127056121826,
        0.897720068693161
      ],
      "team1_step_reward": 0.0,
      "winner": null
    },
    {
      "ball_pos": [
        -2.0005598068237305,
        0.8352279663085938
      ],
      "reward_shaping": null,
      "score": null,
      "step": 5,
      "team0_centroid": [
        4.59672737121582,
        -0.03311663866043091
      ],
      "team0_step_reward": 0.0,
      "team1_centroid": [
        -10.08810567855835,
        0.9157487526535988
      ],
      "team1_step_reward": 0.0,
      "winner": null
    },
    {
      "ball_pos": [
        -2.0005598068237305,
        0.8352279663085938
      ],
      "reward_shaping": null,
      "score": null,
      "step": 6,
      "team0_centroid": [
        3.324730157852173,
        -0.016600757837295532
      ],
      "team0_step_reward": 0.0,
      "team1_centroid": [
        -10.742743015289307,
        1.0196921844035387
      ],
      "team1_step_reward": 0.0,
      "winner": null
    },
    {
      "ball_pos": [
        -2.0005598068237305,
        0.835227906703949
      ],
      "reward_shaping": null,
      "score": null,
      "step": 7,
      "team0_centroid": [
        1.7509558498859406,
        0.011557415127754211
      ],
      "team0_step_reward": 0.0,
      "team1_centroid": [
        -11.180447101593018,
        1.1785455141216516
      ],
      "team1_step_reward": 0.0,
      "winner": null
    },
    {
      "ball_pos": [
        -3.307299852371216,
        1.8740603923797607
      ],
      "reward_shaping": null,
      "score": null,
      "step": 8,
      "team0_centroid": [
        -0.15195274353027344,
        0.030589669942855835
      ],
      "team0_step_reward": 0.0,
      "team1_centroid": [
        -11.221740245819092,
        1.232296135276556
      ],
      "team1_step_reward": 0.0,
      "winner": null
    },
    {
      "ball_pos": [
        -4.918827056884766,
        3.66019868850708
      ],
      "reward_shaping": null,
      "score": null,
      "step": 9,
      "team0_centroid": [
        -2.0658674240112305,
        0.15454083681106567
      ],
      "team0_step_reward": 0.0,
      "team1_centroid": [
        -11.338155269622803,
        1.20405213534832
      ],
      "team1_step_reward": 0.0,
      "winner": null
    },
    {
      "ball_pos": [
        -6.342656135559082,
        5.238338947296143
      ],
      "reward_shaping": null,
      "score": null,
      "step": 10,
      "team0_centroid": [
        -3.582692265510559,
        0.47227151691913605
      ],
      "team0_step_reward": 0.0,
      "team1_centroid": [
        -11.54258108139038,
        1.3177047371864319
      ],
      "team1_step_reward": 0.0,
      "winner": null
    },
    {
      "ball_pos": [
        -7.5968403816223145,
        6.628448009490967
      ],
      "reward_shaping": null,
      "score": null,
      "step": 11,
      "team0_centroid": [
        -4.628572344779968,
        0.858432412147522
      ],
      "team0_step_reward": 0.0,
      "team1_centroid": [
        -11.424445152282715,
        1.4893228709697723
      ],
      "team1_step_reward": 0.0,
      "winner": null
    },
    {
      "ball_pos": [
        -8.520055770874023,
        6.115729808807373
      ],
      "reward_shaping": null,
      "score": null,
      "step": 12,
      "team0_centroid": [
        -5.298480033874512,
        1.3587700426578522
      ],
      "team0_step_reward": 0.0,
      "team1_centroid": [
        -11.257832288742065,
        1.5773044377565384
      ],
      "team1_step_reward": 0.0,
      "winner": null
    },
    {
      "ball_pos": [
        -9.261589050292969,
        5.304938793182373
      ],
      "reward_shaping": null,
      "score": null,
      "step": 13,
      "team0_centroid": [
        -5.7271888256073,
        1.8881130814552307
      ],
      "team0_step_reward": 0.0,