{
  "classification": {
    "labels": [
      "win"
    ],
    "primary_label": "win"
  },
  "cumulative_team0_reward": 1.9392000436782837,
  "cumulative_team1_reward": -2.0,
  "episode_index": 315,
  "final_score": null,
  "final_team0_step_reward": 1.9392000436782837,
  "final_team1_step_reward": -2.0,
  "final_winner": null,
  "metrics": {
    "mean_ball_x": -9.881805650649532,
    "tail_mean_ball_x": -10.224489227930706,
    "team0_possession_ratio": null,
    "team0_progress_toward_goal": 0.0,
    "team0_shaping_reward_sum": 0.0,
    "team1_possession_ratio": null,
    "team1_progress_toward_goal": 0.0,
    "team1_shaping_reward_sum": 0.0
  },
  "outcome": "team0_win",
  "sampled_trace": [
    {
      "ball_pos": [
        0.39870166778564453,
        -0.7877848148345947
      ],
      "reward_shaping": null,
      "score": null,
      "step": 0,
      "team0_centroid": [
        8.225703239440918,
        -0.11468523740768433
      ],
      "team0_step_reward": 0.0,
      "team1_centroid": [
        -10.957940578460693,
        0.00111466646194458
      ],
      "team1_step_reward": 0.0,
      "winner": null
    },
    {
      "ball_pos": [
        -8.907439231872559,
        -4.466207981109619
      ],
      "reward_shaping": null,
      "score": null,
      "step": 10,
      "team0_centroid": [
        0.5304923057556152,
        -2.3651609420776367
      ],
      "team0_step_reward": 0.0,
      "team1_centroid": [
        -8.478410005569458,
        -0.6038764715194702
      ],
      "team1_step_reward": 0.0,
      "winner": null
    },
    {
      "ball_pos": [
        -14.398843765258789,
        -3.719510078430176
      ],
      "reward_shaping": null,
      "score": null,
      "step": 20,
      "team0_centroid": [
        -2.11592173576355,
        -4.8278703689575195
      ],
      "team0_step_reward": 0.0,
      "team1_centroid": [
        -10.793026685714722,
        1.8683371543884277
      ],
      "team1_step_reward": 0.0,
      "winner": null
    },
    {
      "ball_pos": [
        -15.462311744689941,
        -2.23842453956604
      ],
      "reward_shaping": null,
      "score": null,
      "step": 30,
      "team0_centroid": [
        -4.116686105728149,
        -1.9088416695594788
      ],
      "team0_step_reward": 1.9392000436782837,
      "team1_centroid": [
        -14.44770860671997,
        1.8385531604290009
      ],
      "team1_step_reward": -2.0,
      "winner": null
    }
  ],
  "steps": 31,
  "tail_trace": [
    {
      "ball_pos": [
        0.39870166778564453,
        -0.7877848148345947
      ],
      "reward_shaping": null,
      "score": null,
      "step": 1,
      "team0_centroid": [
        7.90320348739624,
        -0.2503180205821991
      ],
      "team0_step_reward": 0.0,
      "team1_centroid": [
        -10.964313507080078,
        0.0036374330520629883
      ],
      "team1_step_reward": 0.0,
      "winner": null
    },
    {
      "ball_pos": [
        0.39870166778564453,
        -0.7877848148345947
      ],
      "reward_shaping": null,
      "score": null,
      "step": 2,
      "team0_centroid": [
        7.683487892150879,
        -0.41402895748615265
      ],
      "team0_step_reward": 0.0,
      "team1_centroid": [
        -10.72939682006836,
        -0.03808850049972534
      ],
      "team1_step_reward": 0.0,
      "winner": null
    },
    {
      "ball_pos": [
        0.39870166778564453,
        -0.7877848148345947
      ],
      "reward_shaping": null,
      "score": null,
      "step": 3,
      "team0_centroid": [
        7.302210092544556,
        -0.7256574593484402
      ],
      "team0_step_reward": 0.0,
      "team1_centroid": [
        -10.19463062286377,
        -0.24024534225463867
      ],
      "team1_step_reward": 0.0,
      "winner": null
    },
    {
      "ball_pos": [
        0.39870166778564453,
        -0.7877848148345947
      ],
      "reward_shaping": null,
      "score": null,
      "step": 4,
      "team0_centroid": [
        6.644068121910095,
        -1.0665993094444275
      ],
      "team0_step_reward": 0.0,
      "team1_centroid": [
        -9.65957498550415,
        -0.47806262969970703
      ],
      "team1_step_reward": 0.0,
      "winner": null
    },
    {
      "ball_pos": [
        -0.21046757698059082,
        -0.8591389060020447
      ],
      "reward_shaping": null,
      "score": null,
      "step": 5,
      "team0_centroid": [
        5.811495721340179,
        -1.3936282098293304
      ],
      "team0_step_reward": 0.0,
      "team1_centroid": [
        -9.485621690750122,
        -0.5619292259216309
      ],
      "team1_step_reward": 0.0,
      "winner": null
    },
    {
      "ball_pos": [
        -2.0170986652374268,
        -1.170289158821106
      ],
      "reward_shaping": null,
      "score": null,
      "step": 6,
      "team0_centroid": [
        4.642139434814453,
        -1.7498440742492676
      ],
      "team0_step_reward": 0.0,
      "team1_centroid": [
        -9.243108034133911,
        -0.5716829299926758
      ],
      "team1_step_reward": 0.0,
      "winner": null
    },
    {
      "ball_pos": [
        -3.6945481300354004,
        -1.4487522840499878
      ],
      "reward_shaping": null,
      "score": null,
      "step": 7,
      "team0_centroid": [
        3.4944525957107544,
        -1.9984838962554932
      ],
      "team0_step_reward": 0.0,
      "team1_centroid": [
        -8.90519642829895,
        -0.587476372718811
      ],
      "team1_step_reward": 0.0,
      "winner": null
    },
    {
      "ball_pos": [
        -5.241548538208008,
        -1.7116116285324097
      ],
      "reward_shaping": null,
      "score": null,
      "step": 8,
      "team0_centroid": [
        2.389976739883423,
        -2.1077184081077576
      ],
      "team0_step_reward": 0.0,
      "team1_centroid": [
        -8.652827262878418,
        -0.6830881834030151
      ],
      "team1_step_reward": 0.0,
      "winner": null
    },
    {
      "ball_pos": [
        -7.187649250030518,
        -3.1737911701202393
      ],
      "reward_shaping": null,
      "score": null,
      "step": 9,
      "team0_centroid": [
        1.4438798427581787,
        -2.1939273476600647
      ],
      "team0_step_reward": 0.0,
      "team1_centroid": [
        -8.433468580245972,
        -0.7359199523925781
      ],
      "team1_step_reward": 0.0,
      "winner": null
    },
    {
      "ball_pos": [
        -8.907439231872559,
        -4.466207981109619
      ],
      "reward_shaping": null,
      "score": null,
      "step": 10,
      "team0_centroid": [
        0.5304923057556152,
        -2.3651609420776367
      ],
      "team0_step_reward": 0.0,
      "team1_centroid": [
        -8.478410005569458,
        -0.6038764715194702
      ],
      "team1_step_reward": 0.0,
      "winner": null
    },
    {
      "ball_pos": [
        -10.422795295715332,
        -5.6049957275390625
      ],
      "reward_shaping": null,
      "score": null,
      "step": 11,
      "team0_centroid": [
        -0.00028705596923828125,
        -2.3859732151031494
      ],
      "team0_step_reward": 0.0,
      "team1_centroid": [
        -8.668339252471924,
        -0.43102705478668213
      ],
      "team1_step_reward": 0.0,
      "winner": null
    },
    {
      "ball_pos": [
        -11.753360748291016,
        -6.604913234710693
      ],
      "reward_shaping": null,
      "score": null,
      "step": 12,
      "team0_centroid": [
        -0.17736148834228516,
        -2.4525707960128784
      ],
      "team0_step_reward": 0.0,
      "team1_centroid": [
        -9.004424810409546,
        -0.09805536270141602
      ],
      "team1_step_reward": 0.0,
      "winner": null
    },
    {
      "ball_pos": [
        -12.70291519165039,
        -6.5760345458984375
      ],
      "reward_shaping": null,
      "score": null,
      "step": 13,
      "team0_centroid": [
        -0.0240325927734375,
        -2.523987889289856
      ],
      "team0_step_reward": 0.0,