{
  "classification": {
    "labels": [
      "win"
    ],
    "primary_label": "win"
  },
  "cumulative_team0_reward": 1.9564000368118286,
  "cumulative_team1_reward": -2.0,
  "episode_index": 444,
  "final_score": null,
  "final_team0_step_reward": 1.9564000368118286,
  "final_team1_step_reward": -2.0,
  "final_winner": null,
  "metrics": {
    "mean_ball_x": 8.35804334011945,
    "tail_mean_ball_x": 8.35804334011945,
    "team0_possession_ratio": null,
    "team0_progress_toward_goal": 0.0,
    "team0_shaping_reward_sum": 0.0,
    "team1_possession_ratio": null,
    "team1_progress_toward_goal": 0.0,
    "team1_shaping_reward_sum": 0.0
  },
  "outcome": "team0_win",
  "sampled_trace": [
    {
      "ball_pos": [
        1.9789482355117798,
        1.7909550666809082
      ],
      "reward_shaping": null,
      "score": null,
      "step": 0,
      "team0_centroid": [
        -6.225277423858643,
        0.05204331874847412
      ],
      "team0_step_reward": 0.0,
      "team1_centroid": [
        9.403968334197998,
        0.039906084537506104
      ],
      "team1_step_reward": 0.0,
      "winner": null
    },
    {
      "ball_pos": [
        9.634368896484375,
        -2.1932270526885986
      ],
      "reward_shaping": null,
      "score": null,
      "step": 10,
      "team0_centroid": [
        4.441818118095398,
        2.2087520360946655
      ],
      "team0_step_reward": 0.0,
      "team1_centroid": [
        8.764065504074097,
        -0.3730289936065674
      ],
      "team1_step_reward": 0.0,
      "winner": null
    },
    {
      "ball_pos": [
        14.344860076904297,
        0.4594999849796295
      ],
      "reward_shaping": null,
      "score": null,
      "step": 20,
      "team0_centroid": [
        8.320706486701965,
        -0.49808957427740097
      ],
      "team0_step_reward": 0.0,
      "team1_centroid": [
        8.325546979904175,
        -2.3982154726982117
      ],
      "team1_step_reward": 0.0,
      "winner": null
    }
  ],
  "steps": 22,
  "tail_trace": [
    {
      "ball_pos": [
        1.9789482355117798,
        1.7909550666809082
      ],
      "reward_shaping": null,
      "score": null,
      "step": 0,
      "team0_centroid": [
        -6.225277423858643,
        0.05204331874847412
      ],
      "team0_step_reward": 0.0,
      "team1_centroid": [
        9.403968334197998,
        0.039906084537506104
      ],
      "team1_step_reward": 0.0,
      "winner": null
    },
    {
      "ball_pos": [
        1.9789482355117798,
        1.7909550666809082
      ],
      "reward_shaping": null,
      "score": null,
      "step": 1,
      "team0_centroid": [
        -5.557278513908386,
        0.06338357925415039
      ],
      "team0_step_reward": 0.0,
      "team1_centroid": [
        9.084528923034668,
        0.09033480286598206
      ],
      "team1_step_reward": 0.0,
      "winner": null
    },
    {
      "ball_pos": [
        1.9789485931396484,
        1.7909550666809082
      ],
      "reward_shaping": null,
      "score": null,
      "step": 2,
      "team0_centroid": [
        -5.081906795501709,
        0.07570046186447144
      ],
      "team0_step_reward": 0.0,
      "team1_centroid": [
        8.858473300933838,
        -0.016908615827560425
      ],
      "team1_step_reward": 0.0,
      "winner": null
    },
    {
      "ball_pos": [
        1.978948950767517,
        1.7909550666809082
      ],
      "reward_shaping": null,
      "score": null,
      "step": 3,
      "team0_centroid": [
        -4.234577775001526,
        0.19040369987487793
      ],
      "team0_step_reward": 0.0,
      "team1_centroid": [
        8.73512887954712,
        -0.18290066719055176
      ],
      "team1_step_reward": 0.0,
      "winner": null
    },
    {
      "ball_pos": [
        1.9789491891860962,
        1.7909550666809082
      ],
      "reward_shaping": null,
      "score": null,
      "step": 4,
      "team0_centroid": [
        -2.8438897132873535,
        0.5057521462440491
      ],
      "team0_step_reward": 0.0,
      "team1_centroid": [
        8.687526226043701,
        -0.3833480030298233
      ],
      "team1_step_reward": 0.0,
      "winner": null
    },
    {
      "ball_pos": [
        1.9789494276046753,
        1.7909550666809082
      ],
      "reward_shaping": null,
      "score": null,
      "step": 5,
      "team0_centroid": [
        -1.0648662447929382,
        0.9611778557300568
      ],
      "team0_step_reward": 0.0,
      "team1_centroid": [
        8.705249071121216,
        -0.5113382339477539
      ],
      "team1_step_reward": 0.0,
      "winner": null
    },
    {
      "ball_pos": [
        1.978949785232544,
        1.7909550666809082
      ],
      "reward_shaping": null,
      "score": null,
      "step": 6,
      "team0_centroid": [
        0.7466615363955498,
        1.408879280090332
      ],
      "team0_step_reward": 0.0,
      "team1_centroid": [
        8.813405513763428,
        -0.5882210209965706
      ],
      "team1_step_reward": 0.0,
      "winner": null
    },
    {
      "ball_pos": [
        4.279719352722168,
        0.6046032309532166
      ],
      "reward_shaping": null,
      "score": null,
      "step": 7,
      "team0_centroid": [
        2.10287743806839,
        1.9262163043022156
      ],
      "team0_step_reward": 0.0,
      "team1_centroid": [
        8.788326501846313,
        -0.5242426097393036
      ],
      "team1_step_reward": 0.0,
      "winner": null
    },
    {
      "ball_pos": [
        6.294000625610352,
        -0.44786691665649414
      ],
      "reward_shaping": null,
      "score": null,
      "step": 8,
      "team0_centroid": [
        3.079339623451233,
        2.246173322200775
      ],
      "team0_step_reward": 0.0,
      "team1_centroid": [
        8.705005407333374,
        -0.46813303232192993
      ],
      "team1_step_reward": 0.0,
      "winner": null
    },
    {
      "ball_pos": [
        8.071293830871582,
        -1.3765119314193726
      ],
      "reward_shaping": null,
      "score": null,
      "step": 9,
      "team0_centroid": [
        3.7564183473587036,
        2.3161360025405884
      ],
      "team0_step_reward": 0.0,
      "team1_centroid": [
        8.717757225036621,
        -0.4275705814361572
      ],
      "team1_step_reward": 0.0,
      "winner": null
    },
    {
      "ball_pos": [
        9.634368896484375,
        -2.1932270526885986
      ],
      "reward_shaping": null,
      "score": null,
      "step": 10,
      "team0_centroid": [
        4.441818118095398,
        2.2087520360946655
      ],
      "team0_step_reward": 0.0,
      "team1_centroid": [
        8.764065504074097,
        -0.3730289936065674
      ],
      "team1_step_reward": 0.0,
      "winner": null
    },
    {
      "ball_pos": [
        10.43250846862793,
        -1.7193659543991089
      ],
      "reward_shaping": null,
      "score": null,
      "step": 11,
      "team0_centroid": [
        5.293184995651245,
        1.8337647318840027
      ],
      "team0_step_reward": 0.0,
      "team1_centroid": [
        8.704841136932373,
        -0.34609925746917725
      ],
      "team1_step_reward": 0.0,
      "winner": null
    },
    {
      "ball_pos": [
        11.110889434814453,
        -1.3220164775848389
      ],
      "reward_shaping": null,
      "score": null,
      "step": 12,
      "team0_centroid": [
        6.041638374328613,
        1.551565408706665
      ],
      "team0_step_reward": 0.0,
      "team1_centroid": [
        8.592033624649048,
        -0.42317521572113037
      ],
      "team1_step_reward": 0.0,
      "winner": null
    },
    {
      "ball_pos": [
        11.681793212890625,
        -0.9876375794410706
      ],
      "reward_shaping": null,
      "score": null,
      "step": 13,
      "team0_centroid": [
        6.486045837402344,
        1.410803496837616
      ],
      "team0_step_reward": 0.0,
      "team1_centroid": [
        8.499052047729492,
        -0.6539579629898071
      ],