{
  "classification": {
    "labels": [
      "win"
    ],
    "primary_label": "win"
  },
  "cumulative_team0_reward": 1.943600058555603,
  "cumulative_team1_reward": -2.0,
  "episode_index": 102,
  "final_score": null,
  "final_team0_step_reward": 1.943600058555603,
  "final_team1_step_reward": -2.0,
  "final_winner": null,
  "metrics": {
    "mean_ball_x": 8.475788371903556,
    "tail_mean_ball_x": 8.475788371903556,
    "team0_possession_ratio": null,
    "team0_progress_toward_goal": 0.0,
    "team0_shaping_reward_sum": 0.0,
    "team1_possession_ratio": null,
    "team1_progress_toward_goal": 0.0,
    "team1_shaping_reward_sum": 0.0
  },
  "outcome": "team0_win",
  "sampled_trace": [
    {
      "ball_pos": [
        1.1993932723999023,
        -1.6182268857955933
      ],
      "reward_shaping": null,
      "score": null,
      "step": 0,
      "team0_centroid": [
        -3.7140833139419556,
        -0.05302006006240845
      ],
      "team0_step_reward": 0.0,
      "team1_centroid": [
        7.795391082763672,
        7.855892181396484e-05
      ],
      "team1_step_reward": 0.0,
      "winner": null
    },
    {
      "ball_pos": [
        7.906922340393066,
        -4.382233142852783
      ],
      "reward_shaping": null,
      "score": null,
      "step": 10,
      "team0_centroid": [
        2.0793920159339905,
        -0.4902993142604828
      ],
      "team0_step_reward": 0.0,
      "team1_centroid": [
        6.357795357704163,
        -0.5010499954223633
      ],
      "team1_step_reward": 0.0,
      "winner": null
    },
    {
      "ball_pos": [
        11.87601089477539,
        -6.032668590545654
      ],
      "reward_shaping": null,
      "score": null,
      "step": 20,
      "team0_centroid": [
        6.430648326873779,
        -4.599057555198669
      ],
      "team0_step_reward": 0.0,
      "team1_centroid": [
        6.9651198387146,
        -0.06939196586608887
      ],
      "team1_step_reward": 0.0,
      "winner": null
    }
  ],
  "steps": 28,
  "tail_trace": [
    {
      "ball_pos": [
        1.1993932723999023,
        -1.6182268857955933
      ],
      "reward_shaping": null,
      "score": null,
      "step": 0,
      "team0_centroid": [
        -3.7140833139419556,
        -0.05302006006240845
      ],
      "team0_step_reward": 0.0,
      "team1_centroid": [
        7.795391082763672,
        7.855892181396484e-05
      ],
      "team1_step_reward": 0.0,
      "winner": null
    },
    {
      "ball_pos": [
        1.1993932723999023,
        -1.6182268857955933
      ],
      "reward_shaping": null,
      "score": null,
      "step": 1,
      "team0_centroid": [
        -3.4661465883255005,
        -0.2553376257419586
      ],
      "team0_step_reward": 0.0,
      "team1_centroid": [
        7.326800107955933,
        -0.0020467042922973633
      ],
      "team1_step_reward": 0.0,
      "winner": null
    },
    {
      "ball_pos": [
        1.1993932723999023,
        -1.6182268857955933
      ],
      "reward_shaping": null,
      "score": null,
      "step": 2,
      "team0_centroid": [
        -2.874052882194519,
        -0.4579293429851532
      ],
      "team0_step_reward": 0.0,
      "team1_centroid": [
        6.700214385986328,
        -0.15803007781505585
      ],
      "team1_step_reward": 0.0,
      "winner": null
    },
    {
      "ball_pos": [
        1.1993932723999023,
        -1.6182268857955933
      ],
      "reward_shaping": null,
      "score": null,
      "step": 3,
      "team0_centroid": [
        -2.2584948986768723,
        -0.4489259868860245
      ],
      "team0_step_reward": 0.0,
      "team1_centroid": [
        6.270033359527588,
        -0.43238525837659836
      ],
      "team1_step_reward": 0.0,
      "winner": null
    },
    {
      "ball_pos": [
        1.1993932723999023,
        -1.6182268857955933
      ],
      "reward_shaping": null,
      "score": null,
      "step": 4,
      "team0_centroid": [
        -1.822809837758541,
        -0.3508313298225403
      ],
      "team0_step_reward": 0.0,
      "team1_centroid": [
        5.978977918624878,
        -0.6646926812827587
      ],
      "team1_step_reward": 0.0,
      "winner": null
    },
    {
      "ball_pos": [
        2.571960926055908,
        -2.163848876953125
      ],
      "reward_shaping": null,
      "score": null,
      "step": 5,
      "team0_centroid": [
        -1.351493939757347,
        -0.41596850752830505
      ],
      "team0_step_reward": 0.0,
      "team1_centroid": [
        5.78019118309021,
        -0.8272957056760788
      ],
      "team1_step_reward": 0.0,
      "winner": null
    },
    {
      "ball_pos": [
        3.9642605781555176,
        -2.7427866458892822
      ],
      "reward_shaping": null,
      "score": null,
      "step": 6,
      "team0_centroid": [
        -0.8552553057670593,
        -0.3923198878765106
      ],
      "team0_step_reward": 0.0,
      "team1_centroid": [
        5.66656494140625,
        -0.9432074353098869
      ],
      "team1_step_reward": 0.0,
      "winner": null
    },
    {
      "ball_pos": [
        5.177512168884277,
        -3.247283458709717
      ],
      "reward_shaping": null,
      "score": null,
      "step": 7,
      "team0_centroid": [
        0.010144054889678955,
        -0.3673219382762909
      ],
      "team0_step_reward": 0.0,
      "team1_centroid": [
        5.63260281085968,
        -0.8772435113787651
      ],
      "team1_step_reward": 0.0,
      "winner": null
    },
    {
      "ball_pos": [
        6.228922367095947,
        -3.684483051300049
      ],
      "reward_shaping": null,
      "score": null,
      "step": 8,
      "team0_centroid": [
        0.9359056502580643,
        -0.3024449646472931
      ],
      "team0_step_reward": 0.0,
      "team1_centroid": [
        5.8479835987091064,
        -0.7731094658374786
      ],
      "team1_step_reward": 0.0,
      "winner": null
    },
    {
      "ball_pos": [
        7.134040832519531,
        -4.060851097106934
      ],
      "reward_shaping": null,
      "score": null,
      "step": 9,
      "team0_centroid": [
        1.6109565496444702,
        -0.3612236976623535
      ],
      "team0_step_reward": 0.0,
      "team1_centroid": [
        6.157290101051331,
        -0.6366235315799713
      ],
      "team1_step_reward": 0.0,
      "winner": null
    },
    {
      "ball_pos": [
        7.906922340393066,
        -4.382233142852783
      ],
      "reward_shaping": null,
      "score": null,
      "step": 10,
      "team0_centroid": [
        2.0793920159339905,
        -0.4902993142604828
      ],
      "team0_step_reward": 0.0,
      "team1_centroid": [
        6.357795357704163,
        -0.5010499954223633
      ],
      "team1_step_reward": 0.0,
      "winner": null
    },
    {
      "ball_pos": [
        8.560272216796875,
        -4.653911113739014
      ],
      "reward_shaping": null,
      "score": null,
      "step": 11,
      "team0_centroid": [
        2.4019210934638977,
        -0.730241596698761
      ],
      "team0_step_reward": 0.0,
      "team1_centroid": [
        6.456776261329651,
        -0.5588536262512207
      ],
      "team1_step_reward": 0.0,
      "winner": null
    },
    {
      "ball_pos": [
        9.10772705078125,
        -4.88155460357666
      ],
      "reward_shaping": null,
      "score": null,
      "step": 12,
      "team0_centroid": [
        2.5956047773361206,
        -1.1328619718551636
      ],
      "team0_step_reward": 0.0,
      "team1_centroid": [
        6.013005614280701,
        -0.6250001192092896
      ],
      "team1_step_reward": 0.0,
      "winner": null
    },
    {
      "ball_pos": [
        9.5922212600708,
        -5.083018779754639
      ],
      "reward_shaping": null,
      "score": null,
      "step": 13,
      "team0_centroid": [
        2.6867441534996033,
        -1.6441276520490646
      ],
      "team0_step_reward": 0.0,