{
  "classification": {
    "labels": [
      "win"
    ],
    "primary_label": "win"
  },
  "cumulative_team0_reward": 1.9744000434875488,
  "cumulative_team1_reward": -2.0,
  "episode_index": 250,
  "final_score": null,
  "final_team0_step_reward": 1.9744000434875488,
  "final_team1_step_reward": -2.0,
  "final_winner": null,
  "metrics": {
    "mean_ball_x": 5.552516231170068,
    "tail_mean_ball_x": 5.552516231170068,
    "team0_possession_ratio": null,
    "team0_progress_toward_goal": 0.0,
    "team0_shaping_reward_sum": 0.0,
    "team1_possession_ratio": null,
    "team1_progress_toward_goal": 0.0,
    "team1_shaping_reward_sum": 0.0
  },
  "outcome": "team0_win",
  "sampled_trace": [
    {
      "ball_pos": [
        1.8698750734329224,
        1.3173139095306396
      ],
      "reward_shaping": null,
      "score": null,
      "step": 0,
      "team0_centroid": [
        -9.539615631103516,
        0.06382256746292114
      ],
      "team0_step_reward": 0.0,
      "team1_centroid": [
        10.301868915557861,
        0.011897683143615723
      ],
      "team1_step_reward": 0.0,
      "winner": null
    },
    {
      "ball_pos": [
        11.872506141662598,
        -1.0377495288848877
      ],
      "reward_shaping": null,
      "score": null,
      "step": 10,
      "team0_centroid": [
        2.44809889793396,
        0.49931076169013977
      ],
      "team0_step_reward": 0.0,
      "team1_centroid": [
        9.726653099060059,
        -0.23183035850524902
      ],
      "team1_step_reward": 0.0,
      "winner": null
    }
  ],
  "steps": 13,
  "tail_trace": [
    {
      "ball_pos": [
        1.8698750734329224,
        1.3173139095306396
      ],
      "reward_shaping": null,
      "score": null,
      "step": 0,
      "team0_centroid": [
        -9.539615631103516,
        0.06382256746292114
      ],
      "team0_step_reward": 0.0,
      "team1_centroid": [
        10.301868915557861,
        0.011897683143615723
      ],
      "team1_step_reward": 0.0,
      "winner": null
    },
    {
      "ball_pos": [
        1.8698750734329224,
        1.3173139095306396
      ],
      "reward_shaping": null,
      "score": null,
      "step": 1,
      "team0_centroid": [
        -8.638644933700562,
        0.20237433910369873
      ],
      "team0_step_reward": 0.0,
      "team1_centroid": [
        10.643414974212646,
        0.020495235919952393
      ],
      "team1_step_reward": 0.0,
      "winner": null
    },
    {
      "ball_pos": [
        1.8698750734329224,
        1.3173139095306396
      ],
      "reward_shaping": null,
      "score": null,
      "step": 2,
      "team0_centroid": [
        -7.339325904846191,
        0.415454626083374
      ],
      "team0_step_reward": 0.0,
      "team1_centroid": [
        11.119032859802246,
        -0.013297706842422485
      ],
      "team1_step_reward": 0.0,
      "winner": null
    },
    {
      "ball_pos": [
        1.8698750734329224,
        1.3173139095306396
      ],
      "reward_shaping": null,
      "score": null,
      "step": 3,
      "team0_centroid": [
        -5.8605711460113525,
        0.7133348882198334
      ],
      "team0_step_reward": 0.0,
      "team1_centroid": [
        11.118324279785156,
        0.009511798620223999
      ],
      "team1_step_reward": 0.0,
      "winner": null
    },
    {
      "ball_pos": [
        1.8698750734329224,
        1.3173139095306396
      ],
      "reward_shaping": null,
      "score": null,
      "step": 4,
      "team0_centroid": [
        -4.393731474876404,
        0.9404076412320137
      ],
      "team0_step_reward": 0.0,
      "team1_centroid": [
        10.583709239959717,
        0.022145867347717285
      ],
      "team1_step_reward": 0.0,
      "winner": null
    },
    {
      "ball_pos": [
        1.8698750734329224,
        1.3173139095306396
      ],
      "reward_shaping": null,
      "score": null,
      "step": 5,
      "team0_centroid": [
        -2.6861791610717773,
        1.1646263897418976
      ],
      "team0_step_reward": 0.0,
      "team1_centroid": [
        10.043007850646973,
        -0.07481753826141357
      ],
      "team1_step_reward": 0.0,
      "winner": null
    },
    {
      "ball_pos": [
        1.8698750734329224,
        1.3173139095306396
      ],
      "reward_shaping": null,
      "score": null,
      "step": 6,
      "team0_centroid": [
        -1.4036398455500603,
        1.2338548004627228
      ],
      "team0_step_reward": 0.0,
      "team1_centroid": [
        9.714787721633911,
        -0.06901413202285767
      ],
      "team1_step_reward": 0.0,
      "winner": null
    },
    {
      "ball_pos": [
        2.401993751525879,
        1.245255708694458
      ],
      "reward_shaping": null,
      "score": null,
      "step": 7,
      "team0_centroid": [
        -0.6452339887619019,
        1.1049398481845856
      ],
      "team0_step_reward": 0.0,
      "team1_centroid": [
        9.686961889266968,
        -0.12200337648391724
      ],
      "team1_step_reward": 0.0,
      "winner": null
    },
    {
      "ball_pos": [
        5.933531284332275,
        0.3945084810256958
      ],
      "reward_shaping": null,
      "score": null,
      "step": 8,
      "team0_centroid": [
        0.11604249477386475,
        0.9546529948711395
      ],
      "team0_step_reward": 0.0,
      "team1_centroid": [
        9.72699522972107,
        -0.2068885862827301
      ],
      "team1_step_reward": 0.0,
      "winner": null
    },
    {
      "ball_pos": [
        9.077906608581543,
        -0.36379384994506836
      ],
      "reward_shaping": null,
      "score": null,
      "step": 9,
      "team0_centroid": [
        1.087680459022522,
        0.7293010652065277
      ],
      "team0_step_reward": 0.0,
      "team1_centroid": [
        9.788095712661743,
        -0.2852671593427658
      ],
      "team1_step_reward": 0.0,
      "winner": null
    },
    {
      "ball_pos": [
        11.872506141662598,
        -1.0377495288848877
      ],
      "reward_shaping": null,
      "score": null,
      "step": 10,
      "team0_centroid": [
        2.44809889793396,
        0.49931076169013977
      ],
      "team0_step_reward": 0.0,
      "team1_centroid": [
        9.726653099060059,
        -0.23183035850524902
      ],
      "team1_step_reward": 0.0,
      "winner": null
    },
    {
      "ball_pos": [
        14.350937843322754,
        -1.6354570388793945
      ],
      "reward_shaping": null,
      "score": null,
      "step": 11,
      "team0_centroid": [
        3.713177800178528,
        0.2741677053272724
      ],
      "team0_step_reward": 0.0,
      "team1_centroid": [
        9.745100021362305,
        -0.24582618474960327
      ],
      "team1_step_reward": 0.0,
      "winner": null
    },
    {
      "ball_pos": [
        15.456709861755371,
        -1.9334192276000977
      ],
      "reward_shaping": null,
      "score": null,
      "step": 12,
      "team0_centroid": [
        4.385556936264038,
        0.14764820039272308
      ],
      "team0_step_reward": 1.9744000434875488,
      "team1_centroid": [
        9.782506465911865,
        -0.289689838886261
      ],
      "team1_step_reward": -2.0,
      "winner": null
    }
  ],
  "team0_module": "ceia_baseline_agent",
  "team1_module": "example_player_agent.agent_random"
}