{
  "classification": {
    "labels": [
      "win"
    ],
    "primary_label": "win"
  },
  "cumulative_team0_reward": 1.9531999826431274,
  "cumulative_team1_reward": -2.0,
  "episode_index": 282,
  "final_score": null,
  "final_team0_step_reward": 1.9531999826431274,
  "final_team1_step_reward": -2.0,
  "final_winner": null,
  "metrics": {
    "mean_ball_x": 9.671118761102358,
    "tail_mean_ball_x": 9.671118761102358,
    "team0_possession_ratio": null,
    "team0_progress_toward_goal": 0.0,
    "team0_shaping_reward_sum": 0.0,
    "team1_possession_ratio": null,
    "team1_progress_toward_goal": 0.0,
    "team1_shaping_reward_sum": 0.0
  },
  "outcome": "team0_win",
  "sampled_trace": [
    {
      "ball_pos": [
        -1.7528014183044434,
        1.0615932941436768
      ],
      "reward_shaping": null,
      "score": null,
      "step": 0,
      "team0_centroid": [
        -6.097822546958923,
        0.05945104360580444
      ],
      "team0_step_reward": 0.0,
      "team1_centroid": [
        5.638535976409912,
        0.13811767101287842
      ],
      "team1_step_reward": 0.0,
      "winner": null
    },
    {
      "ball_pos": [
        11.009543418884277,
        -6.4103546142578125
      ],
      "reward_shaping": null,
      "score": null,
      "step": 10,
      "team0_centroid": [
        1.917769968509674,
        -0.9406831115484238
      ],
      "team0_step_reward": 0.0,
      "team1_centroid": [
        5.485584497451782,
        2.2264856100082397
      ],
      "team1_step_reward": 0.0,
      "winner": null
    },
    {
      "ball_pos": [
        13.734784126281738,
        -4.640408992767334
      ],
      "reward_shaping": null,
      "score": null,
      "step": 20,
      "team0_centroid": [
        7.414424657821655,
        -1.6754666566848755
      ],
      "team0_step_reward": 0.0,
      "team1_centroid": [
        5.150807499885559,
        0.5890829563140869
      ],
      "team1_step_reward": 0.0,
      "winner": null
    }
  ],
  "steps": 24,
  "tail_trace": [
    {
      "ball_pos": [
        -1.7528014183044434,
        1.0615932941436768
      ],
      "reward_shaping": null,
      "score": null,
      "step": 0,
      "team0_centroid": [
        -6.097822546958923,
        0.05945104360580444
      ],
      "team0_step_reward": 0.0,
      "team1_centroid": [
        5.638535976409912,
        0.13811767101287842
      ],
      "team1_step_reward": 0.0,
      "winner": null
    },
    {
      "ball_pos": [
        -0.9031333923339844,
        0.6807640194892883
      ],
      "reward_shaping": null,
      "score": null,
      "step": 1,
      "team0_centroid": [
        -5.211522817611694,
        0.21463549137115479
      ],
      "team0_step_reward": 0.0,
      "team1_centroid": [
        5.640343904495239,
        0.1565687656402588
      ],
      "team1_step_reward": 0.0,
      "winner": null
    },
    {
      "ball_pos": [
        1.246721863746643,
        -0.7863185405731201
      ],
      "reward_shaping": null,
      "score": null,
      "step": 2,
      "team0_centroid": [
        -4.470575928688049,
        0.37878966331481934
      ],
      "team0_step_reward": 0.0,
      "team1_centroid": [
        5.6367974281311035,
        0.23028990626335144
      ],
      "team1_step_reward": 0.0,
      "winner": null
    },
    {
      "ball_pos": [
        3.1493773460388184,
        -2.085017681121826
      ],
      "reward_shaping": null,
      "score": null,
      "step": 3,
      "team0_centroid": [
        -3.7071752697229385,
        0.4764607772231102
      ],
      "team0_step_reward": 0.0,
      "team1_centroid": [
        5.876697301864624,
        0.3557799458503723
      ],
      "team1_step_reward": 0.0,
      "winner": null
    },
    {
      "ball_pos": [
        4.828729152679443,
        -3.2312979698181152
      ],
      "reward_shaping": null,
      "score": null,
      "step": 4,
      "team0_centroid": [
        -2.7529879808425903,
        0.6238164752721786
      ],
      "team0_step_reward": 0.0,
      "team1_centroid": [
        6.211801290512085,
        0.45682260394096375
      ],
      "team1_step_reward": 0.0,
      "winner": null
    },
    {
      "ball_pos": [
        6.306233882904053,
        -4.239802360534668
      ],
      "reward_shaping": null,
      "score": null,
      "step": 5,
      "team0_centroid": [
        -1.911767691373825,
        0.8521886169910431
      ],
      "team0_step_reward": 0.0,
      "team1_centroid": [
        6.209285497665405,
        0.5055490434169769
      ],
      "team1_step_reward": 0.0,
      "winner": null
    },
    {
      "ball_pos": [
        7.601284027099609,
        -5.1237688064575195
      ],
      "reward_shaping": null,
      "score": null,
      "step": 6,
      "team0_centroid": [
        -1.0708538889884949,
        0.9094471037387848
      ],
      "team0_step_reward": 0.0,
      "team1_centroid": [
        6.0147013664245605,
        0.6697591245174408
      ],
      "team1_step_reward": 0.0,
      "winner": null
    },
    {
      "ball_pos": [
        8.731410026550293,
        -5.895162582397461
      ],
      "reward_shaping": null,
      "score": null,
      "step": 7,
      "team0_centroid": [
        -0.37518566846847534,
        0.7127514779567719
      ],
      "team0_step_reward": 0.0,
      "team1_centroid": [
        5.903725624084473,
        0.8766046464443207
      ],
      "team1_step_reward": 0.0,
      "winner": null
    },
    {
      "ball_pos": [
        9.712458610534668,
        -6.5647993087768555
      ],
      "reward_shaping": null,
      "score": null,
      "step": 8,
      "team0_centroid": [
        0.3159526139497757,
        0.28711115568876266
      ],
      "team0_step_reward": 0.0,
      "team1_centroid": [
        5.810268878936768,
        1.2338112518191338
      ],
      "team1_step_reward": 0.0,
      "winner": null
    },
    {
      "ball_pos": [
        10.490939140319824,
        -6.751287937164307
      ],
      "reward_shaping": null,
      "score": null,
      "step": 9,
      "team0_centroid": [
        1.1698940992355347,
        -0.31623341143131256
      ],
      "team0_step_reward": 0.0,
      "team1_centroid": [
        5.6652973890304565,
        1.7393663227558136
      ],
      "team1_step_reward": 0.0,
      "winner": null
    },
    {
      "ball_pos": [
        11.009543418884277,
        -6.4103546142578125
      ],
      "reward_shaping": null,
      "score": null,
      "step": 10,
      "team0_centroid": [
        1.917769968509674,
        -0.9406831115484238
      ],
      "team0_step_reward": 0.0,
      "team1_centroid": [
        5.485584497451782,
        2.2264856100082397
      ],
      "team1_step_reward": 0.0,
      "winner": null
    },
    {
      "ball_pos": [
        11.438652038574219,
        -6.131504535675049
      ],
      "reward_shaping": null,
      "score": null,
      "step": 11,
      "team0_centroid": [
        2.4441505670547485,
        -1.5736758410930634
      ],
      "team0_step_reward": 0.0,
      "team1_centroid": [
        5.255073666572571,
        2.5754446387290955
      ],
      "team1_step_reward": 0.0,
      "winner": null
    },
    {
      "ball_pos": [
        11.808757781982422,
        -5.891160488128662
      ],
      "reward_shaping": null,
      "score": null,
      "step": 12,
      "team0_centroid": [
        3.0505897998809814,
        -2.078683018684387
      ],
      "team0_step_reward": 0.0,
      "team1_centroid": [
        5.0919060707092285,
        2.6785913705825806
      ],
      "team1_step_reward": 0.0,
      "winner": null
    },
    {
      "ball_pos": [
        12.143091201782227,
        -5.674046516418457
      ],
      "reward_shaping": null,
      "score": null,
      "step": 13,
      "team0_centroid": [
        3.8758426904678345,
        -2.36232727766037
      ],
      "team0_step_reward": 0.0,
      "team1_centroid": [
        4.975947976112366,
        2.598438024520874
      ],