{
  "classification": {
    "labels": [
      "win"
    ],
    "primary_label": "win"
  },
  "cumulative_team0_reward": 1.9456000328063965,
  "cumulative_team1_reward": -2.0,
  "episode_index": 356,
  "final_score": null,
  "final_team0_step_reward": 1.9456000328063965,
  "final_team1_step_reward": -2.0,
  "final_winner": null,
  "metrics": {
    "mean_ball_x": 6.99139020619569,
    "tail_mean_ball_x": 6.99139020619569,
    "team0_possession_ratio": null,
    "team0_progress_toward_goal": 0.0,
    "team0_shaping_reward_sum": 0.0,
    "team1_possession_ratio": null,
    "team1_progress_toward_goal": 0.0,
    "team1_shaping_reward_sum": 0.0
  },
  "outcome": "team0_win",
  "sampled_trace": [
    {
      "ball_pos": [
        1.4850562810897827,
        -0.756989598274231
      ],
      "reward_shaping": null,
      "score": null,
      "step": 0,
      "team0_centroid": [
        -8.279008150100708,
        0.019518554210662842
      ],
      "team0_step_reward": 0.0,
      "team1_centroid": [
        4.04763662815094,
        0.03756958246231079
      ],
      "team1_step_reward": 0.0,
      "winner": null
    },
    {
      "ball_pos": [
        5.538736820220947,
        -4.267964839935303
      ],
      "reward_shaping": null,
      "score": null,
      "step": 10,
      "team0_centroid": [
        0.29502731561660767,
        -0.8342882692813873
      ],
      "team0_step_reward": 0.0,
      "team1_centroid": [
        4.629387319087982,
        -0.43222206830978394
      ],
      "team1_step_reward": 0.0,
      "winner": null
    },
    {
      "ball_pos": [
        10.539427757263184,
        -5.3226518630981445
      ],
      "reward_shaping": null,
      "score": null,
      "step": 20,
      "team0_centroid": [
        4.9985032081604,
        -5.567103147506714
      ],
      "team0_step_reward": 0.0,
      "team1_centroid": [
        8.350352048873901,
        1.578111695125699
      ],
      "team1_step_reward": 0.0,
      "winner": null
    }
  ],
  "steps": 27,
  "tail_trace": [
    {
      "ball_pos": [
        1.4850562810897827,
        -0.756989598274231
      ],
      "reward_shaping": null,
      "score": null,
      "step": 0,
      "team0_centroid": [
        -8.279008150100708,
        0.019518554210662842
      ],
      "team0_step_reward": 0.0,
      "team1_centroid": [
        4.04763662815094,
        0.03756958246231079
      ],
      "team1_step_reward": 0.0,
      "winner": null
    },
    {
      "ball_pos": [
        1.4850562810897827,
        -0.756989598274231
      ],
      "reward_shaping": null,
      "score": null,
      "step": 1,
      "team0_centroid": [
        -7.626370429992676,
        0.11271843314170837
      ],
      "team0_step_reward": 0.0,
      "team1_centroid": [
        4.325769901275635,
        0.07956558465957642
      ],
      "team1_step_reward": 0.0,
      "winner": null
    },
    {
      "ball_pos": [
        1.4850562810897827,
        -0.756989598274231
      ],
      "reward_shaping": null,
      "score": null,
      "step": 2,
      "team0_centroid": [
        -6.662269830703735,
        0.1992136836051941
      ],
      "team0_step_reward": 0.0,
      "team1_centroid": [
        4.256109237670898,
        -0.056046366691589355
      ],
      "team1_step_reward": 0.0,
      "winner": null
    },
    {
      "ball_pos": [
        1.4850562810897827,
        -0.756989598274231
      ],
      "reward_shaping": null,
      "score": null,
      "step": 3,
      "team0_centroid": [
        -5.416188478469849,
        0.19189351797103882
      ],
      "team0_step_reward": 0.0,
      "team1_centroid": [
        4.051518440246582,
        -0.23711371421813965
      ],
      "team1_step_reward": 0.0,
      "winner": null
    },
    {
      "ball_pos": [
        1.4850562810897827,
        -0.756989598274231
      ],
      "reward_shaping": null,
      "score": null,
      "step": 4,
      "team0_centroid": [
        -4.108464002609253,
        0.17614877969026566
      ],
      "team0_step_reward": 0.0,
      "team1_centroid": [
        3.921750247478485,
        -0.5154573321342468
      ],
      "team1_step_reward": 0.0,
      "winner": null
    },
    {
      "ball_pos": [
        1.4850562810897827,
        -0.756989598274231
      ],
      "reward_shaping": null,
      "score": null,
      "step": 5,
      "team0_centroid": [
        -2.7883092761039734,
        0.06827082484960556
      ],
      "team0_step_reward": 0.0,
      "team1_centroid": [
        3.8285810947418213,
        -0.7222010493278503
      ],
      "team1_step_reward": 0.0,
      "winner": null
    },
    {
      "ball_pos": [
        1.4850562810897827,
        -0.756989598274231
      ],
      "reward_shaping": null,
      "score": null,
      "step": 6,
      "team0_centroid": [
        -1.6954525262117386,
        -0.0791926896199584
      ],
      "team0_step_reward": 0.0,
      "team1_centroid": [
        3.7917473912239075,
        -0.9601832032203674
      ],
      "team1_step_reward": 0.0,
      "winner": null
    },
    {
      "ball_pos": [
        1.662637710571289,
        -0.8251842856407166
      ],
      "reward_shaping": null,
      "score": null,
      "step": 7,
      "team0_centroid": [
        -0.8938091397285461,
        -0.1853330284357071
      ],
      "team0_step_reward": 0.0,
      "team1_centroid": [
        3.7631949484348297,
        -1.0515146851539612
      ],
      "team1_step_reward": 0.0,
      "winner": null
    },
    {
      "ball_pos": [
        3.126417875289917,
        -2.125041961669922
      ],
      "reward_shaping": null,
      "score": null,
      "step": 8,
      "team0_centroid": [
        -0.3147299885749817,
        -0.2558068335056305
      ],
      "team0_step_reward": 0.0,
      "team1_centroid": [
        3.9599468111991882,
        -0.8857442140579224
      ],
      "team1_step_reward": 0.0,
      "winner": null
    },
    {
      "ball_pos": [
        4.412698745727539,
        -3.2676758766174316
      ],
      "reward_shaping": null,
      "score": null,
      "step": 9,
      "team0_centroid": [
        0.07647871971130371,
        -0.4573095142841339
      ],
      "team0_step_reward": 0.0,
      "team1_centroid": [
        4.221073508262634,
        -0.6861300468444824
      ],
      "team1_step_reward": 0.0,
      "winner": null
    },
    {
      "ball_pos": [
        5.538736820220947,
        -4.267964839935303
      ],
      "reward_shaping": null,
      "score": null,
      "step": 10,
      "team0_centroid": [
        0.29502731561660767,
        -0.8342882692813873
      ],
      "team0_step_reward": 0.0,
      "team1_centroid": [
        4.629387319087982,
        -0.43222206830978394
      ],
      "team1_step_reward": 0.0,
      "winner": null
    },
    {
      "ball_pos": [
        6.519929885864258,
        -5.139583587646484
      ],
      "reward_shaping": null,
      "score": null,
      "step": 11,
      "team0_centroid": [
        0.37507134675979614,
        -1.3245029747486115
      ],
      "team0_step_reward": 0.0,
      "team1_centroid": [
        5.065124869346619,
        -0.273157000541687
      ],
      "team1_step_reward": 0.0,
      "winner": null
    },
    {
      "ball_pos": [
        7.370193958282471,
        -5.894894599914551
      ],
      "reward_shaping": null,
      "score": null,
      "step": 12,
      "team0_centroid": [
        0.6152450442314148,
        -1.9072614014148712
      ],
      "team0_step_reward": 0.0,
      "team1_centroid": [
        5.611730098724365,
        -0.25761228799819946
      ],
      "team1_step_reward": 0.0,
      "winner": null
    },
    {
      "ball_pos": [
        8.1021089553833,
        -6.545072555541992
      ],
      "reward_shaping": null,
      "score": null,
      "step": 13,
      "team0_centroid": [
        1.145801231265068,
        -2.51846182346344
      ],
      "team0_step_reward": 0.0,