{
  "classification": {
    "labels": [
      "win"
    ],
    "primary_label": "win"
  },
  "cumulative_team0_reward": 1.9500000476837158,
  "cumulative_team1_reward": -2.0,
  "episode_index": 108,
  "final_score": null,
  "final_team0_step_reward": 1.9500000476837158,
  "final_team1_step_reward": -2.0,
  "final_winner": null,
  "metrics": {
    "mean_ball_x": 7.193540173768997,
    "tail_mean_ball_x": 7.193540173768997,
    "team0_possession_ratio": null,
    "team0_progress_toward_goal": 0.0,
    "team0_shaping_reward_sum": 0.0,
    "team1_possession_ratio": null,
    "team1_progress_toward_goal": 0.0,
    "team1_shaping_reward_sum": 0.0
  },
  "outcome": "team0_win",
  "sampled_trace": [
    {
      "ball_pos": [
        -2.0568490028381348,
        -0.29992008209228516
      ],
      "reward_shaping": null,
      "score": null,
      "step": 0,
      "team0_centroid": [
        -6.832072973251343,
        -0.045728325843811035
      ],
      "team0_step_reward": 0.0,
      "team1_centroid": [
        12.969650268554688,
        -0.13768351078033447
      ],
      "team1_step_reward": 0.0,
      "winner": null
    },
    {
      "ball_pos": [
        7.97734260559082,
        -4.510734558105469
      ],
      "reward_shaping": null,
      "score": null,
      "step": 10,
      "team0_centroid": [
        0.8277470171451569,
        -2.5936962366104126
      ],
      "team0_step_reward": 0.0,
      "team1_centroid": [
        13.937699317932129,
        -0.9723136760294437
      ],
      "team1_step_reward": 0.0,
      "winner": null
    },
    {
      "ball_pos": [
        11.061930656433105,
        -1.6488418579101562
      ],
      "reward_shaping": null,
      "score": null,
      "step": 20,
      "team0_centroid": [
        5.734359502792358,
        -2.6211037039756775
      ],
      "team0_step_reward": 0.0,
      "team1_centroid": [
        12.581790447235107,
        0.08797948807477951
      ],
      "team1_step_reward": 0.0,
      "winner": null
    }
  ],
  "steps": 25,
  "tail_trace": [
    {
      "ball_pos": [
        -2.0568490028381348,
        -0.29992008209228516
      ],
      "reward_shaping": null,
      "score": null,
      "step": 0,
      "team0_centroid": [
        -6.832072973251343,
        -0.045728325843811035
      ],
      "team0_step_reward": 0.0,
      "team1_centroid": [
        12.969650268554688,
        -0.13768351078033447
      ],
      "team1_step_reward": 0.0,
      "winner": null
    },
    {
      "ball_pos": [
        -2.0568490028381348,
        -0.29992008209228516
      ],
      "reward_shaping": null,
      "score": null,
      "step": 1,
      "team0_centroid": [
        -6.235963821411133,
        -0.1822032928466797
      ],
      "team0_step_reward": 0.0,
      "team1_centroid": [
        12.965376853942871,
        -0.15725302696228027
      ],
      "team1_step_reward": 0.0,
      "winner": null
    },
    {
      "ball_pos": [
        -2.0568490028381348,
        -0.29992008209228516
      ],
      "reward_shaping": null,
      "score": null,
      "step": 2,
      "team0_centroid": [
        -5.415478706359863,
        -0.266737699508667
      ],
      "team0_step_reward": 0.0,
      "team1_centroid": [
        12.701630115509033,
        -0.20933759212493896
      ],
      "team1_step_reward": 0.0,
      "winner": null
    },
    {
      "ball_pos": [
        -0.4896744191646576,
        -1.6105291843414307
      ],
      "reward_shaping": null,
      "score": null,
      "step": 3,
      "team0_centroid": [
        -4.2035298347473145,
        -0.31226001493632793
      ],
      "team0_step_reward": 0.0,
      "team1_centroid": [
        12.344574928283691,
        -0.37631139159202576
      ],
      "team1_step_reward": 0.0,
      "winner": null
    },
    {
      "ball_pos": [
        1.422003149986267,
        -3.31887149810791
      ],
      "reward_shaping": null,
      "score": null,
      "step": 4,
      "team0_centroid": [
        -3.0371529161930084,
        -0.4292622059583664
      ],
      "team0_step_reward": 0.0,
      "team1_centroid": [
        12.32532548904419,
        -0.6534707546234131
      ],
      "team1_step_reward": 0.0,
      "winner": null
    },
    {
      "ball_pos": [
        3.113438129425049,
        -4.830417633056641
      ],
      "reward_shaping": null,
      "score": null,
      "step": 5,
      "team0_centroid": [
        -1.9704745188355446,
        -0.6996006965637207
      ],
      "team0_step_reward": 0.0,
      "team1_centroid": [
        12.478610038757324,
        -0.8353468775749207
      ],
      "team1_step_reward": 0.0,
      "winner": null
    },
    {
      "ball_pos": [
        4.605801582336426,
        -6.164063453674316
      ],
      "reward_shaping": null,
      "score": null,
      "step": 6,
      "team0_centroid": [
        -1.109601840376854,
        -1.1296847462654114
      ],
      "team0_step_reward": 0.0,
      "team1_centroid": [
        12.618598937988281,
        -0.844719260931015
      ],
      "team1_step_reward": 0.0,
      "winner": null
    },
    {
      "ball_pos": [
        5.804399490356445,
        -6.529666900634766
      ],
      "reward_shaping": null,
      "score": null,
      "step": 7,
      "team0_centroid": [
        -0.5613431036472321,
        -1.6622828245162964
      ],
      "team0_step_reward": 0.0,
      "team1_centroid": [
        12.728669166564941,
        -0.734056830406189
      ],
      "team1_step_reward": 0.0,
      "winner": null
    },
    {
      "ball_pos": [
        6.640452861785889,
        -5.751129627227783
      ],
      "reward_shaping": null,
      "score": null,
      "step": 8,
      "team0_centroid": [
        -0.19051599502563477,
        -2.0440693497657776
      ],
      "team0_step_reward": 0.0,
      "team1_centroid": [
        13.066072940826416,
        -0.6665527522563934
      ],
      "team1_step_reward": 0.0,
      "winner": null
    },
    {
      "ball_pos": [
        7.3615031242370605,
        -5.082112789154053
      ],
      "reward_shaping": null,
      "score": null,
      "step": 9,
      "team0_centroid": [
        0.312458872795105,
        -2.4030325412750244
      ],
      "team0_step_reward": 0.0,
      "team1_centroid": [
        13.660079002380371,
        -0.7741798460483551
      ],
      "team1_step_reward": 0.0,
      "winner": null
    },
    {
      "ball_pos": [
        7.97734260559082,
        -4.510734558105469
      ],
      "reward_shaping": null,
      "score": null,
      "step": 10,
      "team0_centroid": [
        0.8277470171451569,
        -2.5936962366104126
      ],
      "team0_step_reward": 0.0,
      "team1_centroid": [
        13.937699317932129,
        -0.9723136760294437
      ],
      "team1_step_reward": 0.0,
      "winner": null
    },
    {
      "ball_pos": [
        8.498068809509277,
        -4.0276031494140625
      ],
      "reward_shaping": null,
      "score": null,
      "step": 11,
      "team0_centroid": [
        1.4512104988098145,
        -2.7758980989456177
      ],
      "team0_step_reward": 0.0,
      "team1_centroid": [
        13.734509468078613,
        -1.084895059466362
      ],
      "team1_step_reward": 0.0,
      "winner": null
    },
    {
      "ball_pos": [
        8.932820320129395,
        -3.624238967895508
      ],
      "reward_shaping": null,
      "score": null,
      "step": 12,
      "team0_centroid": [
        2.283915400505066,
        -3.0016441345214844
      ],
      "team0_step_reward": 0.0,
      "team1_centroid": [
        13.433603286743164,
        -1.1405703127384186
      ],
      "team1_step_reward": 0.0,
      "winner": null
    },
    {
      "ball_pos": [
        9.304863929748535,
        -3.27905535697937
      ],
      "reward_shaping": null,
      "score": null,
      "step": 13,
      "team0_centroid": [
        3.2927486896514893,
        -3.1302565336227417
      ],
      "team0_step_reward": 0.0,