{
  "classification": {
    "labels": [
      "win"
    ],
    "primary_label": "win"
  },
  "cumulative_team0_reward": 1.9615999460220337,
  "cumulative_team1_reward": -2.0,
  "episode_index": 201,
  "final_score": null,
  "final_team0_step_reward": 1.9615999460220337,
  "final_team1_step_reward": -2.0,
  "final_winner": null,
  "metrics": {
    "mean_ball_x": -4.843766889681942,
    "tail_mean_ball_x": -4.843766889681942,
    "team0_possession_ratio": null,
    "team0_progress_toward_goal": 0.0,
    "team0_shaping_reward_sum": 0.0,
    "team1_possession_ratio": null,
    "team1_progress_toward_goal": 0.0,
    "team1_shaping_reward_sum": 0.0
  },
  "outcome": "team0_win",
  "sampled_trace": [
    {
      "ball_pos": [
        0.9039580225944519,
        0.7463984489440918
      ],
      "reward_shaping": null,
      "score": null,
      "step": 0,
      "team0_centroid": [
        7.019972324371338,
        0.0589522123336792
      ],
      "team0_step_reward": 0.0,
      "team1_centroid": [
        -7.485243797302246,
        -0.13758665323257446
      ],
      "team1_step_reward": 0.0,
      "winner": null
    },
    {
      "ball_pos": [
        -1.9308136701583862,
        4.462245941162109
      ],
      "reward_shaping": null,
      "score": null,
      "step": 10,
      "team0_centroid": [
        -1.537805050611496,
        3.444757580757141
      ],
      "team0_step_reward": 0.0,
      "team1_centroid": [
        -8.421549797058105,
        0.7215094268321991
      ],
      "team1_step_reward": 0.0,
      "winner": null
    }
  ],
  "steps": 19,
  "tail_trace": [
    {
      "ball_pos": [
        0.9039580225944519,
        0.7463984489440918
      ],
      "reward_shaping": null,
      "score": null,
      "step": 0,
      "team0_centroid": [
        7.019972324371338,
        0.0589522123336792
      ],
      "team0_step_reward": 0.0,
      "team1_centroid": [
        -7.485243797302246,
        -0.13758665323257446
      ],
      "team1_step_reward": 0.0,
      "winner": null
    },
    {
      "ball_pos": [
        0.9039580225944519,
        0.7463984489440918
      ],
      "reward_shaping": null,
      "score": null,
      "step": 1,
      "team0_centroid": [
        6.199050664901733,
        0.20974129438400269
      ],
      "team0_step_reward": 0.0,
      "team1_centroid": [
        -7.507096290588379,
        -0.30625978112220764
      ],
      "team1_step_reward": 0.0,
      "winner": null
    },
    {
      "ball_pos": [
        0.9039580225944519,
        0.7463984489440918
      ],
      "reward_shaping": null,
      "score": null,
      "step": 2,
      "team0_centroid": [
        5.075685262680054,
        0.3425092101097107
      ],
      "team0_step_reward": 0.0,
      "team1_centroid": [
        -7.279785871505737,
        -0.48282064497470856
      ],
      "team1_step_reward": 0.0,
      "winner": null
    },
    {
      "ball_pos": [
        0.5291392803192139,
        1.1292684078216553
      ],
      "reward_shaping": null,
      "score": null,
      "step": 3,
      "team0_centroid": [
        3.658984422683716,
        0.4775725454092026
      ],
      "team0_step_reward": 0.0,
      "team1_centroid": [
        -7.222244024276733,
        -0.7467449605464935
      ],
      "team1_step_reward": 0.0,
      "winner": null
    },
    {
      "ball_pos": [
        -0.034575752913951874,
        3.0841917991638184
      ],
      "reward_shaping": null,
      "score": null,
      "step": 4,
      "team0_centroid": [
        2.416523762047291,
        0.7231229543685913
      ],
      "team0_step_reward": 0.0,
      "team1_centroid": [
        -7.344419717788696,
        -0.8294111341238022
      ],
      "team1_step_reward": 0.0,
      "winner": null
    },
    {
      "ball_pos": [
        -0.5305436253547668,
        4.804175853729248
      ],
      "reward_shaping": null,
      "score": null,
      "step": 5,
      "team0_centroid": [
        1.5808064341545105,
        1.0572448074817657
      ],
      "team0_step_reward": 0.0,
      "team1_centroid": [
        -7.72199273109436,
        -0.7171753495931625
      ],
      "team1_step_reward": 0.0,
      "winner": null
    },
    {
      "ball_pos": [
        -0.9652741551399231,
        6.311793327331543
      ],
      "reward_shaping": null,
      "score": null,
      "step": 6,
      "team0_centroid": [
        0.7922806739807129,
        1.484652191400528
      ],
      "team0_step_reward": 0.0,
      "team1_centroid": [
        -8.178167581558228,
        -0.4458481892943382
      ],
      "team1_step_reward": 0.0,
      "winner": null
    },
    {
      "ball_pos": [
        -1.2883493900299072,
        6.698858737945557
      ],
      "reward_shaping": null,
      "score": null,
      "step": 7,
      "team0_centroid": [
        0.11354374885559082,
        1.8794175386428833
      ],
      "team0_step_reward": 0.0,
      "team1_centroid": [
        -8.520918369293213,
        -0.030396103858947754
      ],
      "team1_step_reward": 0.0,
      "winner": null
    },
    {
      "ball_pos": [
        -1.5372353792190552,
        5.82609224319458
      ],
      "reward_shaping": null,
      "score": null,
      "step": 8,
      "team0_centroid": [
        -0.5322137773036957,
        2.379727840423584
      ],
      "team0_step_reward": 0.0,
      "team1_centroid": [
        -8.700079441070557,
        0.3352288268506527
      ],
      "team1_step_reward": 0.0,
      "winner": null
    },
    {
      "ball_pos": [
        -1.7510796785354614,
        5.08500862121582
      ],
      "reward_shaping": null,
      "score": null,
      "step": 9,
      "team0_centroid": [
        -1.0594197362661362,
        2.853325843811035
      ],
      "team0_step_reward": 0.0,
      "team1_centroid": [
        -8.60060453414917,
        0.5112660676240921
      ],
      "team1_step_reward": 0.0,
      "winner": null
    },
    {
      "ball_pos": [
        -1.9308136701583862,
        4.462245941162109
      ],
      "reward_shaping": null,
      "score": null,
      "step": 10,
      "team0_centroid": [
        -1.537805050611496,
        3.444757580757141
      ],
      "team0_step_reward": 0.0,
      "team1_centroid": [
        -8.421549797058105,
        0.7215094268321991
      ],
      "team1_step_reward": 0.0,
      "winner": null
    },
    {
      "ball_pos": [
        -4.417790412902832,
        5.398407936096191
      ],
      "reward_shaping": null,
      "score": null,
      "step": 11,
      "team0_centroid": [
        -2.0757234692573547,
        4.206957101821899
      ],
      "team0_step_reward": 0.0,
      "team1_centroid": [
        -8.587989330291748,
        1.0853763818740845
      ],
      "team1_step_reward": 0.0,
      "winner": null
    },
    {
      "ball_pos": [
        -7.43897819519043,
        6.5353875160217285
      ],
      "reward_shaping": null,
      "score": null,
      "step": 12,
      "team0_centroid": [
        -2.5666356086730957,
        4.87770402431488
      ],
      "team0_step_reward": 0.0,
      "team1_centroid": [
        -8.575178146362305,
        1.295838475227356
      ],
      "team1_step_reward": 0.0,
      "winner": null
    },
    {
      "ball_pos": [
        -9.51120376586914,
        6.481320381164551
      ],
      "reward_shaping": null,
      "score": null,
      "step": 13,
      "team0_centroid": [
        -2.9251739978790283,
        5.351309776306152
      ],
      "team0_step_reward": 0.0,
      "team1_centroid": [
        -8.32722783088684,
        1.384028136730194
      ],
      "team1_step_reward": 0.0,
      "winner": null
    },
    {
      "ball_pos": [
        -10.974822044372559,
        5.795348167419434
      ],
      "reward_shaping": null,
      "score": null,
      "step": 14,
      "team0_centroid": [
        -3.4491806030273438,
        5.659083366394043
      ],
      "team0_step_reward": 0.0,
      "team1_centroid": [
        -8.293241024017334,
        1.5136798620224
      ],