{
  "classification": {
    "labels": [
      "win"
    ],
    "primary_label": "win"
  },
  "cumulative_team0_reward": 1.9780000448226929,
  "cumulative_team1_reward": -2.0,
  "episode_index": 95,
  "final_score": null,
  "final_team0_step_reward": 1.9780000448226929,
  "final_team1_step_reward": -2.0,
  "final_winner": null,
  "metrics": {
    "mean_ball_x": -6.199578274380077,
    "tail_mean_ball_x": -6.199578274380077,
    "team0_possession_ratio": null,
    "team0_progress_toward_goal": 0.0,
    "team0_shaping_reward_sum": 0.0,
    "team1_possession_ratio": null,
    "team1_progress_toward_goal": 0.0,
    "team1_shaping_reward_sum": 0.0
  },
  "outcome": "team0_win",
  "sampled_trace": [
    {
      "ball_pos": [
        -1.5892945528030396,
        -0.4113497734069824
      ],
      "reward_shaping": null,
      "score": null,
      "step": 0,
      "team0_centroid": [
        7.409773588180542,
        -0.02679198980331421
      ],
      "team0_step_reward": 0.0,
      "team1_centroid": [
        -9.070175886154175,
        0.049278318881988525
      ],
      "team1_step_reward": 0.0,
      "winner": null
    },
    {
      "ball_pos": [
        -15.071907997131348,
        -3.5078577995300293
      ],
      "reward_shaping": null,
      "score": null,
      "step": 10,
      "team0_centroid": [
        -3.820558860898018,
        -0.5267524421215057
      ],
      "team0_step_reward": 1.9780000448226929,
      "team1_centroid": [
        -8.30219030380249,
        0.5994096100330353
      ],
      "team1_step_reward": -2.0,
      "winner": null
    }
  ],
  "steps": 11,
  "tail_trace": [
    {
      "ball_pos": [
        -1.5892945528030396,
        -0.4113497734069824
      ],
      "reward_shaping": null,
      "score": null,
      "step": 0,
      "team0_centroid": [
        7.409773588180542,
        -0.02679198980331421
      ],
      "team0_step_reward": 0.0,
      "team1_centroid": [
        -9.070175886154175,
        0.049278318881988525
      ],
      "team1_step_reward": 0.0,
      "winner": null
    },
    {
      "ball_pos": [
        -1.5892945528030396,
        -0.4113497734069824
      ],
      "reward_shaping": null,
      "score": null,
      "step": 1,
      "team0_centroid": [
        6.816581726074219,
        -0.11716324090957642
      ],
      "team0_step_reward": 0.0,
      "team1_centroid": [
        -8.480304718017578,
        -0.0011698901653289795
      ],
      "team1_step_reward": 0.0,
      "winner": null
    },
    {
      "ball_pos": [
        -1.5892945528030396,
        -0.4113497734069824
      ],
      "reward_shaping": null,
      "score": null,
      "step": 2,
      "team0_centroid": [
        5.989510774612427,
        -0.14419952034950256
      ],
      "team0_step_reward": 0.0,
      "team1_centroid": [
        -8.16881275177002,
        -0.0538766086101532
      ],
      "team1_step_reward": 0.0,
      "winner": null
    },
    {
      "ball_pos": [
        -1.5892945528030396,
        -0.4113497734069824
      ],
      "reward_shaping": null,
      "score": null,
      "step": 3,
      "team0_centroid": [
        5.007824063301086,
        -0.13389995694160461
      ],
      "team0_step_reward": 0.0,
      "team1_centroid": [
        -8.106375455856323,
        0.009978711605072021
      ],
      "team1_step_reward": 0.0,
      "winner": null
    },
    {
      "ball_pos": [
        -1.5892945528030396,
        -0.4113497734069824
      ],
      "reward_shaping": null,
      "score": null,
      "step": 4,
      "team0_centroid": [
        3.6581494212150574,
        -0.047144025564193726
      ],
      "team0_step_reward": 0.0,
      "team1_centroid": [
        -8.08206057548523,
        -0.04898571968078613
      ],
      "team1_step_reward": 0.0,
      "winner": null
    },
    {
      "ball_pos": [
        -3.445631742477417,
        -0.7897729873657227
      ],
      "reward_shaping": null,
      "score": null,
      "step": 5,
      "team0_centroid": [
        2.420589566230774,
        -0.018504660576581955
      ],
      "team0_step_reward": 0.0,
      "team1_centroid": [
        -8.053474426269531,
        -0.028047233819961548
      ],
      "team1_step_reward": 0.0,
      "winner": null
    },
    {
      "ball_pos": [
        -6.572020053863525,
        -1.589945673942566
      ],
      "reward_shaping": null,
      "score": null,
      "step": 6,
      "team0_centroid": [
        1.5458340644836426,
        -0.19419967383146286
      ],
      "team0_step_reward": 0.0,
      "team1_centroid": [
        -8.258854389190674,
        0.06789723038673401
      ],
      "team1_step_reward": 0.0,
      "winner": null
    },
    {
      "ball_pos": [
        -9.35049819946289,
        -2.3011927604675293
      ],
      "reward_shaping": null,
      "score": null,
      "step": 7,
      "team0_centroid": [
        0.41891229152679443,
        -0.3877088278532028
      ],
      "team0_step_reward": 0.0,
      "team1_centroid": [
        -8.524981021881104,
        0.2179725468158722
      ],
      "team1_step_reward": 0.0,
      "winner": null
    },
    {
      "ball_pos": [
        -11.814523696899414,
        -2.931945323944092
      ],
      "reward_shaping": null,
      "score": null,
      "step": 8,
      "team0_centroid": [
        -1.179489016532898,
        -0.5732458233833313
      ],
      "team0_step_reward": 0.0,
      "team1_centroid": [
        -8.460662841796875,
        0.2973393090069294
      ],
      "team1_step_reward": 0.0,
      "winner": null
    },
    {
      "ball_pos": [
        -13.994306564331055,
        -3.489936113357544
      ],
      "reward_shaping": null,
      "score": null,
      "step": 9,
      "team0_centroid": [
        -2.6257721185684204,
        -0.5890021733939648
      ],
      "team0_step_reward": 0.0,
      "team1_centroid": [
        -8.264373779296875,
        0.45125627517700195
      ],
      "team1_step_reward": 0.0,
      "winner": null
    },
    {
      "ball_pos": [
        -15.071907997131348,
        -3.5078577995300293
      ],
      "reward_shaping": null,
      "score": null,
      "step": 10,
      "team0_centroid": [
        -3.820558860898018,
        -0.5267524421215057
      ],
      "team0_step_reward": 1.9780000448226929,
      "team1_centroid": [
        -8.30219030380249,
        0.5994096100330353
      ],
      "team1_step_reward": -2.0,
      "winner": null
    }
  ],
  "team0_module": "ceia_baseline_agent",
  "team1_module": "example_player_agent.agent_random"
}