{
  "classification": {
    "labels": [
      "win"
    ],
    "primary_label": "win"
  },
  "cumulative_team0_reward": 1.9356000423431396,
  "cumulative_team1_reward": -2.0,
  "episode_index": 131,
  "final_score": null,
  "final_team0_step_reward": 1.9356000423431396,
  "final_team1_step_reward": -2.0,
  "final_winner": null,
  "metrics": {
    "mean_ball_x": -9.933815397322178,
    "tail_mean_ball_x": -10.455941144625346,
    "team0_possession_ratio": null,
    "team0_progress_toward_goal": 0.0,
    "team0_shaping_reward_sum": 0.0,
    "team1_possession_ratio": null,
    "team1_progress_toward_goal": 0.0,
    "team1_shaping_reward_sum": 0.0
  },
  "outcome": "team0_win",
  "sampled_trace": [
    {
      "ball_pos": [
        -2.101929187774658,
        0.4367508888244629
      ],
      "reward_shaping": null,
      "score": null,
      "step": 0,
      "team0_centroid": [
        10.320416450500488,
        0.0
      ],
      "team0_step_reward": 0.0,
      "team1_centroid": [
        -10.692032814025879,
        -0.06790447235107422
      ],
      "team1_step_reward": 0.0,
      "winner": null
    },
    {
      "ball_pos": [
        -7.6588945388793945,
        -3.46427583694458
      ],
      "reward_shaping": null,
      "score": null,
      "step": 10,
      "team0_centroid": [
        3.0943822860717773,
        -0.06097668409347534
      ],
      "team0_step_reward": 0.0,
      "team1_centroid": [
        -12.484435081481934,
        0.118682861328125
      ],
      "team1_step_reward": 0.0,
      "winner": null
    },
    {
      "ball_pos": [
        -14.003274917602539,
        -5.492001056671143
      ],
      "reward_shaping": null,
      "score": null,
      "step": 20,
      "team0_centroid": [
        0.375612735748291,
        2.1801533699035645
      ],
      "team0_step_reward": 0.0,
      "team1_centroid": [
        -9.99052357673645,
        2.0740383863449097
      ],
      "team1_step_reward": 0.0,
      "winner": null
    },
    {
      "ball_pos": [
        -14.844754219055176,
        -4.034507751464844
      ],
      "reward_shaping": null,
      "score": null,
      "step": 30,
      "team0_centroid": [
        0.6348443031311035,
        2.9969165325164795
      ],
      "team0_step_reward": 0.0,
      "team1_centroid": [
        -7.333064317703247,
        3.1348211765289307
      ],
      "team1_step_reward": 0.0,
      "winner": null
    }
  ],
  "steps": 32,
  "tail_trace": [
    {
      "ball_pos": [
        -2.101929187774658,
        0.4367508888244629
      ],
      "reward_shaping": null,
      "score": null,
      "step": 2,
      "team0_centroid": [
        9.184502363204956,
        0.11665001511573792
      ],
      "team0_step_reward": 0.0,
      "team1_centroid": [
        -10.664025783538818,
        0.10124391317367554
      ],
      "team1_step_reward": 0.0,
      "winner": null
    },
    {
      "ball_pos": [
        -2.101929187774658,
        0.4367508888244629
      ],
      "reward_shaping": null,
      "score": null,
      "step": 3,
      "team0_centroid": [
        8.494201421737671,
        0.26755619049072266
      ],
      "team0_step_reward": 0.0,
      "team1_centroid": [
        -10.634751319885254,
        0.3187503516674042
      ],
      "team1_step_reward": 0.0,
      "winner": null
    },
    {
      "ball_pos": [
        -2.101929187774658,
        0.4367508888244629
      ],
      "reward_shaping": null,
      "score": null,
      "step": 4,
      "team0_centroid": [
        7.85201358795166,
        0.4319639950990677
      ],
      "team0_step_reward": 0.0,
      "team1_centroid": [
        -10.868305683135986,
        0.3559560775756836
      ],
      "team1_step_reward": 0.0,
      "winner": null
    },
    {
      "ball_pos": [
        -2.101929187774658,
        0.4367508888244629
      ],
      "reward_shaping": null,
      "score": null,
      "step": 5,
      "team0_centroid": [
        7.3775794506073,
        0.5349266678094864
      ],
      "team0_step_reward": 0.0,
      "team1_centroid": [
        -11.234057903289795,
        0.2701142430305481
      ],
      "team1_step_reward": 0.0,
      "winner": null
    },
    {
      "ball_pos": [
        -2.101929187774658,
        0.4367508888244629
      ],
      "reward_shaping": null,
      "score": null,
      "step": 6,
      "team0_centroid": [
        6.742507353425026,
        0.5099876075983047
      ],
      "team0_step_reward": 0.0,
      "team1_centroid": [
        -11.528260231018066,
        0.07724869251251221
      ],
      "team1_step_reward": 0.0,
      "winner": null
    },
    {
      "ball_pos": [
        -2.77483868598938,
        0.22772999107837677
      ],
      "reward_shaping": null,
      "score": null,
      "step": 7,
      "team0_centroid": [
        5.860216677188873,
        0.43572998046875
      ],
      "team0_step_reward": 0.0,
      "team1_centroid": [
        -11.465851306915283,
        0.004295229911804199
      ],
      "team1_step_reward": 0.0,
      "winner": null
    },
    {
      "ball_pos": [
        -4.6116437911987305,
        -1.1605398654937744
      ],
      "reward_shaping": null,
      "score": null,
      "step": 8,
      "team0_centroid": [
        4.833313226699829,
        0.35643717646598816
      ],
      "team0_step_reward": 0.0,
      "team1_centroid": [
        -11.517168045043945,
        0.04917114973068237
      ],
      "team1_step_reward": 0.0,
      "winner": null
    },
    {
      "ball_pos": [
        -6.232700824737549,
        -2.3860654830932617
      ],
      "reward_shaping": null,
      "score": null,
      "step": 9,
      "team0_centroid": [
        3.8581881523132324,
        0.1481858491897583
      ],
      "team0_step_reward": 0.0,
      "team1_centroid": [
        -11.971266746520996,
        0.08752989768981934
      ],
      "team1_step_reward": 0.0,
      "winner": null
    },
    {
      "ball_pos": [
        -7.6588945388793945,
        -3.46427583694458
      ],
      "reward_shaping": null,
      "score": null,
      "step": 10,
      "team0_centroid": [
        3.0943822860717773,
        -0.06097668409347534
      ],
      "team0_step_reward": 0.0,
      "team1_centroid": [
        -12.484435081481934,
        0.118682861328125
      ],
      "team1_step_reward": 0.0,
      "winner": null
    },
    {
      "ball_pos": [
        -8.90894889831543,
        -4.409323692321777
      ],
      "reward_shaping": null,
      "score": null,
      "step": 11,
      "team0_centroid": [
        2.633915424346924,
        -0.07796132564544678
      ],
      "team0_step_reward": 0.0,
      "team1_centroid": [
        -12.61120319366455,
        0.23043113946914673
      ],
      "team1_step_reward": 0.0,
      "winner": null
    },
    {
      "ball_pos": [
        -9.999786376953125,
        -5.234003067016602
      ],
      "reward_shaping": null,
      "score": null,
      "step": 12,
      "team0_centroid": [
        2.3956875801086426,
        -0.04669845104217529
      ],
      "team0_step_reward": 0.0,
      "team1_centroid": [
        -12.278117179870605,
        0.2806929647922516
      ],
      "team1_step_reward": 0.0,
      "winner": null
    },
    {
      "ball_pos": [
        -10.946704864501953,
        -5.949879169464111
      ],
      "reward_shaping": null,
      "score": null,
      "step": 13,
      "team0_centroid": [
        2.3292365074157715,
        0.07277429103851318
      ],
      "team0_step_reward": 0.0,
      "team1_centroid": [
        -11.873973369598389,
        0.28651003539562225
      ],
      "team1_step_reward": 0.0,
      "winner": null
    },
    {
      "ball_pos": [
        -11.763530731201172,
        -6.567405700683594
      ],
      "reward_shaping": null,
      "score": null,
      "step": 14,
      "team0_centroid": [
        2.389530658721924,
        0.3519575595855713
      ],
      "team0_step_reward": 0.0,