{
  "classification": {
    "labels": [
      "win"
    ],
    "primary_label": "win"
  },
  "cumulative_team0_reward": 1.962399959564209,
  "cumulative_team1_reward": -2.0,
  "episode_index": 246,
  "final_score": null,
  "final_team0_step_reward": 1.962399959564209,
  "final_team1_step_reward": -2.0,
  "final_winner": null,
  "metrics": {
    "mean_ball_x": 4.724999983059733,
    "tail_mean_ball_x": 4.724999983059733,
    "team0_possession_ratio": null,
    "team0_progress_toward_goal": 0.0,
    "team0_shaping_reward_sum": 0.0,
    "team1_possession_ratio": null,
    "team1_progress_toward_goal": 0.0,
    "team1_shaping_reward_sum": 0.0
  },
  "outcome": "team0_win",
  "sampled_trace": [
    {
      "ball_pos": [
        -0.2755115032196045,
        -1.5349225997924805
      ],
      "reward_shaping": null,
      "score": null,
      "step": 0,
      "team0_centroid": [
        -11.406641006469727,
        0.10648202896118164
      ],
      "team0_step_reward": 0.0,
      "team1_centroid": [
        7.827209234237671,
        -0.04614931344985962
      ],
      "team1_step_reward": 0.0,
      "winner": null
    },
    {
      "ball_pos": [
        1.107816219329834,
        -2.146122455596924
      ],
      "reward_shaping": null,
      "score": null,
      "step": 10,
      "team0_centroid": [
        -3.4213591516017914,
        -1.3159297704696655
      ],
      "team0_step_reward": 0.0,
      "team1_centroid": [
        8.274393081665039,
        -1.764113336801529
      ],
      "team1_step_reward": 0.0,
      "winner": null
    }
  ],
  "steps": 19,
  "tail_trace": [
    {
      "ball_pos": [
        -0.2755115032196045,
        -1.5349225997924805
      ],
      "reward_shaping": null,
      "score": null,
      "step": 0,
      "team0_centroid": [
        -11.406641006469727,
        0.10648202896118164
      ],
      "team0_step_reward": 0.0,
      "team1_centroid": [
        7.827209234237671,
        -0.04614931344985962
      ],
      "team1_step_reward": 0.0,
      "winner": null
    },
    {
      "ball_pos": [
        -0.2755115032196045,
        -1.5349225997924805
      ],
      "reward_shaping": null,
      "score": null,
      "step": 1,
      "team0_centroid": [
        -11.07207441329956,
        0.30819863080978394
      ],
      "team0_step_reward": 0.0,
      "team1_centroid": [
        8.156755924224854,
        -0.1689857840538025
      ],
      "team1_step_reward": 0.0,
      "winner": null
    },
    {
      "ball_pos": [
        -0.2755115032196045,
        -1.5349225997924805
      ],
      "reward_shaping": null,
      "score": null,
      "step": 2,
      "team0_centroid": [
        -10.823206424713135,
        0.33537012338638306
      ],
      "team0_step_reward": 0.0,
      "team1_centroid": [
        8.635985851287842,
        -0.17244374752044678
      ],
      "team1_step_reward": 0.0,
      "winner": null
    },
    {
      "ball_pos": [
        -0.2755115032196045,
        -1.5349225997924805
      ],
      "reward_shaping": null,
      "score": null,
      "step": 3,
      "team0_centroid": [
        -10.38249921798706,
        0.1660154163837433
      ],
      "team0_step_reward": 0.0,
      "team1_centroid": [
        9.13151216506958,
        -0.2542177438735962
      ],
      "team1_step_reward": 0.0,
      "winner": null
    },
    {
      "ball_pos": [
        -0.2755115032196045,
        -1.5349225997924805
      ],
      "reward_shaping": null,
      "score": null,
      "step": 4,
      "team0_centroid": [
        -9.64909029006958,
        0.06330212950706482
      ],
      "team0_step_reward": 0.0,
      "team1_centroid": [
        9.495590448379517,
        -0.5462263822555542
      ],
      "team1_step_reward": 0.0,
      "winner": null
    },
    {
      "ball_pos": [
        -0.2755115032196045,
        -1.5349225997924805
      ],
      "reward_shaping": null,
      "score": null,
      "step": 5,
      "team0_centroid": [
        -8.956355094909668,
        0.03597886860370636
      ],
      "team0_step_reward": 0.0,
      "team1_centroid": [
        9.514692306518555,
        -0.8955377340316772
      ],
      "team1_step_reward": 0.0,
      "winner": null
    },
    {
      "ball_pos": [
        -0.2755115032196045,
        -1.5349225997924805
      ],
      "reward_shaping": null,
      "score": null,
      "step": 6,
      "team0_centroid": [
        -7.9543986320495605,
        -0.0655415914952755
      ],
      "team0_step_reward": 0.0,
      "team1_centroid": [
        9.412804365158081,
        -1.329383671283722
      ],
      "team1_step_reward": 0.0,
      "winner": null
    },
    {
      "ball_pos": [
        -0.2755115032196045,
        -1.5349225997924805
      ],
      "reward_shaping": null,
      "score": null,
      "step": 7,
      "team0_centroid": [
        -6.694429397583008,
        -0.2582286596298218
      ],
      "team0_step_reward": 0.0,
      "team1_centroid": [
        9.321109175682068,
        -1.570732057094574
      ],
      "team1_step_reward": 0.0,
      "winner": null
    },
    {
      "ball_pos": [
        -0.2755114734172821,
        -1.5349225997924805
      ],
      "reward_shaping": null,
      "score": null,
      "step": 8,
      "team0_centroid": [
        -5.667799711227417,
        -0.5271934568881989
      ],
      "team0_step_reward": 0.0,
      "team1_centroid": [
        8.978483200073242,
        -1.657343566417694
      ],
      "team1_step_reward": 0.0,
      "winner": null
    },
    {
      "ball_pos": [
        -0.2755114734172821,
        -1.5349225997924805
      ],
      "reward_shaping": null,
      "score": null,
      "step": 9,
      "team0_centroid": [
        -4.714745998382568,
        -0.9049315750598907
      ],
      "team0_step_reward": 0.0,
      "team1_centroid": [
        8.582208037376404,
        -1.7158995568752289
      ],
      "team1_step_reward": 0.0,
      "winner": null
    },
    {
      "ball_pos": [
        1.107816219329834,
        -2.146122455596924
      ],
      "reward_shaping": null,
      "score": null,
      "step": 10,
      "team0_centroid": [
        -3.4213591516017914,
        -1.3159297704696655
      ],
      "team0_step_reward": 0.0,
      "team1_centroid": [
        8.274393081665039,
        -1.764113336801529
      ],
      "team1_step_reward": 0.0,
      "winner": null
    },
    {
      "ball_pos": [
        4.608058929443359,
        -4.084512233734131
      ],
      "reward_shaping": null,
      "score": null,
      "step": 11,
      "team0_centroid": [
        -1.9873294830322266,
        -1.7787209749221802
      ],
      "team0_step_reward": 0.0,
      "team1_centroid": [
        7.782690107822418,
        -1.8303121030330658
      ],
      "team1_step_reward": 0.0,
      "winner": null
    },
    {
      "ball_pos": [
        7.728987693786621,
        -5.8131256103515625
      ],
      "reward_shaping": null,
      "score": null,
      "step": 12,
      "team0_centroid": [
        -0.592261552810669,
        -2.3907768726348877
      ],
      "team0_step_reward": 0.0,
      "team1_centroid": [
        7.06426665186882,
        -2.025543212890625
      ],
      "team1_step_reward": 0.0,
      "winner": null
    },
    {
      "ball_pos": [
        10.271745681762695,
        -6.817976474761963
      ],
      "reward_shaping": null,
      "score": null,
      "step": 13,
      "team0_centroid": [
        0.5922994017601013,
        -2.8081198930740356
      ],
      "team0_step_reward": 0.0,
      "team1_centroid": [
        6.449464321136475,
        -2.3016557842493057
      ],
      "team1_step_reward": 0.0,
      "winner": null
    },
    {
      "ball_pos": [
        11.677268028259277,
        -5.769363880157471
      ],
      "reward_shaping": null,
      "score": null,
      "step": 14,
      "team0_centroid": [
        1.428165078163147,
        -3.0077143907546997
      ],
      "team0_step_reward": 0.0,