{
  "classification": {
    "labels": [
      "win"
    ],
    "primary_label": "win"
  },
  "cumulative_team0_reward": 1.9335999488830566,
  "cumulative_team1_reward": -2.0,
  "episode_index": 109,
  "final_score": null,
  "final_team0_step_reward": 1.9335999488830566,
  "final_team1_step_reward": -2.0,
  "final_winner": null,
  "metrics": {
    "mean_ball_x": -7.2408151220191606,
    "tail_mean_ball_x": -7.999342733621598,
    "team0_possession_ratio": null,
    "team0_progress_toward_goal": 0.0,
    "team0_shaping_reward_sum": 0.0,
    "team1_possession_ratio": null,
    "team1_progress_toward_goal": 0.0,
    "team1_shaping_reward_sum": 0.0
  },
  "outcome": "team0_win",
  "sampled_trace": [
    {
      "ball_pos": [
        0.34446099400520325,
        0.28041815757751465
      ],
      "reward_shaping": null,
      "score": null,
      "step": 0,
      "team0_centroid": [
        9.043629884719849,
        0.06865614652633667
      ],
      "team0_step_reward": 0.0,
      "team1_centroid": [
        -8.312366247177124,
        -0.04747873544692993
      ],
      "team1_step_reward": 0.0,
      "winner": null
    },
    {
      "ball_pos": [
        -9.352246284484863,
        4.965145587921143
      ],
      "reward_shaping": null,
      "score": null,
      "step": 10,
      "team0_centroid": [
        0.463783860206604,
        0.5896171182394028
      ],
      "team0_step_reward": 0.0,
      "team1_centroid": [
        -7.868904113769531,
        0.6704026460647583
      ],
      "team1_step_reward": 0.0,
      "winner": null
    },
    {
      "ball_pos": [
        -7.159359455108643,
        0.7566587924957275
      ],
      "reward_shaping": null,
      "score": null,
      "step": 20,
      "team0_centroid": [
        -5.8889288902282715,
        1.9198053479194641
      ],
      "team0_step_reward": 0.0,
      "team1_centroid": [
        -10.886038064956665,
        3.4524176120758057
      ],
      "team1_step_reward": 0.0,
      "winner": null
    },
    {
      "ball_pos": [
        -14.069330215454102,
        -2.4939382076263428
      ],
      "reward_shaping": null,
      "score": null,
      "step": 30,
      "team0_centroid": [
        -11.256885528564453,
        0.11407339572906494
      ],
      "team0_step_reward": 0.0,
      "team1_centroid": [
        -11.154323101043701,
        4.9943623542785645
      ],
      "team1_step_reward": 0.0,
      "winner": null
    }
  ],
  "steps": 33,
  "tail_trace": [
    {
      "ball_pos": [
        0.34446102380752563,
        0.28041815757751465
      ],
      "reward_shaping": null,
      "score": null,
      "step": 3,
      "team0_centroid": [
        7.714390754699707,
        -0.07538387179374695
      ],
      "team0_step_reward": 0.0,
      "team1_centroid": [
        -7.733790874481201,
        0.18565696477890015
      ],
      "team1_step_reward": 0.0,
      "winner": null
    },
    {
      "ball_pos": [
        0.34446102380752563,
        0.28041815757751465
      ],
      "reward_shaping": null,
      "score": null,
      "step": 4,
      "team0_centroid": [
        6.891198396682739,
        -0.017085641622543335
      ],
      "team0_step_reward": 0.0,
      "team1_centroid": [
        -7.649588108062744,
        0.2857470139861107
      ],
      "team1_step_reward": 0.0,
      "winner": null
    },
    {
      "ball_pos": [
        0.34446102380752563,
        0.28041815757751465
      ],
      "reward_shaping": null,
      "score": null,
      "step": 5,
      "team0_centroid": [
        6.05051064491272,
        0.12828391790390015
      ],
      "team0_step_reward": 0.0,
      "team1_centroid": [
        -7.6428327560424805,
        0.42434583604335785
      ],
      "team1_step_reward": 0.0,
      "winner": null
    },
    {
      "ball_pos": [
        0.34446102380752563,
        0.28041815757751465
      ],
      "reward_shaping": null,
      "score": null,
      "step": 6,
      "team0_centroid": [
        4.790701270103455,
        0.27705907821655273
      ],
      "team0_step_reward": 0.0,
      "team1_centroid": [
        -7.615076065063477,
        0.4223031997680664
      ],
      "team1_step_reward": 0.0,
      "winner": null
    },
    {
      "ball_pos": [
        0.34446102380752563,
        0.28041815757751465
      ],
      "reward_shaping": null,
      "score": null,
      "step": 7,
      "team0_centroid": [
        3.3246880173683167,
        0.5123521089553833
      ],
      "team0_step_reward": 0.0,
      "team1_centroid": [
        -7.549168825149536,
        0.3544805645942688
      ],
      "team1_step_reward": 0.0,
      "winner": null
    },
    {
      "ball_pos": [
        -3.1707444190979004,
        1.8893182277679443
      ],
      "reward_shaping": null,
      "score": null,
      "step": 8,
      "team0_centroid": [
        2.199345648288727,
        0.7144071161746979
      ],
      "team0_step_reward": 0.0,
      "team1_centroid": [
        -7.551303148269653,
        0.4489438012242317
      ],
      "team1_step_reward": 0.0,
      "winner": null
    },
    {
      "ball_pos": [
        -6.440526008605957,
        3.5163071155548096
      ],
      "reward_shaping": null,
      "score": null,
      "step": 9,
      "team0_centroid": [
        1.36078941822052,
        0.7118003815412521
      ],
      "team0_step_reward": 0.0,
      "team1_centroid": [
        -7.598737716674805,
        0.6565015316009521
      ],
      "team1_step_reward": 0.0,
      "winner": null
    },
    {
      "ball_pos": [
        -9.352246284484863,
        4.965145587921143
      ],
      "reward_shaping": null,
      "score": null,
      "step": 10,
      "team0_centroid": [
        0.463783860206604,
        0.5896171182394028
      ],
      "team0_step_reward": 0.0,
      "team1_centroid": [
        -7.868904113769531,
        0.6704026460647583
      ],
      "team1_step_reward": 0.0,
      "winner": null
    },
    {
      "ball_pos": [
        -11.940313339233398,
        6.252938270568848
      ],
      "reward_shaping": null,
      "score": null,
      "step": 11,
      "team0_centroid": [
        -0.30049753189086914,
        0.5596431791782379
      ],
      "team0_step_reward": 0.0,
      "team1_centroid": [
        -7.980832576751709,
        0.6192371696233749
      ],
      "team1_step_reward": 0.0,
      "winner": null
    },
    {
      "ball_pos": [
        -12.667205810546875,
        6.515215873718262
      ],
      "reward_shaping": null,
      "score": null,
      "step": 12,
      "team0_centroid": [
        -0.792802095413208,
        0.5663362145423889
      ],
      "team0_step_reward": 0.0,
      "team1_centroid": [
        -7.71899151802063,
        0.6582159176468849
      ],
      "team1_step_reward": 0.0,
      "winner": null
    },
    {
      "ball_pos": [
        -11.189051628112793,
        5.52348518371582
      ],
      "reward_shaping": null,
      "score": null,
      "step": 13,
      "team0_centroid": [
        -1.4116419702768326,
        0.6041399538516998
      ],
      "team0_step_reward": 0.0,
      "team1_centroid": [
        -7.46439528465271,
        0.9718190059065819
      ],
      "team1_step_reward": 0.0,
      "winner": null
    },
    {
      "ball_pos": [
        -9.893816947937012,
        4.6540846824646
      ],
      "reward_shaping": null,
      "score": null,
      "step": 14,
      "team0_centroid": [
        -2.3235585689544678,
        0.68196901679039
      ],
      "team0_step_reward": 0.0,
      "team1_centroid": [
        -7.593454837799072,
        1.5276498347520828
      ],
      "team1_step_reward": 0.0,
      "winner": null
    },
    {
      "ball_pos": [
        -8.763738632202148,
        3.8955399990081787
      ],
      "reward_shaping": null,
      "score": null,
      "step": 15,
      "team0_centroid": [
        -2.9457454681396484,
        0.6117113828659058
      ],
      "team0_step_reward": 0.0,