{
  "classification": {
    "labels": [
      "win"
    ],
    "primary_label": "win"
  },
  "cumulative_team0_reward": 1.9651999473571777,
  "cumulative_team1_reward": -2.0,
  "episode_index": 252,
  "final_score": null,
  "final_team0_step_reward": 1.9651999473571777,
  "final_team1_step_reward": -2.0,
  "final_winner": null,
  "metrics": {
    "mean_ball_x": 7.608987112840016,
    "tail_mean_ball_x": 7.608987112840016,
    "team0_possession_ratio": null,
    "team0_progress_toward_goal": 0.0,
    "team0_shaping_reward_sum": 0.0,
    "team1_possession_ratio": null,
    "team1_progress_toward_goal": 0.0,
    "team1_shaping_reward_sum": 0.0
  },
  "outcome": "team0_win",
  "sampled_trace": [
    {
      "ball_pos": [
        0.8347147107124329,
        -0.3271470069885254
      ],
      "reward_shaping": null,
      "score": null,
      "step": 0,
      "team0_centroid": [
        -10.243253707885742,
        0.015637516975402832
      ],
      "team0_step_reward": 0.0,
      "team1_centroid": [
        11.291953563690186,
        -0.06898456811904907
      ],
      "team1_step_reward": 0.0,
      "winner": null
    },
    {
      "ball_pos": [
        12.295401573181152,
        5.751462936401367
      ],
      "reward_shaping": null,
      "score": null,
      "step": 10,
      "team0_centroid": [
        -0.1404099464416504,
        1.2178044319152832
      ],
      "team0_step_reward": 0.0,
      "team1_centroid": [
        13.550214290618896,
        0.2537345886230469
      ],
      "team1_step_reward": 0.0,
      "winner": null
    }
  ],
  "steps": 18,
  "tail_trace": [
    {
      "ball_pos": [
        0.8347147107124329,
        -0.3271470069885254
      ],
      "reward_shaping": null,
      "score": null,
      "step": 0,
      "team0_centroid": [
        -10.243253707885742,
        0.015637516975402832
      ],
      "team0_step_reward": 0.0,
      "team1_centroid": [
        11.291953563690186,
        -0.06898456811904907
      ],
      "team1_step_reward": 0.0,
      "winner": null
    },
    {
      "ball_pos": [
        0.8347147107124329,
        -0.3271470069885254
      ],
      "reward_shaping": null,
      "score": null,
      "step": 1,
      "team0_centroid": [
        -9.411171436309814,
        0.050161540508270264
      ],
      "team0_step_reward": 0.0,
      "team1_centroid": [
        11.31579303741455,
        -0.15961512923240662
      ],
      "team1_step_reward": 0.0,
      "winner": null
    },
    {
      "ball_pos": [
        0.8347147107124329,
        -0.3271470069885254
      ],
      "reward_shaping": null,
      "score": null,
      "step": 2,
      "team0_centroid": [
        -8.259784698486328,
        0.005487978458404541
      ],
      "team0_step_reward": 0.0,
      "team1_centroid": [
        11.591808795928955,
        -0.11594107747077942
      ],
      "team1_step_reward": 0.0,
      "winner": null
    },
    {
      "ball_pos": [
        0.8347147107124329,
        -0.3271470069885254
      ],
      "reward_shaping": null,
      "score": null,
      "step": 3,
      "team0_centroid": [
        -7.030112028121948,
        -0.07529079914093018
      ],
      "team0_step_reward": 0.0,
      "team1_centroid": [
        11.921369552612305,
        0.11841374635696411
      ],
      "team1_step_reward": 0.0,
      "winner": null
    },
    {
      "ball_pos": [
        0.8347147107124329,
        -0.3271470069885254
      ],
      "reward_shaping": null,
      "score": null,
      "step": 4,
      "team0_centroid": [
        -6.000856399536133,
        -0.21862199902534485
      ],
      "team0_step_reward": 0.0,
      "team1_centroid": [
        12.126780033111572,
        0.3637474086135626
      ],
      "team1_step_reward": 0.0,
      "winner": null
    },
    {
      "ball_pos": [
        0.8347147107124329,
        -0.3271470069885254
      ],
      "reward_shaping": null,
      "score": null,
      "step": 5,
      "team0_centroid": [
        -4.757253885269165,
        -0.3773399442434311
      ],
      "team0_step_reward": 0.0,
      "team1_centroid": [
        12.01539134979248,
        0.5613400042057037
      ],
      "team1_step_reward": 0.0,
      "winner": null
    },
    {
      "ball_pos": [
        2.5785903930664062,
        0.48634153604507446
      ],
      "reward_shaping": null,
      "score": null,
      "step": 6,
      "team0_centroid": [
        -3.619744211435318,
        -0.3417038731276989
      ],
      "team0_step_reward": 0.0,
      "team1_centroid": [
        12.049429416656494,
        0.5977949798107147
      ],
      "team1_step_reward": 0.0,
      "winner": null
    },
    {
      "ball_pos": [
        5.457398414611816,
        2.04616117477417
      ],
      "reward_shaping": null,
      "score": null,
      "step": 7,
      "team0_centroid": [
        -2.8600650429725647,
        -0.07857849635183811
      ],
      "team0_step_reward": 0.0,
      "team1_centroid": [
        12.457441806793213,
        0.5238601863384247
      ],
      "team1_step_reward": 0.0,
      "winner": null
    },
    {
      "ball_pos": [
        8.016459465026855,
        3.4328365325927734
      ],
      "reward_shaping": null,
      "score": null,
      "step": 8,
      "team0_centroid": [
        -2.3547050952911377,
        0.2700447663664818
      ],
      "team0_step_reward": 0.0,
      "team1_centroid": [
        12.834451675415039,
        0.4616931602358818
      ],
      "team1_step_reward": 0.0,
      "winner": null
    },
    {
      "ball_pos": [
        10.286538124084473,
        4.662922382354736
      ],
      "reward_shaping": null,
      "score": null,
      "step": 9,
      "team0_centroid": [
        -1.5220006704330444,
        0.6952193528413773
      ],
      "team0_step_reward": 0.0,
      "team1_centroid": [
        13.327008247375488,
        0.3644735813140869
      ],
      "team1_step_reward": 0.0,
      "winner": null
    },
    {
      "ball_pos": [
        12.295401573181152,
        5.751462936401367
      ],
      "reward_shaping": null,
      "score": null,
      "step": 10,
      "team0_centroid": [
        -0.1404099464416504,
        1.2178044319152832
      ],
      "team0_step_reward": 0.0,
      "team1_centroid": [
        13.550214290618896,
        0.2537345886230469
      ],
      "team1_step_reward": 0.0,
      "winner": null
    },
    {
      "ball_pos": [
        13.45641803741455,
        6.361730098724365
      ],
      "reward_shaping": null,
      "score": null,
      "step": 11,
      "team0_centroid": [
        1.6196553707122803,
        1.8190458714962006
      ],
      "team0_step_reward": 0.0,
      "team1_centroid": [
        13.50024938583374,
        0.05020204186439514
      ],
      "team1_step_reward": 0.0,
      "winner": null
    },
    {
      "ball_pos": [
        12.287065505981445,
        5.617975234985352
      ],
      "reward_shaping": null,
      "score": null,
      "step": 12,
      "team0_centroid": [
        3.2101844549179077,
        2.3622313737869263
      ],
      "team0_step_reward": 0.0,
      "team1_centroid": [
        13.460138320922852,
        -0.16915953159332275
      ],
      "team1_step_reward": 0.0,
      "winner": null
    },
    {
      "ball_pos": [
        11.271730422973633,
        4.971530437469482
      ],
      "reward_shaping": null,
      "score": null,
      "step": 13,
      "team0_centroid": [
        4.589040398597717,
        2.9030906558036804
      ],
      "team0_step_reward": 0.0,
      "team1_centroid": [
        13.718420505523682,
        -0.2992711663246155
      ],
      "team1_step_reward": 0.0,
      "winner": null
    },
    {
      "ball_pos": [
        12.36532211303711,
        5.1560444831848145
      ],
      "reward_shaping": null,
      "score": null,
      "step": 14,
      "team0_centroid": [
        5.670528382062912,
        3.292734384536743
      ],
      "team0_step_reward": 0.0,