{
  "classification": {
    "labels": [
      "win"
    ],
    "primary_label": "win"
  },
  "cumulative_team0_reward": 1.932800054550171,
  "cumulative_team1_reward": -2.0,
  "episode_index": 303,
  "final_score": null,
  "final_team0_step_reward": 1.932800054550171,
  "final_team1_step_reward": -2.0,
  "final_winner": null,
  "metrics": {
    "mean_ball_x": -10.523359740481657,
    "tail_mean_ball_x": -11.773208610216777,
    "team0_possession_ratio": null,
    "team0_progress_toward_goal": 0.0,
    "team0_shaping_reward_sum": 0.0,
    "team1_possession_ratio": null,
    "team1_progress_toward_goal": 0.0,
    "team1_shaping_reward_sum": 0.0
  },
  "outcome": "team0_win",
  "sampled_trace": [
    {
      "ball_pos": [
        -1.1494932174682617,
        -2.3565568923950195
      ],
      "reward_shaping": null,
      "score": null,
      "step": 0,
      "team0_centroid": [
        8.987610816955566,
        0.0
      ],
      "team0_step_reward": 0.0,
      "team1_centroid": [
        -9.259050846099854,
        -0.040653109550476074
      ],
      "team1_step_reward": 0.0,
      "winner": null
    },
    {
      "ball_pos": [
        -10.440116882324219,
        -6.42056941986084
      ],
      "reward_shaping": null,
      "score": null,
      "step": 10,
      "team0_centroid": [
        4.07257866859436,
        -2.1427057087421417
      ],
      "team0_step_reward": 0.0,
      "team1_centroid": [
        -13.48940372467041,
        -1.200725495815277
      ],
      "team1_step_reward": 0.0,
      "winner": null
    },
    {
      "ball_pos": [
        -13.881815910339355,
        -3.8447117805480957
      ],
      "reward_shaping": null,
      "score": null,
      "step": 20,
      "team0_centroid": [
        4.175572872161865,
        -2.685256540775299
      ],
      "team0_step_reward": 0.0,
      "team1_centroid": [
        -14.56563138961792,
        -1.1688173562288284
      ],
      "team1_step_reward": 0.0,
      "winner": null
    },
    {
      "ball_pos": [
        -13.925615310668945,
        -2.3761630058288574
      ],
      "reward_shaping": null,
      "score": null,
      "step": 30,
      "team0_centroid": [
        2.1535019874572754,
        -1.2916677594184875
      ],
      "team0_step_reward": 0.0,
      "team1_centroid": [
        -15.351259231567383,
        -1.2641352415084839
      ],
      "team1_step_reward": 0.0,
      "winner": null
    }
  ],
  "steps": 34,
  "tail_trace": [
    {
      "ball_pos": [
        -1.1494932174682617,
        -2.3565568923950195
      ],
      "reward_shaping": null,
      "score": null,
      "step": 4,
      "team0_centroid": [
        6.973532319068909,
        -0.8202759474515915
      ],
      "team0_step_reward": 0.0,
      "team1_centroid": [
        -10.680815696716309,
        0.18007111549377441
      ],
      "team1_step_reward": 0.0,
      "winner": null
    },
    {
      "ball_pos": [
        -1.1494932174682617,
        -2.3565568923950195
      ],
      "reward_shaping": null,
      "score": null,
      "step": 5,
      "team0_centroid": [
        6.153051644563675,
        -1.2462544739246368
      ],
      "team0_step_reward": 0.0,
      "team1_centroid": [
        -11.020788669586182,
        0.17915064096450806
      ],
      "team1_step_reward": 0.0,
      "winner": null
    },
    {
      "ball_pos": [
        -2.497448682785034,
        -2.9258646965026855
      ],
      "reward_shaping": null,
      "score": null,
      "step": 6,
      "team0_centroid": [
        5.6488324999809265,
        -1.6337104439735413
      ],
      "team0_step_reward": 0.0,
      "team1_centroid": [
        -11.219518184661865,
        0.0371282696723938
      ],
      "team1_step_reward": 0.0,
      "winner": null
    },
    {
      "ball_pos": [
        -4.866301536560059,
        -3.968074321746826
      ],
      "reward_shaping": null,
      "score": null,
      "step": 7,
      "team0_centroid": [
        5.390653967857361,
        -1.7977856397628784
      ],
      "team0_step_reward": 0.0,
      "team1_centroid": [
        -11.793631553649902,
        -0.3535233736038208
      ],
      "team1_step_reward": 0.0,
      "winner": null
    },
    {
      "ball_pos": [
        -6.962646484375,
        -4.890471935272217
      ],
      "reward_shaping": null,
      "score": null,
      "step": 8,
      "team0_centroid": [
        5.059900164604187,
        -1.9295197129249573
      ],
      "team0_step_reward": 0.0,
      "team1_centroid": [
        -12.460431098937988,
        -0.754291296005249
      ],
      "team1_step_reward": 0.0,
      "winner": null
    },
    {
      "ball_pos": [
        -8.812697410583496,
        -5.704499244689941
      ],
      "reward_shaping": null,
      "score": null,
      "step": 9,
      "team0_centroid": [
        4.532869338989258,
        -2.105050206184387
      ],
      "team0_step_reward": 0.0,
      "team1_centroid": [
        -12.955370903015137,
        -0.9668505191802979
      ],
      "team1_step_reward": 0.0,
      "winner": null
    },
    {
      "ball_pos": [
        -10.440116882324219,
        -6.42056941986084
      ],
      "reward_shaping": null,
      "score": null,
      "step": 10,
      "team0_centroid": [
        4.07257866859436,
        -2.1427057087421417
      ],
      "team0_step_reward": 0.0,
      "team1_centroid": [
        -13.48940372467041,
        -1.200725495815277
      ],
      "team1_step_reward": 0.0,
      "winner": null
    },
    {
      "ball_pos": [
        -11.772287368774414,
        -6.828858852386475
      ],
      "reward_shaping": null,
      "score": null,
      "step": 11,
      "team0_centroid": [
        3.766671657562256,
        -1.9818163067102432
      ],
      "team0_step_reward": 0.0,
      "team1_centroid": [
        -13.840468406677246,
        -1.3226653337478638
      ],
      "team1_step_reward": 0.0,
      "winner": null
    },
    {
      "ball_pos": [
        -12.577420234680176,
        -6.430479526519775
      ],
      "reward_shaping": null,
      "score": null,
      "step": 12,
      "team0_centroid": [
        3.4582462310791016,
        -1.8006781488656998
      ],
      "team0_step_reward": 0.0,
      "team1_centroid": [
        -13.973780632019043,
        -1.2931123971939087
      ],
      "team1_step_reward": 0.0,
      "winner": null
    },
    {
      "ball_pos": [
        -13.262065887451172,
        -6.093801975250244
      ],
      "reward_shaping": null,
      "score": null,
      "step": 13,
      "team0_centroid": [
        3.4089107513427734,
        -1.8007007539272308
      ],
      "team0_step_reward": 0.0,
      "team1_centroid": [
        -14.131454467773438,
        -1.1745452880859375
      ],
      "team1_step_reward": 0.0,
      "winner": null
    },
    {
      "ball_pos": [
        -13.83693790435791,
        -5.811122894287109
      ],
      "reward_shaping": null,
      "score": null,
      "step": 14,
      "team0_centroid": [
        3.6945133209228516,
        -1.9567108154296875
      ],
      "team0_step_reward": 0.0,
      "team1_centroid": [
        -14.179233074188232,
        -1.1726206541061401
      ],
      "team1_step_reward": 0.0,
      "winner": null
    },
    {
      "ball_pos": [
        -13.836507797241211,
        -5.364841938018799
      ],
      "reward_shaping": null,
      "score": null,
      "step": 15,
      "team0_centroid": [
        3.8167929649353027,
        -2.0487539768218994
      ],
      "team0_step_reward": 0.0,
      "team1_centroid": [
        -14.253069877624512,
        -1.1225721836090088
      ],
      "team1_step_reward": 0.0,
      "winner": null
    },
    {
      "ball_pos": [
        -13.847477912902832,
        -4.995992183685303
      ],
      "reward_shaping": null,
      "score": null,
      "step": 16,
      "team0_centroid": [
        3.8519139289855957,
        -2.0821797847747803
      ],
      "team0_step_reward": 0.0,