{
  "classification": {
    "labels": [
      "win"
    ],
    "primary_label": "win"
  },
  "cumulative_team0_reward": 1.9636000394821167,
  "cumulative_team1_reward": -2.0,
  "episode_index": 404,
  "final_score": null,
  "final_team0_step_reward": 1.9636000394821167,
  "final_team1_step_reward": -2.0,
  "final_winner": null,
  "metrics": {
    "mean_ball_x": 5.924429309036997,
    "tail_mean_ball_x": 5.924429309036997,
    "team0_possession_ratio": null,
    "team0_progress_toward_goal": 0.0,
    "team0_shaping_reward_sum": 0.0,
    "team1_possession_ratio": null,
    "team1_progress_toward_goal": 0.0,
    "team1_shaping_reward_sum": 0.0
  },
  "outcome": "team0_win",
  "sampled_trace": [
    {
      "ball_pos": [
        -0.4602656066417694,
        -0.2898004353046417
      ],
      "reward_shaping": null,
      "score": null,
      "step": 0,
      "team0_centroid": [
        -4.138586759567261,
        0.025516271591186523
      ],
      "team0_step_reward": 0.0,
      "team1_centroid": [
        10.028380393981934,
        0.13791221380233765
      ],
      "team1_step_reward": 0.0,
      "winner": null
    },
    {
      "ball_pos": [
        8.176131248474121,
        -2.8644938468933105
      ],
      "reward_shaping": null,
      "score": null,
      "step": 10,
      "team0_centroid": [
        -0.06153690814971924,
        -1.1833107471466064
      ],
      "team0_step_reward": 0.0,
      "team1_centroid": [
        12.78747272491455,
        0.601028099656105
      ],
      "team1_step_reward": 0.0,
      "winner": null
    }
  ],
  "steps": 18,
  "tail_trace": [
    {
      "ball_pos": [
        -0.4602656066417694,
        -0.2898004353046417
      ],
      "reward_shaping": null,
      "score": null,
      "step": 0,
      "team0_centroid": [
        -4.138586759567261,
        0.025516271591186523
      ],
      "team0_step_reward": 0.0,
      "team1_centroid": [
        10.028380393981934,
        0.13791221380233765
      ],
      "team1_step_reward": 0.0,
      "winner": null
    },
    {
      "ball_pos": [
        -0.4602656066417694,
        -0.2898004353046417
      ],
      "reward_shaping": null,
      "score": null,
      "step": 1,
      "team0_centroid": [
        -3.5757421255111694,
        -0.04463663697242737
      ],
      "team0_step_reward": 0.0,
      "team1_centroid": [
        10.055849552154541,
        0.38088831305503845
      ],
      "team1_step_reward": 0.0,
      "winner": null
    },
    {
      "ball_pos": [
        -0.4602656066417694,
        -0.2898004353046417
      ],
      "reward_shaping": null,
      "score": null,
      "step": 2,
      "team0_centroid": [
        -2.9862738847732544,
        -0.16475990414619446
      ],
      "team0_step_reward": 0.0,
      "team1_centroid": [
        10.064519882202148,
        0.5047503113746643
      ],
      "team1_step_reward": 0.0,
      "winner": null
    },
    {
      "ball_pos": [
        -0.4602656066417694,
        -0.2898004353046417
      ],
      "reward_shaping": null,
      "score": null,
      "step": 3,
      "team0_centroid": [
        -2.7843722701072693,
        -0.23294419050216675
      ],
      "team0_step_reward": 0.0,
      "team1_centroid": [
        10.334383964538574,
        0.6400495022535324
      ],
      "team1_step_reward": 0.0,
      "winner": null
    },
    {
      "ball_pos": [
        -0.4602656066417694,
        -0.2898004353046417
      ],
      "reward_shaping": null,
      "score": null,
      "step": 4,
      "team0_centroid": [
        -2.810699164867401,
        -0.25744810700416565
      ],
      "team0_step_reward": 0.0,
      "team1_centroid": [
        10.93052864074707,
        0.7342467717826366
      ],
      "team1_step_reward": 0.0,
      "winner": null
    },
    {
      "ball_pos": [
        -0.4602656066417694,
        -0.2898004353046417
      ],
      "reward_shaping": null,
      "score": null,
      "step": 5,
      "team0_centroid": [
        -2.8547924757003784,
        -0.40729671716690063
      ],
      "team0_step_reward": 0.0,
      "team1_centroid": [
        11.503007411956787,
        0.6952812671661377
      ],
      "team1_step_reward": 0.0,
      "winner": null
    },
    {
      "ball_pos": [
        -0.4602656066417694,
        -0.2898004353046417
      ],
      "reward_shaping": null,
      "score": null,
      "step": 6,
      "team0_centroid": [
        -2.6288848519325256,
        -0.734996572136879
      ],
      "team0_step_reward": 0.0,
      "team1_centroid": [
        11.918978691101074,
        0.776251956820488
      ],
      "team1_step_reward": 0.0,
      "winner": null
    },
    {
      "ball_pos": [
        1.0652472972869873,
        -0.7430578470230103
      ],
      "reward_shaping": null,
      "score": null,
      "step": 7,
      "team0_centroid": [
        -2.114831030368805,
        -1.0449111759662628
      ],
      "team0_step_reward": 0.0,
      "team1_centroid": [
        12.205790996551514,
        0.8379863612353802
      ],
      "team1_step_reward": 0.0,
      "winner": null
    },
    {
      "ball_pos": [
        3.7287492752075195,
        -1.5376144647598267
      ],
      "reward_shaping": null,
      "score": null,
      "step": 8,
      "team0_centroid": [
        -1.590199053287506,
        -1.131445288658142
      ],
      "team0_step_reward": 0.0,
      "team1_centroid": [
        12.36324691772461,
        0.842428233474493
      ],
      "team1_step_reward": 0.0,
      "winner": null
    },
    {
      "ball_pos": [
        6.089334011077881,
        -2.241896152496338
      ],
      "reward_shaping": null,
      "score": null,
      "step": 9,
      "team0_centroid": [
        -0.9350263476371765,
        -1.128296434879303
      ],
      "team0_step_reward": 0.0,
      "team1_centroid": [
        12.487436294555664,
        0.8424335401505232
      ],
      "team1_step_reward": 0.0,
      "winner": null
    },
    {
      "ball_pos": [
        8.176131248474121,
        -2.8644938468933105
      ],
      "reward_shaping": null,
      "score": null,
      "step": 10,
      "team0_centroid": [
        -0.06153690814971924,
        -1.1833107471466064
      ],
      "team0_step_reward": 0.0,
      "team1_centroid": [
        12.78747272491455,
        0.601028099656105
      ],
      "team1_step_reward": 0.0,
      "winner": null
    },
    {
      "ball_pos": [
        10.015445709228516,
        -3.413254737854004
      ],
      "reward_shaping": null,
      "score": null,
      "step": 11,
      "team0_centroid": [
        0.9870891571044922,
        -1.225406676530838
      ],
      "team0_step_reward": 0.0,
      "team1_centroid": [
        12.903082370758057,
        0.3851810097694397
      ],
      "team1_step_reward": 0.0,
      "winner": null
    },
    {
      "ball_pos": [
        11.631056785583496,
        -3.895273208618164
      ],
      "reward_shaping": null,
      "score": null,
      "step": 12,
      "team0_centroid": [
        2.1311028003692627,
        -1.3420125544071198
      ],
      "team0_step_reward": 0.0,
      "team1_centroid": [
        13.129909992218018,
        0.30814385414123535
      ],
      "team1_step_reward": 0.0,
      "winner": null
    },
    {
      "ball_pos": [
        13.044454574584961,
        -4.316961765289307
      ],
      "reward_shaping": null,
      "score": null,
      "step": 13,
      "team0_centroid": [
        3.34551739692688,
        -1.6212754547595978
      ],
      "team0_step_reward": 0.0,
      "team1_centroid": [
        13.917111873626709,
        0.05013588070869446
      ],
      "team1_step_reward": 0.0,
      "winner": null
    },
    {
      "ball_pos": [
        14.27507209777832,
        -4.684116840362549
      ],
      "reward_shaping": null,
      "score": null,
      "step": 14,
      "team0_centroid": [
        4.405089996755123,
        -1.9210945963859558
      ],
      "team0_step_reward": 0.0,