{
  "classification": {
    "labels": [
      "win"
    ],
    "primary_label": "win"
  },
  "cumulative_team0_reward": 1.954800009727478,
  "cumulative_team1_reward": -2.0,
  "episode_index": 139,
  "final_score": null,
  "final_team0_step_reward": 1.954800009727478,
  "final_team1_step_reward": -2.0,
  "final_winner": null,
  "metrics": {
    "mean_ball_x": -8.932970513468204,
    "tail_mean_ball_x": -8.932970513468204,
    "team0_possession_ratio": null,
    "team0_progress_toward_goal": 0.0,
    "team0_shaping_reward_sum": 0.0,
    "team1_possession_ratio": null,
    "team1_progress_toward_goal": 0.0,
    "team1_shaping_reward_sum": 0.0
  },
  "outcome": "team0_win",
  "sampled_trace": [
    {
      "ball_pos": [
        -1.7817778587341309,
        -0.020894769579172134
      ],
      "reward_shaping": null,
      "score": null,
      "step": 0,
      "team0_centroid": [
        9.68618631362915,
        -0.03043544292449951
      ],
      "team0_step_reward": 0.0,
      "team1_centroid": [
        -9.54356837272644,
        -0.0003992915153503418
      ],
      "team1_step_reward": 0.0,
      "winner": null
    },
    {
      "ball_pos": [
        -9.779297828674316,
        6.92414665222168
      ],
      "reward_shaping": null,
      "score": null,
      "step": 10,
      "team0_centroid": [
        -5.25595760345459,
        1.1167329549789429
      ],
      "team0_step_reward": 0.0,
      "team1_centroid": [
        -2.3882057666778564,
        -0.559016764163971
      ],
      "team1_step_reward": 0.0,
      "winner": null
    },
    {
      "ball_pos": [
        -14.856674194335938,
        2.0963218212127686
      ],
      "reward_shaping": null,
      "score": null,
      "step": 20,
      "team0_centroid": [
        -7.559851169586182,
        2.343813896179199
      ],
      "team0_step_reward": 0.0,
      "team1_centroid": [
        -4.542958974838257,
        -2.199265956878662
      ],
      "team1_step_reward": 0.0,
      "winner": null
    }
  ],
  "steps": 23,
  "tail_trace": [
    {
      "ball_pos": [
        -1.7817778587341309,
        -0.020894769579172134
      ],
      "reward_shaping": null,
      "score": null,
      "step": 0,
      "team0_centroid": [
        9.68618631362915,
        -0.03043544292449951
      ],
      "team0_step_reward": 0.0,
      "team1_centroid": [
        -9.54356837272644,
        -0.0003992915153503418
      ],
      "team1_step_reward": 0.0,
      "winner": null
    },
    {
      "ball_pos": [
        -1.7817778587341309,
        -0.020894797518849373
      ],
      "reward_shaping": null,
      "score": null,
      "step": 1,
      "team0_centroid": [
        8.520400047302246,
        -0.12614166736602783
      ],
      "team0_step_reward": 0.0,
      "team1_centroid": [
        -8.971538305282593,
        0.10752761363983154
      ],
      "team1_step_reward": 0.0,
      "winner": null
    },
    {
      "ball_pos": [
        -1.7817778587341309,
        -0.02089483104646206
      ],
      "reward_shaping": null,
      "score": null,
      "step": 2,
      "team0_centroid": [
        7.126385688781738,
        -0.23697122931480408
      ],
      "team0_step_reward": 0.0,
      "team1_centroid": [
        -8.142790079116821,
        0.19686269760131836
      ],
      "team1_step_reward": 0.0,
      "winner": null
    },
    {
      "ball_pos": [
        -1.7817778587341309,
        -0.020894868299365044
      ],
      "reward_shaping": null,
      "score": null,
      "step": 3,
      "team0_centroid": [
        5.460220575332642,
        -0.34708912670612335
      ],
      "team0_step_reward": 0.0,
      "team1_centroid": [
        -6.879803717136383,
        0.31636571884155273
      ],
      "team1_step_reward": 0.0,
      "winner": null
    },
    {
      "ball_pos": [
        -1.7817778587341309,
        -0.020894909277558327
      ],
      "reward_shaping": null,
      "score": null,
      "step": 4,
      "team0_centroid": [
        3.9482110738754272,
        -0.38819196075201035
      ],
      "team0_step_reward": 0.0,
      "team1_centroid": [
        -5.657604247331619,
        0.4607808291912079
      ],
      "team1_step_reward": 0.0,
      "winner": null
    },
    {
      "ball_pos": [
        -1.7817778587341309,
        -0.020894955843687057
      ],
      "reward_shaping": null,
      "score": null,
      "step": 5,
      "team0_centroid": [
        2.344802349805832,
        -0.38816139847040176
      ],
      "team0_step_reward": 0.0,
      "team1_centroid": [
        -4.739970862865448,
        0.4952200949192047
      ],
      "team1_step_reward": 0.0,
      "winner": null
    },
    {
      "ball_pos": [
        -2.9254515171051025,
        0.6584768295288086
      ],
      "reward_shaping": null,
      "score": null,
      "step": 6,
      "team0_centroid": [
        0.41482019424438477,
        -0.32130689918994904
      ],
      "team0_step_reward": 0.0,
      "team1_centroid": [
        -4.11865770816803,
        0.46697619557380676
      ],
      "team1_step_reward": 0.0,
      "winner": null
    },
    {
      "ball_pos": [
        -4.965510368347168,
        2.523284673690796
      ],
      "reward_shaping": null,
      "score": null,
      "step": 7,
      "team0_centroid": [
        -1.4621283411979675,
        -0.15994231402873993
      ],
      "team0_step_reward": 0.0,
      "team1_centroid": [
        -3.7694032192230225,
        0.5046103298664093
      ],
      "team1_step_reward": 0.0,
      "winner": null
    },
    {
      "ball_pos": [
        -6.773260116577148,
        4.175964832305908
      ],
      "reward_shaping": null,
      "score": null,
      "step": 8,
      "team0_centroid": [
        -2.9345677495002747,
        0.15861492604017258
      ],
      "team0_step_reward": 0.0,
      "team1_centroid": [
        -3.2639167308807373,
        0.45468321442604065
      ],
      "team1_step_reward": 0.0,
      "winner": null
    },
    {
      "ball_pos": [
        -8.371133804321289,
        5.636774063110352
      ],
      "reward_shaping": null,
      "score": null,
      "step": 9,
      "team0_centroid": [
        -4.215077877044678,
        0.5937751848250628
      ],
      "team0_step_reward": 0.0,
      "team1_centroid": [
        -2.6561203002929688,
        0.10199993848800659
      ],
      "team1_step_reward": 0.0,
      "winner": null
    },
    {
      "ball_pos": [
        -9.779297828674316,
        6.92414665222168
      ],
      "reward_shaping": null,
      "score": null,
      "step": 10,
      "team0_centroid": [
        -5.25595760345459,
        1.1167329549789429
      ],
      "team0_step_reward": 0.0,
      "team1_centroid": [
        -2.3882057666778564,
        -0.559016764163971
      ],
      "team1_step_reward": 0.0,
      "winner": null
    },
    {
      "ball_pos": [
        -10.702363967895508,
        6.03233528137207
      ],
      "reward_shaping": null,
      "score": null,
      "step": 11,
      "team0_centroid": [
        -6.012482404708862,
        1.4258842766284943
      ],
      "team0_step_reward": 0.0,
      "team1_centroid": [
        -2.3604120016098022,
        -1.0364779978990555
      ],
      "team1_step_reward": 0.0,
      "winner": null
    },
    {
      "ball_pos": [
        -11.488852500915527,
        5.28702974319458
      ],
      "reward_shaping": null,
      "score": null,
      "step": 12,
      "team0_centroid": [
        -6.5331292152404785,
        1.546027272939682
      ],
      "team0_step_reward": 0.0,
      "team1_centroid": [
        -2.572471797466278,
        -1.5247935056686401
      ],
      "team1_step_reward": 0.0,
      "winner": null
    },
    {
      "ball_pos": [
        -12.164261817932129,
        4.647139072418213
      ],
      "reward_shaping": null,
      "score": null,
      "step": 13,
      "team0_centroid": [
        -6.643108367919922,
        1.5757026672363281
      ],
      "team0_step_reward": 0.0,