{
  "classification": {
    "labels": [
      "win"
    ],
    "primary_label": "win"
  },
  "cumulative_team0_reward": 1.9592000246047974,
  "cumulative_team1_reward": -2.0,
  "episode_index": 359,
  "final_score": null,
  "final_team0_step_reward": 1.9592000246047974,
  "final_team1_step_reward": -2.0,
  "final_winner": null,
  "metrics": {
    "mean_ball_x": -3.832656349454607,
    "tail_mean_ball_x": -3.832656349454607,
    "team0_possession_ratio": null,
    "team0_progress_toward_goal": 0.0,
    "team0_shaping_reward_sum": 0.0,
    "team1_possession_ratio": null,
    "team1_progress_toward_goal": 0.0,
    "team1_shaping_reward_sum": 0.0
  },
  "outcome": "team0_win",
  "sampled_trace": [
    {
      "ball_pos": [
        1.556530475616455,
        -0.9320077896118164
      ],
      "reward_shaping": null,
      "score": null,
      "step": 0,
      "team0_centroid": [
        10.934799671173096,
        0.06858736276626587
      ],
      "team0_step_reward": 0.0,
      "team1_centroid": [
        -8.97839093208313,
        -0.044369399547576904
      ],
      "team1_step_reward": 0.0,
      "winner": null
    },
    {
      "ball_pos": [
        1.556530475616455,
        -0.9320077896118164
      ],
      "reward_shaping": null,
      "score": null,
      "step": 10,
      "team0_centroid": [
        4.8236000537872314,
        -1.2878960371017456
      ],
      "team0_step_reward": 0.0,
      "team1_centroid": [
        -10.559627532958984,
        0.47377198934555054
      ],
      "team1_step_reward": 0.0,
      "winner": null
    },
    {
      "ball_pos": [
        -14.904779434204102,
        -4.437898635864258
      ],
      "reward_shaping": null,
      "score": null,
      "step": 20,
      "team0_centroid": [
        -3.5575973987579346,
        -3.891421675682068
      ],
      "team0_step_reward": 1.9592000246047974,
      "team1_centroid": [
        -8.970011234283447,
        -0.9394777417182922
      ],
      "team1_step_reward": -2.0,
      "winner": null
    }
  ],
  "steps": 21,
  "tail_trace": [
    {
      "ball_pos": [
        1.556530475616455,
        -0.9320077896118164
      ],
      "reward_shaping": null,
      "score": null,
      "step": 0,
      "team0_centroid": [
        10.934799671173096,
        0.06858736276626587
      ],
      "team0_step_reward": 0.0,
      "team1_centroid": [
        -8.97839093208313,
        -0.044369399547576904
      ],
      "team1_step_reward": 0.0,
      "winner": null
    },
    {
      "ball_pos": [
        1.556530475616455,
        -0.9320077896118164
      ],
      "reward_shaping": null,
      "score": null,
      "step": 1,
      "team0_centroid": [
        10.945759296417236,
        0.15126314759254456
      ],
      "team0_step_reward": 0.0,
      "team1_centroid": [
        -9.32743501663208,
        -0.17083877325057983
      ],
      "team1_step_reward": 0.0,
      "winner": null
    },
    {
      "ball_pos": [
        1.556530475616455,
        -0.9320077896118164
      ],
      "reward_shaping": null,
      "score": null,
      "step": 2,
      "team0_centroid": [
        10.705363750457764,
        0.1237618625164032
      ],
      "team0_step_reward": 0.0,
      "team1_centroid": [
        -9.840133905410767,
        -0.31355780363082886
      ],
      "team1_step_reward": 0.0,
      "winner": null
    },
    {
      "ball_pos": [
        1.556530475616455,
        -0.9320077896118164
      ],
      "reward_shaping": null,
      "score": null,
      "step": 3,
      "team0_centroid": [
        9.885232925415039,
        -0.010532855987548828
      ],
      "team0_step_reward": 0.0,
      "team1_centroid": [
        -10.345170259475708,
        -0.3502526879310608
      ],
      "team1_step_reward": 0.0,
      "winner": null
    },
    {
      "ball_pos": [
        1.556530475616455,
        -0.9320077896118164
      ],
      "reward_shaping": null,
      "score": null,
      "step": 4,
      "team0_centroid": [
        9.023733139038086,
        -0.14927588403224945
      ],
      "team0_step_reward": 0.0,
      "team1_centroid": [
        -10.66886043548584,
        -0.18804526329040527
      ],
      "team1_step_reward": 0.0,
      "winner": null
    },
    {
      "ball_pos": [
        1.556530475616455,
        -0.9320077896118164
      ],
      "reward_shaping": null,
      "score": null,
      "step": 5,
      "team0_centroid": [
        8.164903163909912,
        -0.24647197127342224
      ],
      "team0_step_reward": 0.0,
      "team1_centroid": [
        -10.882205724716187,
        0.003276050090789795
      ],
      "team1_step_reward": 0.0,
      "winner": null
    },
    {
      "ball_pos": [
        1.556530475616455,
        -0.9320077896118164
      ],
      "reward_shaping": null,
      "score": null,
      "step": 6,
      "team0_centroid": [
        7.143689155578613,
        -0.31969136372208595
      ],
      "team0_step_reward": 0.0,
      "team1_centroid": [
        -11.049223184585571,
        -0.018668711185455322
      ],
      "team1_step_reward": 0.0,
      "winner": null
    },
    {
      "ball_pos": [
        1.556530475616455,
        -0.9320077896118164
      ],
      "reward_shaping": null,
      "score": null,
      "step": 7,
      "team0_centroid": [
        6.298113822937012,
        -0.5240302570164204
      ],
      "team0_step_reward": 0.0,
      "team1_centroid": [
        -11.163520336151123,
        0.03210848569869995
      ],
      "team1_step_reward": 0.0,
      "winner": null
    },
    {
      "ball_pos": [
        1.556530475616455,
        -0.9320077896118164
      ],
      "reward_shaping": null,
      "score": null,
      "step": 8,
      "team0_centroid": [
        5.696444034576416,
        -0.7607343904674053
      ],
      "team0_step_reward": 0.0,
      "team1_centroid": [
        -10.987135648727417,
        0.10036206245422363
      ],
      "team1_step_reward": 0.0,
      "winner": null
    },
    {
      "ball_pos": [
        1.556530475616455,
        -0.9320077896118164
      ],
      "reward_shaping": null,
      "score": null,
      "step": 9,
      "team0_centroid": [
        5.298357844352722,
        -0.9969803690910339
      ],
      "team0_step_reward": 0.0,
      "team1_centroid": [
        -10.724356889724731,
        0.2710062265396118
      ],
      "team1_step_reward": 0.0,
      "winner": null
    },
    {
      "ball_pos": [
        1.556530475616455,
        -0.9320077896118164
      ],
      "reward_shaping": null,
      "score": null,
      "step": 10,
      "team0_centroid": [
        4.8236000537872314,
        -1.2878960371017456
      ],
      "team0_step_reward": 0.0,
      "team1_centroid": [
        -10.559627532958984,
        0.47377198934555054
      ],
      "team1_step_reward": 0.0,
      "winner": null
    },
    {
      "ball_pos": [
        -0.2642707824707031,
        -1.4635568857192993
      ],
      "reward_shaping": null,
      "score": null,
      "step": 11,
      "team0_centroid": [
        4.1725993156433105,
        -1.6803752779960632
      ],
      "team0_step_reward": 0.0,
      "team1_centroid": [
        -10.4200279712677,
        0.47278279066085815
      ],
      "team1_step_reward": 0.0,
      "winner": null
    },
    {
      "ball_pos": [
        -3.358304262161255,
        -2.4646005630493164
      ],
      "reward_shaping": null,
      "score": null,
      "step": 12,
      "team0_centroid": [
        3.376274421811104,
        -2.2015738487243652
      ],
      "team0_step_reward": 0.0,
      "team1_centroid": [
        -10.037549495697021,
        0.33480578660964966
      ],
      "team1_step_reward": 0.0,
      "winner": null
    },
    {
      "ball_pos": [
        -6.108384132385254,
        -3.3544669151306152
      ],
      "reward_shaping": null,
      "score": null,
      "step": 13,
      "team0_centroid": [
        2.425975978374481,
        -2.77556449174881
      ],
      "team0_step_reward": 0.0,