{
  "classification": {
    "labels": [
      "win"
    ],
    "primary_label": "win"
  },
  "cumulative_team0_reward": 1.979200005531311,
  "cumulative_team1_reward": -2.0,
  "episode_index": 457,
  "final_score": null,
  "final_team0_step_reward": 1.979200005531311,
  "final_team1_step_reward": -2.0,
  "final_winner": null,
  "metrics": {
    "mean_ball_x": -5.149523735046387,
    "tail_mean_ball_x": -5.149523735046387,
    "team0_possession_ratio": null,
    "team0_progress_toward_goal": 0.0,
    "team0_shaping_reward_sum": 0.0,
    "team1_possession_ratio": null,
    "team1_progress_toward_goal": 0.0,
    "team1_shaping_reward_sum": 0.0
  },
  "outcome": "team0_win",
  "sampled_trace": [
    {
      "ball_pos": [
        -0.3126099109649658,
        0.015509369783103466
      ],
      "reward_shaping": null,
      "score": null,
      "step": 0,
      "team0_centroid": [
        10.896322250366211,
        0.015153765678405762
      ],
      "team0_step_reward": 0.0,
      "team1_centroid": [
        -7.424842119216919,
        0.06804502010345459
      ],
      "team1_step_reward": 0.0,
      "winner": null
    },
    {
      "ball_pos": [
        -15.603480339050293,
        2.5138823986053467
      ],
      "reward_shaping": null,
      "score": null,
      "step": 10,
      "team0_centroid": [
        -0.7037363052368164,
        0.6638878881931305
      ],
      "team0_step_reward": 1.979200005531311,
      "team1_centroid": [
        -10.280364513397217,
        -0.7223551571369171
      ],
      "team1_step_reward": -2.0,
      "winner": null
    }
  ],
  "steps": 11,
  "tail_trace": [
    {
      "ball_pos": [
        -0.3126099109649658,
        0.015509369783103466
      ],
      "reward_shaping": null,
      "score": null,
      "step": 0,
      "team0_centroid": [
        10.896322250366211,
        0.015153765678405762
      ],
      "team0_step_reward": 0.0,
      "team1_centroid": [
        -7.424842119216919,
        0.06804502010345459
      ],
      "team1_step_reward": 0.0,
      "winner": null
    },
    {
      "ball_pos": [
        -0.3126099109649658,
        0.015509369783103466
      ],
      "reward_shaping": null,
      "score": null,
      "step": 1,
      "team0_centroid": [
        9.723819494247437,
        0.050532519817352295
      ],
      "team0_step_reward": 0.0,
      "team1_centroid": [
        -8.012345314025879,
        0.08014702796936035
      ],
      "team1_step_reward": 0.0,
      "winner": null
    },
    {
      "ball_pos": [
        -0.3126099109649658,
        0.015509369783103466
      ],
      "reward_shaping": null,
      "score": null,
      "step": 2,
      "team0_centroid": [
        8.324299097061157,
        0.015497207641601562
      ],
      "team0_step_reward": 0.0,
      "team1_centroid": [
        -8.568680763244629,
        0.05503934621810913
      ],
      "team1_step_reward": 0.0,
      "winner": null
    },
    {
      "ball_pos": [
        -0.3126099109649658,
        0.015509369783103466
      ],
      "reward_shaping": null,
      "score": null,
      "step": 3,
      "team0_centroid": [
        7.181389093399048,
        -0.05748245120048523
      ],
      "team0_step_reward": 0.0,
      "team1_centroid": [
        -8.967412948608398,
        -0.03044113516807556
      ],
      "team1_step_reward": 0.0,
      "winner": null
    },
    {
      "ball_pos": [
        -0.3126099109649658,
        0.015509369783103466
      ],
      "reward_shaping": null,
      "score": null,
      "step": 4,
      "team0_centroid": [
        5.854594707489014,
        -0.10439607501029968
      ],
      "team0_step_reward": 0.0,
      "team1_centroid": [
        -9.529265403747559,
        -0.00975826382637024
      ],
      "team1_step_reward": 0.0,
      "winner": null
    },
    {
      "ball_pos": [
        -0.3126099109649658,
        0.015509369783103466
      ],
      "reward_shaping": null,
      "score": null,
      "step": 5,
      "team0_centroid": [
        4.326968193054199,
        -0.047793690115213394
      ],
      "team0_step_reward": 0.0,
      "team1_centroid": [
        -10.289003372192383,
        0.11083352565765381
      ],
      "team1_step_reward": 0.0,
      "winner": null
    },
    {
      "ball_pos": [
        -3.851083278656006,
        0.545448362827301
      ],
      "reward_shaping": null,
      "score": null,
      "step": 6,
      "team0_centroid": [
        2.902033716440201,
        0.14930974319577217
      ],
      "team0_step_reward": 0.0,
      "team1_centroid": [
        -10.702903270721436,
        0.10919421911239624
      ],
      "team1_step_reward": 0.0,
      "winner": null
    },
    {
      "ball_pos": [
        -8.108953475952148,
        1.2502882480621338
      ],
      "reward_shaping": null,
      "score": null,
      "step": 7,
      "team0_centroid": [
        1.494505763053894,
        0.3620234578847885
      ],
      "team0_step_reward": 0.0,
      "team1_centroid": [
        -10.846287250518799,
        -0.08476537466049194
      ],
      "team1_step_reward": 0.0,
      "winner": null
    },
    {
      "ball_pos": [
        -11.909350395202637,
        1.8794445991516113
      ],
      "reward_shaping": null,
      "score": null,
      "step": 8,
      "team0_centroid": [
        0.31070446968078613,
        0.5283054560422897
      ],
      "team0_step_reward": 0.0,
      "team1_centroid": [
        -10.74441909790039,
        -0.3491231929510832
      ],
      "team1_step_reward": 0.0,
      "winner": null
    },
    {
      "ball_pos": [
        -15.296234130859375,
        2.4401445388793945
      ],
      "reward_shaping": null,
      "score": null,
      "step": 9,
      "team0_centroid": [
        -0.5613036155700684,
        0.6457048952579498
      ],
      "team0_step_reward": 0.0,
      "team1_centroid": [
        -10.380603313446045,
        -0.6589896976947784
      ],
      "team1_step_reward": 0.0,
      "winner": null
    },
    {
      "ball_pos": [
        -15.603480339050293,
        2.5138823986053467
      ],
      "reward_shaping": null,
      "score": null,
      "step": 10,
      "team0_centroid": [
        -0.7037363052368164,
        0.6638878881931305
      ],
      "team0_step_reward": 1.979200005531311,
      "team1_centroid": [
        -10.280364513397217,
        -0.7223551571369171
      ],
      "team1_step_reward": -2.0,
      "winner": null
    }
  ],
  "team0_module": "ceia_baseline_agent",
  "team1_module": "example_player_agent.agent_random"
}