{
  "classification": {
    "labels": [
      "win"
    ],
    "primary_label": "win"
  },
  "cumulative_team0_reward": 1.9752000570297241,
  "cumulative_team1_reward": -2.0,
  "episode_index": 144,
  "final_score": null,
  "final_team0_step_reward": 1.9752000570297241,
  "final_team1_step_reward": -2.0,
  "final_winner": null,
  "metrics": {
    "mean_ball_x": 6.576723172114446,
    "tail_mean_ball_x": 6.576723172114446,
    "team0_possession_ratio": null,
    "team0_progress_toward_goal": 0.0,
    "team0_shaping_reward_sum": 0.0,
    "team1_possession_ratio": null,
    "team1_progress_toward_goal": 0.0,
    "team1_shaping_reward_sum": 0.0
  },
  "outcome": "team0_win",
  "sampled_trace": [
    {
      "ball_pos": [
        1.2936687469482422,
        2.287984848022461
      ],
      "reward_shaping": null,
      "score": null,
      "step": 0,
      "team0_centroid": [
        -9.140387058258057,
        0.038723886013031006
      ],
      "team0_step_reward": 0.0,
      "team1_centroid": [
        8.324051141738892,
        0.13478738069534302
      ],
      "team1_step_reward": 0.0,
      "winner": null
    },
    {
      "ball_pos": [
        13.124239921569824,
        2.3714489936828613
      ],
      "reward_shaping": null,
      "score": null,
      "step": 10,
      "team0_centroid": [
        -0.2735471725463867,
        2.0260823369026184
      ],
      "team0_step_reward": 0.0,
      "team1_centroid": [
        8.895426511764526,
        -0.3055921569466591
      ],
      "team1_step_reward": 0.0,
      "winner": null
    }
  ],
  "steps": 13,
  "tail_trace": [
    {
      "ball_pos": [
        1.2936687469482422,
        2.287984848022461
      ],
      "reward_shaping": null,
      "score": null,
      "step": 0,
      "team0_centroid": [
        -9.140387058258057,
        0.038723886013031006
      ],
      "team0_step_reward": 0.0,
      "team1_centroid": [
        8.324051141738892,
        0.13478738069534302
      ],
      "team1_step_reward": 0.0,
      "winner": null
    },
    {
      "ball_pos": [
        1.2936687469482422,
        2.287984848022461
      ],
      "reward_shaping": null,
      "score": null,
      "step": 1,
      "team0_centroid": [
        -8.944916009902954,
        0.11149007081985474
      ],
      "team0_step_reward": 0.0,
      "team1_centroid": [
        8.09226131439209,
        0.2688228189945221
      ],
      "team1_step_reward": 0.0,
      "winner": null
    },
    {
      "ball_pos": [
        1.2936687469482422,
        2.287984848022461
      ],
      "reward_shaping": null,
      "score": null,
      "step": 2,
      "team0_centroid": [
        -8.503207445144653,
        0.19744348526000977
      ],
      "team0_step_reward": 0.0,
      "team1_centroid": [
        7.526857852935791,
        0.47427088022232056
      ],
      "team1_step_reward": 0.0,
      "winner": null
    },
    {
      "ball_pos": [
        1.2936687469482422,
        2.287984848022461
      ],
      "reward_shaping": null,
      "score": null,
      "step": 3,
      "team0_centroid": [
        -7.924308359622955,
        0.3721535801887512
      ],
      "team0_step_reward": 0.0,
      "team1_centroid": [
        7.219601154327393,
        0.5291311293840408
      ],
      "team1_step_reward": 0.0,
      "winner": null
    },
    {
      "ball_pos": [
        1.2936687469482422,
        2.287984848022461
      ],
      "reward_shaping": null,
      "score": null,
      "step": 4,
      "team0_centroid": [
        -6.842460483312607,
        0.6014033257961273
      ],
      "team0_step_reward": 0.0,
      "team1_centroid": [
        7.1506264209747314,
        0.45114706456661224
      ],
      "team1_step_reward": 0.0,
      "winner": null
    },
    {
      "ball_pos": [
        3.383378028869629,
        2.389566659927368
      ],
      "reward_shaping": null,
      "score": null,
      "step": 5,
      "team0_centroid": [
        -5.61750054359436,
        0.9265705347061157
      ],
      "team0_step_reward": 0.0,
      "team1_centroid": [
        7.367697238922119,
        0.3639037162065506
      ],
      "team1_step_reward": 0.0,
      "winner": null
    },
    {
      "ball_pos": [
        5.391458034515381,
        2.486384153366089
      ],
      "reward_shaping": null,
      "score": null,
      "step": 6,
      "team0_centroid": [
        -4.3368237018585205,
        1.192352533340454
      ],
      "team0_step_reward": 0.0,
      "team1_centroid": [
        7.478099584579468,
        0.4861980825662613
      ],
      "team1_step_reward": 0.0,
      "winner": null
    },
    {
      "ball_pos": [
        7.157626628875732,
        2.571577787399292
      ],
      "reward_shaping": null,
      "score": null,
      "step": 7,
      "team0_centroid": [
        -3.010512351989746,
        1.4383803755044937
      ],
      "team0_step_reward": 0.0,
      "team1_centroid": [
        7.882493734359741,
        0.45755041018128395
      ],
      "team1_step_reward": 0.0,
      "winner": null
    },
    {
      "ball_pos": [
        8.70512866973877,
        2.6462242603302
      ],
      "reward_shaping": null,
      "score": null,
      "step": 8,
      "team0_centroid": [
        -1.8709096908569336,
        1.6852478682994843
      ],
      "team0_step_reward": 0.0,
      "team1_centroid": [
        8.375517129898071,
        0.1705186367034912
      ],
      "team1_step_reward": 0.0,
      "winner": null
    },
    {
      "ball_pos": [
        10.802838325500488,
        2.5523862838745117
      ],
      "reward_shaping": null,
      "score": null,
      "step": 9,
      "team0_centroid": [
        -0.979764461517334,
        1.8792104125022888
      ],
      "team0_step_reward": 0.0,
      "team1_centroid": [
        8.682744264602661,
        -0.11082904040813446
      ],
      "team1_step_reward": 0.0,
      "winner": null
    },
    {
      "ball_pos": [
        13.124239921569824,
        2.3714489936828613
      ],
      "reward_shaping": null,
      "score": null,
      "step": 10,
      "team0_centroid": [
        -0.2735471725463867,
        2.0260823369026184
      ],
      "team0_step_reward": 0.0,
      "team1_centroid": [
        8.895426511764526,
        -0.3055921569466591
      ],
      "team1_step_reward": 0.0,
      "winner": null
    },
    {
      "ball_pos": [
        15.173725128173828,
        2.2117691040039062
      ],
      "reward_shaping": null,
      "score": null,
      "step": 11,
      "team0_centroid": [
        0.498262882232666,
        2.285742402076721
      ],
      "team0_step_reward": 0.0,
      "team1_centroid": [
        9.01814079284668,
        -0.42179813981056213
      ],
      "team1_step_reward": 0.0,
      "winner": null
    },
    {
      "ball_pos": [
        15.29066276550293,
        2.188863754272461
      ],
      "reward_shaping": null,
      "score": null,
      "step": 12,
      "team0_centroid": [
        0.6771683692932129,
        2.3598122596740723
      ],
      "team0_step_reward": 1.9752000570297241,
      "team1_centroid": [
        9.026508808135986,
        -0.44571514427661896
      ],
      "team1_step_reward": -2.0,
      "winner": null
    }
  ],
  "team0_module": "ceia_baseline_agent",
  "team1_module": "example_player_agent.agent_random"
}