{
  "classification": {
    "labels": [
      "win"
    ],
    "primary_label": "win"
  },
  "cumulative_team0_reward": 1.9723999500274658,
  "cumulative_team1_reward": -2.0,
  "episode_index": 210,
  "final_score": null,
  "final_team0_step_reward": 1.9723999500274658,
  "final_team1_step_reward": -2.0,
  "final_winner": null,
  "metrics": {
    "mean_ball_x": 6.268479653767177,
    "tail_mean_ball_x": 6.268479653767177,
    "team0_possession_ratio": null,
    "team0_progress_toward_goal": 0.0,
    "team0_shaping_reward_sum": 0.0,
    "team1_possession_ratio": null,
    "team1_progress_toward_goal": 0.0,
    "team1_shaping_reward_sum": 0.0
  },
  "outcome": "team0_win",
  "sampled_trace": [
    {
      "ball_pos": [
        0.4085432291030884,
        0.16049715876579285
      ],
      "reward_shaping": null,
      "score": null,
      "step": 0,
      "team0_centroid": [
        -6.551784515380859,
        -0.00964498519897461
      ],
      "team0_step_reward": 0.0,
      "team1_centroid": [
        5.057434320449829,
        -0.07001686096191406
      ],
      "team1_step_reward": 0.0,
      "winner": null
    },
    {
      "ball_pos": [
        9.208294868469238,
        -0.15827199816703796
      ],
      "reward_shaping": null,
      "score": null,
      "step": 10,
      "team0_centroid": [
        0.8669912815093994,
        0.20583926886320114
      ],
      "team0_step_reward": 0.0,
      "team1_centroid": [
        2.3979758620262146,
        -0.2850184440612793
      ],
      "team1_step_reward": 0.0,
      "winner": null
    }
  ],
  "steps": 14,
  "tail_trace": [
    {
      "ball_pos": [
        0.4085432291030884,
        0.16049715876579285
      ],
      "reward_shaping": null,
      "score": null,
      "step": 0,
      "team0_centroid": [
        -6.551784515380859,
        -0.00964498519897461
      ],
      "team0_step_reward": 0.0,
      "team1_centroid": [
        5.057434320449829,
        -0.07001686096191406
      ],
      "team1_step_reward": 0.0,
      "winner": null
    },
    {
      "ball_pos": [
        0.4085432291030884,
        0.16049715876579285
      ],
      "reward_shaping": null,
      "score": null,
      "step": 1,
      "team0_centroid": [
        -5.644110441207886,
        0.12077507376670837
      ],
      "team0_step_reward": 0.0,
      "team1_centroid": [
        4.687437891960144,
        -0.22757142782211304
      ],
      "team1_step_reward": 0.0,
      "winner": null
    },
    {
      "ball_pos": [
        0.4085432291030884,
        0.16049715876579285
      ],
      "reward_shaping": null,
      "score": null,
      "step": 2,
      "team0_centroid": [
        -4.836176037788391,
        0.38574378192424774
      ],
      "team0_step_reward": 0.0,
      "team1_centroid": [
        4.452991008758545,
        -0.30497902631759644
      ],
      "team1_step_reward": 0.0,
      "winner": null
    },
    {
      "ball_pos": [
        0.4085432291030884,
        0.16049715876579285
      ],
      "reward_shaping": null,
      "score": null,
      "step": 3,
      "team0_centroid": [
        -4.019110023975372,
        0.6471037790179253
      ],
      "team0_step_reward": 0.0,
      "team1_centroid": [
        4.289657115936279,
        -0.29894715547561646
      ],
      "team1_step_reward": 0.0,
      "winner": null
    },
    {
      "ball_pos": [
        2.5397424697875977,
        0.22369061410427094
      ],
      "reward_shaping": null,
      "score": null,
      "step": 4,
      "team0_centroid": [
        -3.1255710124969482,
        0.6543736457824707
      ],
      "team0_step_reward": 0.0,
      "team1_centroid": [
        3.9437522888183594,
        -0.20468688011169434
      ],
      "team1_step_reward": 0.0,
      "winner": null
    },
    {
      "ball_pos": [
        4.067729949951172,
        0.14302140474319458
      ],
      "reward_shaping": null,
      "score": null,
      "step": 5,
      "team0_centroid": [
        -2.402305245399475,
        0.3770751953125
      ],
      "team0_step_reward": 0.0,
      "team1_centroid": [
        3.7935779094696045,
        -0.28093385696411133
      ],
      "team1_step_reward": 0.0,
      "winner": null
    },
    {
      "ball_pos": [
        5.4210124015808105,
        0.06370288133621216
      ],
      "reward_shaping": null,
      "score": null,
      "step": 6,
      "team0_centroid": [
        -1.942977786064148,
        0.11749646812677383
      ],
      "team0_step_reward": 0.0,
      "team1_centroid": [
        3.6537939310073853,
        -0.31345295906066895
      ],
      "team1_step_reward": 0.0,
      "winner": null
    },
    {
      "ball_pos": [
        6.595324993133545,
        -0.005124255083501339
      ],
      "reward_shaping": null,
      "score": null,
      "step": 7,
      "team0_centroid": [
        -1.3298635482788086,
        0.09873360395431519
      ],
      "team0_step_reward": 0.0,
      "team1_centroid": [
        3.382846176624298,
        -0.4246058464050293
      ],
      "team1_step_reward": 0.0,
      "winner": null
    },
    {
      "ball_pos": [
        7.607863426208496,
        -0.06446970254182816
      ],
      "reward_shaping": null,
      "score": null,
      "step": 8,
      "team0_centroid": [
        -0.7564792633056641,
        0.025408439338207245
      ],
      "team0_step_reward": 0.0,
      "team1_centroid": [
        3.2061873376369476,
        -0.4422870874404907
      ],
      "team1_step_reward": 0.0,
      "winner": null
    },
    {
      "ball_pos": [
        8.474169731140137,
        -0.11524447798728943
      ],
      "reward_shaping": null,
      "score": null,
      "step": 9,
      "team0_centroid": [
        -0.07587385177612305,
        0.005263239145278931
      ],
      "team0_step_reward": 0.0,
      "team1_centroid": [
        2.846485771238804,
        -0.370792031288147
      ],
      "team1_step_reward": 0.0,
      "winner": null
    },
    {
      "ball_pos": [
        9.208294868469238,
        -0.15827199816703796
      ],
      "reward_shaping": null,
      "score": null,
      "step": 10,
      "team0_centroid": [
        0.8669912815093994,
        0.20583926886320114
      ],
      "team0_step_reward": 0.0,
      "team1_centroid": [
        2.3979758620262146,
        -0.2850184440612793
      ],
      "team1_step_reward": 0.0,
      "winner": null
    },
    {
      "ball_pos": [
        11.65344524383545,
        -0.4482206702232361
      ],
      "reward_shaping": null,
      "score": null,
      "step": 11,
      "team0_centroid": [
        1.7496774196624756,
        0.41407444700598717
      ],
      "team0_step_reward": 0.0,
      "team1_centroid": [
        2.372138947248459,
        -0.18979954719543457
      ],
      "team1_step_reward": 0.0,
      "winner": null
    },
    {
      "ball_pos": [
        14.512201309204102,
        -0.8467745780944824
      ],
      "reward_shaping": null,
      "score": null,
      "step": 12,
      "team0_centroid": [
        2.4571280479431152,
        0.5390487313270569
      ],
      "team0_step_reward": 0.0,
      "team1_centroid": [
        2.5882817208766937,
        -0.1434498429298401
      ],
      "team1_step_reward": 0.0,
      "winner": null
    },
    {
      "ball_pos": [
        16.044757843017578,
        -1.0600069761276245
      ],
      "reward_shaping": null,
      "score": null,
      "step": 13,
      "team0_centroid": [
        2.9189352989196777,
        0.6359310150146484
      ],
      "team0_step_reward": 1.9723999500274658,
      "team1_centroid": [
        2.573320508003235,
        -0.15308737754821777
      ],
      "team1_step_reward": -2.0,
      "winner": null
    }
  ],
  "team0_module": "ceia_baseline_agent",
  "team1_module": "example_player_agent.agent_random"
}