{
  "classification": {
    "labels": [
      "win"
    ],
    "primary_label": "win"
  },
  "cumulative_team0_reward": 1.937600016593933,
  "cumulative_team1_reward": -2.0,
  "episode_index": 279,
  "final_score": null,
  "final_team0_step_reward": 1.937600016593933,
  "final_team1_step_reward": -2.0,
  "final_winner": null,
  "metrics": {
    "mean_ball_x": -6.676643043275802,
    "tail_mean_ball_x": -6.902936301380396,
    "team0_possession_ratio": null,
    "team0_progress_toward_goal": 0.0,
    "team0_shaping_reward_sum": 0.0,
    "team1_possession_ratio": null,
    "team1_progress_toward_goal": 0.0,
    "team1_shaping_reward_sum": 0.0
  },
  "outcome": "team0_win",
  "sampled_trace": [
    {
      "ball_pos": [
        0.11215469986200333,
        -1.6022686958312988
      ],
      "reward_shaping": null,
      "score": null,
      "step": 0,
      "team0_centroid": [
        4.258834600448608,
        -0.09722727537155151
      ],
      "team0_step_reward": 0.0,
      "team1_centroid": [
        -6.653924942016602,
        -0.06843602657318115
      ],
      "team1_step_reward": 0.0,
      "winner": null
    },
    {
      "ball_pos": [
        -6.123586177825928,
        -4.073855400085449
      ],
      "reward_shaping": null,
      "score": null,
      "step": 10,
      "team0_centroid": [
        -0.41514670848846436,
        -1.0533124208450317
      ],
      "team0_step_reward": 0.0,
      "team1_centroid": [
        -4.947569847106934,
        -0.6618569009006023
      ],
      "team1_step_reward": 0.0,
      "winner": null
    },
    {
      "ball_pos": [
        -4.76296854019165,
        -3.6050214767456055
      ],
      "reward_shaping": null,
      "score": null,
      "step": 20,
      "team0_centroid": [
        0.19196248054504395,
        -0.42723578214645386
      ],
      "team0_step_reward": 0.0,
      "team1_centroid": [
        -6.14223325252533,
        -0.6050242185592651
      ],
      "team1_step_reward": 0.0,
      "winner": null
    },
    {
      "ball_pos": [
        -15.097926139831543,
        -3.6065561771392822
      ],
      "reward_shaping": null,
      "score": null,
      "step": 30,
      "team0_centroid": [
        -8.568588256835938,
        -3.0094088912010193
      ],
      "team0_step_reward": 1.937600016593933,
      "team1_centroid": [
        -8.072797775268555,
        -0.7433507442474365
      ],
      "team1_step_reward": -2.0,
      "winner": null
    }
  ],
  "steps": 31,
  "tail_trace": [
    {
      "ball_pos": [
        0.11215469986200333,
        -1.6022686958312988
      ],
      "reward_shaping": null,
      "score": null,
      "step": 1,
      "team0_centroid": [
        3.4277114868164062,
        -0.2672724723815918
      ],
      "team0_step_reward": 0.0,
      "team1_centroid": [
        -6.4096739292144775,
        -0.24135565757751465
      ],
      "team1_step_reward": 0.0,
      "winner": null
    },
    {
      "ball_pos": [
        -0.49756696820259094,
        -1.6565603017807007
      ],
      "reward_shaping": null,
      "score": null,
      "step": 2,
      "team0_centroid": [
        2.0556567907333374,
        -0.5647909343242645
      ],
      "team0_step_reward": 0.0,
      "team1_centroid": [
        -6.073619365692139,
        -0.49281585216522217
      ],
      "team1_step_reward": 0.0,
      "winner": null
    },
    {
      "ball_pos": [
        -4.430562496185303,
        -2.285973310470581
      ],
      "reward_shaping": null,
      "score": null,
      "step": 3,
      "team0_centroid": [
        0.5923967361450195,
        -0.8890973329544067
      ],
      "team0_step_reward": 0.0,
      "team1_centroid": [
        -5.8083343505859375,
        -0.7096453607082367
      ],
      "team1_step_reward": 0.0,
      "winner": null
    },
    {
      "ball_pos": [
        -6.045470714569092,
        -4.4223761558532715
      ],
      "reward_shaping": null,
      "score": null,
      "step": 4,
      "team0_centroid": [
        -0.3768164962530136,
        -1.0076517462730408
      ],
      "team0_step_reward": 0.0,
      "team1_centroid": [
        -5.93963885307312,
        -0.8944880627095699
      ],
      "team1_step_reward": 0.0,
      "winner": null
    },
    {
      "ball_pos": [
        -6.1018476486206055,
        -6.52266788482666
      ],
      "reward_shaping": null,
      "score": null,
      "step": 5,
      "team0_centroid": [
        -0.7109194621443748,
        -0.8705134689807892
      ],
      "team0_step_reward": 0.0,
      "team1_centroid": [
        -6.211364984512329,
        -0.900020144879818
      ],
      "team1_step_reward": 0.0,
      "winner": null
    },
    {
      "ball_pos": [
        -6.042898654937744,
        -4.261106491088867
      ],
      "reward_shaping": null,
      "score": null,
      "step": 6,
      "team0_centroid": [
        -0.533354789018631,
        -0.6724660098552704
      ],
      "team0_step_reward": 0.0,
      "team1_centroid": [
        -6.152034521102905,
        -0.9863819777965546
      ],
      "team1_step_reward": 0.0,
      "winner": null
    },
    {
      "ball_pos": [
        -5.990967750549316,
        -2.2658464908599854
      ],
      "reward_shaping": null,
      "score": null,
      "step": 7,
      "team0_centroid": [
        -0.39450210332870483,
        -0.7473156526684761
      ],
      "team0_step_reward": 0.0,
      "team1_centroid": [
        -5.933647632598877,
        -1.0732809901237488
      ],
      "team1_step_reward": 0.0,
      "winner": null
    },
    {
      "ball_pos": [
        -6.486640930175781,
        -1.5994147062301636
      ],
      "reward_shaping": null,
      "score": null,
      "step": 8,
      "team0_centroid": [
        -0.5946794152259827,
        -1.0670471861958504
      ],
      "team0_step_reward": 0.0,
      "team1_centroid": [
        -5.7758214473724365,
        -1.0517720580101013
      ],
      "team1_step_reward": 0.0,
      "winner": null
    },
    {
      "ball_pos": [
        -6.383682727813721,
        -2.579195499420166
      ],
      "reward_shaping": null,
      "score": null,
      "step": 9,
      "team0_centroid": [
        -0.6854039430618286,
        -1.192774385213852
      ],
      "team0_step_reward": 0.0,
      "team1_centroid": [
        -5.4072816371917725,
        -0.9347837567329407
      ],
      "team1_step_reward": 0.0,
      "winner": null
    },
    {
      "ball_pos": [
        -6.123586177825928,
        -4.073855400085449
      ],
      "reward_shaping": null,
      "score": null,
      "step": 10,
      "team0_centroid": [
        -0.41514670848846436,
        -1.0533124208450317
      ],
      "team0_step_reward": 0.0,
      "team1_centroid": [
        -4.947569847106934,
        -0.6618569009006023
      ],
      "team1_step_reward": 0.0,
      "winner": null
    },
    {
      "ball_pos": [
        -5.896935939788818,
        -5.376612186431885
      ],
      "reward_shaping": null,
      "score": null,
      "step": 11,
      "team0_centroid": [
        -0.34439730644226074,
        -0.8763864636421204
      ],
      "team0_step_reward": 0.0,
      "team1_centroid": [
        -4.656785488128662,
        -0.5598280131816864
      ],
      "team1_step_reward": 0.0,
      "winner": null
    },
    {
      "ball_pos": [
        -5.700466156005859,
        -6.505895137786865
      ],
      "reward_shaping": null,
      "score": null,
      "step": 12,
      "team0_centroid": [
        -0.2186594009399414,
        -0.5988273620605469
      ],
      "team0_step_reward": 0.0,
      "team1_centroid": [
        -4.69759738445282,
        -0.3743715286254883
      ],
      "team1_step_reward": 0.0,
      "winner": null
    },
    {
      "ball_pos": [
        -5.533531188964844,
        -6.45175313949585
      ],
      "reward_shaping": null,
      "score": null,
      "step": 13,
      "team0_centroid": [
        -0.26921629905700684,
        -0.3003804683685303
      ],
      "team0_step_reward": 0.0,