{
  "classification": {
    "labels": [
      "win"
    ],
    "primary_label": "win"
  },
  "cumulative_team0_reward": 1.9471999406814575,
  "cumulative_team1_reward": -2.0,
  "episode_index": 247,
  "final_score": null,
  "final_team0_step_reward": 1.9471999406814575,
  "final_team1_step_reward": -2.0,
  "final_winner": null,
  "metrics": {
    "mean_ball_x": -7.157623538264522,
    "tail_mean_ball_x": -7.157623538264522,
    "team0_possession_ratio": null,
    "team0_progress_toward_goal": 0.0,
    "team0_shaping_reward_sum": 0.0,
    "team1_possession_ratio": null,
    "team1_progress_toward_goal": 0.0,
    "team1_shaping_reward_sum": 0.0
  },
  "outcome": "team0_win",
  "sampled_trace": [
    {
      "ball_pos": [
        -2.1023950576782227,
        -1.1402711868286133
      ],
      "reward_shaping": null,
      "score": null,
      "step": 0,
      "team0_centroid": [
        8.697595357894897,
        0.02977997064590454
      ],
      "team0_step_reward": 0.0,
      "team1_centroid": [
        -8.114153146743774,
        -0.024035155773162842
      ],
      "team1_step_reward": 0.0,
      "winner": null
    },
    {
      "ball_pos": [
        -6.070666313171387,
        -6.576654434204102
      ],
      "reward_shaping": null,
      "score": null,
      "step": 10,
      "team0_centroid": [
        -1.0269455909729004,
        -2.143095016479492
      ],
      "team0_step_reward": 0.0,
      "team1_centroid": [
        -9.614774465560913,
        -0.6396042108535767
      ],
      "team1_step_reward": 0.0,
      "winner": null
    },
    {
      "ball_pos": [
        -9.239827156066895,
        -3.0206804275512695
      ],
      "reward_shaping": null,
      "score": null,
      "step": 20,
      "team0_centroid": [
        -10.31838607788086,
        -3.970789313316345
      ],
      "team0_step_reward": 0.0,
      "team1_centroid": [
        -10.153173208236694,
        -1.4795506000518799
      ],
      "team1_step_reward": 0.0,
      "winner": null
    }
  ],
  "steps": 27,
  "tail_trace": [
    {
      "ball_pos": [
        -2.1023950576782227,
        -1.1402711868286133
      ],
      "reward_shaping": null,
      "score": null,
      "step": 0,
      "team0_centroid": [
        8.697595357894897,
        0.02977997064590454
      ],
      "team0_step_reward": 0.0,
      "team1_centroid": [
        -8.114153146743774,
        -0.024035155773162842
      ],
      "team1_step_reward": 0.0,
      "winner": null
    },
    {
      "ball_pos": [
        -2.1023950576782227,
        -1.1402711868286133
      ],
      "reward_shaping": null,
      "score": null,
      "step": 1,
      "team0_centroid": [
        8.119389772415161,
        -0.06217208504676819
      ],
      "team0_step_reward": 0.0,
      "team1_centroid": [
        -8.427245616912842,
        -0.04417720437049866
      ],
      "team1_step_reward": 0.0,
      "winner": null
    },
    {
      "ball_pos": [
        -2.1023950576782227,
        -1.1402711868286133
      ],
      "reward_shaping": null,
      "score": null,
      "step": 2,
      "team0_centroid": [
        7.545898675918579,
        -0.27975189685821533
      ],
      "team0_step_reward": 0.0,
      "team1_centroid": [
        -8.856573104858398,
        0.09226192533969879
      ],
      "team1_step_reward": 0.0,
      "winner": null
    },
    {
      "ball_pos": [
        -2.1023950576782227,
        -1.1402711868286133
      ],
      "reward_shaping": null,
      "score": null,
      "step": 3,
      "team0_centroid": [
        6.629666090011597,
        -0.5391528010368347
      ],
      "team0_step_reward": 0.0,
      "team1_centroid": [
        -9.301031351089478,
        0.19727866724133492
      ],
      "team1_step_reward": 0.0,
      "winner": null
    },
    {
      "ball_pos": [
        -2.1023950576782227,
        -1.1402711868286133
      ],
      "reward_shaping": null,
      "score": null,
      "step": 4,
      "team0_centroid": [
        5.404650688171387,
        -0.7348758429288864
      ],
      "team0_step_reward": 0.0,
      "team1_centroid": [
        -9.6583571434021,
        0.15929609164595604
      ],
      "team1_step_reward": 0.0,
      "winner": null
    },
    {
      "ball_pos": [
        -2.1023950576782227,
        -1.1402711868286133
      ],
      "reward_shaping": null,
      "score": null,
      "step": 5,
      "team0_centroid": [
        4.380803167819977,
        -0.8538077622652054
      ],
      "team0_step_reward": 0.0,
      "team1_centroid": [
        -9.95778226852417,
        0.10250720009207726
      ],
      "team1_step_reward": 0.0,
      "winner": null
    },
    {
      "ball_pos": [
        -2.6040761470794678,
        -1.4315415620803833
      ],
      "reward_shaping": null,
      "score": null,
      "step": 6,
      "team0_centroid": [
        3.404352903366089,
        -0.9296121001243591
      ],
      "team0_step_reward": 0.0,
      "team1_centroid": [
        -9.952232837677002,
        0.03411373496055603
      ],
      "team1_step_reward": 0.0,
      "winner": null
    },
    {
      "ball_pos": [
        -3.6508920192718506,
        -2.9847090244293213
      ],
      "reward_shaping": null,
      "score": null,
      "step": 7,
      "team0_centroid": [
        2.3733025789260864,
        -1.0617185831069946
      ],
      "team0_step_reward": 0.0,
      "team1_centroid": [
        -9.813692569732666,
        -0.03891235589981079
      ],
      "team1_step_reward": 0.0,
      "winner": null
    },
    {
      "ball_pos": [
        -4.569427490234375,
        -4.3481926918029785
      ],
      "reward_shaping": null,
      "score": null,
      "step": 8,
      "team0_centroid": [
        1.2780499458312988,
        -1.28645658493042
      ],
      "team0_step_reward": 0.0,
      "team1_centroid": [
        -9.717716455459595,
        -0.2418345808982849
      ],
      "team1_step_reward": 0.0,
      "winner": null
    },
    {
      "ball_pos": [
        -5.372314453125,
        -5.540010452270508
      ],
      "reward_shaping": null,
      "score": null,
      "step": 9,
      "team0_centroid": [
        0.15485692024230957,
        -1.6891889572143555
      ],
      "team0_step_reward": 0.0,
      "team1_centroid": [
        -9.64906358718872,
        -0.5453790724277496
      ],
      "team1_step_reward": 0.0,
      "winner": null
    },
    {
      "ball_pos": [
        -6.070666313171387,
        -6.576654434204102
      ],
      "reward_shaping": null,
      "score": null,
      "step": 10,
      "team0_centroid": [
        -1.0269455909729004,
        -2.143095016479492
      ],
      "team0_step_reward": 0.0,
      "team1_centroid": [
        -9.614774465560913,
        -0.6396042108535767
      ],
      "team1_step_reward": 0.0,
      "winner": null
    },
    {
      "ball_pos": [
        -6.597431182861328,
        -6.539951324462891
      ],
      "reward_shaping": null,
      "score": null,
      "step": 11,
      "team0_centroid": [
        -2.0809173583984375,
        -2.3650166988372803
      ],
      "team0_step_reward": 0.0,
      "team1_centroid": [
        -9.577604532241821,
        -0.7548185288906097
      ],
      "team1_step_reward": 0.0,
      "winner": null
    },
    {
      "ball_pos": [
        -6.998586654663086,
        -5.974050998687744
      ],
      "reward_shaping": null,
      "score": null,
      "step": 12,
      "team0_centroid": [
        -3.059523344039917,
        -2.6397523880004883
      ],
      "team0_step_reward": 0.0,
      "team1_centroid": [
        -9.51114797592163,
        -0.9772176444530487
      ],
      "team1_step_reward": 0.0,
      "winner": null
    },
    {
      "ball_pos": [
        -7.334778785705566,
        -5.50396203994751
      ],
      "reward_shaping": null,
      "score": null,
      "step": 13,
      "team0_centroid": [
        -3.8780356645584106,
        -2.947310209274292
      ],
      "team0_step_reward": 0.0,