{
  "classification": {
    "labels": [
      "win"
    ],
    "primary_label": "win"
  },
  "cumulative_team0_reward": 1.9456000328063965,
  "cumulative_team1_reward": -2.0,
  "episode_index": 127,
  "final_score": null,
  "final_team0_step_reward": 1.9456000328063965,
  "final_team1_step_reward": -2.0,
  "final_winner": null,
  "metrics": {
    "mean_ball_x": -3.7856655562365495,
    "tail_mean_ball_x": -3.7856655562365495,
    "team0_possession_ratio": null,
    "team0_progress_toward_goal": 0.0,
    "team0_shaping_reward_sum": 0.0,
    "team1_possession_ratio": null,
    "team1_progress_toward_goal": 0.0,
    "team1_shaping_reward_sum": 0.0
  },
  "outcome": "team0_win",
  "sampled_trace": [
    {
      "ball_pos": [
        -0.15888020396232605,
        -0.17713874578475952
      ],
      "reward_shaping": null,
      "score": null,
      "step": 0,
      "team0_centroid": [
        11.522735595703125,
        -0.11023831367492676
      ],
      "team0_step_reward": 0.0,
      "team1_centroid": [
        -9.955191135406494,
        0.06333792209625244
      ],
      "team1_step_reward": 0.0,
      "winner": null
    },
    {
      "ball_pos": [
        -0.15887996554374695,
        -0.17713873088359833
      ],
      "reward_shaping": null,
      "score": null,
      "step": 10,
      "team0_centroid": [
        3.0375057458877563,
        0.28660471737384796
      ],
      "team0_step_reward": 0.0,
      "team1_centroid": [
        -9.793486595153809,
        0.0869586169719696
      ],
      "team1_step_reward": 0.0,
      "winner": null
    },
    {
      "ball_pos": [
        -5.797264099121094,
        0.3744404911994934
      ],
      "reward_shaping": null,
      "score": null,
      "step": 20,
      "team0_centroid": [
        -2.306391827762127,
        -0.09529668837785721
      ],
      "team0_step_reward": 0.0,
      "team1_centroid": [
        -5.271994709968567,
        3.780853509902954
      ],
      "team1_step_reward": 0.0,
      "winner": null
    }
  ],
  "steps": 27,
  "tail_trace": [
    {
      "ball_pos": [
        -0.15888020396232605,
        -0.17713874578475952
      ],
      "reward_shaping": null,
      "score": null,
      "step": 0,
      "team0_centroid": [
        11.522735595703125,
        -0.11023831367492676
      ],
      "team0_step_reward": 0.0,
      "team1_centroid": [
        -9.955191135406494,
        0.06333792209625244
      ],
      "team1_step_reward": 0.0,
      "winner": null
    },
    {
      "ball_pos": [
        -0.15888018906116486,
        -0.17713873088359833
      ],
      "reward_shaping": null,
      "score": null,
      "step": 1,
      "team0_centroid": [
        11.17884349822998,
        -0.32326018810272217
      ],
      "team0_step_reward": 0.0,
      "team1_centroid": [
        -9.964900016784668,
        0.2369956076145172
      ],
      "team1_step_reward": 0.0,
      "winner": null
    },
    {
      "ball_pos": [
        -0.15888012945652008,
        -0.17713874578475952
      ],
      "reward_shaping": null,
      "score": null,
      "step": 2,
      "team0_centroid": [
        10.861048698425293,
        -0.4803604930639267
      ],
      "team0_step_reward": 0.0,
      "team1_centroid": [
        -10.017521381378174,
        0.39612382650375366
      ],
      "team1_step_reward": 0.0,
      "winner": null
    },
    {
      "ball_pos": [
        -0.15888012945652008,
        -0.17713874578475952
      ],
      "reward_shaping": null,
      "score": null,
      "step": 3,
      "team0_centroid": [
        10.212669372558594,
        -0.47099481523036957
      ],
      "team0_step_reward": 0.0,
      "team1_centroid": [
        -10.050835132598877,
        0.3543251156806946
      ],
      "team1_step_reward": 0.0,
      "winner": null
    },
    {
      "ball_pos": [
        -0.1588801145553589,
        -0.17713873088359833
      ],
      "reward_shaping": null,
      "score": null,
      "step": 4,
      "team0_centroid": [
        9.0800461769104,
        -0.4836226999759674
      ],
      "team0_step_reward": 0.0,
      "team1_centroid": [
        -10.308852195739746,
        0.20251470804214478
      ],
      "team1_step_reward": 0.0,
      "winner": null
    },
    {
      "ball_pos": [
        -0.1588800549507141,
        -0.17713874578475952
      ],
      "reward_shaping": null,
      "score": null,
      "step": 5,
      "team0_centroid": [
        7.708833456039429,
        -0.5615735352039337
      ],
      "team0_step_reward": 0.0,
      "team1_centroid": [
        -10.600449562072754,
        0.0847737193107605
      ],
      "team1_step_reward": 0.0,
      "winner": null
    },
    {
      "ball_pos": [
        -0.1588800549507141,
        -0.17713874578475952
      ],
      "reward_shaping": null,
      "score": null,
      "step": 6,
      "team0_centroid": [
        6.55115532875061,
        -0.5701172240078449
      ],
      "team0_step_reward": 0.0,
      "team1_centroid": [
        -10.535068035125732,
        0.0009011030197143555
      ],
      "team1_step_reward": 0.0,
      "winner": null
    },
    {
      "ball_pos": [
        -0.15888004004955292,
        -0.17713873088359833
      ],
      "reward_shaping": null,
      "score": null,
      "step": 7,
      "team0_centroid": [
        5.685835838317871,
        -0.4620154798030853
      ],
      "team0_step_reward": 0.0,
      "team1_centroid": [
        -10.349729776382446,
        0.08066380023956299
      ],
      "team1_step_reward": 0.0,
      "winner": null
    },
    {
      "ball_pos": [
        -0.15887998044490814,
        -0.17713874578475952
      ],
      "reward_shaping": null,
      "score": null,
      "step": 8,
      "team0_centroid": [
        5.0162365436553955,
        -0.19809021055698395
      ],
      "team0_step_reward": 0.0,
      "team1_centroid": [
        -10.19086742401123,
        0.21947404742240906
      ],
      "team1_step_reward": 0.0,
      "winner": null
    },
    {
      "ball_pos": [
        -0.15887998044490814,
        -0.17713874578475952
      ],
      "reward_shaping": null,
      "score": null,
      "step": 9,
      "team0_centroid": [
        4.251823425292969,
        0.10890573263168335
      ],
      "team0_step_reward": 0.0,
      "team1_centroid": [
        -10.07206416130066,
        0.17174232006072998
      ],
      "team1_step_reward": 0.0,
      "winner": null
    },
    {
      "ball_pos": [
        -0.15887996554374695,
        -0.17713873088359833
      ],
      "reward_shaping": null,
      "score": null,
      "step": 10,
      "team0_centroid": [
        3.0375057458877563,
        0.28660471737384796
      ],
      "team0_step_reward": 0.0,
      "team1_centroid": [
        -9.793486595153809,
        0.0869586169719696
      ],
      "team1_step_reward": 0.0,
      "winner": null
    },
    {
      "ball_pos": [
        -0.15887990593910217,
        -0.17713874578475952
      ],
      "reward_shaping": null,
      "score": null,
      "step": 11,
      "team0_centroid": [
        1.8767402172088623,
        0.3091761916875839
      ],
      "team0_step_reward": 0.0,
      "team1_centroid": [
        -9.22067928314209,
        0.24737679958343506
      ],
      "team1_step_reward": 0.0,
      "winner": null
    },
    {
      "ball_pos": [
        -0.15887990593910217,
        -0.17713874578475952
      ],
      "reward_shaping": null,
      "score": null,
      "step": 12,
      "team0_centroid": [
        0.7744802236557007,
        0.34188246726989746
      ],
      "team0_step_reward": 0.0,
      "team1_centroid": [
        -8.634600162506104,
        0.3850630223751068
      ],
      "team1_step_reward": 0.0,
      "winner": null
    },
    {
      "ball_pos": [
        -1.3265759944915771,
        -0.07168516516685486
      ],
      "reward_shaping": null,
      "score": null,
      "step": 13,
      "team0_centroid": [
        0.14230802655220032,
        0.32400432229042053
      ],
      "team0_step_reward": 0.0,