{
  "classification": {
    "labels": [
      "win"
    ],
    "primary_label": "win"
  },
  "cumulative_team0_reward": 1.9648000001907349,
  "cumulative_team1_reward": -2.0,
  "episode_index": 217,
  "final_score": null,
  "final_team0_step_reward": 1.9648000001907349,
  "final_team1_step_reward": -2.0,
  "final_winner": null,
  "metrics": {
    "mean_ball_x": -7.29233898056878,
    "tail_mean_ball_x": -7.29233898056878,
    "team0_possession_ratio": null,
    "team0_progress_toward_goal": 0.0,
    "team0_shaping_reward_sum": 0.0,
    "team1_possession_ratio": null,
    "team1_progress_toward_goal": 0.0,
    "team1_shaping_reward_sum": 0.0
  },
  "outcome": "team0_win",
  "sampled_trace": [
    {
      "ball_pos": [
        -0.956519603729248,
        -0.7898420095443726
      ],
      "reward_shaping": null,
      "score": null,
      "step": 0,
      "team0_centroid": [
        5.603055000305176,
        -0.012599527835845947
      ],
      "team0_step_reward": 0.0,
      "team1_centroid": [
        -8.31783151626587,
        0.0010759234428405762
      ],
      "team1_step_reward": 0.0,
      "winner": null
    },
    {
      "ball_pos": [
        -8.923768043518066,
        0.5315565466880798
      ],
      "reward_shaping": null,
      "score": null,
      "step": 10,
      "team0_centroid": [
        -6.753537178039551,
        -0.25483816862106323
      ],
      "team0_step_reward": 0.0,
      "team1_centroid": [
        -9.51850700378418,
        0.10171246528625488
      ],
      "team1_step_reward": 0.0,
      "winner": null
    }
  ],
  "steps": 18,
  "tail_trace": [
    {
      "ball_pos": [
        -0.956519603729248,
        -0.7898420095443726
      ],
      "reward_shaping": null,
      "score": null,
      "step": 0,
      "team0_centroid": [
        5.603055000305176,
        -0.012599527835845947
      ],
      "team0_step_reward": 0.0,
      "team1_centroid": [
        -8.31783151626587,
        0.0010759234428405762
      ],
      "team1_step_reward": 0.0,
      "winner": null
    },
    {
      "ball_pos": [
        -0.956519603729248,
        -0.7898423075675964
      ],
      "reward_shaping": null,
      "score": null,
      "step": 1,
      "team0_centroid": [
        4.452519178390503,
        -0.14704495668411255
      ],
      "team0_step_reward": 0.0,
      "team1_centroid": [
        -8.306862115859985,
        0.07237964868545532
      ],
      "team1_step_reward": 0.0,
      "winner": null
    },
    {
      "ball_pos": [
        -0.956519603729248,
        -0.7898426055908203
      ],
      "reward_shaping": null,
      "score": null,
      "step": 2,
      "team0_centroid": [
        3.0879440307617188,
        -0.34894001483917236
      ],
      "team0_step_reward": 0.0,
      "team1_centroid": [
        -8.320626497268677,
        0.016406476497650146
      ],
      "team1_step_reward": 0.0,
      "winner": null
    },
    {
      "ball_pos": [
        -0.956519603729248,
        -0.7898429036140442
      ],
      "reward_shaping": null,
      "score": null,
      "step": 3,
      "team0_centroid": [
        1.4548136591911316,
        -0.5929153710603714
      ],
      "team0_step_reward": 0.0,
      "team1_centroid": [
        -8.312286615371704,
        -0.02389705181121826
      ],
      "team1_step_reward": 0.0,
      "winner": null
    },
    {
      "ball_pos": [
        -2.6491050720214844,
        -0.9499736428260803
      ],
      "reward_shaping": null,
      "score": null,
      "step": 4,
      "team0_centroid": [
        -0.46327291429042816,
        -0.9269394874572754
      ],
      "team0_step_reward": 0.0,
      "team1_centroid": [
        -8.243334770202637,
        -0.016938388347625732
      ],
      "team1_step_reward": 0.0,
      "winner": null
    },
    {
      "ball_pos": [
        -4.803802013397217,
        -1.0610692501068115
      ],
      "reward_shaping": null,
      "score": null,
      "step": 5,
      "team0_centroid": [
        -2.3956082463264465,
        -1.132485955953598
      ],
      "team0_step_reward": 0.0,
      "team1_centroid": [
        -8.192584991455078,
        0.056876033544540405
      ],
      "team1_step_reward": 0.0,
      "winner": null
    },
    {
      "ball_pos": [
        -6.7025065422058105,
        -1.1590644121170044
      ],
      "reward_shaping": null,
      "score": null,
      "step": 6,
      "team0_centroid": [
        -3.7146741151809692,
        -1.175989717245102
      ],
      "team0_step_reward": 0.0,
      "team1_centroid": [
        -8.241050481796265,
        0.13805687427520752
      ],
      "team1_step_reward": 0.0,
      "winner": null
    },
    {
      "ball_pos": [
        -7.061899662017822,
        -1.3617260456085205
      ],
      "reward_shaping": null,
      "score": null,
      "step": 7,
      "team0_centroid": [
        -4.7680758237838745,
        -1.1363869607448578
      ],
      "team0_step_reward": 0.0,
      "team1_centroid": [
        -8.559885025024414,
        -0.03476762771606445
      ],
      "team1_step_reward": 0.0,
      "winner": null
    },
    {
      "ball_pos": [
        -8.438065528869629,
        -0.824556291103363
      ],
      "reward_shaping": null,
      "score": null,
      "step": 8,
      "team0_centroid": [
        -5.562561273574829,
        -0.9768863171339035
      ],
      "team0_step_reward": 0.0,
      "team1_centroid": [
        -9.035350799560547,
        -0.05797410011291504
      ],
      "team1_step_reward": 0.0,
      "winner": null
    },
    {
      "ball_pos": [
        -8.701866149902344,
        -0.08804163336753845
      ],
      "reward_shaping": null,
      "score": null,
      "step": 9,
      "team0_centroid": [
        -6.115299463272095,
        -0.6293231546878815
      ],
      "team0_step_reward": 0.0,
      "team1_centroid": [
        -9.496833801269531,
        0.00012767314910888672
      ],
      "team1_step_reward": 0.0,
      "winner": null
    },
    {
      "ball_pos": [
        -8.923768043518066,
        0.5315565466880798
      ],
      "reward_shaping": null,
      "score": null,
      "step": 10,
      "team0_centroid": [
        -6.753537178039551,
        -0.25483816862106323
      ],
      "team0_step_reward": 0.0,
      "team1_centroid": [
        -9.51850700378418,
        0.10171246528625488
      ],
      "team1_step_reward": 0.0,
      "winner": null
    },
    {
      "ball_pos": [
        -9.107815742492676,
        1.0454639196395874
      ],
      "reward_shaping": null,
      "score": null,
      "step": 11,
      "team0_centroid": [
        -7.334485769271851,
        0.19249960780143738
      ],
      "team0_step_reward": 0.0,
      "team1_centroid": [
        -9.207990169525146,
        0.11220145225524902
      ],
      "team1_step_reward": 0.0,
      "winner": null
    },
    {
      "ball_pos": [
        -9.260576248168945,
        1.4720065593719482
      ],
      "reward_shaping": null,
      "score": null,
      "step": 12,
      "team0_centroid": [
        -7.738182544708252,
        0.7492703497409821
      ],
      "team0_step_reward": 0.0,
      "team1_centroid": [
        -8.936008930206299,
        -0.019490599632263184
      ],
      "team1_step_reward": 0.0,
      "winner": null
    },
    {
      "ball_pos": [
        -9.433341979980469,
        1.9294443130493164
      ],
      "reward_shaping": null,
      "score": null,
      "step": 13,
      "team0_centroid": [
        -8.28916883468628,
        1.3143168091773987
      ],
      "team0_step_reward": 0.0,
      "team1_centroid": [
        -8.871028900146484,
        -0.1919100284576416
      ],
      "team1_step_reward": 0.0,
      "winner": null
    },
    {
      "ball_pos": [
        -9.96958065032959,
        2.5682902336120605
      ],
      "reward_shaping": null,
      "score": null,
      "step": 14,
      "team0_centroid": [
        -9.083205699920654,
        1.8956269025802612
      ],
      "team0_step_reward": 0.0,