{
  "classification": {
    "labels": [
      "win"
    ],
    "primary_label": "win"
  },
  "cumulative_team0_reward": 1.9579999446868896,
  "cumulative_team1_reward": -2.0,
  "episode_index": 265,
  "final_score": null,
  "final_team0_step_reward": 1.9579999446868896,
  "final_team1_step_reward": -2.0,
  "final_winner": null,
  "metrics": {
    "mean_ball_x": -8.422069223154159,
    "tail_mean_ball_x": -8.422069223154159,
    "team0_possession_ratio": null,
    "team0_progress_toward_goal": 0.0,
    "team0_shaping_reward_sum": 0.0,
    "team1_possession_ratio": null,
    "team1_progress_toward_goal": 0.0,
    "team1_shaping_reward_sum": 0.0
  },
  "outcome": "team0_win",
  "sampled_trace": [
    {
      "ball_pos": [
        1.6028250455856323,
        -0.6842050552368164
      ],
      "reward_shaping": null,
      "score": null,
      "step": 0,
      "team0_centroid": [
        8.981606006622314,
        -0.006203711032867432
      ],
      "team0_step_reward": 0.0,
      "team1_centroid": [
        -10.369639873504639,
        -0.002664625644683838
      ],
      "team1_step_reward": 0.0,
      "winner": null
    },
    {
      "ball_pos": [
        -11.115713119506836,
        -6.3491740226745605
      ],
      "reward_shaping": null,
      "score": null,
      "step": 10,
      "team0_centroid": [
        0.743617057800293,
        -1.220602035522461
      ],
      "team0_step_reward": 0.0,
      "team1_centroid": [
        -11.667133331298828,
        -0.9057690501213074
      ],
      "team1_step_reward": 0.0,
      "winner": null
    },
    {
      "ball_pos": [
        -15.025578498840332,
        -3.7418291568756104
      ],
      "reward_shaping": null,
      "score": null,
      "step": 20,
      "team0_centroid": [
        -8.408315181732178,
        -2.433217704296112
      ],
      "team0_step_reward": 1.9579999446868896,
      "team1_centroid": [
        -10.488642692565918,
        -1.0278808176517487
      ],
      "team1_step_reward": -2.0,
      "winner": null
    }
  ],
  "steps": 21,
  "tail_trace": [
    {
      "ball_pos": [
        1.6028250455856323,
        -0.6842050552368164
      ],
      "reward_shaping": null,
      "score": null,
      "step": 0,
      "team0_centroid": [
        8.981606006622314,
        -0.006203711032867432
      ],
      "team0_step_reward": 0.0,
      "team1_centroid": [
        -10.369639873504639,
        -0.002664625644683838
      ],
      "team1_step_reward": 0.0,
      "winner": null
    },
    {
      "ball_pos": [
        1.6028250455856323,
        -0.6842050552368164
      ],
      "reward_shaping": null,
      "score": null,
      "step": 1,
      "team0_centroid": [
        7.810264587402344,
        0.02019292116165161
      ],
      "team0_step_reward": 0.0,
      "team1_centroid": [
        -10.368486404418945,
        -0.07625311613082886
      ],
      "team1_step_reward": 0.0,
      "winner": null
    },
    {
      "ball_pos": [
        1.6028250455856323,
        -0.6842050552368164
      ],
      "reward_shaping": null,
      "score": null,
      "step": 2,
      "team0_centroid": [
        6.687837839126587,
        0.05342969298362732
      ],
      "team0_step_reward": 0.0,
      "team1_centroid": [
        -10.384739398956299,
        -0.16464710235595703
      ],
      "team1_step_reward": 0.0,
      "winner": null
    },
    {
      "ball_pos": [
        1.6028250455856323,
        -0.6842050552368164
      ],
      "reward_shaping": null,
      "score": null,
      "step": 3,
      "team0_centroid": [
        5.63846230506897,
        0.025805383920669556
      ],
      "team0_step_reward": 0.0,
      "team1_centroid": [
        -10.691238403320312,
        -0.10426807403564453
      ],
      "team1_step_reward": 0.0,
      "winner": null
    },
    {
      "ball_pos": [
        -0.5414164662361145,
        -1.6570796966552734
      ],
      "reward_shaping": null,
      "score": null,
      "step": 4,
      "team0_centroid": [
        4.55071234703064,
        -0.023059815168380737
      ],
      "team0_step_reward": 0.0,
      "team1_centroid": [
        -11.112645149230957,
        0.005492508411407471
      ],
      "team1_step_reward": 0.0,
      "winner": null
    },
    {
      "ball_pos": [
        -3.022975444793701,
        -3.0498878955841064
      ],
      "reward_shaping": null,
      "score": null,
      "step": 5,
      "team0_centroid": [
        3.6142594814300537,
        -0.1377636045217514
      ],
      "team0_step_reward": 0.0,
      "team1_centroid": [
        -11.434858322143555,
        0.22686390578746796
      ],
      "team1_step_reward": 0.0,
      "winner": null
    },
    {
      "ball_pos": [
        -5.2233357429504395,
        -4.284905910491943
      ],
      "reward_shaping": null,
      "score": null,
      "step": 6,
      "team0_centroid": [
        3.1839936673641205,
        -0.42081013694405556
      ],
      "team0_step_reward": 0.0,
      "team1_centroid": [
        -11.650014877319336,
        0.3394593596458435
      ],
      "team1_step_reward": 0.0,
      "winner": null
    },
    {
      "ball_pos": [
        -7.169529914855957,
        -5.377265453338623
      ],
      "reward_shaping": null,
      "score": null,
      "step": 7,
      "team0_centroid": [
        2.7795124650001526,
        -0.6754783689975739
      ],
      "team0_step_reward": 0.0,
      "team1_centroid": [
        -11.784342765808105,
        0.19388186931610107
      ],
      "team1_step_reward": 0.0,
      "winner": null
    },
    {
      "ball_pos": [
        -8.885977745056152,
        -6.340673923492432
      ],
      "reward_shaping": null,
      "score": null,
      "step": 8,
      "team0_centroid": [
        2.0927196741104126,
        -0.8547600954771042
      ],
      "team0_step_reward": 0.0,
      "team1_centroid": [
        -11.591984748840332,
        -0.14222604036331177
      ],
      "team1_step_reward": 0.0,
      "winner": null
    },
    {
      "ball_pos": [
        -10.2965726852417,
        -6.894934177398682
      ],
      "reward_shaping": null,
      "score": null,
      "step": 9,
      "team0_centroid": [
        1.4460929036140442,
        -1.0017253011465073
      ],
      "team0_step_reward": 0.0,
      "team1_centroid": [
        -11.543736934661865,
        -0.6263813227415085
      ],
      "team1_step_reward": 0.0,
      "winner": null
    },
    {
      "ball_pos": [
        -11.115713119506836,
        -6.3491740226745605
      ],
      "reward_shaping": null,
      "score": null,
      "step": 10,
      "team0_centroid": [
        0.743617057800293,
        -1.220602035522461
      ],
      "team0_step_reward": 0.0,
      "team1_centroid": [
        -11.667133331298828,
        -0.9057690501213074
      ],
      "team1_step_reward": 0.0,
      "winner": null
    },
    {
      "ball_pos": [
        -11.816690444946289,
        -5.885090351104736
      ],
      "reward_shaping": null,
      "score": null,
      "step": 11,
      "team0_centroid": [
        0.13172006607055664,
        -1.5966018736362457
      ],
      "team0_step_reward": 0.0,
      "team1_centroid": [
        -11.746837615966797,
        -1.0834150314331055
      ],
      "team1_step_reward": 0.0,
      "winner": null
    },
    {
      "ball_pos": [
        -12.409452438354492,
        -5.492687702178955
      ],
      "reward_shaping": null,
      "score": null,
      "step": 12,
      "team0_centroid": [
        -0.5302703976631165,
        -2.0197349786758423
      ],
      "team0_step_reward": 0.0,
      "team1_centroid": [
        -12.067424297332764,
        -1.1549574732780457
      ],
      "team1_step_reward": 0.0,
      "winner": null
    },
    {
      "ball_pos": [
        -12.904376029968262,
        -5.1650519371032715
      ],
      "reward_shaping": null,
      "score": null,
      "step": 13,
      "team0_centroid": [
        -1.1468712091445923,
        -2.3594852685928345
      ],
      "team0_step_reward": 0.0,