{
  "classification": {
    "labels": [
      "win"
    ],
    "primary_label": "win"
  },
  "cumulative_team0_reward": 1.9332000017166138,
  "cumulative_team1_reward": -2.0,
  "episode_index": 200,
  "final_score": null,
  "final_team0_step_reward": 1.9332000017166138,
  "final_team1_step_reward": -2.0,
  "final_winner": null,
  "metrics": {
    "mean_ball_x": 2.8301741393173443,
    "tail_mean_ball_x": 3.3252131164073946,
    "team0_possession_ratio": null,
    "team0_progress_toward_goal": 0.0,
    "team0_shaping_reward_sum": 0.0,
    "team1_possession_ratio": null,
    "team1_progress_toward_goal": 0.0,
    "team1_shaping_reward_sum": 0.0
  },
  "outcome": "team0_win",
  "sampled_trace": [
    {
      "ball_pos": [
        -0.8826181888580322,
        -0.0009717955254018307
      ],
      "reward_shaping": null,
      "score": null,
      "step": 0,
      "team0_centroid": [
        -11.484127044677734,
        0.06896191835403442
      ],
      "team0_step_reward": 0.0,
      "team1_centroid": [
        7.701285362243652,
        0.0008986592292785645
      ],
      "team1_step_reward": 0.0,
      "winner": null
    },
    {
      "ball_pos": [
        -0.8826181888580322,
        -0.0009720101952552795
      ],
      "reward_shaping": null,
      "score": null,
      "step": 10,
      "team0_centroid": [
        -9.014359951019287,
        1.8766555786132812
      ],
      "team0_step_reward": 0.0,
      "team1_centroid": [
        7.704470872879028,
        -1.6019632816314697
      ],
      "team1_step_reward": 0.0,
      "winner": null
    },
    {
      "ball_pos": [
        2.4290027618408203,
        1.8694636821746826
      ],
      "reward_shaping": null,
      "score": null,
      "step": 20,
      "team0_centroid": [
        -6.840975999832153,
        1.6345669776201248
      ],
      "team0_step_reward": 0.0,
      "team1_centroid": [
        7.3521363735198975,
        -2.8608880043029785
      ],
      "team1_step_reward": 0.0,
      "winner": null
    },
    {
      "ball_pos": [
        12.332576751708984,
        3.8232805728912354
      ],
      "reward_shaping": null,
      "score": null,
      "step": 30,
      "team0_centroid": [
        -4.0756001472473145,
        1.985758364200592
      ],
      "team0_step_reward": 0.0,
      "team1_centroid": [
        5.259592294692993,
        -3.7356088161468506
      ],
      "team1_step_reward": 0.0,
      "winner": null
    }
  ],
  "steps": 34,
  "tail_trace": [
    {
      "ball_pos": [
        -0.8826181888580322,
        -0.000971853791270405
      ],
      "reward_shaping": null,
      "score": null,
      "step": 4,
      "team0_centroid": [
        -11.460419654846191,
        0.4078544080257416
      ],
      "team0_step_reward": 0.0,
      "team1_centroid": [
        8.32392406463623,
        -0.6449313163757324
      ],
      "team1_step_reward": 0.0,
      "winner": null
    },
    {
      "ball_pos": [
        -0.8826181888580322,
        -0.0009718750370666385
      ],
      "reward_shaping": null,
      "score": null,
      "step": 5,
      "team0_centroid": [
        -11.208024978637695,
        0.4961486831307411
      ],
      "team0_step_reward": 0.0,
      "team1_centroid": [
        8.188776016235352,
        -0.8854823112487793
      ],
      "team1_step_reward": 0.0,
      "winner": null
    },
    {
      "ball_pos": [
        -0.8826181888580322,
        -0.0009718984947539866
      ],
      "reward_shaping": null,
      "score": null,
      "step": 6,
      "team0_centroid": [
        -10.88935661315918,
        0.6949242986738682
      ],
      "team0_step_reward": 0.0,
      "team1_centroid": [
        8.127887487411499,
        -1.0883690118789673
      ],
      "team1_step_reward": 0.0,
      "winner": null
    },
    {
      "ball_pos": [
        -0.8826181888580322,
        -0.0009719239315018058
      ],
      "reward_shaping": null,
      "score": null,
      "step": 7,
      "team0_centroid": [
        -10.405272483825684,
        0.9923923164606094
      ],
      "team0_step_reward": 0.0,
      "team1_centroid": [
        7.822554349899292,
        -1.1855188980698586
      ],
      "team1_step_reward": 0.0,
      "winner": null
    },
    {
      "ball_pos": [
        -0.8826181888580322,
        -0.0009719511144794524
      ],
      "reward_shaping": null,
      "score": null,
      "step": 8,
      "team0_centroid": [
        -9.897137641906738,
        1.2692737579345703
      ],
      "team0_step_reward": 0.0,
      "team1_centroid": [
        7.476339817047119,
        -1.2200473695993423
      ],
      "team1_step_reward": 0.0,
      "winner": null
    },
    {
      "ball_pos": [
        -0.8826181888580322,
        -0.0009719799272716045
      ],
      "reward_shaping": null,
      "score": null,
      "step": 9,
      "team0_centroid": [
        -9.532630443572998,
        1.6135914325714111
      ],
      "team0_step_reward": 0.0,
      "team1_centroid": [
        7.524060010910034,
        -1.3261689841747284
      ],
      "team1_step_reward": 0.0,
      "winner": null
    },
    {
      "ball_pos": [
        -0.8826181888580322,
        -0.0009720101952552795
      ],
      "reward_shaping": null,
      "score": null,
      "step": 10,
      "team0_centroid": [
        -9.014359951019287,
        1.8766555786132812
      ],
      "team0_step_reward": 0.0,
      "team1_centroid": [
        7.704470872879028,
        -1.6019632816314697
      ],
      "team1_step_reward": 0.0,
      "winner": null
    },
    {
      "ball_pos": [
        -0.8826181888580322,
        -0.0009720418020151556
      ],
      "reward_shaping": null,
      "score": null,
      "step": 11,
      "team0_centroid": [
        -8.487361192703247,
        2.0236583948135376
      ],
      "team0_step_reward": 0.0,
      "team1_centroid": [
        7.7968199253082275,
        -2.022036075592041
      ],
      "team1_step_reward": 0.0,
      "winner": null
    },
    {
      "ball_pos": [
        -0.8826181888580322,
        -0.000972097332123667
      ],
      "reward_shaping": null,
      "score": null,
      "step": 12,
      "team0_centroid": [
        -8.095376372337341,
        2.04392808675766
      ],
      "team0_step_reward": 0.0,
      "team1_centroid": [
        7.6083314418792725,
        -2.3168992400169373
      ],
      "team1_step_reward": 0.0,
      "winner": null
    },
    {
      "ball_pos": [
        -0.8826181888580322,
        -0.0009721587994135916
      ],
      "reward_shaping": null,
      "score": null,
      "step": 13,
      "team0_centroid": [
        -7.794550895690918,
        2.009025990962982
      ],
      "team0_step_reward": 0.0,
      "team1_centroid": [
        7.31618595123291,
        -2.538944959640503
      ],
      "team1_step_reward": 0.0,
      "winner": null
    },
    {
      "ball_pos": [
        -0.8826181888580322,
        -0.0009722365066409111
      ],
      "reward_shaping": null,
      "score": null,
      "step": 14,
      "team0_centroid": [
        -7.558631181716919,
        1.9836971461772919
      ],
      "team0_step_reward": 0.0,
      "team1_centroid": [
        7.093421459197998,
        -2.806223452091217
      ],
      "team1_step_reward": 0.0,
      "winner": null
    },
    {
      "ball_pos": [
        -0.8826181888580322,
        -0.0009723051334731281
      ],
      "reward_shaping": null,
      "score": null,
      "step": 15,
      "team0_centroid": [
        -7.397265076637268,
        1.960838459432125
      ],
      "team0_step_reward": 0.0,
      "team1_centroid": [
        6.938990116119385,
        -2.9500022530555725
      ],
      "team1_step_reward": 0.0,
      "winner": null
    },
    {
      "ball_pos": [
        -0.6574862599372864,
        0.1038256585597992
      ],
      "reward_shaping": null,
      "score": null,
      "step": 16,
      "team0_centroid": [
        -7.249390244483948,
        1.7934540212154388
      ],
      "team0_step_reward": 0.0,