{
  "classification": {
    "labels": [
      "win"
    ],
    "primary_label": "win"
  },
  "cumulative_team0_reward": 1.9656000137329102,
  "cumulative_team1_reward": -2.0,
  "episode_index": 146,
  "final_score": null,
  "final_team0_step_reward": 1.9656000137329102,
  "final_team1_step_reward": -2.0,
  "final_winner": null,
  "metrics": {
    "mean_ball_x": 5.619850747725543,
    "tail_mean_ball_x": 5.619850747725543,
    "team0_possession_ratio": null,
    "team0_progress_toward_goal": 0.0,
    "team0_shaping_reward_sum": 0.0,
    "team1_possession_ratio": null,
    "team1_progress_toward_goal": 0.0,
    "team1_shaping_reward_sum": 0.0
  },
  "outcome": "team0_win",
  "sampled_trace": [
    {
      "ball_pos": [
        1.7688744068145752,
        1.7501835823059082
      ],
      "reward_shaping": null,
      "score": null,
      "step": 0,
      "team0_centroid": [
        -11.757227420806885,
        0.0
      ],
      "team0_step_reward": 0.0,
      "team1_centroid": [
        10.903765678405762,
        0.0024330615997314453
      ],
      "team1_step_reward": 0.0,
      "winner": null
    },
    {
      "ball_pos": [
        4.995940208435059,
        3.466280698776245
      ],
      "reward_shaping": null,
      "score": null,
      "step": 10,
      "team0_centroid": [
        -4.4577555656433105,
        1.4788963198661804
      ],
      "team0_step_reward": 0.0,
      "team1_centroid": [
        10.510390758514404,
        0.2670326754450798
      ],
      "team1_step_reward": 0.0,
      "winner": null
    }
  ],
  "steps": 17,
  "tail_trace": [
    {
      "ball_pos": [
        1.7688744068145752,
        1.7501835823059082
      ],
      "reward_shaping": null,
      "score": null,
      "step": 0,
      "team0_centroid": [
        -11.757227420806885,
        0.0
      ],
      "team0_step_reward": 0.0,
      "team1_centroid": [
        10.903765678405762,
        0.0024330615997314453
      ],
      "team1_step_reward": 0.0,
      "winner": null
    },
    {
      "ball_pos": [
        1.7688744068145752,
        1.7501835823059082
      ],
      "reward_shaping": null,
      "score": null,
      "step": 1,
      "team0_centroid": [
        -11.496572494506836,
        0.12652212381362915
      ],
      "team0_step_reward": 0.0,
      "team1_centroid": [
        10.584731101989746,
        -0.08414965867996216
      ],
      "team1_step_reward": 0.0,
      "winner": null
    },
    {
      "ball_pos": [
        1.7688744068145752,
        1.7501835823059082
      ],
      "reward_shaping": null,
      "score": null,
      "step": 2,
      "team0_centroid": [
        -10.89001989364624,
        0.39561840891838074
      ],
      "team0_step_reward": 0.0,
      "team1_centroid": [
        10.191840171813965,
        -0.19231215119361877
      ],
      "team1_step_reward": 0.0,
      "winner": null
    },
    {
      "ball_pos": [
        1.7688742876052856,
        1.7501835823059082
      ],
      "reward_shaping": null,
      "score": null,
      "step": 3,
      "team0_centroid": [
        -10.25797986984253,
        0.6559947729110718
      ],
      "team0_step_reward": 0.0,
      "team1_centroid": [
        9.923501968383789,
        -0.25985187292099
      ],
      "team1_step_reward": 0.0,
      "winner": null
    },
    {
      "ball_pos": [
        1.7688740491867065,
        1.7501835823059082
      ],
      "reward_shaping": null,
      "score": null,
      "step": 4,
      "team0_centroid": [
        -9.777134418487549,
        0.7565351240336895
      ],
      "team0_step_reward": 0.0,
      "team1_centroid": [
        9.783364295959473,
        -0.23782946169376373
      ],
      "team1_step_reward": 0.0,
      "winner": null
    },
    {
      "ball_pos": [
        1.7688740491867065,
        1.7501835823059082
      ],
      "reward_shaping": null,
      "score": null,
      "step": 5,
      "team0_centroid": [
        -9.192434549331665,
        0.7595712020993233
      ],
      "team0_step_reward": 0.0,
      "team1_centroid": [
        9.767516613006592,
        -0.2032037377357483
      ],
      "team1_step_reward": 0.0,
      "winner": null
    },
    {
      "ball_pos": [
        1.768873691558838,
        1.7501835823059082
      ],
      "reward_shaping": null,
      "score": null,
      "step": 6,
      "team0_centroid": [
        -8.36062216758728,
        0.8281487077474594
      ],
      "team0_step_reward": 0.0,
      "team1_centroid": [
        9.833157539367676,
        -0.058797240257263184
      ],
      "team1_step_reward": 0.0,
      "winner": null
    },
    {
      "ball_pos": [
        1.7688735723495483,
        1.7501835823059082
      ],
      "reward_shaping": null,
      "score": null,
      "step": 7,
      "team0_centroid": [
        -7.329483270645142,
        0.9852338135242462
      ],
      "team0_step_reward": 0.0,
      "team1_centroid": [
        9.950351238250732,
        0.239393413066864
      ],
      "team1_step_reward": 0.0,
      "winner": null
    },
    {
      "ball_pos": [
        1.7688733339309692,
        1.7501835823059082
      ],
      "reward_shaping": null,
      "score": null,
      "step": 8,
      "team0_centroid": [
        -6.423333048820496,
        1.139063686132431
      ],
      "team0_step_reward": 0.0,
      "team1_centroid": [
        10.180546283721924,
        0.3770972639322281
      ],
      "team1_step_reward": 0.0,
      "winner": null
    },
    {
      "ball_pos": [
        1.7688730955123901,
        1.7501835823059082
      ],
      "reward_shaping": null,
      "score": null,
      "step": 9,
      "team0_centroid": [
        -5.481027364730835,
        1.3044183850288391
      ],
      "team0_step_reward": 0.0,
      "team1_centroid": [
        10.340179443359375,
        0.34777222760021687
      ],
      "team1_step_reward": 0.0,
      "winner": null
    },
    {
      "ball_pos": [
        4.995940208435059,
        3.466280698776245
      ],
      "reward_shaping": null,
      "score": null,
      "step": 10,
      "team0_centroid": [
        -4.4577555656433105,
        1.4788963198661804
      ],
      "team0_step_reward": 0.0,
      "team1_centroid": [
        10.510390758514404,
        0.2670326754450798
      ],
      "team1_step_reward": 0.0,
      "winner": null
    },
    {
      "ball_pos": [
        7.942892074584961,
        5.22685432434082
      ],
      "reward_shaping": null,
      "score": null,
      "step": 11,
      "team0_centroid": [
        -3.5553507804870605,
        1.7658631801605225
      ],
      "team0_step_reward": 0.0,
      "team1_centroid": [
        10.517058610916138,
        0.13183888792991638
      ],
      "team1_step_reward": 0.0,
      "winner": null
    },
    {
      "ball_pos": [
        10.564605712890625,
        6.79313850402832
      ],
      "reward_shaping": null,
      "score": null,
      "step": 12,
      "team0_centroid": [
        -2.913649320602417,
        2.1827880144119263
      ],
      "team0_step_reward": 0.0,
      "team1_centroid": [
        10.72398829460144,
        0.12509240210056305
      ],
      "team1_step_reward": 0.0,
      "winner": null
    },
    {
      "ball_pos": [
        12.073440551757812,
        6.21868896484375
      ],
      "reward_shaping": null,
      "score": null,
      "step": 13,
      "team0_centroid": [
        -2.490143299102783,
        2.691452383995056
      ],
      "team0_step_reward": 0.0,
      "team1_centroid": [
        10.917109966278076,
        0.4053095132112503
      ],
      "team1_step_reward": 0.0,
      "winner": null
    },
    {
      "ball_pos": [
        13.20889949798584,
        5.28621768951416
      ],
      "reward_shaping": null,
      "score": null,
      "step": 14,
      "team0_centroid": [
        -2.148559331893921,
        3.130287528038025
      ],
      "team0_step_reward": 0.0,
      "team1_centroid": [
        10.990905284881592,
        0.6600985378026962
      ],
      "team1_step_reward": 0.0,