{
  "classification": {
    "labels": [
      "win"
    ],
    "primary_label": "win"
  },
  "cumulative_team0_reward": 1.9471999406814575,
  "cumulative_team1_reward": -2.0,
  "episode_index": 408,
  "final_score": null,
  "final_team0_step_reward": 1.9471999406814575,
  "final_team1_step_reward": -2.0,
  "final_winner": null,
  "metrics": {
    "mean_ball_x": 11.2037545354278,
    "tail_mean_ball_x": 11.2037545354278,
    "team0_possession_ratio": null,
    "team0_progress_toward_goal": 0.0,
    "team0_shaping_reward_sum": 0.0,
    "team1_possession_ratio": null,
    "team1_progress_toward_goal": 0.0,
    "team1_shaping_reward_sum": 0.0
  },
  "outcome": "team0_win",
  "sampled_trace": [
    {
      "ball_pos": [
        -2.2516441345214844,
        -0.7315621376037598
      ],
      "reward_shaping": null,
      "score": null,
      "step": 0,
      "team0_centroid": [
        -5.135737895965576,
        -0.0860556960105896
      ],
      "team0_step_reward": 0.0,
      "team1_centroid": [
        6.1458775997161865,
        0.11380589008331299
      ],
      "team1_step_reward": 0.0,
      "winner": null
    },
    {
      "ball_pos": [
        13.635581016540527,
        5.3738226890563965
      ],
      "reward_shaping": null,
      "score": null,
      "step": 10,
      "team0_centroid": [
        3.7453187704086304,
        2.6202848851680756
      ],
      "team0_step_reward": 0.0,
      "team1_centroid": [
        6.537298679351807,
        -0.8916993141174316
      ],
      "team1_step_reward": 0.0,
      "winner": null
    },
    {
      "ball_pos": [
        14.56557846069336,
        2.0489375591278076
      ],
      "reward_shaping": null,
      "score": null,
      "step": 20,
      "team0_centroid": [
        6.522317588329315,
        2.9782445430755615
      ],
      "team0_step_reward": 0.0,
      "team1_centroid": [
        4.952585697174072,
        -1.8049797266721725
      ],
      "team1_step_reward": 0.0,
      "winner": null
    }
  ],
  "steps": 27,
  "tail_trace": [
    {
      "ball_pos": [
        -2.2516441345214844,
        -0.7315621376037598
      ],
      "reward_shaping": null,
      "score": null,
      "step": 0,
      "team0_centroid": [
        -5.135737895965576,
        -0.0860556960105896
      ],
      "team0_step_reward": 0.0,
      "team1_centroid": [
        6.1458775997161865,
        0.11380589008331299
      ],
      "team1_step_reward": 0.0,
      "winner": null
    },
    {
      "ball_pos": [
        -2.2516441345214844,
        -0.7315621376037598
      ],
      "reward_shaping": null,
      "score": null,
      "step": 1,
      "team0_centroid": [
        -4.2884522676467896,
        -0.15858784317970276
      ],
      "team0_step_reward": 0.0,
      "team1_centroid": [
        6.0785973072052,
        0.1354682445526123
      ],
      "team1_step_reward": 0.0,
      "winner": null
    },
    {
      "ball_pos": [
        0.014591813087463379,
        0.4602888226509094
      ],
      "reward_shaping": null,
      "score": null,
      "step": 2,
      "team0_centroid": [
        -3.190123200416565,
        -0.20789912343025208
      ],
      "team0_step_reward": 0.0,
      "team1_centroid": [
        6.1629626750946045,
        0.08604276180267334
      ],
      "team1_step_reward": 0.0,
      "winner": null
    },
    {
      "ball_pos": [
        2.7368321418762207,
        2.037368059158325
      ],
      "reward_shaping": null,
      "score": null,
      "step": 3,
      "team0_centroid": [
        -2.3118457198143005,
        -0.16758647561073303
      ],
      "team0_step_reward": 0.0,
      "team1_centroid": [
        6.20532751083374,
        0.05689364671707153
      ],
      "team1_step_reward": 0.0,
      "winner": null
    },
    {
      "ball_pos": [
        5.155081272125244,
        3.4383702278137207
      ],
      "reward_shaping": null,
      "score": null,
      "step": 4,
      "team0_centroid": [
        -1.4957364201545715,
        0.12264956533908844
      ],
      "team0_step_reward": 0.0,
      "team1_centroid": [
        6.437309980392456,
        -0.12410467863082886
      ],
      "team1_step_reward": 0.0,
      "winner": null
    },
    {
      "ball_pos": [
        7.298560619354248,
        4.6801862716674805
      ],
      "reward_shaping": null,
      "score": null,
      "step": 5,
      "team0_centroid": [
        -0.5822834968566895,
        0.5286849066615105
      ],
      "team0_step_reward": 0.0,
      "team1_centroid": [
        6.497291088104248,
        -0.2254306748509407
      ],
      "team1_step_reward": 0.0,
      "winner": null
    },
    {
      "ball_pos": [
        9.193671226501465,
        5.778110504150391
      ],
      "reward_shaping": null,
      "score": null,
      "step": 6,
      "team0_centroid": [
        0.4138600826263428,
        1.0011413283646107
      ],
      "team0_step_reward": 0.0,
      "team1_centroid": [
        6.6115639209747314,
        -0.39235620200634
      ],
      "team1_step_reward": 0.0,
      "winner": null
    },
    {
      "ball_pos": [
        10.864275932312012,
        6.745968818664551
      ],
      "reward_shaping": null,
      "score": null,
      "step": 7,
      "team0_centroid": [
        1.2898932695388794,
        1.35088418610394
      ],
      "team0_step_reward": 0.0,
      "team1_centroid": [
        6.782193183898926,
        -0.6664667427539825
      ],
      "team1_step_reward": 0.0,
      "winner": null
    },
    {
      "ball_pos": [
        11.982324600219727,
        6.39692497253418
      ],
      "reward_shaping": null,
      "score": null,
      "step": 8,
      "team0_centroid": [
        1.9196325540542603,
        1.7098716422915459
      ],
      "team0_step_reward": 0.0,
      "team1_centroid": [
        6.608461380004883,
        -0.914385974407196
      ],
      "team1_step_reward": 0.0,
      "winner": null
    },
    {
      "ball_pos": [
        12.872478485107422,
        5.845864772796631
      ],
      "reward_shaping": null,
      "score": null,
      "step": 9,
      "team0_centroid": [
        2.608946204185486,
        2.142869010567665
      ],
      "team0_step_reward": 0.0,
      "team1_centroid": [
        6.373971223831177,
        -0.9544193148612976
      ],
      "team1_step_reward": 0.0,
      "winner": null
    },
    {
      "ball_pos": [
        13.635581016540527,
        5.3738226890563965
      ],
      "reward_shaping": null,
      "score": null,
      "step": 10,
      "team0_centroid": [
        3.7453187704086304,
        2.6202848851680756
      ],
      "team0_step_reward": 0.0,
      "team1_centroid": [
        6.537298679351807,
        -0.8916993141174316
      ],
      "team1_step_reward": 0.0,
      "winner": null
    },
    {
      "ball_pos": [
        14.283666610717773,
        4.972929000854492
      ],
      "reward_shaping": null,
      "score": null,
      "step": 11,
      "team0_centroid": [
        5.142899513244629,
        2.968301683664322
      ],
      "team0_step_reward": 0.0,
      "team1_centroid": [
        6.853651762008667,
        -0.8594973087310791
      ],
      "team1_step_reward": 0.0,
      "winner": null
    },
    {
      "ball_pos": [
        14.328558921813965,
        4.452419757843018
      ],
      "reward_shaping": null,
      "score": null,
      "step": 12,
      "team0_centroid": [
        6.031205415725708,
        3.2291367053985596
      ],
      "team0_step_reward": 0.0,
      "team1_centroid": [
        6.619778394699097,
        -0.7251547127962112
      ],
      "team1_step_reward": 0.0,
      "winner": null
    },
    {
      "ball_pos": [
        14.36979866027832,
        4.0340166091918945
      ],
      "reward_shaping": null,
      "score": null,
      "step": 13,
      "team0_centroid": [
        6.2670093178749084,
        3.380918562412262
      ],
      "team0_step_reward": 0.0,
      "team1_centroid": [
        6.145806550979614,
        -0.7085310891270638
      ],