{
  "classification": {
    "labels": [
      "win"
    ],
    "primary_label": "win"
  },
  "cumulative_team0_reward": 1.932800054550171,
  "cumulative_team1_reward": -2.0,
  "episode_index": 430,
  "final_score": null,
  "final_team0_step_reward": 1.932800054550171,
  "final_team1_step_reward": -2.0,
  "final_winner": null,
  "metrics": {
    "mean_ball_x": 7.112597051788779,
    "tail_mean_ball_x": 7.763581887880961,
    "team0_possession_ratio": null,
    "team0_progress_toward_goal": 0.0,
    "team0_shaping_reward_sum": 0.0,
    "team1_possession_ratio": null,
    "team1_progress_toward_goal": 0.0,
    "team1_shaping_reward_sum": 0.0
  },
  "outcome": "team0_win",
  "sampled_trace": [
    {
      "ball_pos": [
        2.230210781097412,
        -1.58597993850708
      ],
      "reward_shaping": null,
      "score": null,
      "step": 0,
      "team0_centroid": [
        -11.61387014389038,
        -0.041462719440460205
      ],
      "team0_step_reward": 0.0,
      "team1_centroid": [
        5.453820586204529,
        -0.1376723051071167
      ],
      "team1_step_reward": 0.0,
      "winner": null
    },
    {
      "ball_pos": [
        2.230210781097412,
        -1.58597993850708
      ],
      "reward_shaping": null,
      "score": null,
      "step": 10,
      "team0_centroid": [
        -2.351272761821747,
        -1.0815937146544456
      ],
      "team0_step_reward": 0.0,
      "team1_centroid": [
        4.80772864818573,
        0.9007420241832733
      ],
      "team1_step_reward": 0.0,
      "winner": null
    },
    {
      "ball_pos": [
        9.495265007019043,
        -3.4377517700195312
      ],
      "reward_shaping": null,
      "score": null,
      "step": 20,
      "team0_centroid": [
        3.5658815503120422,
        -5.089197874069214
      ],
      "team0_step_reward": 0.0,
      "team1_centroid": [
        8.653834819793701,
        -2.5315987169742584
      ],
      "team1_step_reward": 0.0,
      "winner": null
    },
    {
      "ball_pos": [
        11.432294845581055,
        -0.9425419569015503
      ],
      "reward_shaping": null,
      "score": null,
      "step": 30,
      "team0_centroid": [
        9.278139591217041,
        -3.7088817954063416
      ],
      "team0_step_reward": 0.0,
      "team1_centroid": [
        8.177757024765015,
        -2.608402132987976
      ],
      "team1_step_reward": 0.0,
      "winner": null
    }
  ],
  "steps": 34,
  "tail_trace": [
    {
      "ball_pos": [
        2.230210781097412,
        -1.58597993850708
      ],
      "reward_shaping": null,
      "score": null,
      "step": 4,
      "team0_centroid": [
        -9.005448341369629,
        -0.2014760673046112
      ],
      "team0_step_reward": 0.0,
      "team1_centroid": [
        6.216265678405762,
        0.23730483651161194
      ],
      "team1_step_reward": 0.0,
      "winner": null
    },
    {
      "ball_pos": [
        2.230210781097412,
        -1.58597993850708
      ],
      "reward_shaping": null,
      "score": null,
      "step": 5,
      "team0_centroid": [
        -8.041867733001709,
        -0.37272225320339203
      ],
      "team0_step_reward": 0.0,
      "team1_centroid": [
        6.234141111373901,
        0.3845801427960396
      ],
      "team1_step_reward": 0.0,
      "winner": null
    },
    {
      "ball_pos": [
        2.230210781097412,
        -1.58597993850708
      ],
      "reward_shaping": null,
      "score": null,
      "step": 6,
      "team0_centroid": [
        -7.235586881637573,
        -0.5565816909074783
      ],
      "team0_step_reward": 0.0,
      "team1_centroid": [
        6.095668792724609,
        0.49395813792943954
      ],
      "team1_step_reward": 0.0,
      "winner": null
    },
    {
      "ball_pos": [
        2.230210781097412,
        -1.58597993850708
      ],
      "reward_shaping": null,
      "score": null,
      "step": 7,
      "team0_centroid": [
        -6.394458293914795,
        -0.6656059622764587
      ],
      "team0_step_reward": 0.0,
      "team1_centroid": [
        5.506563425064087,
        0.6228283941745758
      ],
      "team1_step_reward": 0.0,
      "winner": null
    },
    {
      "ball_pos": [
        2.230210781097412,
        -1.58597993850708
      ],
      "reward_shaping": null,
      "score": null,
      "step": 8,
      "team0_centroid": [
        -5.344059467315674,
        -0.7095884531736374
      ],
      "team0_step_reward": 0.0,
      "team1_centroid": [
        5.0539023876190186,
        0.7701134085655212
      ],
      "team1_step_reward": 0.0,
      "winner": null
    },
    {
      "ball_pos": [
        2.230210781097412,
        -1.58597993850708
      ],
      "reward_shaping": null,
      "score": null,
      "step": 9,
      "team0_centroid": [
        -3.9300798177719116,
        -0.8680174052715302
      ],
      "team0_step_reward": 0.0,
      "team1_centroid": [
        4.9076666831970215,
        0.8506061732769012
      ],
      "team1_step_reward": 0.0,
      "winner": null
    },
    {
      "ball_pos": [
        2.230210781097412,
        -1.58597993850708
      ],
      "reward_shaping": null,
      "score": null,
      "step": 10,
      "team0_centroid": [
        -2.351272761821747,
        -1.0815937146544456
      ],
      "team0_step_reward": 0.0,
      "team1_centroid": [
        4.80772864818573,
        0.9007420241832733
      ],
      "team1_step_reward": 0.0,
      "winner": null
    },
    {
      "ball_pos": [
        2.230210781097412,
        -1.58597993850708
      ],
      "reward_shaping": null,
      "score": null,
      "step": 11,
      "team0_centroid": [
        -0.826603889465332,
        -1.3669421970844269
      ],
      "team0_step_reward": 0.0,
      "team1_centroid": [
        4.95400857925415,
        0.7491763532161713
      ],
      "team1_step_reward": 0.0,
      "winner": null
    },
    {
      "ball_pos": [
        3.4693524837493896,
        -3.088163375854492
      ],
      "reward_shaping": null,
      "score": null,
      "step": 12,
      "team0_centroid": [
        0.30983686447143555,
        -1.760106086730957
      ],
      "team0_step_reward": 0.0,
      "team1_centroid": [
        5.145894885063171,
        0.4663008004426956
      ],
      "team1_step_reward": 0.0,
      "winner": null
    },
    {
      "ball_pos": [
        4.856208324432373,
        -4.743941307067871
      ],
      "reward_shaping": null,
      "score": null,
      "step": 13,
      "team0_centroid": [
        1.034336805343628,
        -2.2617032527923584
      ],
      "team0_step_reward": 0.0,
      "team1_centroid": [
        5.327207565307617,
        0.36713630240410566
      ],
      "team1_step_reward": 0.0,
      "winner": null
    },
    {
      "ball_pos": [
        6.078339576721191,
        -6.203038692474365
      ],
      "reward_shaping": null,
      "score": null,
      "step": 14,
      "team0_centroid": [
        1.4943914413452148,
        -2.77127206325531
      ],
      "team0_step_reward": 0.0,
      "team1_centroid": [
        5.935673832893372,
        0.12510530650615692
      ],
      "team1_step_reward": 0.0,
      "winner": null
    },
    {
      "ball_pos": [
        7.0429768562316895,
        -6.599335193634033
      ],
      "reward_shaping": null,
      "score": null,
      "step": 15,
      "team0_centroid": [
        1.769437849521637,
        -3.2362431287765503
      ],
      "team0_step_reward": 0.0,
      "team1_centroid": [
        6.821351528167725,
        -0.4035906195640564
      ],
      "team1_step_reward": 0.0,
      "winner": null
    },
    {
      "ball_pos": [
        7.702327251434326,
        -5.747363567352295
      ],
      "reward_shaping": null,
      "score": null,
      "step": 16,
      "team0_centroid": [
        1.8897814750671387,
        -3.7378318309783936
      ],
      "team0_step_reward": 0.0,
      "team1_centroid": [
        7.558990240097046,
        -0.9063938781619072
      ],