{
  "classification": {
    "labels": [
      "win"
    ],
    "primary_label": "win"
  },
  "cumulative_team0_reward": 1.9836000204086304,
  "cumulative_team1_reward": -2.0,
  "episode_index": 296,
  "final_score": null,
  "final_team0_step_reward": 1.9836000204086304,
  "final_team1_step_reward": -2.0,
  "final_winner": null,
  "metrics": {
    "mean_ball_x": 6.638208210468292,
    "tail_mean_ball_x": 6.638208210468292,
    "team0_possession_ratio": null,
    "team0_progress_toward_goal": 0.0,
    "team0_shaping_reward_sum": 0.0,
    "team1_possession_ratio": null,
    "team1_progress_toward_goal": 0.0,
    "team1_shaping_reward_sum": 0.0
  },
  "outcome": "team0_win",
  "sampled_trace": [
    {
      "ball_pos": [
        0.5295906066894531,
        0.7872282862663269
      ],
      "reward_shaping": null,
      "score": null,
      "step": 0,
      "team0_centroid": [
        -4.830111384391785,
        -0.03457832336425781
      ],
      "team0_step_reward": 0.0,
      "team1_centroid": [
        11.25080680847168,
        -0.05255919694900513
      ],
      "team1_step_reward": 0.0,
      "winner": null
    }
  ],
  "steps": 8,
  "tail_trace": [
    {
      "ball_pos": [
        0.5295906066894531,
        0.7872282862663269
      ],
      "reward_shaping": null,
      "score": null,
      "step": 0,
      "team0_centroid": [
        -4.830111384391785,
        -0.03457832336425781
      ],
      "team0_step_reward": 0.0,
      "team1_centroid": [
        11.25080680847168,
        -0.05255919694900513
      ],
      "team1_step_reward": 0.0,
      "winner": null
    },
    {
      "ball_pos": [
        0.5295906066894531,
        0.7872282862663269
      ],
      "reward_shaping": null,
      "score": null,
      "step": 1,
      "team0_centroid": [
        -4.003058433532715,
        -0.15538457036018372
      ],
      "team0_step_reward": 0.0,
      "team1_centroid": [
        11.181416034698486,
        -0.023357272148132324
      ],
      "team1_step_reward": 0.0,
      "winner": null
    },
    {
      "ball_pos": [
        1.1325335502624512,
        0.8002290725708008
      ],
      "reward_shaping": null,
      "score": null,
      "step": 2,
      "team0_centroid": [
        -2.873043194413185,
        -0.27595797181129456
      ],
      "team0_step_reward": 0.0,
      "team1_centroid": [
        11.298696994781494,
        -0.08302602171897888
      ],
      "team1_step_reward": 0.0,
      "winner": null
    },
    {
      "ball_pos": [
        4.682469844818115,
        1.7616806030273438
      ],
      "reward_shaping": null,
      "score": null,
      "step": 3,
      "team0_centroid": [
        -1.9844760298728943,
        -0.36147454380989075
      ],
      "team0_step_reward": 0.0,
      "team1_centroid": [
        11.366718292236328,
        -0.2069382667541504
      ],
      "team1_step_reward": 0.0,
      "winner": null
    },
    {
      "ball_pos": [
        7.843769550323486,
        2.618806838989258
      ],
      "reward_shaping": null,
      "score": null,
      "step": 4,
      "team0_centroid": [
        -1.33906888961792,
        -0.42276421934366226
      ],
      "team0_step_reward": 0.0,
      "team1_centroid": [
        11.428152084350586,
        -0.4408213496208191
      ],
      "team1_step_reward": 0.0,
      "winner": null
    },
    {
      "ball_pos": [
        10.654009819030762,
        3.3807568550109863
      ],
      "reward_shaping": null,
      "score": null,
      "step": 5,
      "team0_centroid": [
        -0.8980046510696411,
        -0.31719617545604706
      ],
      "team0_step_reward": 0.0,
      "team1_centroid": [
        11.719834327697754,
        -0.5789752341806889
      ],
      "team1_step_reward": 0.0,
      "winner": null
    },
    {
      "ball_pos": [
        13.14692211151123,
        4.056668758392334
      ],
      "reward_shaping": null,
      "score": null,
      "step": 6,
      "team0_centroid": [
        -0.5955922603607178,
        -0.23322641849517822
      ],
      "team0_step_reward": 0.0,
      "team1_centroid": [
        12.066681861877441,
        -0.4767187014222145
      ],
      "team1_step_reward": 0.0,
      "winner": null
    },
    {
      "ball_pos": [
        14.586779594421387,
        4.473803997039795
      ],
      "reward_shaping": null,
      "score": null,
      "step": 7,
      "team0_centroid": [
        -0.1138613224029541,
        -0.207670658826828
      ],
      "team0_step_reward": 1.9836000204086304,
      "team1_centroid": [
        12.549336910247803,
        -0.3909292221069336
      ],
      "team1_step_reward": -2.0,
      "winner": null
    }
  ],
  "team0_module": "ceia_baseline_agent",
  "team1_module": "example_player_agent.agent_random"
}