{
  "classification": {
    "labels": [
      "win"
    ],
    "primary_label": "win"
  },
  "cumulative_team0_reward": 1.934000015258789,
  "cumulative_team1_reward": -2.0,
  "episode_index": 138,
  "final_score": null,
  "final_team0_step_reward": 1.934000015258789,
  "final_team1_step_reward": -2.0,
  "final_winner": null,
  "metrics": {
    "mean_ball_x": 10.448637715794824,
    "tail_mean_ball_x": 11.706159415841103,
    "team0_possession_ratio": null,
    "team0_progress_toward_goal": 0.0,
    "team0_shaping_reward_sum": 0.0,
    "team1_possession_ratio": null,
    "team1_progress_toward_goal": 0.0,
    "team1_shaping_reward_sum": 0.0
  },
  "outcome": "team0_win",
  "sampled_trace": [
    {
      "ball_pos": [
        -2.1265792846679688,
        0.8525842428207397
      ],
      "reward_shaping": null,
      "score": null,
      "step": 0,
      "team0_centroid": [
        -5.590384483337402,
        0.06508529186248779
      ],
      "team0_step_reward": 0.0,
      "team1_centroid": [
        9.063222169876099,
        0.00028461217880249023
      ],
      "team1_step_reward": 0.0,
      "winner": null
    },
    {
      "ball_pos": [
        10.409424781799316,
        -3.393136501312256
      ],
      "reward_shaping": null,
      "score": null,
      "step": 10,
      "team0_centroid": [
        2.8940853476524353,
        -0.6736892312765121
      ],
      "team0_step_reward": 0.0,
      "team1_centroid": [
        9.90822982788086,
        -0.445359468460083
      ],
      "team1_step_reward": 0.0,
      "winner": null
    },
    {
      "ball_pos": [
        14.30002212524414,
        -4.562486171722412
      ],
      "reward_shaping": null,
      "score": null,
      "step": 20,
      "team0_centroid": [
        5.955175042152405,
        -2.692502975463867
      ],
      "team0_step_reward": 0.0,
      "team1_centroid": [
        11.491490364074707,
        -2.2184414863586426
      ],
      "team1_step_reward": 0.0,
      "winner": null
    },
    {
      "ball_pos": [
        13.910280227661133,
        -3.9824442863464355
      ],
      "reward_shaping": null,
      "score": null,
      "step": 30,
      "team0_centroid": [
        8.095158100128174,
        -3.09998095035553
      ],
      "team0_step_reward": 0.0,
      "team1_centroid": [
        12.391413688659668,
        -0.495638370513916
      ],
      "team1_step_reward": 0.0,
      "winner": null
    }
  ],
  "steps": 33,
  "tail_trace": [
    {
      "ball_pos": [
        0.25850507616996765,
        0.07024429738521576
      ],
      "reward_shaping": null,
      "score": null,
      "step": 3,
      "team0_centroid": [
        -2.5896068811416626,
        0.2982252538204193
      ],
      "team0_step_reward": 0.0,
      "team1_centroid": [
        9.640352249145508,
        -0.14336615800857544
      ],
      "team1_step_reward": 0.0,
      "winner": null
    },
    {
      "ball_pos": [
        2.3402516841888428,
        -0.640014111995697
      ],
      "reward_shaping": null,
      "score": null,
      "step": 4,
      "team0_centroid": [
        -1.1524640619754791,
        0.35789404809474945
      ],
      "team0_step_reward": 0.0,
      "team1_centroid": [
        9.906874656677246,
        0.004611968994140625
      ],
      "team1_step_reward": 0.0,
      "winner": null
    },
    {
      "ball_pos": [
        4.175577640533447,
        -1.2662086486816406
      ],
      "reward_shaping": null,
      "score": null,
      "step": 5,
      "team0_centroid": [
        0.1806243658065796,
        0.3130534589290619
      ],
      "team0_step_reward": 0.0,
      "team1_centroid": [
        10.086997509002686,
        0.1192854642868042
      ],
      "team1_step_reward": 0.0,
      "winner": null
    },
    {
      "ball_pos": [
        5.788161277770996,
        -1.8164066076278687
      ],
      "reward_shaping": null,
      "score": null,
      "step": 6,
      "team0_centroid": [
        1.0938761979341507,
        0.08514197170734406
      ],
      "team0_step_reward": 0.0,
      "team1_centroid": [
        10.22477912902832,
        0.08035826683044434
      ],
      "team1_step_reward": 0.0,
      "winner": null
    },
    {
      "ball_pos": [
        7.199404716491699,
        -2.2979090213775635
      ],
      "reward_shaping": null,
      "score": null,
      "step": 7,
      "team0_centroid": [
        1.663948893547058,
        -0.3075266405940056
      ],
      "team0_step_reward": 0.0,
      "team1_centroid": [
        10.34211540222168,
        0.005135893821716309
      ],
      "team1_step_reward": 0.0,
      "winner": null
    },
    {
      "ball_pos": [
        8.4286527633667,
        -2.7173163890838623
      ],
      "reward_shaping": null,
      "score": null,
      "step": 8,
      "team0_centroid": [
        2.0823067128658295,
        -0.5230325125157833
      ],
      "team0_step_reward": 0.0,
      "team1_centroid": [
        10.211138248443604,
        -0.042355895042419434
      ],
      "team1_step_reward": 0.0,
      "winner": null
    },
    {
      "ball_pos": [
        9.493390083312988,
        -3.080594539642334
      ],
      "reward_shaping": null,
      "score": null,
      "step": 9,
      "team0_centroid": [
        2.4033055305480957,
        -0.5891812024638057
      ],
      "team0_step_reward": 0.0,
      "team1_centroid": [
        9.98681926727295,
        -0.22637391090393066
      ],
      "team1_step_reward": 0.0,
      "winner": null
    },
    {
      "ball_pos": [
        10.409424781799316,
        -3.393136501312256
      ],
      "reward_shaping": null,
      "score": null,
      "step": 10,
      "team0_centroid": [
        2.8940853476524353,
        -0.6736892312765121
      ],
      "team0_step_reward": 0.0,
      "team1_centroid": [
        9.90822982788086,
        -0.445359468460083
      ],
      "team1_step_reward": 0.0,
      "winner": null
    },
    {
      "ball_pos": [
        11.19104290008545,
        -3.6598167419433594
      ],
      "reward_shaping": null,
      "score": null,
      "step": 11,
      "team0_centroid": [
        3.6181951761245728,
        -0.8427656069397926
      ],
      "team0_step_reward": 0.0,
      "team1_centroid": [
        10.313629150390625,
        -0.6002869606018066
      ],
      "team1_step_reward": 0.0,
      "winner": null
    },
    {
      "ball_pos": [
        11.85115909576416,
        -3.8850419521331787
      ],
      "reward_shaping": null,
      "score": null,
      "step": 12,
      "team0_centroid": [
        4.4512550830841064,
        -1.250881902873516
      ],
      "team0_step_reward": 0.0,
      "team1_centroid": [
        10.92849063873291,
        -0.7084842920303345
      ],
      "team1_step_reward": 0.0,
      "winner": null
    },
    {
      "ball_pos": [
        12.418957710266113,
        -4.078769207000732
      ],
      "reward_shaping": null,
      "score": null,
      "step": 13,
      "team0_centroid": [
        4.936083912849426,
        -1.6279570758342743
      ],
      "team0_step_reward": 0.0,
      "team1_centroid": [
        11.362073421478271,
        -0.7212179899215698
      ],
      "team1_step_reward": 0.0,
      "winner": null
    },
    {
      "ball_pos": [
        12.926888465881348,
        -4.252070426940918
      ],
      "reward_shaping": null,
      "score": null,
      "step": 14,
      "team0_centroid": [
        4.895806789398193,
        -1.8442628383636475
      ],
      "team0_step_reward": 0.0,
      "team1_centroid": [
        11.67251968383789,
        -0.7537628412246704
      ],
      "team1_step_reward": 0.0,
      "winner": null
    },
    {
      "ball_pos": [
        13.380111694335938,
        -4.406705379486084
      ],
      "reward_shaping": null,
      "score": null,
      "step": 15,
      "team0_centroid": [
        4.967087507247925,
        -2.1637269258499146
      ],
      "team0_step_reward": 0.0,