{
  "classification": {
    "labels": [
      "win"
    ],
    "primary_label": "win"
  },
  "cumulative_team0_reward": 1.9292000532150269,
  "cumulative_team1_reward": -2.0,
  "episode_index": 185,
  "final_score": null,
  "final_team0_step_reward": 1.9292000532150269,
  "final_team1_step_reward": -2.0,
  "final_winner": null,
  "metrics": {
    "mean_ball_x": -8.335652974744638,
    "tail_mean_ball_x": -10.092736387252808,
    "team0_possession_ratio": null,
    "team0_progress_toward_goal": 0.0,
    "team0_shaping_reward_sum": 0.0,
    "team1_possession_ratio": null,
    "team1_progress_toward_goal": 0.0,
    "team1_shaping_reward_sum": 0.0
  },
  "outcome": "team0_win",
  "sampled_trace": [
    {
      "ball_pos": [
        1.8274611234664917,
        0.17793868482112885
      ],
      "reward_shaping": null,
      "score": null,
      "step": 0,
      "team0_centroid": [
        6.4777421951293945,
        0.038057923316955566
      ],
      "team0_step_reward": 0.0,
      "team1_centroid": [
        -10.925918102264404,
        -0.06791746616363525
      ],
      "team1_step_reward": 0.0,
      "winner": null
    },
    {
      "ball_pos": [
        -5.373244285583496,
        6.847755432128906
      ],
      "reward_shaping": null,
      "score": null,
      "step": 10,
      "team0_centroid": [
        -2.515823245048523,
        4.767573833465576
      ],
      "team0_step_reward": 0.0,
      "team1_centroid": [
        -10.516625881195068,
        0.6742454469203949
      ],
      "team1_step_reward": 0.0,
      "winner": null
    },
    {
      "ball_pos": [
        -11.771774291992188,
        5.11949348449707
      ],
      "reward_shaping": null,
      "score": null,
      "step": 20,
      "team0_centroid": [
        -6.237833261489868,
        3.5636115670204163
      ],
      "team0_step_reward": 0.0,
      "team1_centroid": [
        -8.617327809333801,
        0.9893690645694733
      ],
      "team1_step_reward": 0.0,
      "winner": null
    },
    {
      "ball_pos": [
        -14.35622787475586,
        4.255035877227783
      ],
      "reward_shaping": null,
      "score": null,
      "step": 30,
      "team0_centroid": [
        -9.628719329833984,
        3.2794633507728577
      ],
      "team0_step_reward": 0.0,
      "team1_centroid": [
        -9.632065296173096,
        2.3605669736862183
      ],
      "team1_step_reward": 0.0,
      "winner": null
    }
  ],
  "steps": 36,
  "tail_trace": [
    {
      "ball_pos": [
        -2.8986761569976807,
        4.453619480133057
      ],
      "reward_shaping": null,
      "score": null,
      "step": 6,
      "team0_centroid": [
        -0.7771033644676208,
        2.35593318939209
      ],
      "team0_step_reward": 0.0,
      "team1_centroid": [
        -10.295438289642334,
        0.6299143135547638
      ],
      "team1_step_reward": 0.0,
      "winner": null
    },
    {
      "ball_pos": [
        -3.6712543964385986,
        5.201085567474365
      ],
      "reward_shaping": null,
      "score": null,
      "step": 7,
      "team0_centroid": [
        -1.5762044191360474,
        2.9109238386154175
      ],
      "team0_step_reward": 0.0,
      "team1_centroid": [
        -10.212455749511719,
        0.5107667446136475
      ],
      "team1_step_reward": 0.0,
      "winner": null
    },
    {
      "ball_pos": [
        -4.334365367889404,
        5.842642784118652
      ],
      "reward_shaping": null,
      "score": null,
      "step": 8,
      "team0_centroid": [
        -2.0744747519493103,
        3.5371265411376953
      ],
      "team0_step_reward": 0.0,
      "team1_centroid": [
        -10.329588413238525,
        0.5715190912596881
      ],
      "team1_step_reward": 0.0,
      "winner": null
    },
    {
      "ball_pos": [
        -4.898526191711426,
        6.388466835021973
      ],
      "reward_shaping": null,
      "score": null,
      "step": 9,
      "team0_centroid": [
        -2.349762976169586,
        4.208964109420776
      ],
      "team0_step_reward": 0.0,
      "team1_centroid": [
        -10.431067943572998,
        0.7062231227755547
      ],
      "team1_step_reward": 0.0,
      "winner": null
    },
    {
      "ball_pos": [
        -5.373244285583496,
        6.847755432128906
      ],
      "reward_shaping": null,
      "score": null,
      "step": 10,
      "team0_centroid": [
        -2.515823245048523,
        4.767573833465576
      ],
      "team0_step_reward": 0.0,
      "team1_centroid": [
        -10.516625881195068,
        0.6742454469203949
      ],
      "team1_step_reward": 0.0,
      "winner": null
    },
    {
      "ball_pos": [
        -5.719188690185547,
        6.708170413970947
      ],
      "reward_shaping": null,
      "score": null,
      "step": 11,
      "team0_centroid": [
        -2.6957157850265503,
        5.019525527954102
      ],
      "team0_step_reward": 0.0,
      "team1_centroid": [
        -10.53589153289795,
        0.623542845249176
      ],
      "team1_step_reward": 0.0,
      "winner": null
    },
    {
      "ball_pos": [
        -5.997302055358887,
        6.495655059814453
      ],
      "reward_shaping": null,
      "score": null,
      "step": 12,
      "team0_centroid": [
        -2.913665533065796,
        4.9711607694625854
      ],
      "team0_step_reward": 0.0,
      "team1_centroid": [
        -10.538019180297852,
        0.4991927146911621
      ],
      "team1_step_reward": 0.0,
      "winner": null
    },
    {
      "ball_pos": [
        -6.248665809631348,
        6.3039093017578125
      ],
      "reward_shaping": null,
      "score": null,
      "step": 13,
      "team0_centroid": [
        -3.133408546447754,
        4.716512203216553
      ],
      "team0_step_reward": 0.0,
      "team1_centroid": [
        -10.383837699890137,
        0.4142935276031494
      ],
      "team1_step_reward": 0.0,
      "winner": null
    },
    {
      "ball_pos": [
        -6.475723743438721,
        6.130797863006592
      ],
      "reward_shaping": null,
      "score": null,
      "step": 14,
      "team0_centroid": [
        -3.5236610174179077,
        4.560640454292297
      ],
      "team0_step_reward": 0.0,
      "team1_centroid": [
        -9.81652045249939,
        0.24250823259353638
      ],
      "team1_step_reward": 0.0,
      "winner": null
    },
    {
      "ball_pos": [
        -6.680771827697754,
        5.974466800689697
      ],
      "reward_shaping": null,
      "score": null,
      "step": 15,
      "team0_centroid": [
        -3.943728804588318,
        4.360260486602783
      ],
      "team0_step_reward": 0.0,
      "team1_centroid": [
        -9.354633808135986,
        0.34224212169647217
      ],
      "team1_step_reward": 0.0,
      "winner": null
    },
    {
      "ball_pos": [
        -6.866066932678223,
        5.833195209503174
      ],
      "reward_shaping": null,
      "score": null,
      "step": 16,
      "team0_centroid": [
        -4.237256407737732,
        4.288116455078125
      ],
      "team0_step_reward": 0.0,
      "team1_centroid": [
        -9.001702308654785,
        0.550425112247467
      ],
      "team1_step_reward": 0.0,
      "winner": null
    },
    {
      "ball_pos": [
        -7.033559322357178,
        5.705496788024902
      ],
      "reward_shaping": null,
      "score": null,
      "step": 17,
      "team0_centroid": [
        -4.4459439516067505,
        4.3279582262039185
      ],
      "team0_step_reward": 0.0,
      "team1_centroid": [
        -8.645318269729614,
        0.6077913194894791
      ],
      "team1_step_reward": 0.0,
      "winner": null
    },
    {
      "ball_pos": [
        -7.1849589347839355,
        5.5900678634643555
      ],
      "reward_shaping": null,
      "score": null,
      "step": 18,
      "team0_centroid": [
        -4.83381986618042,
        4.244023561477661
      ],
      "team0_step_reward": 0.0,
      "team1_centroid": [
        -8.47015643119812,
        0.7520968914031982
      ],