{
  "classification": {
    "labels": [
      "win"
    ],
    "primary_label": "win"
  },
  "cumulative_team0_reward": 1.9515999555587769,
  "cumulative_team1_reward": -2.0,
  "episode_index": 213,
  "final_score": null,
  "final_team0_step_reward": 1.9515999555587769,
  "final_team1_step_reward": -2.0,
  "final_winner": null,
  "metrics": {
    "mean_ball_x": -6.73503756398956,
    "tail_mean_ball_x": -6.73503756398956,
    "team0_possession_ratio": null,
    "team0_progress_toward_goal": 0.0,
    "team0_shaping_reward_sum": 0.0,
    "team1_possession_ratio": null,
    "team1_progress_toward_goal": 0.0,
    "team1_shaping_reward_sum": 0.0
  },
  "outcome": "team0_win",
  "sampled_trace": [
    {
      "ball_pos": [
        1.2108123302459717,
        1.7674517631530762
      ],
      "reward_shaping": null,
      "score": null,
      "step": 0,
      "team0_centroid": [
        8.842731237411499,
        0.06459009647369385
      ],
      "team0_step_reward": 0.0,
      "team1_centroid": [
        -7.949218034744263,
        0.00037032365798950195
      ],
      "team1_step_reward": 0.0,
      "winner": null
    },
    {
      "ball_pos": [
        -7.332817077636719,
        5.800480842590332
      ],
      "reward_shaping": null,
      "score": null,
      "step": 10,
      "team0_centroid": [
        -1.0916086435317993,
        3.368076801300049
      ],
      "team0_step_reward": 0.0,
      "team1_centroid": [
        -8.61497688293457,
        -1.3346700072288513
      ],
      "team1_step_reward": 0.0,
      "winner": null
    },
    {
      "ball_pos": [
        -11.383769989013672,
        2.683863401412964
      ],
      "reward_shaping": null,
      "score": null,
      "step": 20,
      "team0_centroid": [
        -5.999290227890015,
        3.7266868352890015
      ],
      "team0_step_reward": 0.0,
      "team1_centroid": [
        -8.244731903076172,
        -1.6209788769483566
      ],
      "team1_step_reward": 0.0,
      "winner": null
    }
  ],
  "steps": 24,
  "tail_trace": [
    {
      "ball_pos": [
        1.2108123302459717,
        1.7674517631530762
      ],
      "reward_shaping": null,
      "score": null,
      "step": 0,
      "team0_centroid": [
        8.842731237411499,
        0.06459009647369385
      ],
      "team0_step_reward": 0.0,
      "team1_centroid": [
        -7.949218034744263,
        0.00037032365798950195
      ],
      "team1_step_reward": 0.0,
      "winner": null
    },
    {
      "ball_pos": [
        1.2108123302459717,
        1.7674517631530762
      ],
      "reward_shaping": null,
      "score": null,
      "step": 1,
      "team0_centroid": [
        8.044525146484375,
        0.2576327323913574
      ],
      "team0_step_reward": 0.0,
      "team1_centroid": [
        -7.954031944274902,
        0.07869225740432739
      ],
      "team1_step_reward": 0.0,
      "winner": null
    },
    {
      "ball_pos": [
        1.2108123302459717,
        1.7674517631530762
      ],
      "reward_shaping": null,
      "score": null,
      "step": 2,
      "team0_centroid": [
        6.9385552406311035,
        0.4968574345111847
      ],
      "team0_step_reward": 0.0,
      "team1_centroid": [
        -7.964856863021851,
        0.029467403888702393
      ],
      "team1_step_reward": 0.0,
      "winner": null
    },
    {
      "ball_pos": [
        1.2108123302459717,
        1.7674517631530762
      ],
      "reward_shaping": null,
      "score": null,
      "step": 3,
      "team0_centroid": [
        5.505535364151001,
        0.7840772569179535
      ],
      "team0_step_reward": 0.0,
      "team1_centroid": [
        -7.9976348876953125,
        -0.2302192598581314
      ],
      "team1_step_reward": 0.0,
      "winner": null
    },
    {
      "ball_pos": [
        1.2108123302459717,
        1.7674517631530762
      ],
      "reward_shaping": null,
      "score": null,
      "step": 4,
      "team0_centroid": [
        4.167130470275879,
        1.0121327936649323
      ],
      "team0_step_reward": 0.0,
      "team1_centroid": [
        -7.9822492599487305,
        -0.4899456687271595
      ],
      "team1_step_reward": 0.0,
      "winner": null
    },
    {
      "ball_pos": [
        -0.3343312442302704,
        2.681931734085083
      ],
      "reward_shaping": null,
      "score": null,
      "step": 5,
      "team0_centroid": [
        2.780662328004837,
        1.3112435340881348
      ],
      "team0_step_reward": 0.0,
      "team1_centroid": [
        -8.215202331542969,
        -0.8185867294669151
      ],
      "team1_step_reward": 0.0,
      "winner": null
    },
    {
      "ball_pos": [
        -2.232877254486084,
        4.116331577301025
      ],
      "reward_shaping": null,
      "score": null,
      "step": 6,
      "team0_centroid": [
        1.599611520767212,
        1.7669187188148499
      ],
      "team0_step_reward": 0.0,
      "team1_centroid": [
        -8.499374866485596,
        -1.206346645951271
      ],
      "team1_step_reward": 0.0,
      "winner": null
    },
    {
      "ball_pos": [
        -3.909860610961914,
        5.38339900970459
      ],
      "reward_shaping": null,
      "score": null,
      "step": 7,
      "team0_centroid": [
        0.8005330562591553,
        2.1695533394813538
      ],
      "team0_step_reward": 0.0,
      "team1_centroid": [
        -8.711701393127441,
        -1.442281261086464
      ],
      "team1_step_reward": 0.0,
      "winner": null
    },
    {
      "ball_pos": [
        -5.386600494384766,
        6.499170303344727
      ],
      "reward_shaping": null,
      "score": null,
      "step": 8,
      "team0_centroid": [
        0.2515634298324585,
        2.4491623640060425
      ],
      "team0_step_reward": 0.0,
      "team1_centroid": [
        -8.961486577987671,
        -1.5527905821800232
      ],
      "team1_step_reward": 0.0,
      "winner": null
    },
    {
      "ball_pos": [
        -6.495652675628662,
        6.445339202880859
      ],
      "reward_shaping": null,
      "score": null,
      "step": 9,
      "team0_centroid": [
        -0.33594799041748047,
        2.8232542276382446
      ],
      "team0_step_reward": 0.0,
      "team1_centroid": [
        -8.925801277160645,
        -1.418498456478119
      ],
      "team1_step_reward": 0.0,
      "winner": null
    },
    {
      "ball_pos": [
        -7.332817077636719,
        5.800480842590332
      ],
      "reward_shaping": null,
      "score": null,
      "step": 10,
      "team0_centroid": [
        -1.0916086435317993,
        3.368076801300049
      ],
      "team0_step_reward": 0.0,
      "team1_centroid": [
        -8.61497688293457,
        -1.3346700072288513
      ],
      "team1_step_reward": 0.0,
      "winner": null
    },
    {
      "ball_pos": [
        -8.05102825164795,
        5.247919082641602
      ],
      "reward_shaping": null,
      "score": null,
      "step": 11,
      "team0_centroid": [
        -1.9562225937843323,
        4.098581433296204
      ],
      "team0_step_reward": 0.0,
      "team1_centroid": [
        -8.358925342559814,
        -1.285801351070404
      ],
      "team1_step_reward": 0.0,
      "winner": null
    },
    {
      "ball_pos": [
        -8.66137409210205,
        4.778347969055176
      ],
      "reward_shaping": null,
      "score": null,
      "step": 12,
      "team0_centroid": [
        -2.6435088515281677,
        4.7391897439956665
      ],
      "team0_step_reward": 0.0,
      "team1_centroid": [
        -8.471825361251831,
        -1.4102117717266083
      ],
      "team1_step_reward": 0.0,
      "winner": null
    },
    {
      "ball_pos": [
        -9.174217224121094,
        4.383790493011475
      ],
      "reward_shaping": null,
      "score": null,
      "step": 13,
      "team0_centroid": [
        -3.153905510902405,
        5.043583393096924
      ],
      "team0_step_reward": 0.0,
      "team1_centroid": [
        -8.420057773590088,
        -1.4517623782157898
      ],