{
  "classification": {
    "labels": [
      "win"
    ],
    "primary_label": "win"
  },
  "cumulative_team0_reward": 1.9392000436782837,
  "cumulative_team1_reward": -2.0,
  "episode_index": 292,
  "final_score": null,
  "final_team0_step_reward": 1.9392000436782837,
  "final_team1_step_reward": -2.0,
  "final_winner": null,
  "metrics": {
    "mean_ball_x": 3.452197496929476,
    "tail_mean_ball_x": 3.5946901867787044,
    "team0_possession_ratio": null,
    "team0_progress_toward_goal": 0.0,
    "team0_shaping_reward_sum": 0.0,
    "team1_possession_ratio": null,
    "team1_progress_toward_goal": 0.0,
    "team1_shaping_reward_sum": 0.0
  },
  "outcome": "team0_win",
  "sampled_trace": [
    {
      "ball_pos": [
        -0.8225831985473633,
        0.5425009727478027
      ],
      "reward_shaping": null,
      "score": null,
      "step": 0,
      "team0_centroid": [
        -8.339931964874268,
        0.036378681659698486
      ],
      "team0_step_reward": 0.0,
      "team1_centroid": [
        7.254279375076294,
        -0.0003733038902282715
      ],
      "team1_step_reward": 0.0,
      "winner": null
    },
    {
      "ball_pos": [
        1.4638807773590088,
        -6.517329216003418
      ],
      "reward_shaping": null,
      "score": null,
      "step": 10,
      "team0_centroid": [
        1.3174661993980408,
        -0.6270690858364105
      ],
      "team0_step_reward": 0.0,
      "team1_centroid": [
        5.464744098484516,
        -1.8729488253593445
      ],
      "team1_step_reward": 0.0,
      "winner": null
    },
    {
      "ball_pos": [
        3.2041330337524414,
        -1.6887625455856323
      ],
      "reward_shaping": null,
      "score": null,
      "step": 20,
      "team0_centroid": [
        4.771762430667877,
        -0.2601586580276489
      ],
      "team0_step_reward": 0.0,
      "team1_centroid": [
        3.1244990825653076,
        -5.2490153312683105
      ],
      "team1_step_reward": 0.0,
      "winner": null
    },
    {
      "ball_pos": [
        15.240710258483887,
        -0.2534897029399872
      ],
      "reward_shaping": null,
      "score": null,
      "step": 30,
      "team0_centroid": [
        5.858283996582031,
        2.99492484331131
      ],
      "team0_step_reward": 1.9392000436782837,
      "team1_centroid": [
        1.0103314816951752,
        -4.763737440109253
      ],
      "team1_step_reward": -2.0,
      "winner": null
    }
  ],
  "steps": 31,
  "tail_trace": [
    {
      "ball_pos": [
        -0.8225831985473633,
        0.5425009727478027
      ],
      "reward_shaping": null,
      "score": null,
      "step": 1,
      "team0_centroid": [
        -7.780050992965698,
        0.16507452726364136
      ],
      "team0_step_reward": 0.0,
      "team1_centroid": [
        6.945353269577026,
        -0.08600988984107971
      ],
      "team1_step_reward": 0.0,
      "winner": null
    },
    {
      "ball_pos": [
        -0.8225831985473633,
        0.5425009727478027
      ],
      "reward_shaping": null,
      "score": null,
      "step": 2,
      "team0_centroid": [
        -7.263118505477905,
        0.3076803684234619
      ],
      "team0_step_reward": 0.0,
      "team1_centroid": [
        6.50722599029541,
        -0.2908002436161041
      ],
      "team1_step_reward": 0.0,
      "winner": null
    },
    {
      "ball_pos": [
        -0.8225831985473633,
        0.5425009727478027
      ],
      "reward_shaping": null,
      "score": null,
      "step": 3,
      "team0_centroid": [
        -6.657870054244995,
        0.44406189024448395
      ],
      "team0_step_reward": 0.0,
      "team1_centroid": [
        5.789403915405273,
        -0.555212140083313
      ],
      "team1_step_reward": 0.0,
      "winner": null
    },
    {
      "ball_pos": [
        -0.8225831985473633,
        0.5425009727478027
      ],
      "reward_shaping": null,
      "score": null,
      "step": 4,
      "team0_centroid": [
        -5.573094129562378,
        0.6405131965875626
      ],
      "team0_step_reward": 0.0,
      "team1_centroid": [
        5.084580719470978,
        -0.782685212790966
      ],
      "team1_step_reward": 0.0,
      "winner": null
    },
    {
      "ball_pos": [
        -0.8225831985473633,
        0.5425010323524475
      ],
      "reward_shaping": null,
      "score": null,
      "step": 5,
      "team0_centroid": [
        -4.213137865066528,
        0.746931217610836
      ],
      "team0_step_reward": 0.0,
      "team1_centroid": [
        4.8734437227249146,
        -0.9494922906160355
      ],
      "team1_step_reward": 0.0,
      "winner": null
    },
    {
      "ball_pos": [
        -0.8225831985473633,
        0.5425010323524475
      ],
      "reward_shaping": null,
      "score": null,
      "step": 6,
      "team0_centroid": [
        -2.788215219974518,
        0.6850124094635248
      ],
      "team0_step_reward": 0.0,
      "team1_centroid": [
        4.905966520309448,
        -1.0521473214030266
      ],
      "team1_step_reward": 0.0,
      "winner": null
    },
    {
      "ball_pos": [
        -0.1273229420185089,
        -1.1040430068969727
      ],
      "reward_shaping": null,
      "score": null,
      "step": 7,
      "team0_centroid": [
        -1.3559951335191727,
        0.4884692430496216
      ],
      "team0_step_reward": 0.0,
      "team1_centroid": [
        5.2499916553497314,
        -1.0990126691758633
      ],
      "team1_step_reward": 0.0,
      "winner": null
    },
    {
      "ball_pos": [
        0.4722193479537964,
        -3.1436991691589355
      ],
      "reward_shaping": null,
      "score": null,
      "step": 8,
      "team0_centroid": [
        -0.16750752925872803,
        0.1325804889202118
      ],
      "team0_step_reward": 0.0,
      "team1_centroid": [
        5.547021925449371,
        -1.2671318650245667
      ],
      "team1_step_reward": 0.0,
      "winner": null
    },
    {
      "ball_pos": [
        1.0003342628479004,
        -4.940345287322998
      ],
      "reward_shaping": null,
      "score": null,
      "step": 9,
      "team0_centroid": [
        0.6848913431167603,
        -0.28354838490486145
      ],
      "team0_step_reward": 0.0,
      "team1_centroid": [
        5.6437037140131,
        -1.5341072082519531
      ],
      "team1_step_reward": 0.0,
      "winner": null
    },
    {
      "ball_pos": [
        1.4638807773590088,
        -6.517329216003418
      ],
      "reward_shaping": null,
      "score": null,
      "step": 10,
      "team0_centroid": [
        1.3174661993980408,
        -0.6270690858364105
      ],
      "team0_step_reward": 0.0,
      "team1_centroid": [
        5.464744098484516,
        -1.8729488253593445
      ],
      "team1_step_reward": 0.0,
      "winner": null
    },
    {
      "ball_pos": [
        1.7859143018722534,
        -6.450444221496582
      ],
      "reward_shaping": null,
      "score": null,
      "step": 11,
      "team0_centroid": [
        1.8085902333259583,
        -0.8763429522514343
      ],
      "team0_step_reward": 0.0,
      "team1_centroid": [
        4.905994296073914,
        -2.2851442694664
      ],
      "team1_step_reward": 0.0,
      "winner": null
    },
    {
      "ball_pos": [
        2.057053327560425,
        -5.534149169921875
      ],
      "reward_shaping": null,
      "score": null,
      "step": 12,
      "team0_centroid": [
        2.4173375368118286,
        -1.234892189502716
      ],
      "team0_step_reward": 0.0,
      "team1_centroid": [
        4.252830505371094,
        -2.624016046524048
      ],
      "team1_step_reward": 0.0,
      "winner": null
    },
    {
      "ball_pos": [
        2.289929151535034,
        -4.753417491912842
      ],
      "reward_shaping": null,
      "score": null,
      "step": 13,
      "team0_centroid": [
        3.029382586479187,
        -1.6157737374305725
      ],
      "team0_step_reward": 0.0,