{
  "classification": {
    "labels": [
      "win"
    ],
    "primary_label": "win"
  },
  "cumulative_team0_reward": 1.9764000177383423,
  "cumulative_team1_reward": -2.0,
  "episode_index": 484,
  "final_score": null,
  "final_team0_step_reward": 1.9764000177383423,
  "final_team1_step_reward": -2.0,
  "final_winner": null,
  "metrics": {
    "mean_ball_x": 5.057587206363678,
    "tail_mean_ball_x": 5.057587206363678,
    "team0_possession_ratio": null,
    "team0_progress_toward_goal": 0.0,
    "team0_shaping_reward_sum": 0.0,
    "team1_possession_ratio": null,
    "team1_progress_toward_goal": 0.0,
    "team1_shaping_reward_sum": 0.0
  },
  "outcome": "team0_win",
  "sampled_trace": [
    {
      "ball_pos": [
        -0.8950855731964111,
        1.5818839073181152
      ],
      "reward_shaping": null,
      "score": null,
      "step": 0,
      "team0_centroid": [
        -8.44580078125,
        0.04706794023513794
      ],
      "team0_step_reward": 0.0,
      "team1_centroid": [
        8.916663646697998,
        0.09397727251052856
      ],
      "team1_step_reward": 0.0,
      "winner": null
    },
    {
      "ball_pos": [
        14.461877822875977,
        1.798971176147461
      ],
      "reward_shaping": null,
      "score": null,
      "step": 10,
      "team0_centroid": [
        3.4089787527918816,
        2.113070249557495
      ],
      "team0_step_reward": 0.0,
      "team1_centroid": [
        9.127445936203003,
        -0.03131449222564697
      ],
      "team1_step_reward": 0.0,
      "winner": null
    }
  ],
  "steps": 12,
  "tail_trace": [
    {
      "ball_pos": [
        -0.8950855731964111,
        1.5818839073181152
      ],
      "reward_shaping": null,
      "score": null,
      "step": 0,
      "team0_centroid": [
        -8.44580078125,
        0.04706794023513794
      ],
      "team0_step_reward": 0.0,
      "team1_centroid": [
        8.916663646697998,
        0.09397727251052856
      ],
      "team1_step_reward": 0.0,
      "winner": null
    },
    {
      "ball_pos": [
        -0.8950855731964111,
        1.5818839073181152
      ],
      "reward_shaping": null,
      "score": null,
      "step": 1,
      "team0_centroid": [
        -7.537116527557373,
        0.12874197959899902
      ],
      "team0_step_reward": 0.0,
      "team1_centroid": [
        8.582614660263062,
        0.21212971210479736
      ],
      "team1_step_reward": 0.0,
      "winner": null
    },
    {
      "ball_pos": [
        -0.8950855731964111,
        1.5818839073181152
      ],
      "reward_shaping": null,
      "score": null,
      "step": 2,
      "team0_centroid": [
        -6.505921363830566,
        0.32262665033340454
      ],
      "team0_step_reward": 0.0,
      "team1_centroid": [
        8.340993404388428,
        0.21117669343948364
      ],
      "team1_step_reward": 0.0,
      "winner": null
    },
    {
      "ball_pos": [
        -0.8950855731964111,
        1.5818839073181152
      ],
      "reward_shaping": null,
      "score": null,
      "step": 3,
      "team0_centroid": [
        -5.4111268520355225,
        0.6384261101484299
      ],
      "team0_step_reward": 0.0,
      "team1_centroid": [
        8.414812564849854,
        0.07091182470321655
      ],
      "team1_step_reward": 0.0,
      "winner": null
    },
    {
      "ball_pos": [
        -0.8950855731964111,
        1.5818839073181152
      ],
      "reward_shaping": null,
      "score": null,
      "step": 4,
      "team0_centroid": [
        -4.264491319656372,
        0.9749819338321686
      ],
      "team0_step_reward": 0.0,
      "team1_centroid": [
        8.618646144866943,
        -0.08805400133132935
      ],
      "team1_step_reward": 0.0,
      "winner": null
    },
    {
      "ball_pos": [
        1.0711188316345215,
        1.6009860038757324
      ],
      "reward_shaping": null,
      "score": null,
      "step": 5,
      "team0_centroid": [
        -2.844702124595642,
        1.3176132440567017
      ],
      "team0_step_reward": 0.0,
      "team1_centroid": [
        8.775342464447021,
        -0.2066725492477417
      ],
      "team1_step_reward": 0.0,
      "winner": null
    },
    {
      "ball_pos": [
        4.423567295074463,
        1.6506596803665161
      ],
      "reward_shaping": null,
      "score": null,
      "step": 6,
      "team0_centroid": [
        -1.0352487564086914,
        1.6655747890472412
      ],
      "team0_step_reward": 0.0,
      "team1_centroid": [
        8.966548919677734,
        -0.16869473457336426
      ],
      "team1_step_reward": 0.0,
      "winner": null
    },
    {
      "ball_pos": [
        7.404891014099121,
        1.694707989692688
      ],
      "reward_shaping": null,
      "score": null,
      "step": 7,
      "team0_centroid": [
        0.5409438014030457,
        1.9543249607086182
      ],
      "team0_step_reward": 0.0,
      "team1_centroid": [
        9.124908685684204,
        -0.05506578087806702
      ],
      "team1_step_reward": 0.0,
      "winner": null
    },
    {
      "ball_pos": [
        10.050745964050293,
        1.7337990999221802
      ],
      "reward_shaping": null,
      "score": null,
      "step": 8,
      "team0_centroid": [
        1.9455548524856567,
        2.141404867172241
      ],
      "team0_step_reward": 0.0,
      "team1_centroid": [
        9.164963483810425,
        -0.012443780899047852
      ],
      "team1_step_reward": 0.0,
      "winner": null
    },
    {
      "ball_pos": [
        12.393362998962402,
        1.7684099674224854
      ],
      "reward_shaping": null,
      "score": null,
      "step": 9,
      "team0_centroid": [
        2.8749355375766754,
        2.188855230808258
      ],
      "team0_step_reward": 0.0,
      "team1_centroid": [
        9.155931949615479,
        -0.00846194475889206
      ],
      "team1_step_reward": 0.0,
      "winner": null
    },
    {
      "ball_pos": [
        14.461877822875977,
        1.798971176147461
      ],
      "reward_shaping": null,
      "score": null,
      "step": 10,
      "team0_centroid": [
        3.4089787527918816,
        2.113070249557495
      ],
      "team0_step_reward": 0.0,
      "team1_centroid": [
        9.127445936203003,
        -0.03131449222564697
      ],
      "team1_step_reward": 0.0,
      "winner": null
    },
    {
      "ball_pos": [
        15.360910415649414,
        1.8136279582977295
      ],
      "reward_shaping": null,
      "score": null,
      "step": 11,
      "team0_centroid": [
        3.766746163368225,
        2.0563539266586304
      ],
      "team0_step_reward": 1.9764000177383423,
      "team1_centroid": [
        9.124866008758545,
        -0.03265048563480377
      ],
      "team1_step_reward": -2.0,
      "winner": null
    }
  ],
  "team0_module": "ceia_baseline_agent",
  "team1_module": "example_player_agent.agent_random"
}