{
  "classification": {
    "labels": [
      "win"
    ],
    "primary_label": "win"
  },
  "cumulative_team0_reward": 1.983199954032898,
  "cumulative_team1_reward": -2.0,
  "episode_index": 241,
  "final_score": null,
  "final_team0_step_reward": 1.983199954032898,
  "final_team1_step_reward": -2.0,
  "final_winner": null,
  "metrics": {
    "mean_ball_x": -7.2313241925504474,
    "tail_mean_ball_x": -7.2313241925504474,
    "team0_possession_ratio": null,
    "team0_progress_toward_goal": 0.0,
    "team0_shaping_reward_sum": 0.0,
    "team1_possession_ratio": null,
    "team1_progress_toward_goal": 0.0,
    "team1_shaping_reward_sum": 0.0
  },
  "outcome": "team0_win",
  "sampled_trace": [
    {
      "ball_pos": [
        0.26552334427833557,
        1.869559645652771
      ],
      "reward_shaping": null,
      "score": null,
      "step": 0,
      "team0_centroid": [
        7.663662314414978,
        -0.022609591484069824
      ],
      "team0_step_reward": 0.0,
      "team1_centroid": [
        -11.218780517578125,
        -0.00019562244415283203
      ],
      "team1_step_reward": 0.0,
      "winner": null
    }
  ],
  "steps": 9,
  "tail_trace": [
    {
      "ball_pos": [
        0.26552334427833557,
        1.869559645652771
      ],
      "reward_shaping": null,
      "score": null,
      "step": 0,
      "team0_centroid": [
        7.663662314414978,
        -0.022609591484069824
      ],
      "team0_step_reward": 0.0,
      "team1_centroid": [
        -11.218780517578125,
        -0.00019562244415283203
      ],
      "team1_step_reward": 0.0,
      "winner": null
    },
    {
      "ball_pos": [
        0.26552319526672363,
        1.869559645652771
      ],
      "reward_shaping": null,
      "score": null,
      "step": 1,
      "team0_centroid": [
        7.077398061752319,
        -0.062405169010162354
      ],
      "team0_step_reward": 0.0,
      "team1_centroid": [
        -11.440952777862549,
        0.08837002515792847
      ],
      "team1_step_reward": 0.0,
      "winner": null
    },
    {
      "ball_pos": [
        -0.3283783197402954,
        1.8893522024154663
      ],
      "reward_shaping": null,
      "score": null,
      "step": 2,
      "team0_centroid": [
        6.256900429725647,
        -0.07856863737106323
      ],
      "team0_step_reward": 0.0,
      "team1_centroid": [
        -11.99337387084961,
        0.2666967511177063
      ],
      "team1_step_reward": 0.0,
      "winner": null
    },
    {
      "ball_pos": [
        -4.047418594360352,
        1.4023058414459229
      ],
      "reward_shaping": null,
      "score": null,
      "step": 3,
      "team0_centroid": [
        5.585567958652973,
        -0.09527051448822021
      ],
      "team0_step_reward": 0.0,
      "team1_centroid": [
        -12.485060691833496,
        0.5737621784210205
      ],
      "team1_step_reward": 0.0,
      "winner": null
    },
    {
      "ball_pos": [
        -7.360637664794922,
        0.9693148136138916
      ],
      "reward_shaping": null,
      "score": null,
      "step": 4,
      "team0_centroid": [
        5.102538764476776,
        -0.2512059211730957
      ],
      "team0_step_reward": 0.0,
      "team1_centroid": [
        -12.76453971862793,
        0.8564303517341614
      ],
      "team1_step_reward": 0.0,
      "winner": null
    },
    {
      "ball_pos": [
        -10.306907653808594,
        0.5842850208282471
      ],
      "reward_shaping": null,
      "score": null,
      "step": 5,
      "team0_centroid": [
        4.744975984096527,
        -0.5938490629196167
      ],
      "team0_step_reward": 0.0,
      "team1_centroid": [
        -13.154841423034668,
        1.1422219276428223
      ],
      "team1_step_reward": 0.0,
      "winner": null
    },
    {
      "ball_pos": [
        -12.921485900878906,
        0.24260224401950836
      ],
      "reward_shaping": null,
      "score": null,
      "step": 6,
      "team0_centroid": [
        4.731205463409424,
        -0.992150068283081
      ],
      "team0_step_reward": 0.0,
      "team1_centroid": [
        -13.455150127410889,
        1.4365209937095642
      ],
      "team1_step_reward": 0.0,
      "winner": null
    },
    {
      "ball_pos": [
        -15.236238479614258,
        -0.05989845469594002
      ],
      "reward_shaping": null,
      "score": null,
      "step": 7,
      "team0_centroid": [
        4.8842726945877075,
        -1.2463078498840332
      ],
      "team0_step_reward": 0.0,
      "team1_centroid": [
        -13.562681198120117,
        1.7562097311019897
      ],
      "team1_step_reward": 0.0,
      "winner": null
    },
    {
      "ball_pos": [
        -15.411897659301758,
        -0.09751255810260773
      ],
      "reward_shaping": null,
      "score": null,
      "step": 8,
      "team0_centroid": [
        4.928735136985779,
        -1.2856419086456299
      ],
      "team0_step_reward": 1.983199954032898,
      "team1_centroid": [
        -13.555727005004883,
        1.8105998635292053
      ],
      "team1_step_reward": -2.0,
      "winner": null
    }
  ],
  "team0_module": "ceia_baseline_agent",
  "team1_module": "example_player_agent.agent_random"
}