{
  "classification": {
    "labels": [
      "win"
    ],
    "primary_label": "win"
  },
  "cumulative_team0_reward": 1.9711999893188477,
  "cumulative_team1_reward": -2.0,
  "episode_index": 428,
  "final_score": null,
  "final_team0_step_reward": 1.9711999893188477,
  "final_team1_step_reward": -2.0,
  "final_winner": null,
  "metrics": {
    "mean_ball_x": 5.6907857894897464,
    "tail_mean_ball_x": 5.6907857894897464,
    "team0_possession_ratio": null,
    "team0_progress_toward_goal": 0.0,
    "team0_shaping_reward_sum": 0.0,
    "team1_possession_ratio": null,
    "team1_progress_toward_goal": 0.0,
    "team1_shaping_reward_sum": 0.0
  },
  "outcome": "team0_win",
  "sampled_trace": [
    {
      "ball_pos": [
        0.9771685600280762,
        -0.7890543937683105
      ],
      "reward_shaping": null,
      "score": null,
      "step": 0,
      "team0_centroid": [
        -9.50179409980774,
        -0.09459614753723145
      ],
      "team0_step_reward": 0.0,
      "team1_centroid": [
        8.047731399536133,
        -0.13675779104232788
      ],
      "team1_step_reward": 0.0,
      "winner": null
    },
    {
      "ball_pos": [
        8.527083396911621,
        -0.9448381662368774
      ],
      "reward_shaping": null,
      "score": null,
      "step": 10,
      "team0_centroid": [
        1.1002180576324463,
        -1.9839072823524475
      ],
      "team0_step_reward": 0.0,
      "team1_centroid": [
        6.887535572052002,
        -1.8134886026382446
      ],
      "team1_step_reward": 0.0,
      "winner": null
    }
  ],
  "steps": 15,
  "tail_trace": [
    {
      "ball_pos": [
        0.9771685600280762,
        -0.7890543937683105
      ],
      "reward_shaping": null,
      "score": null,
      "step": 0,
      "team0_centroid": [
        -9.50179409980774,
        -0.09459614753723145
      ],
      "team0_step_reward": 0.0,
      "team1_centroid": [
        8.047731399536133,
        -0.13675779104232788
      ],
      "team1_step_reward": 0.0,
      "winner": null
    },
    {
      "ball_pos": [
        0.9771685600280762,
        -0.7890543937683105
      ],
      "reward_shaping": null,
      "score": null,
      "step": 1,
      "team0_centroid": [
        -9.564147472381592,
        -0.1949934959411621
      ],
      "team0_step_reward": 0.0,
      "team1_centroid": [
        7.778549671173096,
        -0.17477673292160034
      ],
      "team1_step_reward": 0.0,
      "winner": null
    },
    {
      "ball_pos": [
        0.9771685600280762,
        -0.7890543937683105
      ],
      "reward_shaping": null,
      "score": null,
      "step": 2,
      "team0_centroid": [
        -9.216054439544678,
        -0.2822476029396057
      ],
      "team0_step_reward": 0.0,
      "team1_centroid": [
        7.646415948867798,
        -0.1501186490058899
      ],
      "team1_step_reward": 0.0,
      "winner": null
    },
    {
      "ball_pos": [
        0.9771685600280762,
        -0.7890543937683105
      ],
      "reward_shaping": null,
      "score": null,
      "step": 3,
      "team0_centroid": [
        -8.83295726776123,
        -0.35604265332221985
      ],
      "team0_step_reward": 0.0,
      "team1_centroid": [
        7.477703332901001,
        -0.104207843542099
      ],
      "team1_step_reward": 0.0,
      "winner": null
    },
    {
      "ball_pos": [
        0.9771685600280762,
        -0.7890543937683105
      ],
      "reward_shaping": null,
      "score": null,
      "step": 4,
      "team0_centroid": [
        -8.315533757209778,
        -0.5392117351293564
      ],
      "team0_step_reward": 0.0,
      "team1_centroid": [
        7.277615308761597,
        -0.04229635000228882
      ],
      "team1_step_reward": 0.0,
      "winner": null
    },
    {
      "ball_pos": [
        0.9771685600280762,
        -0.7890543937683105
      ],
      "reward_shaping": null,
      "score": null,
      "step": 5,
      "team0_centroid": [
        -7.300840735435486,
        -0.8524562641978264
      ],
      "team0_step_reward": 0.0,
      "team1_centroid": [
        7.114496946334839,
        -0.14368075132369995
      ],
      "team1_step_reward": 0.0,
      "winner": null
    },
    {
      "ball_pos": [
        0.9771685600280762,
        -0.7890543937683105
      ],
      "reward_shaping": null,
      "score": null,
      "step": 6,
      "team0_centroid": [
        -6.0103637129068375,
        -1.1079673767089844
      ],
      "team0_step_reward": 0.0,
      "team1_centroid": [
        6.9179527759552,
        -0.4338366389274597
      ],
      "team1_step_reward": 0.0,
      "winner": null
    },
    {
      "ball_pos": [
        2.9688796997070312,
        -0.9467629194259644
      ],
      "reward_shaping": null,
      "score": null,
      "step": 7,
      "team0_centroid": [
        -4.498539924621582,
        -1.3263561725616455
      ],
      "team0_step_reward": 0.0,
      "team1_centroid": [
        6.7638139724731445,
        -0.7195086479187012
      ],
      "team1_step_reward": 0.0,
      "winner": null
    },
    {
      "ball_pos": [
        4.884371757507324,
        -1.0479367971420288
      ],
      "reward_shaping": null,
      "score": null,
      "step": 8,
      "team0_centroid": [
        -2.8612314462661743,
        -1.5150992274284363
      ],
      "team0_step_reward": 0.0,
      "team1_centroid": [
        6.611085653305054,
        -1.059058666229248
      ],
      "team1_step_reward": 0.0,
      "winner": null
    },
    {
      "ball_pos": [
        6.566859722137451,
        -1.1368391513824463
      ],
      "reward_shaping": null,
      "score": null,
      "step": 9,
      "team0_centroid": [
        -1.0277302265167236,
        -1.7368398904800415
      ],
      "team0_step_reward": 0.0,
      "team1_centroid": [
        6.680580377578735,
        -1.4658380150794983
      ],
      "team1_step_reward": 0.0,
      "winner": null
    },
    {
      "ball_pos": [
        8.527083396911621,
        -0.9448381662368774
      ],
      "reward_shaping": null,
      "score": null,
      "step": 10,
      "team0_centroid": [
        1.1002180576324463,
        -1.9839072823524475
      ],
      "team0_step_reward": 0.0,
      "team1_centroid": [
        6.887535572052002,
        -1.8134886026382446
      ],
      "team1_step_reward": 0.0,
      "winner": null
    },
    {
      "ball_pos": [
        11.100566864013672,
        0.19222591817378998
      ],
      "reward_shaping": null,
      "score": null,
      "step": 11,
      "team0_centroid": [
        2.934068441390991,
        -2.0757052302360535
      ],
      "team0_step_reward": 0.0,
      "team1_centroid": [
        7.28749942779541,
        -2.1655733585357666
      ],
      "team1_step_reward": 0.0,
      "winner": null
    },
    {
      "ball_pos": [
        13.38156509399414,
        1.2010858058929443
      ],
      "reward_shaping": null,
      "score": null,
      "step": 12,
      "team0_centroid": [
        4.26540207862854,
        -1.9219410419464111
      ],
      "team0_step_reward": 0.0,
      "team1_centroid": [
        7.698850154876709,
        -2.546327769756317
      ],
      "team1_step_reward": 0.0,
      "winner": null
    },
    {
      "ball_pos": [
        15.398563385009766,
        2.0931882858276367
      ],
      "reward_shaping": null,
      "score": null,
      "step": 13,
      "team0_centroid": [
        5.1890047788619995,
        -1.6510551869869232
      ],
      "team0_step_reward": 0.0,
      "team1_centroid": [
        7.750983953475952,
        -2.798187881708145
      ],
      "team1_step_reward": 0.0,
      "winner": null
    },
    {
      "ball_pos": [
        15.693717002868652,
        2.2352511882781982
      ],
      "reward_shaping": null,
      "score": null,
      "step": 14,
      "team0_centroid": [
        5.33188533782959,
        -1.5974837243556976
      ],
      "team0_step_reward": 1.9711999893188477,