{
  "classification": {
    "labels": [
      "win"
    ],
    "primary_label": "win"
  },
  "cumulative_team0_reward": 1.934000015258789,
  "cumulative_team1_reward": -2.0,
  "episode_index": 45,
  "final_score": null,
  "final_team0_step_reward": 1.934000015258789,
  "final_team1_step_reward": -2.0,
  "final_winner": null,
  "metrics": {
    "mean_ball_x": -3.8086177693171934,
    "tail_mean_ball_x": -4.193672509491444,
    "team0_possession_ratio": null,
    "team0_progress_toward_goal": 0.0,
    "team0_shaping_reward_sum": 0.0,
    "team1_possession_ratio": null,
    "team1_progress_toward_goal": 0.0,
    "team1_shaping_reward_sum": 0.0
  },
  "outcome": "team0_win",
  "sampled_trace": [
    {
      "ball_pos": [
        0.04192963242530823,
        1.1184895038604736
      ],
      "reward_shaping": null,
      "score": null,
      "step": 0,
      "team0_centroid": [
        8.639755010604858,
        -0.043067336082458496
      ],
      "team0_step_reward": 0.0,
      "team1_centroid": [
        -8.43559205532074,
        -0.1368677020072937
      ],
      "team1_step_reward": 0.0,
      "winner": null
    },
    {
      "ball_pos": [
        0.04192963242530823,
        1.1184895038604736
      ],
      "reward_shaping": null,
      "score": null,
      "step": 10,
      "team0_centroid": [
        6.158335566520691,
        0.04233682155609131
      ],
      "team0_step_reward": 0.0,
      "team1_centroid": [
        -7.110283434391022,
        -1.3901735432446003
      ],
      "team1_step_reward": 0.0,
      "winner": null
    },
    {
      "ball_pos": [
        -2.895282745361328,
        -6.423850059509277
      ],
      "reward_shaping": null,
      "score": null,
      "step": 20,
      "team0_centroid": [
        0.7065398693084717,
        -2.5177191495895386
      ],
      "team0_step_reward": 0.0,
      "team1_centroid": [
        -7.676226019859314,
        -1.5461967587471008
      ],
      "team1_step_reward": 0.0,
      "winner": null
    },
    {
      "ball_pos": [
        -13.832737922668457,
        -0.962335467338562
      ],
      "reward_shaping": null,
      "score": null,
      "step": 30,
      "team0_centroid": [
        -3.355879306793213,
        -5.058215379714966
      ],
      "team0_step_reward": 0.0,
      "team1_centroid": [
        -5.900119036436081,
        -1.5543983206152916
      ],
      "team1_step_reward": 0.0,
      "winner": null
    }
  ],
  "steps": 33,
  "tail_trace": [
    {
      "ball_pos": [
        0.04192963242530823,
        1.1184895038604736
      ],
      "reward_shaping": null,
      "score": null,
      "step": 3,
      "team0_centroid": [
        7.321815252304077,
        -0.7871522903442383
      ],
      "team0_step_reward": 0.0,
      "team1_centroid": [
        -8.309769868850708,
        -1.0175850242376328
      ],
      "team1_step_reward": 0.0,
      "winner": null
    },
    {
      "ball_pos": [
        0.04192963242530823,
        1.1184895038604736
      ],
      "reward_shaping": null,
      "score": null,
      "step": 4,
      "team0_centroid": [
        6.949506759643555,
        -0.8997547253966331
      ],
      "team0_step_reward": 0.0,
      "team1_centroid": [
        -8.057817697525024,
        -1.37344092130661
      ],
      "team1_step_reward": 0.0,
      "winner": null
    },
    {
      "ball_pos": [
        0.04192963242530823,
        1.1184895038604736
      ],
      "reward_shaping": null,
      "score": null,
      "step": 5,
      "team0_centroid": [
        6.687695860862732,
        -1.016210600733757
      ],
      "team0_step_reward": 0.0,
      "team1_centroid": [
        -7.912714958190918,
        -1.6315536499023438
      ],
      "team1_step_reward": 0.0,
      "winner": null
    },
    {
      "ball_pos": [
        0.04192963242530823,
        1.1184895038604736
      ],
      "reward_shaping": null,
      "score": null,
      "step": 6,
      "team0_centroid": [
        6.511083483695984,
        -1.0921278893947601
      ],
      "team0_step_reward": 0.0,
      "team1_centroid": [
        -7.79340672492981,
        -1.6238139271736145
      ],
      "team1_step_reward": 0.0,
      "winner": null
    },
    {
      "ball_pos": [
        0.04192963242530823,
        1.1184895038604736
      ],
      "reward_shaping": null,
      "score": null,
      "step": 7,
      "team0_centroid": [
        6.5910972356796265,
        -0.9720205068588257
      ],
      "team0_step_reward": 0.0,
      "team1_centroid": [
        -7.647658348083496,
        -1.4054585099220276
      ],
      "team1_step_reward": 0.0,
      "winner": null
    },
    {
      "ball_pos": [
        0.04192963242530823,
        1.1184895038604736
      ],
      "reward_shaping": null,
      "score": null,
      "step": 8,
      "team0_centroid": [
        6.704697132110596,
        -0.659029483795166
      ],
      "team0_step_reward": 0.0,
      "team1_centroid": [
        -7.3758145570755005,
        -1.3011916279792786
      ],
      "team1_step_reward": 0.0,
      "winner": null
    },
    {
      "ball_pos": [
        0.04192963242530823,
        1.1184895038604736
      ],
      "reward_shaping": null,
      "score": null,
      "step": 9,
      "team0_centroid": [
        6.68845534324646,
        -0.21961510181427002
      ],
      "team0_step_reward": 0.0,
      "team1_centroid": [
        -7.184528291225433,
        -1.2840150743722916
      ],
      "team1_step_reward": 0.0,
      "winner": null
    },
    {
      "ball_pos": [
        0.04192963242530823,
        1.1184895038604736
      ],
      "reward_shaping": null,
      "score": null,
      "step": 10,
      "team0_centroid": [
        6.158335566520691,
        0.04233682155609131
      ],
      "team0_step_reward": 0.0,
      "team1_centroid": [
        -7.110283434391022,
        -1.3901735432446003
      ],
      "team1_step_reward": 0.0,
      "winner": null
    },
    {
      "ball_pos": [
        0.04192963242530823,
        1.1184895038604736
      ],
      "reward_shaping": null,
      "score": null,
      "step": 11,
      "team0_centroid": [
        5.517380177974701,
        0.15508854389190674
      ],
      "team0_step_reward": 0.0,
      "team1_centroid": [
        -7.217660486698151,
        -1.6263402923941612
      ],
      "team1_step_reward": 0.0,
      "winner": null
    },
    {
      "ball_pos": [
        -0.11846472322940826,
        0.6410982608795166
      ],
      "reward_shaping": null,
      "score": null,
      "step": 12,
      "team0_centroid": [
        5.115669697523117,
        0.1726437211036682
      ],
      "team0_step_reward": 0.0,
      "team1_centroid": [
        -7.360009431838989,
        -1.8949878960847855
      ],
      "team1_step_reward": 0.0,
      "winner": null
    },
    {
      "ball_pos": [
        -0.6704801321029663,
        -0.9766368865966797
      ],
      "reward_shaping": null,
      "score": null,
      "step": 13,
      "team0_centroid": [
        4.8643566109240055,
        0.1492043137550354
      ],
      "team0_step_reward": 0.0,
      "team1_centroid": [
        -7.4464462995529175,
        -2.2435909509658813
      ],
      "team1_step_reward": 0.0,
      "winner": null
    },
    {
      "ball_pos": [
        -1.153802514076233,
        -2.3924763202667236
      ],
      "reward_shaping": null,
      "score": null,
      "step": 14,
      "team0_centroid": [
        4.687035653740168,
        0.13165763020515442
      ],
      "team0_step_reward": 0.0,
      "team1_centroid": [
        -7.464775085449219,
        -2.4965415000915527
      ],
      "team1_step_reward": 0.0,
      "winner": null
    },
    {
      "ball_pos": [
        -1.5748486518859863,
        -3.625880241394043
      ],
      "reward_shaping": null,
      "score": null,
      "step": 15,
      "team0_centroid": [
        4.365374619141221,
        -0.06285202503204346
      ],
      "team0_step_reward": 0.0,