{
  "classification": {
    "labels": [
      "win"
    ],
    "primary_label": "win"
  },
  "cumulative_team0_reward": 1.9199999570846558,
  "cumulative_team1_reward": -2.0,
  "episode_index": 322,
  "final_score": null,
  "final_team0_step_reward": 1.9199999570846558,
  "final_team1_step_reward": -2.0,
  "final_winner": null,
  "metrics": {
    "mean_ball_x": 9.5681507691741,
    "tail_mean_ball_x": 12.903460502624512,
    "team0_possession_ratio": null,
    "team0_progress_toward_goal": 0.0,
    "team0_shaping_reward_sum": 0.0,
    "team1_possession_ratio": null,
    "team1_progress_toward_goal": 0.0,
    "team1_shaping_reward_sum": 0.0
  },
  "outcome": "team0_win",
  "sampled_trace": [
    {
      "ball_pos": [
        -1.5667128562927246,
        -1.3139581680297852
      ],
      "reward_shaping": null,
      "score": null,
      "step": 0,
      "team0_centroid": [
        -7.912905216217041,
        -0.07756811380386353
      ],
      "team0_step_reward": 0.0,
      "team1_centroid": [
        12.648611068725586,
        0.13711309432983398
      ],
      "team1_step_reward": 0.0,
      "winner": null
    },
    {
      "ball_pos": [
        6.129030227661133,
        5.3006086349487305
      ],
      "reward_shaping": null,
      "score": null,
      "step": 10,
      "team0_centroid": [
        2.9194564819335938,
        -0.47613106667995453
      ],
      "team0_step_reward": 0.0,
      "team1_centroid": [
        10.472351551055908,
        0.6311776340007782
      ],
      "team1_step_reward": 0.0,
      "winner": null
    },
    {
      "ball_pos": [
        12.798407554626465,
        2.065401077270508
      ],
      "reward_shaping": null,
      "score": null,
      "step": 20,
      "team0_centroid": [
        2.819354295730591,
        -1.6250600814819336
      ],
      "team0_step_reward": 0.0,
      "team1_centroid": [
        7.701653718948364,
        -0.29601287841796875
      ],
      "team1_step_reward": 0.0,
      "winner": null
    },
    {
      "ball_pos": [
        14.528702735900879,
        0.28269392251968384
      ],
      "reward_shaping": null,
      "score": null,
      "step": 30,
      "team0_centroid": [
        4.942305684089661,
        -2.583147346973419
      ],
      "team0_step_reward": 0.0,
      "team1_centroid": [
        5.348361670970917,
        2.56832218170166
      ],
      "team1_step_reward": 0.0,
      "winner": null
    }
  ],
  "steps": 40,
  "tail_trace": [
    {
      "ball_pos": [
        6.129030227661133,
        5.3006086349487305
      ],
      "reward_shaping": null,
      "score": null,
      "step": 10,
      "team0_centroid": [
        2.9194564819335938,
        -0.47613106667995453
      ],
      "team0_step_reward": 0.0,
      "team1_centroid": [
        10.472351551055908,
        0.6311776340007782
      ],
      "team1_step_reward": 0.0,
      "winner": null
    },
    {
      "ball_pos": [
        7.726171493530273,
        6.7368669509887695
      ],
      "reward_shaping": null,
      "score": null,
      "step": 11,
      "team0_centroid": [
        3.6776256561279297,
        -0.2434884011745453
      ],
      "team0_step_reward": 0.0,
      "team1_centroid": [
        10.25105094909668,
        0.5355253517627716
      ],
      "team1_step_reward": 0.0,
      "winner": null
    },
    {
      "ball_pos": [
        8.774797439575195,
        6.211489200592041
      ],
      "reward_shaping": null,
      "score": null,
      "step": 12,
      "team0_centroid": [
        4.222674250602722,
        -0.27051764726638794
      ],
      "team0_step_reward": 0.0,
      "team1_centroid": [
        9.87503719329834,
        0.24950087070465088
      ],
      "team1_step_reward": 0.0,
      "winner": null
    },
    {
      "ball_pos": [
        9.586542129516602,
        5.374554634094238
      ],
      "reward_shaping": null,
      "score": null,
      "step": 13,
      "team0_centroid": [
        4.5514737367630005,
        -0.3764926791191101
      ],
      "team0_step_reward": 0.0,
      "team1_centroid": [
        9.515950679779053,
        -0.2105174958705902
      ],
      "team1_step_reward": 0.0,
      "winner": null
    },
    {
      "ball_pos": [
        10.286417007446289,
        4.653478622436523
      ],
      "reward_shaping": null,
      "score": null,
      "step": 14,
      "team0_centroid": [
        4.681420564651489,
        -0.45276713371276855
      ],
      "team0_step_reward": 0.0,
      "team1_centroid": [
        9.324735164642334,
        -0.6007694527506828
      ],
      "team1_step_reward": 0.0,
      "winner": null
    },
    {
      "ball_pos": [
        10.884900093078613,
        4.036868095397949
      ],
      "reward_shaping": null,
      "score": null,
      "step": 15,
      "team0_centroid": [
        4.514409065246582,
        -0.49247682094573975
      ],
      "team0_step_reward": 0.0,
      "team1_centroid": [
        9.154106616973877,
        -0.7401515990495682
      ],
      "team1_step_reward": 0.0,
      "winner": null
    },
    {
      "ball_pos": [
        11.391732215881348,
        3.5146844387054443
      ],
      "reward_shaping": null,
      "score": null,
      "step": 16,
      "team0_centroid": [
        3.9887481927871704,
        -0.6115591526031494
      ],
      "team0_step_reward": 0.0,
      "team1_centroid": [
        9.065054893493652,
        -0.7384200990200043
      ],
      "team1_step_reward": 0.0,
      "winner": null
    },
    {
      "ball_pos": [
        11.815718650817871,
        3.077855348587036
      ],
      "reward_shaping": null,
      "score": null,
      "step": 17,
      "team0_centroid": [
        3.4318926334381104,
        -0.6919564604759216
      ],
      "team0_step_reward": 0.0,
      "team1_centroid": [
        8.796015739440918,
        -0.6695890426635742
      ],
      "team1_step_reward": 0.0,
      "winner": null
    },
    {
      "ball_pos": [
        12.177289009094238,
        2.7053327560424805
      ],
      "reward_shaping": null,
      "score": null,
      "step": 18,
      "team0_centroid": [
        3.0650538206100464,
        -0.8413936495780945
      ],
      "team0_step_reward": 0.0,
      "team1_centroid": [
        8.296124696731567,
        -0.6975758671760559
      ],
      "team1_step_reward": 0.0,
      "winner": null
    },
    {
      "ball_pos": [
        12.503612518310547,
        2.3691246509552
      ],
      "reward_shaping": null,
      "score": null,
      "step": 19,
      "team0_centroid": [
        2.886332154273987,
        -1.168278694152832
      ],
      "team0_step_reward": 0.0,
      "team1_centroid": [
        8.010387420654297,
        -0.5108453035354614
      ],
      "team1_step_reward": 0.0,
      "winner": null
    },
    {
      "ball_pos": [
        12.798407554626465,
        2.065401077270508
      ],
      "reward_shaping": null,
      "score": null,
      "step": 20,
      "team0_centroid": [
        2.819354295730591,
        -1.6250600814819336
      ],
      "team0_step_reward": 0.0,
      "team1_centroid": [
        7.701653718948364,
        -0.29601287841796875
      ],
      "team1_step_reward": 0.0,
      "winner": null
    },
    {
      "ball_pos": [
        13.063623428344727,
        1.7921520471572876
      ],
      "reward_shaping": null,
      "score": null,
      "step": 21,
      "team0_centroid": [
        2.571911096572876,
        -2.1190927028656006
      ],
      "team0_step_reward": 0.0,
      "team1_centroid": [
        7.314399480819702,
        -0.22368860244750977
      ],
      "team1_step_reward": 0.0,
      "winner": null
    },
    {
      "ball_pos": [
        13.300082206726074,
        1.548532485961914
      ],
      "reward_shaping": null,
      "score": null,
      "step": 22,
      "team0_centroid": [
        2.2783336639404297,
        -2.516611546278
      ],
      "team0_step_reward": 0.0,
      "team1_centroid": [
        7.156311273574829,
        0.06995868682861328
      ],