{
  "classification": {
    "labels": [
      "win"
    ],
    "primary_label": "win"
  },
  "cumulative_team0_reward": 1.9495999813079834,
  "cumulative_team1_reward": -2.0,
  "episode_index": 288,
  "final_score": null,
  "final_team0_step_reward": 1.9495999813079834,
  "final_team1_step_reward": -2.0,
  "final_winner": null,
  "metrics": {
    "mean_ball_x": 4.1320790100097655,
    "tail_mean_ball_x": 4.1320790100097655,
    "team0_possession_ratio": null,
    "team0_progress_toward_goal": 0.0,
    "team0_shaping_reward_sum": 0.0,
    "team1_possession_ratio": null,
    "team1_progress_toward_goal": 0.0,
    "team1_shaping_reward_sum": 0.0
  },
  "outcome": "team0_win",
  "sampled_trace": [
    {
      "ball_pos": [
        2.303934097290039,
        -0.5489716529846191
      ],
      "reward_shaping": null,
      "score": null,
      "step": 0,
      "team0_centroid": [
        -11.399306774139404,
        0.12457889318466187
      ],
      "team0_step_reward": 0.0,
      "team1_centroid": [
        9.77817964553833,
        0.016263723373413086
      ],
      "team1_step_reward": 0.0,
      "winner": null
    },
    {
      "ball_pos": [
        2.303934097290039,
        -0.5489716529846191
      ],
      "reward_shaping": null,
      "score": null,
      "step": 10,
      "team0_centroid": [
        -6.595501616597176,
        2.158389061689377
      ],
      "team0_step_reward": 0.0,
      "team1_centroid": [
        10.697896957397461,
        -0.0797625184059143
      ],
      "team1_step_reward": 0.0,
      "winner": null
    },
    {
      "ball_pos": [
        6.445209503173828,
        -0.776934027671814
      ],
      "reward_shaping": null,
      "score": null,
      "step": 20,
      "team0_centroid": [
        -4.718089580535889,
        3.103603333234787
      ],
      "team0_step_reward": 0.0,
      "team1_centroid": [
        11.795013189315796,
        1.334935188293457
      ],
      "team1_step_reward": 0.0,
      "winner": null
    }
  ],
  "steps": 25,
  "tail_trace": [
    {
      "ball_pos": [
        2.303934097290039,
        -0.5489716529846191
      ],
      "reward_shaping": null,
      "score": null,
      "step": 0,
      "team0_centroid": [
        -11.399306774139404,
        0.12457889318466187
      ],
      "team0_step_reward": 0.0,
      "team1_centroid": [
        9.77817964553833,
        0.016263723373413086
      ],
      "team1_step_reward": 0.0,
      "winner": null
    },
    {
      "ball_pos": [
        2.303934097290039,
        -0.5489716529846191
      ],
      "reward_shaping": null,
      "score": null,
      "step": 1,
      "team0_centroid": [
        -11.100506782531738,
        0.3590191900730133
      ],
      "team0_step_reward": 0.0,
      "team1_centroid": [
        10.096632480621338,
        0.18278345465660095
      ],
      "team1_step_reward": 0.0,
      "winner": null
    },
    {
      "ball_pos": [
        2.303934097290039,
        -0.5489716529846191
      ],
      "reward_shaping": null,
      "score": null,
      "step": 2,
      "team0_centroid": [
        -10.679301738739014,
        0.6027098298072815
      ],
      "team0_step_reward": 0.0,
      "team1_centroid": [
        10.32420015335083,
        0.30603617429733276
      ],
      "team1_step_reward": 0.0,
      "winner": null
    },
    {
      "ball_pos": [
        2.303934097290039,
        -0.5489716529846191
      ],
      "reward_shaping": null,
      "score": null,
      "step": 3,
      "team0_centroid": [
        -10.225112676620483,
        0.8006331324577332
      ],
      "team0_step_reward": 0.0,
      "team1_centroid": [
        10.484728813171387,
        0.3551584780216217
      ],
      "team1_step_reward": 0.0,
      "winner": null
    },
    {
      "ball_pos": [
        2.303934097290039,
        -0.5489716529846191
      ],
      "reward_shaping": null,
      "score": null,
      "step": 4,
      "team0_centroid": [
        -9.641082286834717,
        0.9638232588768005
      ],
      "team0_step_reward": 0.0,
      "team1_centroid": [
        10.377102375030518,
        0.3264714479446411
      ],
      "team1_step_reward": 0.0,
      "winner": null
    },
    {
      "ball_pos": [
        2.303934097290039,
        -0.5489716529846191
      ],
      "reward_shaping": null,
      "score": null,
      "step": 5,
      "team0_centroid": [
        -8.809056043624878,
        1.0795469880104065
      ],
      "team0_step_reward": 0.0,
      "team1_centroid": [
        10.13517427444458,
        0.4153042286634445
      ],
      "team1_step_reward": 0.0,
      "winner": null
    },
    {
      "ball_pos": [
        2.303934097290039,
        -0.5489716529846191
      ],
      "reward_shaping": null,
      "score": null,
      "step": 6,
      "team0_centroid": [
        -8.055176019668579,
        1.1510586440563202
      ],
      "team0_step_reward": 0.0,
      "team1_centroid": [
        10.004444599151611,
        0.5085730738937855
      ],
      "team1_step_reward": 0.0,
      "winner": null
    },
    {
      "ball_pos": [
        2.303934097290039,
        -0.5489716529846191
      ],
      "reward_shaping": null,
      "score": null,
      "step": 7,
      "team0_centroid": [
        -7.508624732494354,
        1.3461974263191223
      ],
      "team0_step_reward": 0.0,
      "team1_centroid": [
        9.81293535232544,
        0.40585559606552124
      ],
      "team1_step_reward": 0.0,
      "winner": null
    },
    {
      "ball_pos": [
        2.303934097290039,
        -0.5489716529846191
      ],
      "reward_shaping": null,
      "score": null,
      "step": 8,
      "team0_centroid": [
        -7.101408898830414,
        1.5638958811759949
      ],
      "team0_step_reward": 0.0,
      "team1_centroid": [
        9.910801887512207,
        0.2533663213253021
      ],
      "team1_step_reward": 0.0,
      "winner": null
    },
    {
      "ball_pos": [
        2.303934097290039,
        -0.5489716529846191
      ],
      "reward_shaping": null,
      "score": null,
      "step": 9,
      "team0_centroid": [
        -6.80445858836174,
        1.8628951013088226
      ],
      "team0_step_reward": 0.0,
      "team1_centroid": [
        10.242550373077393,
        0.032103925943374634
      ],
      "team1_step_reward": 0.0,
      "winner": null
    },
    {
      "ball_pos": [
        2.303934097290039,
        -0.5489716529846191
      ],
      "reward_shaping": null,
      "score": null,
      "step": 10,
      "team0_centroid": [
        -6.595501616597176,
        2.158389061689377
      ],
      "team0_step_reward": 0.0,
      "team1_centroid": [
        10.697896957397461,
        -0.0797625184059143
      ],
      "team1_step_reward": 0.0,
      "winner": null
    },
    {
      "ball_pos": [
        2.303934097290039,
        -0.5489716529846191
      ],
      "reward_shaping": null,
      "score": null,
      "step": 11,
      "team0_centroid": [
        -6.433377545326948,
        2.365004241466522
      ],
      "team0_step_reward": 0.0,
      "team1_centroid": [
        11.09541130065918,
        -0.11203128099441528
      ],
      "team1_step_reward": 0.0,
      "winner": null
    },
    {
      "ball_pos": [
        2.303934097290039,
        -0.5489716529846191
      ],
      "reward_shaping": null,
      "score": null,
      "step": 12,
      "team0_centroid": [
        -6.294703125953674,
        2.514345645904541
      ],
      "team0_step_reward": 0.0,
      "team1_centroid": [
        11.255345582962036,
        -0.057414233684539795
      ],
      "team1_step_reward": 0.0,
      "winner": null
    },
    {
      "ball_pos": [
        2.303934097290039,
        -0.5489716529846191
      ],
      "reward_shaping": null,
      "score": null,
      "step": 13,
      "team0_centroid": [
        -6.177708752453327,
        2.6215038299560547
      ],
      "team0_step_reward": 0.0,