{
  "classification": {
    "labels": [
      "win"
    ],
    "primary_label": "win"
  },
  "cumulative_team0_reward": 1.9359999895095825,
  "cumulative_team1_reward": -2.0,
  "episode_index": 330,
  "final_score": null,
  "final_team0_step_reward": 1.9359999895095825,
  "final_team1_step_reward": -2.0,
  "final_winner": null,
  "metrics": {
    "mean_ball_x": 5.850026283413172,
    "tail_mean_ball_x": 6.341878076394399,
    "team0_possession_ratio": null,
    "team0_progress_toward_goal": 0.0,
    "team0_shaping_reward_sum": 0.0,
    "team1_possession_ratio": null,
    "team1_progress_toward_goal": 0.0,
    "team1_shaping_reward_sum": 0.0
  },
  "outcome": "team0_win",
  "sampled_trace": [
    {
      "ball_pos": [
        -1.0912742614746094,
        2.236945152282715
      ],
      "reward_shaping": null,
      "score": null,
      "step": 0,
      "team0_centroid": [
        -10.820717811584473,
        0.13525956869125366
      ],
      "team0_step_reward": 0.0,
      "team1_centroid": [
        5.682326674461365,
        0.03677201271057129
      ],
      "team1_step_reward": 0.0,
      "winner": null
    },
    {
      "ball_pos": [
        4.6511125564575195,
        -6.559021949768066
      ],
      "reward_shaping": null,
      "score": null,
      "step": 10,
      "team0_centroid": [
        -5.181738615036011,
        1.2303802222013474
      ],
      "team0_step_reward": 0.0,
      "team1_centroid": [
        5.8142958879470825,
        0.7831185460090637
      ],
      "team1_step_reward": 0.0,
      "winner": null
    },
    {
      "ball_pos": [
        9.300429344177246,
        -1.7009005546569824
      ],
      "reward_shaping": null,
      "score": null,
      "step": 20,
      "team0_centroid": [
        -1.506132960319519,
        -0.645919144153595
      ],
      "team0_step_reward": 0.0,
      "team1_centroid": [
        4.214039603248239,
        0.5617607831954956
      ],
      "team1_step_reward": 0.0,
      "winner": null
    },
    {
      "ball_pos": [
        14.15565013885498,
        -1.7652664184570312
      ],
      "reward_shaping": null,
      "score": null,
      "step": 30,
      "team0_centroid": [
        7.8530824184417725,
        -0.32505232840776443
      ],
      "team0_step_reward": 0.0,
      "team1_centroid": [
        4.969869136810303,
        0.19243860244750977
      ],
      "team1_step_reward": 0.0,
      "winner": null
    }
  ],
  "steps": 32,
  "tail_trace": [
    {
      "ball_pos": [
        -2.704803228378296,
        1.9982821941375732
      ],
      "reward_shaping": null,
      "score": null,
      "step": 2,
      "team0_centroid": [
        -10.089564323425293,
        0.9082651734352112
      ],
      "team0_step_reward": 0.0,
      "team1_centroid": [
        5.607661128044128,
        0.2883985638618469
      ],
      "team1_step_reward": 0.0,
      "winner": null
    },
    {
      "ball_pos": [
        -3.3257219791412354,
        1.9064397811889648
      ],
      "reward_shaping": null,
      "score": null,
      "step": 3,
      "team0_centroid": [
        -9.62039852142334,
        1.2985695451498032
      ],
      "team0_step_reward": 0.0,
      "team1_centroid": [
        5.671770930290222,
        0.45113611221313477
      ],
      "team1_step_reward": 0.0,
      "winner": null
    },
    {
      "ball_pos": [
        -3.840442657470703,
        1.830305576324463
      ],
      "reward_shaping": null,
      "score": null,
      "step": 4,
      "team0_centroid": [
        -9.027788162231445,
        1.581371694803238
      ],
      "team0_step_reward": 0.0,
      "team1_centroid": [
        5.740176200866699,
        0.41290283203125
      ],
      "team1_step_reward": 0.0,
      "winner": null
    },
    {
      "ball_pos": [
        -4.294013023376465,
        1.763216257095337
      ],
      "reward_shaping": null,
      "score": null,
      "step": 5,
      "team0_centroid": [
        -8.2052640914917,
        1.7747471332550049
      ],
      "team0_step_reward": 0.0,
      "team1_centroid": [
        6.035615921020508,
        0.2702118754386902
      ],
      "team1_step_reward": 0.0,
      "winner": null
    },
    {
      "ball_pos": [
        -3.5825836658477783,
        0.9941151142120361
      ],
      "reward_shaping": null,
      "score": null,
      "step": 6,
      "team0_centroid": [
        -7.252151727676392,
        1.8783853650093079
      ],
      "team0_step_reward": 0.0,
      "team1_centroid": [
        6.398304581642151,
        0.16645210981369019
      ],
      "team1_step_reward": 0.0,
      "winner": null
    },
    {
      "ball_pos": [
        -1.1365985870361328,
        -1.235221028327942
      ],
      "reward_shaping": null,
      "score": null,
      "step": 7,
      "team0_centroid": [
        -6.474408268928528,
        1.8680977821350098
      ],
      "team0_step_reward": 0.0,
      "team1_centroid": [
        6.618798494338989,
        0.2482195496559143
      ],
      "team1_step_reward": 0.0,
      "winner": null
    },
    {
      "ball_pos": [
        1.0309876203536987,
        -3.2250239849090576
      ],
      "reward_shaping": null,
      "score": null,
      "step": 8,
      "team0_centroid": [
        -5.96902072429657,
        1.6630187034606934
      ],
      "team0_step_reward": 0.0,
      "team1_centroid": [
        6.46451210975647,
        0.46582597494125366
      ],
      "team1_step_reward": 0.0,
      "winner": null
    },
    {
      "ball_pos": [
        2.9513657093048096,
        -4.993559837341309
      ],
      "reward_shaping": null,
      "score": null,
      "step": 9,
      "team0_centroid": [
        -5.648559808731079,
        1.4309224486351013
      ],
      "team0_step_reward": 0.0,
      "team1_centroid": [
        6.134815454483032,
        0.6574887037277222
      ],
      "team1_step_reward": 0.0,
      "winner": null
    },
    {
      "ball_pos": [
        4.6511125564575195,
        -6.559021949768066
      ],
      "reward_shaping": null,
      "score": null,
      "step": 10,
      "team0_centroid": [
        -5.181738615036011,
        1.2303802222013474
      ],
      "team0_step_reward": 0.0,
      "team1_centroid": [
        5.8142958879470825,
        0.7831185460090637
      ],
      "team1_step_reward": 0.0,
      "winner": null
    },
    {
      "ball_pos": [
        5.74974250793457,
        -6.514174461364746
      ],
      "reward_shaping": null,
      "score": null,
      "step": 11,
      "team0_centroid": [
        -4.216716647148132,
        0.8859267830848694
      ],
      "team0_step_reward": 0.0,
      "team1_centroid": [
        5.546423316001892,
        0.9987874627113342
      ],
      "team1_step_reward": 0.0,
      "winner": null
    },
    {
      "ball_pos": [
        6.423791408538818,
        -5.598276615142822
      ],
      "reward_shaping": null,
      "score": null,
      "step": 12,
      "team0_centroid": [
        -3.2228397727012634,
        0.509266197681427
      ],
      "team0_step_reward": 0.0,
      "team1_centroid": [
        5.280551552772522,
        1.2108375430107117
      ],
      "team1_step_reward": 0.0,
      "winner": null
    },
    {
      "ball_pos": [
        7.0051069259643555,
        -4.810673713684082
      ],
      "reward_shaping": null,
      "score": null,
      "step": 13,
      "team0_centroid": [
        -2.555372178554535,
        0.024912238121032715
      ],
      "team0_step_reward": 0.0,
      "team1_centroid": [
        5.0688446164131165,
        1.063387155532837
      ],
      "team1_step_reward": 0.0,
      "winner": null
    },
    {
      "ball_pos": [
        7.501461029052734,
        -4.138198375701904
      ],
      "reward_shaping": null,
      "score": null,
      "step": 14,
      "team0_centroid": [
        -2.030394196510315,
        -0.6049157977104187
      ],
      "team0_step_reward": 0.0,
      "team1_centroid": [
        4.809955358505249,
        0.6906720399856567
      ],