{
  "classification": {
    "labels": [
      "win"
    ],
    "primary_label": "win"
  },
  "cumulative_team0_reward": 1.9656000137329102,
  "cumulative_team1_reward": -2.0,
  "episode_index": 171,
  "final_score": null,
  "final_team0_step_reward": 1.9656000137329102,
  "final_team1_step_reward": -2.0,
  "final_winner": null,
  "metrics": {
    "mean_ball_x": -6.539044141769409,
    "tail_mean_ball_x": -6.539044141769409,
    "team0_possession_ratio": null,
    "team0_progress_toward_goal": 0.0,
    "team0_shaping_reward_sum": 0.0,
    "team1_possession_ratio": null,
    "team1_progress_toward_goal": 0.0,
    "team1_shaping_reward_sum": 0.0
  },
  "outcome": "team0_win",
  "sampled_trace": [
    {
      "ball_pos": [
        -0.6892600059509277,
        -1.3216567039489746
      ],
      "reward_shaping": null,
      "score": null,
      "step": 0,
      "team0_centroid": [
        7.914018392562866,
        -0.0037009119987487793
      ],
      "team0_step_reward": 0.0,
      "team1_centroid": [
        -10.108642101287842,
        -0.0691760778427124
      ],
      "team1_step_reward": 0.0,
      "winner": null
    },
    {
      "ball_pos": [
        -9.891008377075195,
        -6.569443702697754
      ],
      "reward_shaping": null,
      "score": null,
      "step": 10,
      "team0_centroid": [
        -0.48229122161865234,
        -0.13341817259788513
      ],
      "team0_step_reward": 0.0,
      "team1_centroid": [
        -9.67714262008667,
        -1.141012191772461
      ],
      "team1_step_reward": 0.0,
      "winner": null
    }
  ],
  "steps": 17,
  "tail_trace": [
    {
      "ball_pos": [
        -0.6892600059509277,
        -1.3216567039489746
      ],
      "reward_shaping": null,
      "score": null,
      "step": 0,
      "team0_centroid": [
        7.914018392562866,
        -0.0037009119987487793
      ],
      "team0_step_reward": 0.0,
      "team1_centroid": [
        -10.108642101287842,
        -0.0691760778427124
      ],
      "team1_step_reward": 0.0,
      "winner": null
    },
    {
      "ball_pos": [
        -0.6892600059509277,
        -1.3216567039489746
      ],
      "reward_shaping": null,
      "score": null,
      "step": 1,
      "team0_centroid": [
        7.587995767593384,
        -0.01711106300354004
      ],
      "team0_step_reward": 0.0,
      "team1_centroid": [
        -10.360640048980713,
        -0.20956498384475708
      ],
      "team1_step_reward": 0.0,
      "winner": null
    },
    {
      "ball_pos": [
        -0.6892600059509277,
        -1.3216567039489746
      ],
      "reward_shaping": null,
      "score": null,
      "step": 2,
      "team0_centroid": [
        7.356328010559082,
        0.026093363761901855
      ],
      "team0_step_reward": 0.0,
      "team1_centroid": [
        -10.6848726272583,
        -0.2499750852584839
      ],
      "team1_step_reward": 0.0,
      "winner": null
    },
    {
      "ball_pos": [
        -0.6892600059509277,
        -1.3216567039489746
      ],
      "reward_shaping": null,
      "score": null,
      "step": 3,
      "team0_centroid": [
        6.679983854293823,
        0.015774309635162354
      ],
      "team0_step_reward": 0.0,
      "team1_centroid": [
        -10.905287742614746,
        -0.23306435346603394
      ],
      "team1_step_reward": 0.0,
      "winner": null
    },
    {
      "ball_pos": [
        -0.6892600059509277,
        -1.3216567039489746
      ],
      "reward_shaping": null,
      "score": null,
      "step": 4,
      "team0_centroid": [
        5.392520904541016,
        -0.10319876670837402
      ],
      "team0_step_reward": 0.0,
      "team1_centroid": [
        -11.039396286010742,
        -0.2204151451587677
      ],
      "team1_step_reward": 0.0,
      "winner": null
    },
    {
      "ball_pos": [
        -0.6892600059509277,
        -1.3216567039489746
      ],
      "reward_shaping": null,
      "score": null,
      "step": 5,
      "team0_centroid": [
        3.92294180393219,
        -0.2529972791671753
      ],
      "team0_step_reward": 0.0,
      "team1_centroid": [
        -11.139308452606201,
        -0.20880988240242004
      ],
      "team1_step_reward": 0.0,
      "winner": null
    },
    {
      "ball_pos": [
        -0.6892600059509277,
        -1.3216567039489746
      ],
      "reward_shaping": null,
      "score": null,
      "step": 6,
      "team0_centroid": [
        2.469448357820511,
        -0.3493368625640869
      ],
      "team0_step_reward": 0.0,
      "team1_centroid": [
        -10.96510934829712,
        -0.2162461280822754
      ],
      "team1_step_reward": 0.0,
      "winner": null
    },
    {
      "ball_pos": [
        -3.0334413051605225,
        -2.4170732498168945
      ],
      "reward_shaping": null,
      "score": null,
      "step": 7,
      "team0_centroid": [
        1.3248697519302368,
        -0.23753374814987183
      ],
      "team0_step_reward": 0.0,
      "team1_centroid": [
        -10.745423316955566,
        -0.39100316166877747
      ],
      "team1_step_reward": 0.0,
      "winner": null
    },
    {
      "ball_pos": [
        -5.598459243774414,
        -3.9702043533325195
      ],
      "reward_shaping": null,
      "score": null,
      "step": 8,
      "team0_centroid": [
        0.4888347387313843,
        -0.07173889875411987
      ],
      "team0_step_reward": 0.0,
      "team1_centroid": [
        -10.397515296936035,
        -0.7499756962060928
      ],
      "team1_step_reward": 0.0,
      "winner": null
    },
    {
      "ball_pos": [
        -7.875072002410889,
        -5.3487467765808105
      ],
      "reward_shaping": null,
      "score": null,
      "step": 9,
      "team0_centroid": [
        -0.10176825523376465,
        -0.03564569354057312
      ],
      "team0_step_reward": 0.0,
      "team1_centroid": [
        -9.959306716918945,
        -0.9477388262748718
      ],
      "team1_step_reward": 0.0,
      "winner": null
    },
    {
      "ball_pos": [
        -9.891008377075195,
        -6.569443702697754
      ],
      "reward_shaping": null,
      "score": null,
      "step": 10,
      "team0_centroid": [
        -0.48229122161865234,
        -0.13341817259788513
      ],
      "team0_step_reward": 0.0,
      "team1_centroid": [
        -9.67714262008667,
        -1.141012191772461
      ],
      "team1_step_reward": 0.0,
      "winner": null
    },
    {
      "ball_pos": [
        -11.294605255126953,
        -6.523540019989014
      ],
      "reward_shaping": null,
      "score": null,
      "step": 11,
      "team0_centroid": [
        -0.9494667053222656,
        -0.293460875749588
      ],
      "team0_step_reward": 0.0,
      "team1_centroid": [
        -9.561115026473999,
        -1.4102748036384583
      ],
      "team1_step_reward": 0.0,
      "winner": null
    },
    {
      "ball_pos": [
        -12.280993461608887,
        -5.810300350189209
      ],
      "reward_shaping": null,
      "score": null,
      "step": 12,
      "team0_centroid": [
        -1.3489893078804016,
        -0.40725165605545044
      ],
      "team0_step_reward": 0.0,
      "team1_centroid": [
        -9.522922277450562,
        -1.6189342141151428
      ],
      "team1_step_reward": 0.0,
      "winner": null
    },
    {
      "ball_pos": [
        -13.13304328918457,
        -5.194546222686768
      ],
      "reward_shaping": null,
      "score": null,
      "step": 13,
      "team0_centroid": [
        -1.7933984994888306,
        -0.5639567971229553
      ],
      "team0_step_reward": 0.0,
      "team1_centroid": [
        -9.757188558578491,
        -1.6960563659667969
      ],
      "team1_step_reward": 0.0,
      "winner": null
    },
    {
      "ball_pos": [
        -13.863489151000977,
        -4.666673183441162
      ],
      "reward_shaping": null,
      "score": null,
      "step": 14,
      "team0_centroid": [
        -2.6991263329982758,
        -0.8965936899185181
      ],
      "team0_step_reward": 0.0,