{
  "classification": {
    "labels": [
      "win"
    ],
    "primary_label": "win"
  },
  "cumulative_team0_reward": 1.9531999826431274,
  "cumulative_team1_reward": -2.0,
  "episode_index": 117,
  "final_score": null,
  "final_team0_step_reward": 1.9531999826431274,
  "final_team1_step_reward": -2.0,
  "final_winner": null,
  "metrics": {
    "mean_ball_x": -8.564363980277752,
    "tail_mean_ball_x": -8.564363980277752,
    "team0_possession_ratio": null,
    "team0_progress_toward_goal": 0.0,
    "team0_shaping_reward_sum": 0.0,
    "team1_possession_ratio": null,
    "team1_progress_toward_goal": 0.0,
    "team1_shaping_reward_sum": 0.0
  },
  "outcome": "team0_win",
  "sampled_trace": [
    {
      "ball_pos": [
        0.004027161747217178,
        2.419159412384033
      ],
      "reward_shaping": null,
      "score": null,
      "step": 0,
      "team0_centroid": [
        4.94169282913208,
        0.13798314332962036
      ],
      "team0_step_reward": 0.0,
      "team1_centroid": [
        -6.356839537620544,
        0.0519675612449646
      ],
      "team1_step_reward": 0.0,
      "winner": null
    },
    {
      "ball_pos": [
        -9.282793045043945,
        4.81492280960083
      ],
      "reward_shaping": null,
      "score": null,
      "step": 10,
      "team0_centroid": [
        1.5899111032485962,
        1.695010632276535
      ],
      "team0_step_reward": 0.0,
      "team1_centroid": [
        -7.702054262161255,
        -0.0760611891746521
      ],
      "team1_step_reward": 0.0,
      "winner": null
    },
    {
      "ball_pos": [
        -14.656227111816406,
        0.5071161985397339
      ],
      "reward_shaping": null,
      "score": null,
      "step": 20,
      "team0_centroid": [
        -0.9943082332611084,
        0.9978283494710922
      ],
      "team0_step_reward": 0.0,
      "team1_centroid": [
        -7.448705196380615,
        0.40190741419792175
      ],
      "team1_step_reward": 0.0,
      "winner": null
    }
  ],
  "steps": 24,
  "tail_trace": [
    {
      "ball_pos": [
        0.004027161747217178,
        2.419159412384033
      ],
      "reward_shaping": null,
      "score": null,
      "step": 0,
      "team0_centroid": [
        4.94169282913208,
        0.13798314332962036
      ],
      "team0_step_reward": 0.0,
      "team1_centroid": [
        -6.356839537620544,
        0.0519675612449646
      ],
      "team1_step_reward": 0.0,
      "winner": null
    },
    {
      "ball_pos": [
        0.004027189686894417,
        2.419159412384033
      ],
      "reward_shaping": null,
      "score": null,
      "step": 1,
      "team0_centroid": [
        4.693166494369507,
        0.2780120074748993
      ],
      "team0_step_reward": 0.0,
      "team1_centroid": [
        -5.794650197029114,
        0.24215829372406006
      ],
      "team1_step_reward": 0.0,
      "winner": null
    },
    {
      "ball_pos": [
        0.004027217626571655,
        2.419159412384033
      ],
      "reward_shaping": null,
      "score": null,
      "step": 2,
      "team0_centroid": [
        4.117237567901611,
        0.38878896832466125
      ],
      "team0_step_reward": 0.0,
      "team1_centroid": [
        -5.267052888870239,
        0.4534202218055725
      ],
      "team1_step_reward": 0.0,
      "winner": null
    },
    {
      "ball_pos": [
        0.004027245566248894,
        2.419159412384033
      ],
      "reward_shaping": null,
      "score": null,
      "step": 3,
      "team0_centroid": [
        3.3202404975891113,
        0.6280279904603958
      ],
      "team0_step_reward": 0.0,
      "team1_centroid": [
        -4.903540670871735,
        0.4493694305419922
      ],
      "team1_step_reward": 0.0,
      "winner": null
    },
    {
      "ball_pos": [
        0.004027273505926132,
        2.419159412384033
      ],
      "reward_shaping": null,
      "score": null,
      "step": 4,
      "team0_centroid": [
        2.6098766326904297,
        0.9635971188545227
      ],
      "team0_step_reward": 0.0,
      "team1_centroid": [
        -4.652891099452972,
        0.28465741872787476
      ],
      "team1_step_reward": 0.0,
      "winner": null
    },
    {
      "ball_pos": [
        0.004027301445603371,
        2.419159412384033
      ],
      "reward_shaping": null,
      "score": null,
      "step": 5,
      "team0_centroid": [
        2.1091070473194122,
        1.2774174213409424
      ],
      "team0_step_reward": 0.0,
      "team1_centroid": [
        -4.740097641944885,
        0.1537156105041504
      ],
      "team1_step_reward": 0.0,
      "winner": null
    },
    {
      "ball_pos": [
        -2.54494309425354,
        4.082465648651123
      ],
      "reward_shaping": null,
      "score": null,
      "step": 6,
      "team0_centroid": [
        1.8289230465888977,
        1.5016713738441467
      ],
      "team0_step_reward": 0.0,
      "team1_centroid": [
        -5.2040334939956665,
        -0.030280351638793945
      ],
      "team1_step_reward": 0.0,
      "winner": null
    },
    {
      "ball_pos": [
        -4.934317111968994,
        5.7532124519348145
      ],
      "reward_shaping": null,
      "score": null,
      "step": 7,
      "team0_centroid": [
        1.6725839376449585,
        1.6630933284759521
      ],
      "team0_step_reward": 0.0,
      "team1_centroid": [
        -5.947534084320068,
        -0.19242459535598755
      ],
      "team1_step_reward": 0.0,
      "winner": null
    },
    {
      "ball_pos": [
        -6.919647216796875,
        6.710770606994629
      ],
      "reward_shaping": null,
      "score": null,
      "step": 8,
      "team0_centroid": [
        1.5958346724510193,
        1.705155923962593
      ],
      "team0_step_reward": 0.0,
      "team1_centroid": [
        -6.632221221923828,
        -0.3080342411994934
      ],
      "team1_step_reward": 0.0,
      "winner": null
    },
    {
      "ball_pos": [
        -8.180631637573242,
        5.6985182762146
      ],
      "reward_shaping": null,
      "score": null,
      "step": 9,
      "team0_centroid": [
        1.5718715190887451,
        1.6944418251514435
      ],
      "team0_step_reward": 0.0,
      "team1_centroid": [
        -7.103894472122192,
        -0.2522398829460144
      ],
      "team1_step_reward": 0.0,
      "winner": null
    },
    {
      "ball_pos": [
        -9.282793045043945,
        4.81492280960083
      ],
      "reward_shaping": null,
      "score": null,
      "step": 10,
      "team0_centroid": [
        1.5899111032485962,
        1.695010632276535
      ],
      "team0_step_reward": 0.0,
      "team1_centroid": [
        -7.702054262161255,
        -0.0760611891746521
      ],
      "team1_step_reward": 0.0,
      "winner": null
    },
    {
      "ball_pos": [
        -10.24080753326416,
        4.046895980834961
      ],
      "reward_shaping": null,
      "score": null,
      "step": 11,
      "team0_centroid": [
        1.5898942947387695,
        1.692763328552246
      ],
      "team0_step_reward": 0.0,
      "team1_centroid": [
        -7.7992823123931885,
        0.22810345888137817
      ],
      "team1_step_reward": 0.0,
      "winner": null
    },
    {
      "ball_pos": [
        -11.068521499633789,
        3.3833298683166504
      ],
      "reward_shaping": null,
      "score": null,
      "step": 12,
      "team0_centroid": [
        1.2940163612365723,
        1.7238075137138367
      ],
      "team0_step_reward": 0.0,
      "team1_centroid": [
        -7.530752897262573,
        0.40998953580856323
      ],
      "team1_step_reward": 0.0,
      "winner": null
    },
    {
      "ball_pos": [
        -11.778453826904297,
        2.814187526702881
      ],
      "reward_shaping": null,
      "score": null,
      "step": 13,
      "team0_centroid": [
        0.9089679718017578,
        1.8332293331623077
      ],
      "team0_step_reward": 0.0,