{
  "classification": {
    "labels": [
      "win"
    ],
    "primary_label": "win"
  },
  "cumulative_team0_reward": 1.951200008392334,
  "cumulative_team1_reward": -2.0,
  "episode_index": 187,
  "final_score": null,
  "final_team0_step_reward": 1.951200008392334,
  "final_team1_step_reward": -2.0,
  "final_winner": null,
  "metrics": {
    "mean_ball_x": -4.476917266845703,
    "tail_mean_ball_x": -4.476917266845703,
    "team0_possession_ratio": null,
    "team0_progress_toward_goal": 0.0,
    "team0_shaping_reward_sum": 0.0,
    "team1_possession_ratio": null,
    "team1_progress_toward_goal": 0.0,
    "team1_shaping_reward_sum": 0.0
  },
  "outcome": "team0_win",
  "sampled_trace": [
    {
      "ball_pos": [
        -0.19086867570877075,
        2.476461410522461
      ],
      "reward_shaping": null,
      "score": null,
      "step": 0,
      "team0_centroid": [
        8.835705280303955,
        0.04667717218399048
      ],
      "team0_step_reward": 0.0,
      "team1_centroid": [
        -9.715906620025635,
        -0.019238054752349854
      ],
      "team1_step_reward": 0.0,
      "winner": null
    },
    {
      "ball_pos": [
        -0.1908697634935379,
        2.476461410522461
      ],
      "reward_shaping": null,
      "score": null,
      "step": 10,
      "team0_centroid": [
        6.190506815910339,
        -1.0275938510894775
      ],
      "team0_step_reward": 0.0,
      "team1_centroid": [
        -12.454647541046143,
        0.44040870666503906
      ],
      "team1_step_reward": 0.0,
      "winner": null
    },
    {
      "ball_pos": [
        -12.181984901428223,
        3.5972650051116943
      ],
      "reward_shaping": null,
      "score": null,
      "step": 20,
      "team0_centroid": [
        3.1410999298095703,
        -2.3663097620010376
      ],
      "team0_step_reward": 0.0,
      "team1_centroid": [
        -10.374454021453857,
        1.4280615448951721
      ],
      "team1_step_reward": 0.0,
      "winner": null
    }
  ],
  "steps": 25,
  "tail_trace": [
    {
      "ball_pos": [
        -0.19086867570877075,
        2.476461410522461
      ],
      "reward_shaping": null,
      "score": null,
      "step": 0,
      "team0_centroid": [
        8.835705280303955,
        0.04667717218399048
      ],
      "team0_step_reward": 0.0,
      "team1_centroid": [
        -9.715906620025635,
        -0.019238054752349854
      ],
      "team1_step_reward": 0.0,
      "winner": null
    },
    {
      "ball_pos": [
        -0.19086876511573792,
        2.476461410522461
      ],
      "reward_shaping": null,
      "score": null,
      "step": 1,
      "team0_centroid": [
        8.514028310775757,
        0.10932394862174988
      ],
      "team0_step_reward": 0.0,
      "team1_centroid": [
        -10.275339126586914,
        0.1357625126838684
      ],
      "team1_step_reward": 0.0,
      "winner": null
    },
    {
      "ball_pos": [
        -0.19086886942386627,
        2.476461410522461
      ],
      "reward_shaping": null,
      "score": null,
      "step": 2,
      "team0_centroid": [
        8.267894268035889,
        -0.0007020533084869385
      ],
      "team0_step_reward": 0.0,
      "team1_centroid": [
        -10.873826026916504,
        0.3508344888687134
      ],
      "team1_step_reward": 0.0,
      "winner": null
    },
    {
      "ball_pos": [
        -0.19086898863315582,
        2.476461410522461
      ],
      "reward_shaping": null,
      "score": null,
      "step": 3,
      "team0_centroid": [
        8.048836946487427,
        -0.22242596745491028
      ],
      "team0_step_reward": 0.0,
      "team1_centroid": [
        -11.313791751861572,
        0.6432284414768219
      ],
      "team1_step_reward": 0.0,
      "winner": null
    },
    {
      "ball_pos": [
        -0.19086909294128418,
        2.476461410522461
      ],
      "reward_shaping": null,
      "score": null,
      "step": 4,
      "team0_centroid": [
        7.91830039024353,
        -0.41353510320186615
      ],
      "team0_step_reward": 0.0,
      "team1_centroid": [
        -11.825628757476807,
        0.9635336101055145
      ],
      "team1_step_reward": 0.0,
      "winner": null
    },
    {
      "ball_pos": [
        -0.19086921215057373,
        2.476461410522461
      ],
      "reward_shaping": null,
      "score": null,
      "step": 5,
      "team0_centroid": [
        7.8801844120025635,
        -0.550711065530777
      ],
      "team0_step_reward": 0.0,
      "team1_centroid": [
        -12.269081115722656,
        1.212366670370102
      ],
      "team1_step_reward": 0.0,
      "winner": null
    },
    {
      "ball_pos": [
        -0.1908693164587021,
        2.476461410522461
      ],
      "reward_shaping": null,
      "score": null,
      "step": 6,
      "team0_centroid": [
        7.8580992221832275,
        -0.7300479412078857
      ],
      "team0_step_reward": 0.0,
      "team1_centroid": [
        -12.553285121917725,
        1.3209723830223083
      ],
      "team1_step_reward": 0.0,
      "winner": null
    },
    {
      "ball_pos": [
        -0.19086943566799164,
        2.476461410522461
      ],
      "reward_shaping": null,
      "score": null,
      "step": 7,
      "team0_centroid": [
        7.615092515945435,
        -0.8734427988529205
      ],
      "team0_step_reward": 0.0,
      "team1_centroid": [
        -12.503616333007812,
        1.3050300180912018
      ],
      "team1_step_reward": 0.0,
      "winner": null
    },
    {
      "ball_pos": [
        -0.19086953997612,
        2.476461410522461
      ],
      "reward_shaping": null,
      "score": null,
      "step": 8,
      "team0_centroid": [
        7.0846107006073,
        -0.8954627513885498
      ],
      "team0_step_reward": 0.0,
      "team1_centroid": [
        -12.523266315460205,
        0.9982821941375732
      ],
      "team1_step_reward": 0.0,
      "winner": null
    },
    {
      "ball_pos": [
        -0.19086965918540955,
        2.476461410522461
      ],
      "reward_shaping": null,
      "score": null,
      "step": 9,
      "team0_centroid": [
        6.585323452949524,
        -0.889761209487915
      ],
      "team0_step_reward": 0.0,
      "team1_centroid": [
        -12.606043815612793,
        0.580795407295227
      ],
      "team1_step_reward": 0.0,
      "winner": null
    },
    {
      "ball_pos": [
        -0.1908697634935379,
        2.476461410522461
      ],
      "reward_shaping": null,
      "score": null,
      "step": 10,
      "team0_centroid": [
        6.190506815910339,
        -1.0275938510894775
      ],
      "team0_step_reward": 0.0,
      "team1_centroid": [
        -12.454647541046143,
        0.44040870666503906
      ],
      "team1_step_reward": 0.0,
      "winner": null
    },
    {
      "ball_pos": [
        -0.19086988270282745,
        2.476461410522461
      ],
      "reward_shaping": null,
      "score": null,
      "step": 11,
      "team0_centroid": [
        5.814072370529175,
        -1.3434916734695435
      ],
      "team0_step_reward": 0.0,
      "team1_centroid": [
        -12.250653743743896,
        0.5219752788543701
      ],
      "team1_step_reward": 0.0,
      "winner": null
    },
    {
      "ball_pos": [
        -0.190870001912117,
        2.476461410522461
      ],
      "reward_shaping": null,
      "score": null,
      "step": 12,
      "team0_centroid": [
        5.470567941665649,
        -1.6235624551773071
      ],
      "team0_step_reward": 0.0,
      "team1_centroid": [
        -12.063471794128418,
        0.5005191564559937
      ],
      "team1_step_reward": 0.0,
      "winner": null
    },
    {
      "ball_pos": [
        -0.19087015092372894,
        2.476461410522461
      ],
      "reward_shaping": null,
      "score": null,
      "step": 13,
      "team0_centroid": [
        5.153923213481903,
        -1.9368000030517578
      ],
      "team0_step_reward": 0.0,