{
  "classification": {
    "labels": [
      "win"
    ],
    "primary_label": "win"
  },
  "cumulative_team0_reward": 1.969599962234497,
  "cumulative_team1_reward": -2.0,
  "episode_index": 236,
  "final_score": null,
  "final_team0_step_reward": 1.969599962234497,
  "final_team1_step_reward": -2.0,
  "final_winner": null,
  "metrics": {
    "mean_ball_x": 8.094597752888998,
    "tail_mean_ball_x": 8.094597752888998,
    "team0_possession_ratio": null,
    "team0_progress_toward_goal": 0.0,
    "team0_shaping_reward_sum": 0.0,
    "team1_possession_ratio": null,
    "team1_progress_toward_goal": 0.0,
    "team1_shaping_reward_sum": 0.0
  },
  "outcome": "team0_win",
  "sampled_trace": [
    {
      "ball_pos": [
        2.4963955879211426,
        0.48280811309814453
      ],
      "reward_shaping": null,
      "score": null,
      "step": 0,
      "team0_centroid": [
        -9.301343441009521,
        0.05270540714263916
      ],
      "team0_step_reward": 0.0,
      "team1_centroid": [
        12.029076099395752,
        0.0017520785331726074
      ],
      "team1_step_reward": 0.0,
      "winner": null
    },
    {
      "ball_pos": [
        12.959911346435547,
        5.539572715759277
      ],
      "reward_shaping": null,
      "score": null,
      "step": 10,
      "team0_centroid": [
        -1.706169843673706,
        1.709807813167572
      ],
      "team0_step_reward": 0.0,
      "team1_centroid": [
        15.117466926574707,
        1.499533772468567
      ],
      "team1_step_reward": 0.0,
      "winner": null
    }
  ],
  "steps": 15,
  "tail_trace": [
    {
      "ball_pos": [
        2.4963955879211426,
        0.48280811309814453
      ],
      "reward_shaping": null,
      "score": null,
      "step": 0,
      "team0_centroid": [
        -9.301343441009521,
        0.05270540714263916
      ],
      "team0_step_reward": 0.0,
      "team1_centroid": [
        12.029076099395752,
        0.0017520785331726074
      ],
      "team1_step_reward": 0.0,
      "winner": null
    },
    {
      "ball_pos": [
        2.4963955879211426,
        0.4828081429004669
      ],
      "reward_shaping": null,
      "score": null,
      "step": 1,
      "team0_centroid": [
        -8.73313856124878,
        0.1384665071964264
      ],
      "team0_step_reward": 0.0,
      "team1_centroid": [
        12.36104679107666,
        0.020748555660247803
      ],
      "team1_step_reward": 0.0,
      "winner": null
    },
    {
      "ball_pos": [
        2.4963955879211426,
        0.48280829191207886
      ],
      "reward_shaping": null,
      "score": null,
      "step": 2,
      "team0_centroid": [
        -7.927608251571655,
        0.3132189214229584
      ],
      "team0_step_reward": 0.0,
      "team1_centroid": [
        12.624522686004639,
        -0.04794818162918091
      ],
      "team1_step_reward": 0.0,
      "winner": null
    },
    {
      "ball_pos": [
        2.4963955879211426,
        0.4828084409236908
      ],
      "reward_shaping": null,
      "score": null,
      "step": 3,
      "team0_centroid": [
        -6.962429165840149,
        0.6235720366239548
      ],
      "team0_step_reward": 0.0,
      "team1_centroid": [
        12.83095407485962,
        -0.14851409196853638
      ],
      "team1_step_reward": 0.0,
      "winner": null
    },
    {
      "ball_pos": [
        2.4963955879211426,
        0.48280858993530273
      ],
      "reward_shaping": null,
      "score": null,
      "step": 4,
      "team0_centroid": [
        -5.851790547370911,
        0.8670143187046051
      ],
      "team0_step_reward": 0.0,
      "team1_centroid": [
        13.218640804290771,
        -0.09073081612586975
      ],
      "team1_step_reward": 0.0,
      "winner": null
    },
    {
      "ball_pos": [
        2.4963955879211426,
        0.4828087389469147
      ],
      "reward_shaping": null,
      "score": null,
      "step": 5,
      "team0_centroid": [
        -4.665692329406738,
        1.068010050803423
      ],
      "team0_step_reward": 0.0,
      "team1_centroid": [
        13.618450164794922,
        0.1742376834154129
      ],
      "team1_step_reward": 0.0,
      "winner": null
    },
    {
      "ball_pos": [
        5.079878807067871,
        2.1105432510375977
      ],
      "reward_shaping": null,
      "score": null,
      "step": 6,
      "team0_centroid": [
        -3.546604871749878,
        1.285970151424408
      ],
      "team0_step_reward": 0.0,
      "team1_centroid": [
        14.103918075561523,
        0.6130868792533875
      ],
      "team1_step_reward": 0.0,
      "winner": null
    },
    {
      "ball_pos": [
        7.898828506469727,
        4.251031875610352
      ],
      "reward_shaping": null,
      "score": null,
      "step": 7,
      "team0_centroid": [
        -2.6023943424224854,
        1.4899717271327972
      ],
      "team0_step_reward": 0.0,
      "team1_centroid": [
        14.492581367492676,
        1.0024894773960114
      ],
      "team1_step_reward": 0.0,
      "winner": null
    },
    {
      "ball_pos": [
        10.407867431640625,
        6.1562371253967285
      ],
      "reward_shaping": null,
      "score": null,
      "step": 8,
      "team0_centroid": [
        -1.9195325374603271,
        1.6435347497463226
      ],
      "team0_step_reward": 0.0,
      "team1_centroid": [
        14.880981922149658,
        1.246334046125412
      ],
      "team1_step_reward": 0.0,
      "winner": null
    },
    {
      "ball_pos": [
        12.147594451904297,
        6.668739318847656
      ],
      "reward_shaping": null,
      "score": null,
      "step": 9,
      "team0_centroid": [
        -1.7022018432617188,
        1.7065991759300232
      ],
      "team0_step_reward": 0.0,
      "team1_centroid": [
        15.196575164794922,
        1.3505575060844421
      ],
      "team1_step_reward": 0.0,
      "winner": null
    },
    {
      "ball_pos": [
        12.959911346435547,
        5.539572715759277
      ],
      "reward_shaping": null,
      "score": null,
      "step": 10,
      "team0_centroid": [
        -1.706169843673706,
        1.709807813167572
      ],
      "team0_step_reward": 0.0,
      "team1_centroid": [
        15.117466926574707,
        1.499533772468567
      ],
      "team1_step_reward": 0.0,
      "winner": null
    },
    {
      "ball_pos": [
        13.66612720489502,
        4.559114456176758
      ],
      "reward_shaping": null,
      "score": null,
      "step": 11,
      "team0_centroid": [
        -1.70223069190979,
        1.7177674472332
      ],
      "team0_step_reward": 0.0,
      "team1_centroid": [
        14.845382690429688,
        1.5943434238433838
      ],
      "team1_step_reward": 0.0,
      "winner": null
    },
    {
      "ball_pos": [
        14.275836944580078,
        3.7126452922821045
      ],
      "reward_shaping": null,
      "score": null,
      "step": 12,
      "team0_centroid": [
        -1.662785530090332,
        1.6568739116191864
      ],
      "team0_step_reward": 0.0,
      "team1_centroid": [
        14.241549968719482,
        1.4126875698566437
      ],
      "team1_step_reward": 0.0,
      "winner": null
    },
    {
      "ball_pos": [
        14.798308372497559,
        2.9872891902923584
      ],
      "reward_shaping": null,
      "score": null,
      "step": 13,
      "team0_centroid": [
        -1.5486013889312744,
        1.4451551474630833
      ],
      "team0_step_reward": 0.0,
      "team1_centroid": [
        13.651697635650635,
        1.1818410158157349
      ],
      "team1_step_reward": 0.0,
      "winner": null
    },
    {
      "ball_pos": [
        15.206239700317383,
        2.37701678276062
      ],
      "reward_shaping": null,
      "score": null,
      "step": 14,
      "team0_centroid": [
        -1.3713412284851074,
        1.0899724066257477
      ],
      "team0_step_reward": 1.969599962234497,