{
  "classification": {
    "labels": [
      "win"
    ],
    "primary_label": "win"
  },
  "cumulative_team0_reward": 1.9371999502182007,
  "cumulative_team1_reward": -2.0,
  "episode_index": 93,
  "final_score": null,
  "final_team0_step_reward": 1.9371999502182007,
  "final_team1_step_reward": -2.0,
  "final_winner": null,
  "metrics": {
    "mean_ball_x": -5.930400528013706,
    "tail_mean_ball_x": -6.207585565249125,
    "team0_possession_ratio": null,
    "team0_progress_toward_goal": 0.0,
    "team0_shaping_reward_sum": 0.0,
    "team1_possession_ratio": null,
    "team1_progress_toward_goal": 0.0,
    "team1_shaping_reward_sum": 0.0
  },
  "outcome": "team0_win",
  "sampled_trace": [
    {
      "ball_pos": [
        -1.7726249694824219,
        2.2742927074432373
      ],
      "reward_shaping": null,
      "score": null,
      "step": 0,
      "team0_centroid": [
        11.518907070159912,
        -0.06171107292175293
      ],
      "team0_step_reward": 0.0,
      "team1_centroid": [
        -9.81597375869751,
        -0.13557642698287964
      ],
      "team1_step_reward": 0.0,
      "winner": null
    },
    {
      "ball_pos": [
        -1.7726249694824219,
        2.2742927074432373
      ],
      "reward_shaping": null,
      "score": null,
      "step": 10,
      "team0_centroid": [
        8.401066541671753,
        -1.8041384518146515
      ],
      "team0_step_reward": 0.0,
      "team1_centroid": [
        -7.946598291397095,
        0.31484663486480713
      ],
      "team1_step_reward": 0.0,
      "winner": null
    },
    {
      "ball_pos": [
        -7.247081279754639,
        6.29681921005249
      ],
      "reward_shaping": null,
      "score": null,
      "step": 20,
      "team0_centroid": [
        5.048623085021973,
        1.6189218759536743
      ],
      "team0_step_reward": 0.0,
      "team1_centroid": [
        -6.5584516525268555,
        1.0715631246566772
      ],
      "team1_step_reward": 0.0,
      "winner": null
    },
    {
      "ball_pos": [
        -15.17615032196045,
        2.3583414554595947
      ],
      "reward_shaping": null,
      "score": null,
      "step": 30,
      "team0_centroid": [
        -0.9185695648193359,
        -1.3105982542037964
      ],
      "team0_step_reward": 0.0,
      "team1_centroid": [
        -7.2962528467178345,
        1.759256362915039
      ],
      "team1_step_reward": 0.0,
      "winner": null
    }
  ],
  "steps": 32,
  "tail_trace": [
    {
      "ball_pos": [
        -1.7726249694824219,
        2.2742927074432373
      ],
      "reward_shaping": null,
      "score": null,
      "step": 2,
      "team0_centroid": [
        11.487832069396973,
        -0.3749297261238098
      ],
      "team0_step_reward": 0.0,
      "team1_centroid": [
        -9.70549488067627,
        -0.41038835048675537
      ],
      "team1_step_reward": 0.0,
      "winner": null
    },
    {
      "ball_pos": [
        -1.7726249694824219,
        2.2742927074432373
      ],
      "reward_shaping": null,
      "score": null,
      "step": 3,
      "team0_centroid": [
        11.406964778900146,
        -0.7601545751094818
      ],
      "team0_step_reward": 0.0,
      "team1_centroid": [
        -9.659788131713867,
        -0.41702425479888916
      ],
      "team1_step_reward": 0.0,
      "winner": null
    },
    {
      "ball_pos": [
        -1.7726249694824219,
        2.2742927074432373
      ],
      "reward_shaping": null,
      "score": null,
      "step": 4,
      "team0_centroid": [
        11.329963445663452,
        -1.2595640867948532
      ],
      "team0_step_reward": 0.0,
      "team1_centroid": [
        -9.333746433258057,
        -0.4445078372955322
      ],
      "team1_step_reward": 0.0,
      "winner": null
    },
    {
      "ball_pos": [
        -1.7726249694824219,
        2.2742927074432373
      ],
      "reward_shaping": null,
      "score": null,
      "step": 5,
      "team0_centroid": [
        11.02538800239563,
        -1.7182603478431702
      ],
      "team0_step_reward": 0.0,
      "team1_centroid": [
        -8.705516338348389,
        -0.300279438495636
      ],
      "team1_step_reward": 0.0,
      "winner": null
    },
    {
      "ball_pos": [
        -1.7726249694824219,
        2.2742927074432373
      ],
      "reward_shaping": null,
      "score": null,
      "step": 6,
      "team0_centroid": [
        10.6984281539917,
        -2.0583262145519257
      ],
      "team0_step_reward": 0.0,
      "team1_centroid": [
        -8.173846006393433,
        -0.09127676486968994
      ],
      "team1_step_reward": 0.0,
      "winner": null
    },
    {
      "ball_pos": [
        -1.7726249694824219,
        2.2742927074432373
      ],
      "reward_shaping": null,
      "score": null,
      "step": 7,
      "team0_centroid": [
        10.21585464477539,
        -2.1202348172664642
      ],
      "team0_step_reward": 0.0,
      "team1_centroid": [
        -8.044081687927246,
        0.08160364627838135
      ],
      "team1_step_reward": 0.0,
      "winner": null
    },
    {
      "ball_pos": [
        -1.7726249694824219,
        2.2742927074432373
      ],
      "reward_shaping": null,
      "score": null,
      "step": 8,
      "team0_centroid": [
        9.613406300544739,
        -2.002230316400528
      ],
      "team0_step_reward": 0.0,
      "team1_centroid": [
        -8.056482791900635,
        0.15340173244476318
      ],
      "team1_step_reward": 0.0,
      "winner": null
    },
    {
      "ball_pos": [
        -1.7726249694824219,
        2.2742927074432373
      ],
      "reward_shaping": null,
      "score": null,
      "step": 9,
      "team0_centroid": [
        8.942385911941528,
        -1.9179160296916962
      ],
      "team0_step_reward": 0.0,
      "team1_centroid": [
        -7.994292259216309,
        0.16292297840118408
      ],
      "team1_step_reward": 0.0,
      "winner": null
    },
    {
      "ball_pos": [
        -1.7726249694824219,
        2.2742927074432373
      ],
      "reward_shaping": null,
      "score": null,
      "step": 10,
      "team0_centroid": [
        8.401066541671753,
        -1.8041384518146515
      ],
      "team0_step_reward": 0.0,
      "team1_centroid": [
        -7.946598291397095,
        0.31484663486480713
      ],
      "team1_step_reward": 0.0,
      "winner": null
    },
    {
      "ball_pos": [
        -1.7726249694824219,
        2.2742927074432373
      ],
      "reward_shaping": null,
      "score": null,
      "step": 11,
      "team0_centroid": [
        7.75402607023716,
        -1.4408940076828003
      ],
      "team0_step_reward": 0.0,
      "team1_centroid": [
        -7.94921088218689,
        0.5860353708267212
      ],
      "team1_step_reward": 0.0,
      "winner": null
    },
    {
      "ball_pos": [
        -1.7726249694824219,
        2.2742927074432373
      ],
      "reward_shaping": null,
      "score": null,
      "step": 12,
      "team0_centroid": [
        7.20120444893837,
        -1.071007251739502
      ],
      "team0_step_reward": 0.0,
      "team1_centroid": [
        -7.685813665390015,
        0.7554324865341187
      ],
      "team1_step_reward": 0.0,
      "winner": null
    },
    {
      "ball_pos": [
        -2.708533525466919,
        3.165520191192627
      ],
      "reward_shaping": null,
      "score": null,
      "step": 13,
      "team0_centroid": [
        6.904466867446899,
        -0.7922379970550537
      ],
      "team0_step_reward": 0.0,
      "team1_centroid": [
        -7.367162466049194,
        0.8303818702697754
      ],
      "team1_step_reward": 0.0,
      "winner": null
    },
    {
      "ball_pos": [
        -3.7278542518615723,
        4.138890266418457
      ],
      "reward_shaping": null,
      "score": null,
      "step": 14,
      "team0_centroid": [
        6.667042970657349,
        -0.3646667003631592
      ],
      "team0_step_reward": 0.0,