{
  "classification": {
    "labels": [
      "win"
    ],
    "primary_label": "win"
  },
  "cumulative_team0_reward": 1.9567999839782715,
  "cumulative_team1_reward": -2.0,
  "episode_index": 375,
  "final_score": null,
  "final_team0_step_reward": 1.9567999839782715,
  "final_team1_step_reward": -2.0,
  "final_winner": null,
  "metrics": {
    "mean_ball_x": -8.671218687837774,
    "tail_mean_ball_x": -8.671218687837774,
    "team0_possession_ratio": null,
    "team0_progress_toward_goal": 0.0,
    "team0_shaping_reward_sum": 0.0,
    "team1_possession_ratio": null,
    "team1_progress_toward_goal": 0.0,
    "team1_shaping_reward_sum": 0.0
  },
  "outcome": "team0_win",
  "sampled_trace": [
    {
      "ball_pos": [
        -2.2775259017944336,
        -0.8105096817016602
      ],
      "reward_shaping": null,
      "score": null,
      "step": 0,
      "team0_centroid": [
        7.774438858032227,
        0.05837982892990112
      ],
      "team0_step_reward": 0.0,
      "team1_centroid": [
        -7.923548936843872,
        0.13740253448486328
      ],
      "team1_step_reward": 0.0,
      "winner": null
    },
    {
      "ball_pos": [
        -9.588160514831543,
        -6.797553062438965
      ],
      "reward_shaping": null,
      "score": null,
      "step": 10,
      "team0_centroid": [
        -3.9649897813796997,
        -0.44493767619132996
      ],
      "team0_step_reward": 0.0,
      "team1_centroid": [
        -11.510414600372314,
        -0.05072137713432312
      ],
      "team1_step_reward": 0.0,
      "winner": null
    },
    {
      "ball_pos": [
        -14.92125415802002,
        -3.758124351501465
      ],
      "reward_shaping": null,
      "score": null,
      "step": 20,
      "team0_centroid": [
        -5.8629467487335205,
        0.682748019695282
      ],
      "team0_step_reward": 0.0,
      "team1_centroid": [
        -14.694482803344727,
        -3.011470317840576
      ],
      "team1_step_reward": 0.0,
      "winner": null
    }
  ],
  "steps": 22,
  "tail_trace": [
    {
      "ball_pos": [
        -2.2775259017944336,
        -0.8105096817016602
      ],
      "reward_shaping": null,
      "score": null,
      "step": 0,
      "team0_centroid": [
        7.774438858032227,
        0.05837982892990112
      ],
      "team0_step_reward": 0.0,
      "team1_centroid": [
        -7.923548936843872,
        0.13740253448486328
      ],
      "team1_step_reward": 0.0,
      "winner": null
    },
    {
      "ball_pos": [
        -2.2775259017944336,
        -0.8105096220970154
      ],
      "reward_shaping": null,
      "score": null,
      "step": 1,
      "team0_centroid": [
        6.857598304748535,
        0.07701170444488525
      ],
      "team0_step_reward": 0.0,
      "team1_centroid": [
        -7.938487529754639,
        0.3881230652332306
      ],
      "team1_step_reward": 0.0,
      "winner": null
    },
    {
      "ball_pos": [
        -2.2775259017944336,
        -0.8105096220970154
      ],
      "reward_shaping": null,
      "score": null,
      "step": 2,
      "team0_centroid": [
        5.798520088195801,
        -0.00014740228652954102
      ],
      "team0_step_reward": 0.0,
      "team1_centroid": [
        -7.97273325920105,
        0.6189872324466705
      ],
      "team1_step_reward": 0.0,
      "winner": null
    },
    {
      "ball_pos": [
        -2.2775259017944336,
        -0.8105096220970154
      ],
      "reward_shaping": null,
      "score": null,
      "step": 3,
      "team0_centroid": [
        4.641363620758057,
        -0.13442453742027283
      ],
      "team0_step_reward": 0.0,
      "team1_centroid": [
        -8.018383741378784,
        0.6283545047044754
      ],
      "team1_step_reward": 0.0,
      "winner": null
    },
    {
      "ball_pos": [
        -2.2775259017944336,
        -0.8105096220970154
      ],
      "reward_shaping": null,
      "score": null,
      "step": 4,
      "team0_centroid": [
        3.405035614967346,
        -0.24250908195972443
      ],
      "team0_step_reward": 0.0,
      "team1_centroid": [
        -8.309932470321655,
        0.5266061574220657
      ],
      "team1_step_reward": 0.0,
      "winner": null
    },
    {
      "ball_pos": [
        -2.2775259017944336,
        -0.8105096220970154
      ],
      "reward_shaping": null,
      "score": null,
      "step": 5,
      "team0_centroid": [
        2.087076246738434,
        -0.25997933745384216
      ],
      "team0_step_reward": 0.0,
      "team1_centroid": [
        -8.885954141616821,
        0.5165525376796722
      ],
      "team1_step_reward": 0.0,
      "winner": null
    },
    {
      "ball_pos": [
        -2.2775259017944336,
        -0.8105096220970154
      ],
      "reward_shaping": null,
      "score": null,
      "step": 6,
      "team0_centroid": [
        0.7090024352073669,
        -0.14474337175488472
      ],
      "team0_step_reward": 0.0,
      "team1_centroid": [
        -9.447339534759521,
        0.39999307692050934
      ],
      "team1_step_reward": 0.0,
      "winner": null
    },
    {
      "ball_pos": [
        -3.6428916454315186,
        -1.8059706687927246
      ],
      "reward_shaping": null,
      "score": null,
      "step": 7,
      "team0_centroid": [
        -0.6471611261367798,
        -0.08380025997757912
      ],
      "team0_step_reward": 0.0,
      "team1_centroid": [
        -9.850978374481201,
        0.30177091807127
      ],
      "team1_step_reward": 0.0,
      "winner": null
    },
    {
      "ball_pos": [
        -5.867948055267334,
        -3.6740646362304688
      ],
      "reward_shaping": null,
      "score": null,
      "step": 8,
      "team0_centroid": [
        -1.9770324230194092,
        -0.14321813732385635
      ],
      "team0_step_reward": 0.0,
      "team1_centroid": [
        -10.372692584991455,
        0.20719676464796066
      ],
      "team1_step_reward": 0.0,
      "winner": null
    },
    {
      "ball_pos": [
        -7.841644763946533,
        -5.331179618835449
      ],
      "reward_shaping": null,
      "score": null,
      "step": 9,
      "team0_centroid": [
        -3.0267452001571655,
        -0.27914075553417206
      ],
      "team0_step_reward": 0.0,
      "team1_centroid": [
        -10.893397808074951,
        0.10055914521217346
      ],
      "team1_step_reward": 0.0,
      "winner": null
    },
    {
      "ball_pos": [
        -9.588160514831543,
        -6.797553062438965
      ],
      "reward_shaping": null,
      "score": null,
      "step": 10,
      "team0_centroid": [
        -3.9649897813796997,
        -0.44493767619132996
      ],
      "team0_step_reward": 0.0,
      "team1_centroid": [
        -11.510414600372314,
        -0.05072137713432312
      ],
      "team1_step_reward": 0.0,
      "winner": null
    },
    {
      "ball_pos": [
        -10.655218124389648,
        -6.284276008605957
      ],
      "reward_shaping": null,
      "score": null,
      "step": 11,
      "team0_centroid": [
        -4.793018341064453,
        -0.43859589099884033
      ],
      "team0_step_reward": 0.0,
      "team1_centroid": [
        -12.074865341186523,
        -0.3515966907143593
      ],
      "team1_step_reward": 0.0,
      "winner": null
    },
    {
      "ball_pos": [
        -11.449838638305664,
        -5.429340839385986
      ],
      "reward_shaping": null,
      "score": null,
      "step": 12,
      "team0_centroid": [
        -5.1542088985443115,
        -0.3129456341266632
      ],
      "team0_step_reward": 0.0,
      "team1_centroid": [
        -12.430534839630127,
        -0.7146147638559341
      ],
      "team1_step_reward": 0.0,
      "winner": null
    },
    {
      "ball_pos": [
        -12.134844779968262,
        -4.692565441131592
      ],
      "reward_shaping": null,
      "score": null,
      "step": 13,
      "team0_centroid": [
        -5.498375177383423,
        -0.3166843056678772
      ],
      "team0_step_reward": 0.0,