{
  "classification": {
    "labels": [
      "win"
    ],
    "primary_label": "win"
  },
  "cumulative_team0_reward": 1.9292000532150269,
  "cumulative_team1_reward": -2.0,
  "episode_index": 53,
  "final_score": null,
  "final_team0_step_reward": 1.9292000532150269,
  "final_team1_step_reward": -2.0,
  "final_winner": null,
  "metrics": {
    "mean_ball_x": -8.608979830311405,
    "tail_mean_ball_x": -10.527754592895509,
    "team0_possession_ratio": null,
    "team0_progress_toward_goal": 0.0,
    "team0_shaping_reward_sum": 0.0,
    "team1_possession_ratio": null,
    "team1_progress_toward_goal": 0.0,
    "team1_shaping_reward_sum": 0.0
  },
  "outcome": "team0_win",
  "sampled_trace": [
    {
      "ball_pos": [
        2.019536018371582,
        1.8036413192749023
      ],
      "reward_shaping": null,
      "score": null,
      "step": 0,
      "team0_centroid": [
        6.866696119308472,
        0.0729401707649231
      ],
      "team0_step_reward": 0.0,
      "team1_centroid": [
        -9.08755111694336,
        -0.13819646835327148
      ],
      "team1_step_reward": 0.0,
      "winner": null
    },
    {
      "ball_pos": [
        -6.700282573699951,
        4.49935245513916
      ],
      "reward_shaping": null,
      "score": null,
      "step": 10,
      "team0_centroid": [
        -0.7112667560577393,
        1.4188450276851654
      ],
      "team0_step_reward": 0.0,
      "team1_centroid": [
        -8.679277420043945,
        -1.1831491589546204
      ],
      "team1_step_reward": 0.0,
      "winner": null
    },
    {
      "ball_pos": [
        -10.903313636779785,
        5.949532508850098
      ],
      "reward_shaping": null,
      "score": null,
      "step": 20,
      "team0_centroid": [
        -4.579039365053177,
        1.6156386137008667
      ],
      "team0_step_reward": 0.0,
      "team1_centroid": [
        -10.676467418670654,
        0.330724835395813
      ],
      "team1_step_reward": 0.0,
      "winner": null
    },
    {
      "ball_pos": [
        -12.833678245544434,
        2.8095741271972656
      ],
      "reward_shaping": null,
      "score": null,
      "step": 30,
      "team0_centroid": [
        -4.955726981163025,
        0.72908616065979
      ],
      "team0_step_reward": 0.0,
      "team1_centroid": [
        -11.159685134887695,
        -0.7675666809082031
      ],
      "team1_step_reward": 0.0,
      "winner": null
    }
  ],
  "steps": 36,
  "tail_trace": [
    {
      "ball_pos": [
        -2.970945358276367,
        3.3324649333953857
      ],
      "reward_shaping": null,
      "score": null,
      "step": 6,
      "team0_centroid": [
        1.9367996454238892,
        1.0506081581115723
      ],
      "team0_step_reward": 0.0,
      "team1_centroid": [
        -9.50477409362793,
        -0.8751437962055206
      ],
      "team1_step_reward": 0.0,
      "winner": null
    },
    {
      "ball_pos": [
        -4.125007629394531,
        3.6935641765594482
      ],
      "reward_shaping": null,
      "score": null,
      "step": 7,
      "team0_centroid": [
        1.4697076678276062,
        1.2035376280546188
      ],
      "team0_step_reward": 0.0,
      "team1_centroid": [
        -9.411729097366333,
        -0.9115071296691895
      ],
      "team1_step_reward": 0.0,
      "winner": null
    },
    {
      "ball_pos": [
        -5.121394157409668,
        4.005327224731445
      ],
      "reward_shaping": null,
      "score": null,
      "step": 8,
      "team0_centroid": [
        0.8944830894470215,
        1.400216519832611
      ],
      "team0_step_reward": 0.0,
      "team1_centroid": [
        -9.084360837936401,
        -1.0251203179359436
      ],
      "team1_step_reward": 0.0,
      "winner": null
    },
    {
      "ball_pos": [
        -5.975254535675049,
        4.272495269775391
      ],
      "reward_shaping": null,
      "score": null,
      "step": 9,
      "team0_centroid": [
        0.0709606409072876,
        1.4544321298599243
      ],
      "team0_step_reward": 0.0,
      "team1_centroid": [
        -8.699135541915894,
        -1.1619632244110107
      ],
      "team1_step_reward": 0.0,
      "winner": null
    },
    {
      "ball_pos": [
        -6.700282573699951,
        4.49935245513916
      ],
      "reward_shaping": null,
      "score": null,
      "step": 10,
      "team0_centroid": [
        -0.7112667560577393,
        1.4188450276851654
      ],
      "team0_step_reward": 0.0,
      "team1_centroid": [
        -8.679277420043945,
        -1.1831491589546204
      ],
      "team1_step_reward": 0.0,
      "winner": null
    },
    {
      "ball_pos": [
        -7.30885648727417,
        4.6897711753845215
      ],
      "reward_shaping": null,
      "score": null,
      "step": 11,
      "team0_centroid": [
        -1.5257458686828613,
        1.4134877026081085
      ],
      "team0_step_reward": 0.0,
      "team1_centroid": [
        -8.834256649017334,
        -1.3011409044265747
      ],
      "team1_step_reward": 0.0,
      "winner": null
    },
    {
      "ball_pos": [
        -7.836341381072998,
        4.854817867279053
      ],
      "reward_shaping": null,
      "score": null,
      "step": 12,
      "team0_centroid": [
        -2.248286187648773,
        1.4276674389839172
      ],
      "team0_step_reward": 0.0,
      "team1_centroid": [
        -9.216866970062256,
        -1.535107672214508
      ],
      "team1_step_reward": 0.0,
      "winner": null
    },
    {
      "ball_pos": [
        -8.31290340423584,
        5.003931522369385
      ],
      "reward_shaping": null,
      "score": null,
      "step": 13,
      "team0_centroid": [
        -2.7599028795957565,
        1.4327777028083801
      ],
      "team0_step_reward": 0.0,
      "team1_centroid": [
        -9.664208889007568,
        -1.5895323753356934
      ],
      "team1_step_reward": 0.0,
      "winner": null
    },
    {
      "ball_pos": [
        -8.742716789245605,
        5.138417720794678
      ],
      "reward_shaping": null,
      "score": null,
      "step": 14,
      "team0_centroid": [
        -2.8580155801028013,
        1.445745587348938
      ],
      "team0_step_reward": 0.0,
      "team1_centroid": [
        -10.034700870513916,
        -1.395887553691864
      ],
      "team1_step_reward": 0.0,
      "winner": null
    },
    {
      "ball_pos": [
        -9.125860214233398,
        5.25830078125
      ],
      "reward_shaping": null,
      "score": null,
      "step": 15,
      "team0_centroid": [
        -2.783861920237541,
        1.4512317776679993
      ],
      "team0_step_reward": 0.0,
      "team1_centroid": [
        -10.568843841552734,
        -1.2088649272918701
      ],
      "team1_step_reward": 0.0,
      "winner": null
    },
    {
      "ball_pos": [
        -9.466344833374023,
        5.3648362159729
      ],
      "reward_shaping": null,
      "score": null,
      "step": 16,
      "team0_centroid": [
        -2.996543765068054,
        1.4775947332382202
      ],
      "team0_step_reward": 0.0,
      "team1_centroid": [
        -11.116214752197266,
        -0.9390268325805664
      ],
      "team1_step_reward": 0.0,
      "winner": null
    },
    {
      "ball_pos": [
        -9.772729873657227,
        5.460702419281006
      ],
      "reward_shaping": null,
      "score": null,
      "step": 17,
      "team0_centroid": [
        -3.3289721608161926,
        1.5682801604270935
      ],
      "team0_step_reward": 0.0,
      "team1_centroid": [
        -11.271498203277588,
        -0.6261346340179443
      ],
      "team1_step_reward": 0.0,
      "winner": null
    },
    {
      "ball_pos": [
        -10.049677848815918,
        5.547357559204102
      ],
      "reward_shaping": null,
      "score": null,
      "step": 18,
      "team0_centroid": [
        -3.8053715229034424,
        1.5566241145133972
      ],
      "team0_step_reward": 0.0,