{
  "classification": {
    "labels": [
      "win"
    ],
    "primary_label": "win"
  },
  "cumulative_team0_reward": 1.948799967765808,
  "cumulative_team1_reward": -2.0,
  "episode_index": 94,
  "final_score": null,
  "final_team0_step_reward": 1.948799967765808,
  "final_team1_step_reward": -2.0,
  "final_winner": null,
  "metrics": {
    "mean_ball_x": 7.176548428260363,
    "tail_mean_ball_x": 7.176548428260363,
    "team0_possession_ratio": null,
    "team0_progress_toward_goal": 0.0,
    "team0_shaping_reward_sum": 0.0,
    "team1_possession_ratio": null,
    "team1_progress_toward_goal": 0.0,
    "team1_shaping_reward_sum": 0.0
  },
  "outcome": "team0_win",
  "sampled_trace": [
    {
      "ball_pos": [
        -2.2897472381591797,
        0.08716633170843124
      ],
      "reward_shaping": null,
      "score": null,
      "step": 0,
      "team0_centroid": [
        -5.130220890045166,
        -0.028325259685516357
      ],
      "team0_step_reward": 0.0,
      "team1_centroid": [
        6.233449220657349,
        0.13619977235794067
      ],
      "team1_step_reward": 0.0,
      "winner": null
    },
    {
      "ball_pos": [
        5.748218536376953,
        -5.195891380310059
      ],
      "reward_shaping": null,
      "score": null,
      "step": 10,
      "team0_centroid": [
        0.8742876648902893,
        -4.0268741846084595
      ],
      "team0_step_reward": 0.0,
      "team1_centroid": [
        5.287341356277466,
        1.3637031465768814
      ],
      "team1_step_reward": 0.0,
      "winner": null
    },
    {
      "ball_pos": [
        12.320575714111328,
        -3.956310510635376
      ],
      "reward_shaping": null,
      "score": null,
      "step": 20,
      "team0_centroid": [
        8.588948249816895,
        -5.662352800369263
      ],
      "team0_step_reward": 0.0,
      "team1_centroid": [
        6.313185930252075,
        1.0835608541965485
      ],
      "team1_step_reward": 0.0,
      "winner": null
    }
  ],
  "steps": 26,
  "tail_trace": [
    {
      "ball_pos": [
        -2.2897472381591797,
        0.08716633170843124
      ],
      "reward_shaping": null,
      "score": null,
      "step": 0,
      "team0_centroid": [
        -5.130220890045166,
        -0.028325259685516357
      ],
      "team0_step_reward": 0.0,
      "team1_centroid": [
        6.233449220657349,
        0.13619977235794067
      ],
      "team1_step_reward": 0.0,
      "winner": null
    },
    {
      "ball_pos": [
        -2.2897472381591797,
        0.08716655522584915
      ],
      "reward_shaping": null,
      "score": null,
      "step": 1,
      "team0_centroid": [
        -4.006309866905212,
        -0.08146694302558899
      ],
      "team0_step_reward": 0.0,
      "team1_centroid": [
        6.291992664337158,
        0.3712960183620453
      ],
      "team1_step_reward": 0.0,
      "winner": null
    },
    {
      "ball_pos": [
        -1.0597394704818726,
        -2.0757038593292236
      ],
      "reward_shaping": null,
      "score": null,
      "step": 2,
      "team0_centroid": [
        -2.7027395367622375,
        -0.2620113044977188
      ],
      "team0_step_reward": 0.0,
      "team1_centroid": [
        6.073503017425537,
        0.5678351819515228
      ],
      "team1_step_reward": 0.0,
      "winner": null
    },
    {
      "ball_pos": [
        -0.08248633146286011,
        -4.184987545013428
      ],
      "reward_shaping": null,
      "score": null,
      "step": 3,
      "team0_centroid": [
        -1.640153929591179,
        -0.6515060067176819
      ],
      "team0_step_reward": 0.0,
      "team1_centroid": [
        5.771484971046448,
        0.7671936824917793
      ],
      "team1_step_reward": 0.0,
      "winner": null
    },
    {
      "ball_pos": [
        0.780258059501648,
        -6.047125339508057
      ],
      "reward_shaping": null,
      "score": null,
      "step": 4,
      "team0_centroid": [
        -0.923693835735321,
        -1.1630186438560486
      ],
      "team0_step_reward": 0.0,
      "team1_centroid": [
        5.351555943489075,
        1.0131765976548195
      ],
      "team1_step_reward": 0.0,
      "winner": null
    },
    {
      "ball_pos": [
        1.431897521018982,
        -6.549127578735352
      ],
      "reward_shaping": null,
      "score": null,
      "step": 5,
      "team0_centroid": [
        -0.4750087857246399,
        -1.7585119009017944
      ],
      "team0_step_reward": 0.0,
      "team1_centroid": [
        4.892170071601868,
        1.0996354594826698
      ],
      "team1_step_reward": 0.0,
      "winner": null
    },
    {
      "ball_pos": [
        1.8846865892410278,
        -5.4435648918151855
      ],
      "reward_shaping": null,
      "score": null,
      "step": 6,
      "team0_centroid": [
        -0.17755454778671265,
        -2.2641820907592773
      ],
      "team0_step_reward": 0.0,
      "team1_centroid": [
        4.85687780380249,
        1.1704379320144653
      ],
      "team1_step_reward": 0.0,
      "winner": null
    },
    {
      "ball_pos": [
        2.277088165283203,
        -4.490298271179199
      ],
      "reward_shaping": null,
      "score": null,
      "step": 7,
      "team0_centroid": [
        0.04368335008621216,
        -2.621358036994934
      ],
      "team0_step_reward": 0.0,
      "team1_centroid": [
        5.186128258705139,
        1.0718412399291992
      ],
      "team1_step_reward": 0.0,
      "winner": null
    },
    {
      "ball_pos": [
        2.6131396293640137,
        -3.673967123031616
      ],
      "reward_shaping": null,
      "score": null,
      "step": 8,
      "team0_centroid": [
        0.14098626375198364,
        -3.0113167762756348
      ],
      "team0_step_reward": 0.0,
      "team1_centroid": [
        5.332616567611694,
        1.075815573334694
      ],
      "team1_step_reward": 0.0,
      "winner": null
    },
    {
      "ball_pos": [
        3.835223436355591,
        -3.9977433681488037
      ],
      "reward_shaping": null,
      "score": null,
      "step": 9,
      "team0_centroid": [
        0.3584499955177307,
        -3.5388059616088867
      ],
      "team0_step_reward": 0.0,
      "team1_centroid": [
        5.289657354354858,
        1.2077447921037674
      ],
      "team1_step_reward": 0.0,
      "winner": null
    },
    {
      "ball_pos": [
        5.748218536376953,
        -5.195891380310059
      ],
      "reward_shaping": null,
      "score": null,
      "step": 10,
      "team0_centroid": [
        0.8742876648902893,
        -4.0268741846084595
      ],
      "team0_step_reward": 0.0,
      "team1_centroid": [
        5.287341356277466,
        1.3637031465768814
      ],
      "team1_step_reward": 0.0,
      "winner": null
    },
    {
      "ball_pos": [
        7.440603256225586,
        -6.245100975036621
      ],
      "reward_shaping": null,
      "score": null,
      "step": 11,
      "team0_centroid": [
        1.8828405737876892,
        -4.454437017440796
      ],
      "team0_step_reward": 0.0,
      "team1_centroid": [
        5.52410626411438,
        1.396549828350544
      ],
      "team1_step_reward": 0.0,
      "winner": null
    },
    {
      "ball_pos": [
        8.816343307495117,
        -6.848430633544922
      ],
      "reward_shaping": null,
      "score": null,
      "step": 12,
      "team0_centroid": [
        2.8846232891082764,
        -4.95704197883606
      ],
      "team0_step_reward": 0.0,
      "team1_centroid": [
        5.836496353149414,
        1.4361062347888947
      ],
      "team1_step_reward": 0.0,
      "winner": null
    },
    {
      "ball_pos": [
        9.527520179748535,
        -6.258866310119629
      ],
      "reward_shaping": null,
      "score": null,
      "step": 13,
      "team0_centroid": [
        3.5976053215563297,
        -5.406323432922363
      ],
      "team0_step_reward": 0.0,
      "team1_centroid": [
        6.369657754898071,
        1.5387232452630997
      ],