{
  "classification": {
    "labels": [
      "win"
    ],
    "primary_label": "win"
  },
  "cumulative_team0_reward": 1.9348000288009644,
  "cumulative_team1_reward": -2.0,
  "episode_index": 150,
  "final_score": null,
  "final_team0_step_reward": 1.9348000288009644,
  "final_team1_step_reward": -2.0,
  "final_winner": null,
  "metrics": {
    "mean_ball_x": 9.573153633059878,
    "tail_mean_ball_x": 10.430201228459676,
    "team0_possession_ratio": null,
    "team0_progress_toward_goal": 0.0,
    "team0_shaping_reward_sum": 0.0,
    "team1_possession_ratio": null,
    "team1_progress_toward_goal": 0.0,
    "team1_shaping_reward_sum": 0.0
  },
  "outcome": "team0_win",
  "sampled_trace": [
    {
      "ball_pos": [
        1.0026776790618896,
        -1.179915428161621
      ],
      "reward_shaping": null,
      "score": null,
      "step": 0,
      "team0_centroid": [
        -8.630050659179688,
        0.0176161527633667
      ],
      "team0_step_reward": 0.0,
      "team1_centroid": [
        8.427242279052734,
        -0.10345631837844849
      ],
      "team1_step_reward": 0.0,
      "winner": null
    },
    {
      "ball_pos": [
        8.376811027526855,
        1.8994220495224
      ],
      "reward_shaping": null,
      "score": null,
      "step": 10,
      "team0_centroid": [
        0.2604864835739136,
        -0.1788153350353241
      ],
      "team0_step_reward": 0.0,
      "team1_centroid": [
        10.38169264793396,
        -1.8342612981796265
      ],
      "team1_step_reward": 0.0,
      "winner": null
    },
    {
      "ball_pos": [
        13.758584022521973,
        5.289739608764648
      ],
      "reward_shaping": null,
      "score": null,
      "step": 20,
      "team0_centroid": [
        3.133406713604927,
        0.23316410183906555
      ],
      "team0_step_reward": 0.0,
      "team1_centroid": [
        10.89164113998413,
        -2.928953170776367
      ],
      "team1_step_reward": 0.0,
      "winner": null
    },
    {
      "ball_pos": [
        12.7255859375,
        4.902343273162842
      ],
      "reward_shaping": null,
      "score": null,
      "step": 30,
      "team0_centroid": [
        0.9182124137878418,
        4.1592384576797485
      ],
      "team0_step_reward": 0.0,
      "team1_centroid": [
        13.670262813568115,
        -4.225602388381958
      ],
      "team1_step_reward": 0.0,
      "winner": null
    }
  ],
  "steps": 33,
  "tail_trace": [
    {
      "ball_pos": [
        1.0026776790618896,
        -1.179915428161621
      ],
      "reward_shaping": null,
      "score": null,
      "step": 3,
      "team0_centroid": [
        -6.612478494644165,
        -0.34281785786151886
      ],
      "team0_step_reward": 0.0,
      "team1_centroid": [
        8.836150169372559,
        -0.29065150022506714
      ],
      "team1_step_reward": 0.0,
      "winner": null
    },
    {
      "ball_pos": [
        1.0026776790618896,
        -1.179915428161621
      ],
      "reward_shaping": null,
      "score": null,
      "step": 4,
      "team0_centroid": [
        -5.647610783576965,
        -0.5883549489080906
      ],
      "team0_step_reward": 0.0,
      "team1_centroid": [
        8.855727910995483,
        -0.22843679785728455
      ],
      "team1_step_reward": 0.0,
      "winner": null
    },
    {
      "ball_pos": [
        1.0026776790618896,
        -1.179915428161621
      ],
      "reward_shaping": null,
      "score": null,
      "step": 5,
      "team0_centroid": [
        -4.439908921718597,
        -0.8409634679555893
      ],
      "team0_step_reward": 0.0,
      "team1_centroid": [
        9.015340089797974,
        -0.30918729305267334
      ],
      "team1_step_reward": 0.0,
      "winner": null
    },
    {
      "ball_pos": [
        1.0026776790618896,
        -1.179915428161621
      ],
      "reward_shaping": null,
      "score": null,
      "step": 6,
      "team0_centroid": [
        -3.014084354043007,
        -0.910305067896843
      ],
      "team0_step_reward": 0.0,
      "team1_centroid": [
        9.153157711029053,
        -0.6020406894385815
      ],
      "team1_step_reward": 0.0,
      "winner": null
    },
    {
      "ball_pos": [
        3.740769863128662,
        -0.5825117826461792
      ],
      "reward_shaping": null,
      "score": null,
      "step": 7,
      "team0_centroid": [
        -1.6613600254058838,
        -0.9261083155870438
      ],
      "team0_step_reward": 0.0,
      "team1_centroid": [
        9.504910945892334,
        -0.7842665910720825
      ],
      "team1_step_reward": 0.0,
      "winner": null
    },
    {
      "ball_pos": [
        5.654170513153076,
        0.21940414607524872
      ],
      "reward_shaping": null,
      "score": null,
      "step": 8,
      "team0_centroid": [
        -0.5362099409103394,
        -0.7772881537675858
      ],
      "team0_step_reward": 0.0,
      "team1_centroid": [
        9.926936626434326,
        -1.0164487659931183
      ],
      "team1_step_reward": 0.0,
      "winner": null
    },
    {
      "ball_pos": [
        7.1060967445373535,
        1.115339994430542
      ],
      "reward_shaping": null,
      "score": null,
      "step": 9,
      "team0_centroid": [
        0.019015908241271973,
        -0.4924174100160599
      ],
      "team0_step_reward": 0.0,
      "team1_centroid": [
        10.225047826766968,
        -1.4152573943138123
      ],
      "team1_step_reward": 0.0,
      "winner": null
    },
    {
      "ball_pos": [
        8.376811027526855,
        1.8994220495224
      ],
      "reward_shaping": null,
      "score": null,
      "step": 10,
      "team0_centroid": [
        0.2604864835739136,
        -0.1788153350353241
      ],
      "team0_step_reward": 0.0,
      "team1_centroid": [
        10.38169264793396,
        -1.8342612981796265
      ],
      "team1_step_reward": 0.0,
      "winner": null
    },
    {
      "ball_pos": [
        9.483710289001465,
        2.5824227333068848
      ],
      "reward_shaping": null,
      "score": null,
      "step": 11,
      "team0_centroid": [
        0.6641404628753662,
        0.12489202618598938
      ],
      "team0_step_reward": 0.0,
      "team1_centroid": [
        10.751068592071533,
        -2.097670793533325
      ],
      "team1_step_reward": 0.0,
      "winner": null
    },
    {
      "ball_pos": [
        10.442532539367676,
        3.174053907394409
      ],
      "reward_shaping": null,
      "score": null,
      "step": 12,
      "team0_centroid": [
        1.3442278504371643,
        0.36710262671113014
      ],
      "team0_step_reward": 0.0,
      "team1_centroid": [
        10.950666666030884,
        -2.1518748998641968
      ],
      "team1_step_reward": 0.0,
      "winner": null
    },
    {
      "ball_pos": [
        11.267504692077637,
        3.6830942630767822
      ],
      "reward_shaping": null,
      "score": null,
      "step": 13,
      "team0_centroid": [
        2.237794041633606,
        0.388939306139946
      ],
      "team0_step_reward": 0.0,
      "team1_centroid": [
        11.163845777511597,
        -2.215510666370392
      ],
      "team1_step_reward": 0.0,
      "winner": null
    },
    {
      "ball_pos": [
        11.97148609161377,
        4.11747932434082
      ],
      "reward_shaping": null,
      "score": null,
      "step": 14,
      "team0_centroid": [
        2.7772281169891357,
        0.4929264038801193
      ],
      "team0_step_reward": 0.0,
      "team1_centroid": [
        11.4350106716156,
        -2.31560879945755
      ],
      "team1_step_reward": 0.0,
      "winner": null
    },
    {
      "ball_pos": [
        12.566102981567383,
        4.484382152557373
      ],
      "reward_shaping": null,
      "score": null,
      "step": 15,
      "team0_centroid": [
        3.4886659383773804,
        0.5805960595607758
      ],
      "team0_step_reward": 0.0,
      "team1_centroid": [
        11.581859588623047,
        -2.536730706691742
      ],