{
  "classification": {
    "labels": [
      "win"
    ],
    "primary_label": "win"
  },
  "cumulative_team0_reward": 1.930799961090088,
  "cumulative_team1_reward": -2.0,
  "episode_index": 327,
  "final_score": null,
  "final_team0_step_reward": 1.930799961090088,
  "final_team1_step_reward": -2.0,
  "final_winner": null,
  "metrics": {
    "mean_ball_x": -8.580142715999058,
    "tail_mean_ball_x": -9.63088657061259,
    "team0_possession_ratio": null,
    "team0_progress_toward_goal": 0.0,
    "team0_shaping_reward_sum": 0.0,
    "team1_possession_ratio": null,
    "team1_progress_toward_goal": 0.0,
    "team1_shaping_reward_sum": 0.0
  },
  "outcome": "team0_win",
  "sampled_trace": [
    {
      "ball_pos": [
        -2.275679588317871,
        -0.6975104808807373
      ],
      "reward_shaping": null,
      "score": null,
      "step": 0,
      "team0_centroid": [
        10.854761123657227,
        0.06773883104324341
      ],
      "team0_step_reward": 0.0,
      "team1_centroid": [
        -11.60112190246582,
        -0.06909441947937012
      ],
      "team1_step_reward": 0.0,
      "winner": null
    },
    {
      "ball_pos": [
        -7.256000995635986,
        2.719331979751587
      ],
      "reward_shaping": null,
      "score": null,
      "step": 10,
      "team0_centroid": [
        3.6592750549316406,
        -1.9947892427444458
      ],
      "team0_step_reward": 0.0,
      "team1_centroid": [
        -8.6143057346344,
        -0.8155203312635422
      ],
      "team1_step_reward": 0.0,
      "winner": null
    },
    {
      "ball_pos": [
        -9.549497604370117,
        5.534783840179443
      ],
      "reward_shaping": null,
      "score": null,
      "step": 20,
      "team0_centroid": [
        1.9735016822814941,
        -1.6162947416305542
      ],
      "team0_step_reward": 0.0,
      "team1_centroid": [
        -6.830673933029175,
        -1.2408798038959503
      ],
      "team1_step_reward": 0.0,
      "winner": null
    },
    {
      "ball_pos": [
        -13.514979362487793,
        5.109151840209961
      ],
      "reward_shaping": null,
      "score": null,
      "step": 30,
      "team0_centroid": [
        -2.0142061710357666,
        -0.34819912910461426
      ],
      "team0_step_reward": 0.0,
      "team1_centroid": [
        -7.621024966239929,
        1.847222775220871
      ],
      "team1_step_reward": 0.0,
      "winner": null
    }
  ],
  "steps": 35,
  "tail_trace": [
    {
      "ball_pos": [
        -2.275679588317871,
        -0.6975104808807373
      ],
      "reward_shaping": null,
      "score": null,
      "step": 5,
      "team0_centroid": [
        8.418339967727661,
        -0.511822298169136
      ],
      "team0_step_reward": 0.0,
      "team1_centroid": [
        -9.920063495635986,
        -0.35229578614234924
      ],
      "team1_step_reward": 0.0,
      "winner": null
    },
    {
      "ball_pos": [
        -2.275679588317871,
        -0.6975104808807373
      ],
      "reward_shaping": null,
      "score": null,
      "step": 6,
      "team0_centroid": [
        7.695930004119873,
        -0.8243308365345001
      ],
      "team0_step_reward": 0.0,
      "team1_centroid": [
        -9.585719108581543,
        -0.47132405638694763
      ],
      "team1_step_reward": 0.0,
      "winner": null
    },
    {
      "ball_pos": [
        -2.275679588317871,
        -0.6975104808807373
      ],
      "reward_shaping": null,
      "score": null,
      "step": 7,
      "team0_centroid": [
        6.771859109401703,
        -1.2043869197368622
      ],
      "team0_step_reward": 0.0,
      "team1_centroid": [
        -9.093346118927002,
        -0.5371826142072678
      ],
      "team1_step_reward": 0.0,
      "winner": null
    },
    {
      "ball_pos": [
        -2.275679588317871,
        -0.6975104808807373
      ],
      "reward_shaping": null,
      "score": null,
      "step": 8,
      "team0_centroid": [
        5.70759554207325,
        -1.5718905329704285
      ],
      "team0_step_reward": 0.0,
      "team1_centroid": [
        -8.875198602676392,
        -0.49182912707328796
      ],
      "team1_step_reward": 0.0,
      "winner": null
    },
    {
      "ball_pos": [
        -4.280028343200684,
        0.4920117259025574
      ],
      "reward_shaping": null,
      "score": null,
      "step": 9,
      "team0_centroid": [
        4.593745946884155,
        -1.8285255432128906
      ],
      "team0_step_reward": 0.0,
      "team1_centroid": [
        -8.874892711639404,
        -0.5572179928421974
      ],
      "team1_step_reward": 0.0,
      "winner": null
    },
    {
      "ball_pos": [
        -7.256000995635986,
        2.719331979751587
      ],
      "reward_shaping": null,
      "score": null,
      "step": 10,
      "team0_centroid": [
        3.6592750549316406,
        -1.9947892427444458
      ],
      "team0_step_reward": 0.0,
      "team1_centroid": [
        -8.6143057346344,
        -0.8155203312635422
      ],
      "team1_step_reward": 0.0,
      "winner": null
    },
    {
      "ball_pos": [
        -9.906755447387695,
        4.703320503234863
      ],
      "reward_shaping": null,
      "score": null,
      "step": 11,
      "team0_centroid": [
        2.9680285453796387,
        -2.099940001964569
      ],
      "team0_step_reward": 0.0,
      "team1_centroid": [
        -8.538769006729126,
        -1.225195437669754
      ],
      "team1_step_reward": 0.0,
      "winner": null
    },
    {
      "ball_pos": [
        -12.263574600219727,
        6.46730899810791
      ],
      "reward_shaping": null,
      "score": null,
      "step": 12,
      "team0_centroid": [
        2.421407699584961,
        -2.153311789035797
      ],
      "team0_step_reward": 0.0,
      "team1_centroid": [
        -8.696736812591553,
        -1.597332090139389
      ],
      "team1_step_reward": 0.0,
      "winner": null
    },
    {
      "ball_pos": [
        -12.135470390319824,
        6.376847267150879
      ],
      "reward_shaping": null,
      "score": null,
      "step": 13,
      "team0_centroid": [
        1.9547977447509766,
        -2.164766564965248
      ],
      "team0_step_reward": 0.0,
      "team1_centroid": [
        -8.811118125915527,
        -1.7052392959594727
      ],
      "team1_step_reward": 0.0,
      "winner": null
    },
    {
      "ball_pos": [
        -10.675671577453613,
        5.301197052001953
      ],
      "reward_shaping": null,
      "score": null,
      "step": 14,
      "team0_centroid": [
        1.821748971939087,
        -2.2583024203777313
      ],
      "team0_step_reward": 0.0,
      "team1_centroid": [
        -8.657973766326904,
        -1.7547163665294647
      ],
      "team1_step_reward": 0.0,
      "winner": null
    },
    {
      "ball_pos": [
        -9.395418167114258,
        4.358229160308838
      ],
      "reward_shaping": null,
      "score": null,
      "step": 15,
      "team0_centroid": [
        1.9000301361083984,
        -2.2418413758277893
      ],
      "team0_step_reward": 0.0,
      "team1_centroid": [
        -8.439160346984863,
        -1.734364092350006
      ],
      "team1_step_reward": 0.0,
      "winner": null
    },
    {
      "ball_pos": [
        -8.2776460647583,
        3.5349395275115967
      ],
      "reward_shaping": null,
      "score": null,
      "step": 16,
      "team0_centroid": [
        2.1987454891204834,
        -2.1974858045578003
      ],
      "team0_step_reward": 0.0,
      "team1_centroid": [
        -8.242719888687134,
        -1.6846928671002388
      ],
      "team1_step_reward": 0.0,
      "winner": null
    },
    {
      "ball_pos": [
        -7.678310394287109,
        3.156320333480835
      ],
      "reward_shaping": null,
      "score": null,
      "step": 17,
      "team0_centroid": [
        2.505521059036255,
        -2.206345319747925
      ],
      "team0_step_reward": 0.0,