{
  "classification": {
    "labels": [
      "win"
    ],
    "primary_label": "win"
  },
  "cumulative_team0_reward": 1.9711999893188477,
  "cumulative_team1_reward": -2.0,
  "episode_index": 338,
  "final_score": null,
  "final_team0_step_reward": 1.9711999893188477,
  "final_team1_step_reward": -2.0,
  "final_winner": null,
  "metrics": {
    "mean_ball_x": 7.604167056083679,
    "tail_mean_ball_x": 7.604167056083679,
    "team0_possession_ratio": null,
    "team0_progress_toward_goal": 0.0,
    "team0_shaping_reward_sum": 0.0,
    "team1_possession_ratio": null,
    "team1_progress_toward_goal": 0.0,
    "team1_shaping_reward_sum": 0.0
  },
  "outcome": "team0_win",
  "sampled_trace": [
    {
      "ball_pos": [
        1.03401780128479,
        0.4275546073913574
      ],
      "reward_shaping": null,
      "score": null,
      "step": 0,
      "team0_centroid": [
        -7.046904802322388,
        -0.0214194655418396
      ],
      "team0_step_reward": 0.0,
      "team1_centroid": [
        9.564130544662476,
        0.06812220811843872
      ],
      "team1_step_reward": 0.0,
      "winner": null
    },
    {
      "ball_pos": [
        10.907598495483398,
        0.44248321652412415
      ],
      "reward_shaping": null,
      "score": null,
      "step": 10,
      "team0_centroid": [
        1.992621898651123,
        -0.012335032224655151
      ],
      "team0_step_reward": 0.0,
      "team1_centroid": [
        4.929111957550049,
        -0.7870641946792603
      ],
      "team1_step_reward": 0.0,
      "winner": null
    }
  ],
  "steps": 15,
  "tail_trace": [
    {
      "ball_pos": [
        1.03401780128479,
        0.4275546073913574
      ],
      "reward_shaping": null,
      "score": null,
      "step": 0,
      "team0_centroid": [
        -7.046904802322388,
        -0.0214194655418396
      ],
      "team0_step_reward": 0.0,
      "team1_centroid": [
        9.564130544662476,
        0.06812220811843872
      ],
      "team1_step_reward": 0.0,
      "winner": null
    },
    {
      "ball_pos": [
        1.03401780128479,
        0.42755457758903503
      ],
      "reward_shaping": null,
      "score": null,
      "step": 1,
      "team0_centroid": [
        -6.397882342338562,
        -0.17145013809204102
      ],
      "team0_step_reward": 0.0,
      "team1_centroid": [
        9.524554252624512,
        0.29459357261657715
      ],
      "team1_step_reward": 0.0,
      "winner": null
    },
    {
      "ball_pos": [
        1.03401780128479,
        0.42755457758903503
      ],
      "reward_shaping": null,
      "score": null,
      "step": 2,
      "team0_centroid": [
        -5.431377112865448,
        -0.30685171484947205
      ],
      "team0_step_reward": 0.0,
      "team1_centroid": [
        9.234720706939697,
        0.5260133296251297
      ],
      "team1_step_reward": 0.0,
      "winner": null
    },
    {
      "ball_pos": [
        1.4818133115768433,
        0.42791152000427246
      ],
      "reward_shaping": null,
      "score": null,
      "step": 3,
      "team0_centroid": [
        -4.442998230457306,
        -0.3234590142965317
      ],
      "team0_step_reward": 0.0,
      "team1_centroid": [
        8.894597291946411,
        0.5376535356044769
      ],
      "team1_step_reward": 0.0,
      "winner": null
    },
    {
      "ball_pos": [
        3.4350523948669434,
        0.4308283030986786
      ],
      "reward_shaping": null,
      "score": null,
      "step": 4,
      "team0_centroid": [
        -3.524300754070282,
        -0.30804868042469025
      ],
      "team0_step_reward": 0.0,
      "team1_centroid": [
        8.688480377197266,
        0.3937114477157593
      ],
      "team1_step_reward": 0.0,
      "winner": null
    },
    {
      "ball_pos": [
        5.151594161987305,
        0.43350496888160706
      ],
      "reward_shaping": null,
      "score": null,
      "step": 5,
      "team0_centroid": [
        -2.471928596496582,
        -0.24794498085975647
      ],
      "team0_step_reward": 0.0,
      "team1_centroid": [
        8.367298364639282,
        0.20374763011932373
      ],
      "team1_step_reward": 0.0,
      "winner": null
    },
    {
      "ball_pos": [
        6.654180526733398,
        0.4358488619327545
      ],
      "reward_shaping": null,
      "score": null,
      "step": 6,
      "team0_centroid": [
        -1.3240206241607666,
        -0.1699170172214508
      ],
      "team0_step_reward": 0.0,
      "team1_centroid": [
        7.8348307609558105,
        0.04212254285812378
      ],
      "team1_step_reward": 0.0,
      "winner": null
    },
    {
      "ball_pos": [
        7.9633684158325195,
        0.4378909170627594
      ],
      "reward_shaping": null,
      "score": null,
      "step": 7,
      "team0_centroid": [
        -0.34761548042297363,
        -0.10378766059875488
      ],
      "team0_step_reward": 0.0,
      "team1_centroid": [
        7.1522393226623535,
        -0.030021190643310547
      ],
      "team1_step_reward": 0.0,
      "winner": null
    },
    {
      "ball_pos": [
        9.097738265991211,
        0.43966031074523926
      ],
      "reward_shaping": null,
      "score": null,
      "step": 8,
      "team0_centroid": [
        0.331113338470459,
        -0.06189626455307007
      ],
      "team0_step_reward": 0.0,
      "team1_centroid": [
        6.30860161781311,
        -0.26714634895324707
      ],
      "team1_step_reward": 0.0,
      "winner": null
    },
    {
      "ball_pos": [
        10.074087142944336,
        0.4411831498146057
      ],
      "reward_shaping": null,
      "score": null,
      "step": 9,
      "team0_centroid": [
        1.0574400424957275,
        -0.012072771787643433
      ],
      "team0_step_reward": 0.0,
      "team1_centroid": [
        5.614108324050903,
        -0.5504738092422485
      ],
      "team1_step_reward": 0.0,
      "winner": null
    },
    {
      "ball_pos": [
        10.907598495483398,
        0.44248321652412415
      ],
      "reward_shaping": null,
      "score": null,
      "step": 10,
      "team0_centroid": [
        1.992621898651123,
        -0.012335032224655151
      ],
      "team0_step_reward": 0.0,
      "team1_centroid": [
        4.929111957550049,
        -0.7870641946792603
      ],
      "team1_step_reward": 0.0,
      "winner": null
    },
    {
      "ball_pos": [
        11.896249771118164,
        0.4869834780693054
      ],
      "reward_shaping": null,
      "score": null,
      "step": 11,
      "team0_centroid": [
        2.8164384365081787,
        -0.11501972377300262
      ],
      "team0_step_reward": 0.0,
      "team1_centroid": [
        4.355358958244324,
        -0.9686077833175659
      ],
      "team1_step_reward": 0.0,
      "winner": null
    },
    {
      "ball_pos": [
        13.678731918334961,
        0.7522674202919006
      ],
      "reward_shaping": null,
      "score": null,
      "step": 12,
      "team0_centroid": [
        3.4137842655181885,
        -0.22978654690086842
      ],
      "team0_step_reward": 0.0,
      "team1_centroid": [
        4.260687589645386,
        -1.2342826128005981
      ],
      "team1_step_reward": 0.0,
      "winner": null
    },
    {
      "ball_pos": [
        15.24168872833252,
        0.9832645058631897
      ],
      "reward_shaping": null,
      "score": null,
      "step": 13,
      "team0_centroid": [
        4.063906192779541,
        -0.19768177717924118
      ],
      "team0_step_reward": 0.0,
      "team1_centroid": [
        4.415235638618469,
        -1.5077186822891235
      ],
      "team1_step_reward": 0.0,
      "winner": null
    },
    {
      "ball_pos": [
        15.378349304199219,
        1.018554449081421
      ],
      "reward_shaping": null,
      "score": null,
      "step": 14,
      "team0_centroid": [
        4.197504997253418,
        -0.18044118583202362
      ],
      "team0_step_reward": 1.9711999893188477,