{
  "classification": {
    "labels": [
      "win"
    ],
    "primary_label": "win"
  },
  "cumulative_team0_reward": 1.9520000219345093,
  "cumulative_team1_reward": -2.0,
  "episode_index": 491,
  "final_score": null,
  "final_team0_step_reward": 1.9520000219345093,
  "final_team1_step_reward": -2.0,
  "final_winner": null,
  "metrics": {
    "mean_ball_x": -8.772464921077093,
    "tail_mean_ball_x": -8.772464921077093,
    "team0_possession_ratio": null,
    "team0_progress_toward_goal": 0.0,
    "team0_shaping_reward_sum": 0.0,
    "team1_possession_ratio": null,
    "team1_progress_toward_goal": 0.0,
    "team1_shaping_reward_sum": 0.0
  },
  "outcome": "team0_win",
  "sampled_trace": [
    {
      "ball_pos": [
        -1.6298103332519531,
        0.07601816207170486
      ],
      "reward_shaping": null,
      "score": null,
      "step": 0,
      "team0_centroid": [
        8.981775283813477,
        0.033615708351135254
      ],
      "team0_step_reward": 0.0,
      "team1_centroid": [
        -10.130738258361816,
        0.0008653998374938965
      ],
      "team1_step_reward": 0.0,
      "winner": null
    },
    {
      "ball_pos": [
        -13.12188720703125,
        5.595882415771484
      ],
      "reward_shaping": null,
      "score": null,
      "step": 10,
      "team0_centroid": [
        0.42830348014831543,
        1.4891826510429382
      ],
      "team0_step_reward": 0.0,
      "team1_centroid": [
        -11.064735889434814,
        1.1373910903930664
      ],
      "team1_step_reward": 0.0,
      "winner": null
    },
    {
      "ball_pos": [
        -12.085134506225586,
        3.502622127532959
      ],
      "reward_shaping": null,
      "score": null,
      "step": 20,
      "team0_centroid": [
        -3.7412076890468597,
        2.227148473262787
      ],
      "team0_step_reward": 0.0,
      "team1_centroid": [
        -12.584740161895752,
        1.8318594992160797
      ],
      "team1_step_reward": 0.0,
      "winner": null
    }
  ],
  "steps": 24,
  "tail_trace": [
    {
      "ball_pos": [
        -1.6298103332519531,
        0.07601816207170486
      ],
      "reward_shaping": null,
      "score": null,
      "step": 0,
      "team0_centroid": [
        8.981775283813477,
        0.033615708351135254
      ],
      "team0_step_reward": 0.0,
      "team1_centroid": [
        -10.130738258361816,
        0.0008653998374938965
      ],
      "team1_step_reward": 0.0,
      "winner": null
    },
    {
      "ball_pos": [
        -1.6298103332519531,
        0.07601816207170486
      ],
      "reward_shaping": null,
      "score": null,
      "step": 1,
      "team0_centroid": [
        8.32825493812561,
        0.13310271501541138
      ],
      "team0_step_reward": 0.0,
      "team1_centroid": [
        -10.137603521347046,
        0.1516714096069336
      ],
      "team1_step_reward": 0.0,
      "winner": null
    },
    {
      "ball_pos": [
        -1.6298103332519531,
        0.07601819932460785
      ],
      "reward_shaping": null,
      "score": null,
      "step": 2,
      "team0_centroid": [
        7.851917624473572,
        0.23300930857658386
      ],
      "team0_step_reward": 0.0,
      "team1_centroid": [
        -10.164548873901367,
        0.48224735260009766
      ],
      "team1_step_reward": 0.0,
      "winner": null
    },
    {
      "ball_pos": [
        -1.6298103332519531,
        0.07601823657751083
      ],
      "reward_shaping": null,
      "score": null,
      "step": 3,
      "team0_centroid": [
        7.005738973617554,
        0.3583991527557373
      ],
      "team0_step_reward": 0.0,
      "team1_centroid": [
        -10.440501928329468,
        0.8241041600704193
      ],
      "team1_step_reward": 0.0,
      "winner": null
    },
    {
      "ball_pos": [
        -1.6298103332519531,
        0.07601827383041382
      ],
      "reward_shaping": null,
      "score": null,
      "step": 4,
      "team0_centroid": [
        5.852416455745697,
        0.5020101219415665
      ],
      "team0_step_reward": 0.0,
      "team1_centroid": [
        -10.501940488815308,
        0.9736972600221634
      ],
      "team1_step_reward": 0.0,
      "winner": null
    },
    {
      "ball_pos": [
        -2.0772321224212646,
        0.14767539501190186
      ],
      "reward_shaping": null,
      "score": null,
      "step": 5,
      "team0_centroid": [
        4.622944742441177,
        0.4947557598352432
      ],
      "team0_step_reward": 0.0,
      "team1_centroid": [
        -10.389678239822388,
        1.0281217992305756
      ],
      "team1_step_reward": 0.0,
      "winner": null
    },
    {
      "ball_pos": [
        -4.850383758544922,
        1.5149366855621338
      ],
      "reward_shaping": null,
      "score": null,
      "step": 6,
      "team0_centroid": [
        3.6324517130851746,
        0.5652340110391378
      ],
      "team0_step_reward": 0.0,
      "team1_centroid": [
        -10.326921701431274,
        1.138316810131073
      ],
      "team1_step_reward": 0.0,
      "winner": null
    },
    {
      "ball_pos": [
        -7.3127875328063965,
        2.729818820953369
      ],
      "reward_shaping": null,
      "score": null,
      "step": 7,
      "team0_centroid": [
        2.936554789543152,
        0.7048239484429359
      ],
      "team0_step_reward": 0.0,
      "team1_centroid": [
        -10.251440525054932,
        1.111887350678444
      ],
      "team1_step_reward": 0.0,
      "winner": null
    },
    {
      "ball_pos": [
        -9.494632720947266,
        3.806286573410034
      ],
      "reward_shaping": null,
      "score": null,
      "step": 8,
      "team0_centroid": [
        1.9504103660583496,
        0.8680990934371948
      ],
      "team0_step_reward": 0.0,
      "team1_centroid": [
        -10.453186750411987,
        1.0844409763813019
      ],
      "team1_step_reward": 0.0,
      "winner": null
    },
    {
      "ball_pos": [
        -11.422877311706543,
        4.757633686065674
      ],
      "reward_shaping": null,
      "score": null,
      "step": 9,
      "team0_centroid": [
        1.239382266998291,
        1.1284075379371643
      ],
      "team0_step_reward": 0.0,
      "team1_centroid": [
        -10.814576148986816,
        1.0867853164672852
      ],
      "team1_step_reward": 0.0,
      "winner": null
    },
    {
      "ball_pos": [
        -13.12188720703125,
        5.595882415771484
      ],
      "reward_shaping": null,
      "score": null,
      "step": 10,
      "team0_centroid": [
        0.42830348014831543,
        1.4891826510429382
      ],
      "team0_step_reward": 0.0,
      "team1_centroid": [
        -11.064735889434814,
        1.1373910903930664
      ],
      "team1_step_reward": 0.0,
      "winner": null
    },
    {
      "ball_pos": [
        -13.592025756835938,
        5.760340213775635
      ],
      "reward_shaping": null,
      "score": null,
      "step": 11,
      "team0_centroid": [
        -0.41240501403808594,
        1.891604483127594
      ],
      "team0_step_reward": 0.0,
      "team1_centroid": [
        -11.392819881439209,
        1.255851536989212
      ],
      "team1_step_reward": 0.0,
      "winner": null
    },
    {
      "ball_pos": [
        -12.654617309570312,
        5.132859230041504
      ],
      "reward_shaping": null,
      "score": null,
      "step": 12,
      "team0_centroid": [
        -0.9653952121734619,
        2.294004201889038
      ],
      "team0_step_reward": 0.0,
      "team1_centroid": [
        -11.686472415924072,
        1.3825969211757183
      ],
      "team1_step_reward": 0.0,
      "winner": null
    },
    {
      "ball_pos": [
        -11.848344802856445,
        4.592453956604004
      ],
      "reward_shaping": null,
      "score": null,
      "step": 13,
      "team0_centroid": [
        -1.3382203578948975,
        2.62431401014328
      ],
      "team0_step_reward": 0.0,