{
  "classification": {
    "labels": [
      "win"
    ],
    "primary_label": "win"
  },
  "cumulative_team0_reward": 1.9420000314712524,
  "cumulative_team1_reward": -2.0,
  "episode_index": 35,
  "final_score": null,
  "final_team0_step_reward": 1.9420000314712524,
  "final_team1_step_reward": -2.0,
  "final_winner": null,
  "metrics": {
    "mean_ball_x": -7.887353354486926,
    "tail_mean_ball_x": -7.887353354486926,
    "team0_possession_ratio": null,
    "team0_progress_toward_goal": 0.0,
    "team0_shaping_reward_sum": 0.0,
    "team1_possession_ratio": null,
    "team1_progress_toward_goal": 0.0,
    "team1_shaping_reward_sum": 0.0
  },
  "outcome": "team0_win",
  "sampled_trace": [
    {
      "ball_pos": [
        -1.2944555282592773,
        -1.2995195388793945
      ],
      "reward_shaping": null,
      "score": null,
      "step": 0,
      "team0_centroid": [
        6.8957895040512085,
        -0.13567876815795898
      ],
      "team0_step_reward": 0.0,
      "team1_centroid": [
        -7.757113456726074,
        0.06676298379898071
      ],
      "team1_step_reward": 0.0,
      "winner": null
    },
    {
      "ball_pos": [
        -12.682101249694824,
        -5.654064178466797
      ],
      "reward_shaping": null,
      "score": null,
      "step": 10,
      "team0_centroid": [
        0.7738615274429321,
        -1.1758236587047577
      ],
      "team0_step_reward": 0.0,
      "team1_centroid": [
        -8.125921726226807,
        -1.798651359975338
      ],
      "team1_step_reward": 0.0,
      "winner": null
    },
    {
      "ball_pos": [
        -7.94266414642334,
        -1.5486552715301514
      ],
      "reward_shaping": null,
      "score": null,
      "step": 20,
      "team0_centroid": [
        -5.704793214797974,
        -0.5601175427436829
      ],
      "team0_step_reward": 0.0,
      "team1_centroid": [
        -6.428726673126221,
        -2.3480990529060364
      ],
      "team1_step_reward": 0.0,
      "winner": null
    }
  ],
  "steps": 29,
  "tail_trace": [
    {
      "ball_pos": [
        -1.2944555282592773,
        -1.2995195388793945
      ],
      "reward_shaping": null,
      "score": null,
      "step": 0,
      "team0_centroid": [
        6.8957895040512085,
        -0.13567876815795898
      ],
      "team0_step_reward": 0.0,
      "team1_centroid": [
        -7.757113456726074,
        0.06676298379898071
      ],
      "team1_step_reward": 0.0,
      "winner": null
    },
    {
      "ball_pos": [
        -1.2944555282592773,
        -1.2995195388793945
      ],
      "reward_shaping": null,
      "score": null,
      "step": 1,
      "team0_centroid": [
        6.638275504112244,
        -0.28648364543914795
      ],
      "team0_step_reward": 0.0,
      "team1_centroid": [
        -7.800540208816528,
        0.14955008029937744
      ],
      "team1_step_reward": 0.0,
      "winner": null
    },
    {
      "ball_pos": [
        -1.2944555282592773,
        -1.2995195388793945
      ],
      "reward_shaping": null,
      "score": null,
      "step": 2,
      "team0_centroid": [
        6.0499889850616455,
        -0.5136258900165558
      ],
      "team0_step_reward": 0.0,
      "team1_centroid": [
        -7.869952201843262,
        0.19590987265110016
      ],
      "team1_step_reward": 0.0,
      "winner": null
    },
    {
      "ball_pos": [
        -1.2944555282592773,
        -1.2995195388793945
      ],
      "reward_shaping": null,
      "score": null,
      "step": 3,
      "team0_centroid": [
        5.478145122528076,
        -0.7627093605697155
      ],
      "team0_step_reward": 0.0,
      "team1_centroid": [
        -7.883403539657593,
        0.08983230590820312
      ],
      "team1_step_reward": 0.0,
      "winner": null
    },
    {
      "ball_pos": [
        -1.2944555282592773,
        -1.2995195388793945
      ],
      "reward_shaping": null,
      "score": null,
      "step": 4,
      "team0_centroid": [
        4.603468596935272,
        -0.8677931427955627
      ],
      "team0_step_reward": 0.0,
      "team1_centroid": [
        -7.905924558639526,
        0.08414444327354431
      ],
      "team1_step_reward": 0.0,
      "winner": null
    },
    {
      "ball_pos": [
        -1.2944555282592773,
        -1.2995195388793945
      ],
      "reward_shaping": null,
      "score": null,
      "step": 5,
      "team0_centroid": [
        3.4693760126829147,
        -0.8931962251663208
      ],
      "team0_step_reward": 0.0,
      "team1_centroid": [
        -8.150079250335693,
        -0.07665814459323883
      ],
      "team1_step_reward": 0.0,
      "winner": null
    },
    {
      "ball_pos": [
        -3.0036940574645996,
        -1.8548890352249146
      ],
      "reward_shaping": null,
      "score": null,
      "step": 6,
      "team0_centroid": [
        2.5801421403884888,
        -0.7483723163604736
      ],
      "team0_step_reward": 0.0,
      "team1_centroid": [
        -8.405505657196045,
        -0.3740992695093155
      ],
      "team1_step_reward": 0.0,
      "winner": null
    },
    {
      "ball_pos": [
        -5.875513553619385,
        -2.982105016708374
      ],
      "reward_shaping": null,
      "score": null,
      "step": 7,
      "team0_centroid": [
        1.9642760753631592,
        -0.709519281052053
      ],
      "team0_step_reward": 0.0,
      "team1_centroid": [
        -8.48848271369934,
        -0.5964486598968506
      ],
      "team1_step_reward": 0.0,
      "winner": null
    },
    {
      "ball_pos": [
        -8.42573070526123,
        -3.9832046031951904
      ],
      "reward_shaping": null,
      "score": null,
      "step": 8,
      "team0_centroid": [
        1.5359094142913818,
        -0.7792520225048065
      ],
      "team0_step_reward": 0.0,
      "team1_centroid": [
        -8.478179693222046,
        -0.8739577978849411
      ],
      "team1_step_reward": 0.0,
      "winner": null
    },
    {
      "ball_pos": [
        -10.685284614562988,
        -4.870203971862793
      ],
      "reward_shaping": null,
      "score": null,
      "step": 9,
      "team0_centroid": [
        1.2353439331054688,
        -0.9846524000167847
      ],
      "team0_step_reward": 0.0,
      "team1_centroid": [
        -8.410208225250244,
        -1.3734526187181473
      ],
      "team1_step_reward": 0.0,
      "winner": null
    },
    {
      "ball_pos": [
        -12.682101249694824,
        -5.654064178466797
      ],
      "reward_shaping": null,
      "score": null,
      "step": 10,
      "team0_centroid": [
        0.7738615274429321,
        -1.1758236587047577
      ],
      "team0_step_reward": 0.0,
      "team1_centroid": [
        -8.125921726226807,
        -1.798651359975338
      ],
      "team1_step_reward": 0.0,
      "winner": null
    },
    {
      "ball_pos": [
        -13.274909019470215,
        -5.7331132888793945
      ],
      "reward_shaping": null,
      "score": null,
      "step": 11,
      "team0_centroid": [
        -0.21407485008239746,
        -1.2939132452011108
      ],
      "team0_step_reward": 0.0,
      "team1_centroid": [
        -7.771723747253418,
        -2.2186434268951416
      ],
      "team1_step_reward": 0.0,
      "winner": null
    },
    {
      "ball_pos": [
        -12.260866165161133,
        -4.939207077026367
      ],
      "reward_shaping": null,
      "score": null,
      "step": 12,
      "team0_centroid": [
        -1.490519404411316,
        -1.2606832385063171
      ],
      "team0_step_reward": 0.0,
      "team1_centroid": [
        -7.2901856899261475,
        -2.566244065761566
      ],
      "team1_step_reward": 0.0,
      "winner": null
    },
    {
      "ball_pos": [
        -11.38381576538086,
        -4.250583648681641
      ],
      "reward_shaping": null,
      "score": null,
      "step": 13,
      "team0_centroid": [
        -2.819172501564026,
        -1.0895563960075378
      ],
      "team0_step_reward": 0.0,