{
  "classification": {
    "labels": [
      "win"
    ],
    "primary_label": "win"
  },
  "cumulative_team0_reward": 1.9664000272750854,
  "cumulative_team1_reward": -2.0,
  "episode_index": 24,
  "final_score": null,
  "final_team0_step_reward": 1.9664000272750854,
  "final_team1_step_reward": -2.0,
  "final_winner": null,
  "metrics": {
    "mean_ball_x": 7.304744706434362,
    "tail_mean_ball_x": 7.304744706434362,
    "team0_possession_ratio": null,
    "team0_progress_toward_goal": 0.0,
    "team0_shaping_reward_sum": 0.0,
    "team1_possession_ratio": null,
    "team1_progress_toward_goal": 0.0,
    "team1_shaping_reward_sum": 0.0
  },
  "outcome": "team0_win",
  "sampled_trace": [
    {
      "ball_pos": [
        -0.24271750450134277,
        0.7957606315612793
      ],
      "reward_shaping": null,
      "score": null,
      "step": 0,
      "team0_centroid": [
        -9.099029064178467,
        -0.049601197242736816
      ],
      "team0_step_reward": 0.0,
      "team1_centroid": [
        6.846965909004211,
        -0.1360955834388733
      ],
      "team1_step_reward": 0.0,
      "winner": null
    },
    {
      "ball_pos": [
        10.108234405517578,
        -2.511709451675415
      ],
      "reward_shaping": null,
      "score": null,
      "step": 10,
      "team0_centroid": [
        2.6839935183525085,
        0.04332911968231201
      ],
      "team0_step_reward": 0.0,
      "team1_centroid": [
        9.47438097000122,
        -2.9821035861968994
      ],
      "team1_step_reward": 0.0,
      "winner": null
    }
  ],
  "steps": 17,
  "tail_trace": [
    {
      "ball_pos": [
        -0.24271750450134277,
        0.7957606315612793
      ],
      "reward_shaping": null,
      "score": null,
      "step": 0,
      "team0_centroid": [
        -9.099029064178467,
        -0.049601197242736816
      ],
      "team0_step_reward": 0.0,
      "team1_centroid": [
        6.846965909004211,
        -0.1360955834388733
      ],
      "team1_step_reward": 0.0,
      "winner": null
    },
    {
      "ball_pos": [
        -0.24271750450134277,
        0.7957606315612793
      ],
      "reward_shaping": null,
      "score": null,
      "step": 1,
      "team0_centroid": [
        -8.176860809326172,
        -0.06126672029495239
      ],
      "team0_step_reward": 0.0,
      "team1_centroid": [
        6.805382013320923,
        -0.3013266921043396
      ],
      "team1_step_reward": 0.0,
      "winner": null
    },
    {
      "ball_pos": [
        -0.24271750450134277,
        0.7957606315612793
      ],
      "reward_shaping": null,
      "score": null,
      "step": 2,
      "team0_centroid": [
        -7.105620265007019,
        0.05746755003929138
      ],
      "team0_step_reward": 0.0,
      "team1_centroid": [
        6.7671849727630615,
        -0.4175843596458435
      ],
      "team1_step_reward": 0.0,
      "winner": null
    },
    {
      "ball_pos": [
        0.47247886657714844,
        0.7336518168449402
      ],
      "reward_shaping": null,
      "score": null,
      "step": 3,
      "team0_centroid": [
        -5.699797868728638,
        0.20200806856155396
      ],
      "team0_step_reward": 0.0,
      "team1_centroid": [
        6.731152057647705,
        -0.6393629908561707
      ],
      "team1_step_reward": 0.0,
      "winner": null
    },
    {
      "ball_pos": [
        2.4570136070251465,
        0.06598787009716034
      ],
      "reward_shaping": null,
      "score": null,
      "step": 4,
      "team0_centroid": [
        -3.950826644897461,
        0.37001119181513786
      ],
      "team0_step_reward": 0.0,
      "team1_centroid": [
        6.960912704467773,
        -1.0158930122852325
      ],
      "team1_step_reward": 0.0,
      "winner": null
    },
    {
      "ball_pos": [
        4.204159736633301,
        -0.522621214389801
      ],
      "reward_shaping": null,
      "score": null,
      "step": 5,
      "team0_centroid": [
        -2.393991231918335,
        0.4275232255458832
      ],
      "team0_step_reward": 0.0,
      "team1_centroid": [
        7.240633964538574,
        -1.362596184015274
      ],
      "team1_step_reward": 0.0,
      "winner": null
    },
    {
      "ball_pos": [
        5.736974716186523,
        -1.0390278100967407
      ],
      "reward_shaping": null,
      "score": null,
      "step": 6,
      "team0_centroid": [
        -1.0315167903900146,
        0.3458852805197239
      ],
      "team0_step_reward": 0.0,
      "team1_centroid": [
        7.671984434127808,
        -1.6293513178825378
      ],
      "team1_step_reward": 0.0,
      "winner": null
    },
    {
      "ball_pos": [
        7.076052188873291,
        -1.4901643991470337
      ],
      "reward_shaping": null,
      "score": null,
      "step": 7,
      "team0_centroid": [
        0.08289790153503418,
        0.2516859173774719
      ],
      "team0_step_reward": 0.0,
      "team1_centroid": [
        8.10952353477478,
        -1.9048502743244171
      ],
      "team1_step_reward": 0.0,
      "winner": null
    },
    {
      "ball_pos": [
        8.240006446838379,
        -1.882301926612854
      ],
      "reward_shaping": null,
      "score": null,
      "step": 8,
      "team0_centroid": [
        0.8776793479919434,
        0.10892486572265625
      ],
      "team0_step_reward": 0.0,
      "team1_centroid": [
        8.6360604763031,
        -2.213740009814501
      ],
      "team1_step_reward": 0.0,
      "winner": null
    },
    {
      "ball_pos": [
        9.2456636428833,
        -2.221108913421631
      ],
      "reward_shaping": null,
      "score": null,
      "step": 9,
      "team0_centroid": [
        1.695898175239563,
        -0.0032411813735961914
      ],
      "team0_step_reward": 0.0,
      "team1_centroid": [
        9.131701231002808,
        -2.6149961054325104
      ],
      "team1_step_reward": 0.0,
      "winner": null
    },
    {
      "ball_pos": [
        10.108234405517578,
        -2.511709451675415
      ],
      "reward_shaping": null,
      "score": null,
      "step": 10,
      "team0_centroid": [
        2.6839935183525085,
        0.04332911968231201
      ],
      "team0_step_reward": 0.0,
      "team1_centroid": [
        9.47438097000122,
        -2.9821035861968994
      ],
      "team1_step_reward": 0.0,
      "winner": null
    },
    {
      "ball_pos": [
        10.841463088989258,
        -2.758735179901123
      ],
      "reward_shaping": null,
      "score": null,
      "step": 11,
      "team0_centroid": [
        3.546340584754944,
        -0.020100414752960205
      ],
      "team0_step_reward": 0.0,
      "team1_centroid": [
        9.974636316299438,
        -3.1775815188884735
      ],
      "team1_step_reward": 0.0,
      "winner": null
    },
    {
      "ball_pos": [
        11.457850456237793,
        -2.9663965702056885
      ],
      "reward_shaping": null,
      "score": null,
      "step": 12,
      "team0_centroid": [
        4.418716132640839,
        -0.23206156492233276
      ],
      "team0_step_reward": 0.0,
      "team1_centroid": [
        10.225661277770996,
        -3.3465025424957275
      ],
      "team1_step_reward": 0.0,
      "winner": null
    },
    {
      "ball_pos": [
        11.996932983398438,
        -3.1480140686035156
      ],
      "reward_shaping": null,
      "score": null,
      "step": 13,
      "team0_centroid": [
        5.186718702316284,
        -0.4643833637237549
      ],
      "team0_step_reward": 0.0,
      "team1_centroid": [
        10.26265573501587,
        -3.511649966239929
      ],
      "team1_step_reward": 0.0,
      "winner": null
    },
    {
      "ball_pos": [
        12.483792304992676,
        -3.312037706375122
      ],
      "reward_shaping": null,
      "score": null,
      "step": 14,
      "team0_centroid": [
        5.737932704389095,
        -0.6620409488677979
      ],
      "team0_step_reward": 0.0,