{
  "classification": {
    "labels": [
      "win"
    ],
    "primary_label": "win"
  },
  "cumulative_team0_reward": 1.9744000434875488,
  "cumulative_team1_reward": -2.0,
  "episode_index": 276,
  "final_score": null,
  "final_team0_step_reward": 1.9744000434875488,
  "final_team1_step_reward": -2.0,
  "final_winner": null,
  "metrics": {
    "mean_ball_x": 5.902758460778457,
    "tail_mean_ball_x": 5.902758460778457,
    "team0_possession_ratio": null,
    "team0_progress_toward_goal": 0.0,
    "team0_shaping_reward_sum": 0.0,
    "team1_possession_ratio": null,
    "team1_progress_toward_goal": 0.0,
    "team1_shaping_reward_sum": 0.0
  },
  "outcome": "team0_win",
  "sampled_trace": [
    {
      "ball_pos": [
        -1.4384222030639648,
        -0.9461603164672852
      ],
      "reward_shaping": null,
      "score": null,
      "step": 0,
      "team0_centroid": [
        -8.848768711090088,
        0.04590517282485962
      ],
      "team0_step_reward": 0.0,
      "team1_centroid": [
        9.603013038635254,
        0.1372721791267395
      ],
      "team1_step_reward": 0.0,
      "winner": null
    },
    {
      "ball_pos": [
        13.460819244384766,
        -4.887519836425781
      ],
      "reward_shaping": null,
      "score": null,
      "step": 10,
      "team0_centroid": [
        -1.5550854206085205,
        -0.43834805488586426
      ],
      "team0_step_reward": 0.0,
      "team1_centroid": [
        10.47272253036499,
        1.9453206956386566
      ],
      "team1_step_reward": 0.0,
      "winner": null
    }
  ],
  "steps": 13,
  "tail_trace": [
    {
      "ball_pos": [
        -1.4384222030639648,
        -0.9461603164672852
      ],
      "reward_shaping": null,
      "score": null,
      "step": 0,
      "team0_centroid": [
        -8.848768711090088,
        0.04590517282485962
      ],
      "team0_step_reward": 0.0,
      "team1_centroid": [
        9.603013038635254,
        0.1372721791267395
      ],
      "team1_step_reward": 0.0,
      "winner": null
    },
    {
      "ball_pos": [
        -1.4384222030639648,
        -0.9461603164672852
      ],
      "reward_shaping": null,
      "score": null,
      "step": 1,
      "team0_centroid": [
        -8.26388168334961,
        0.05000942945480347
      ],
      "team0_step_reward": 0.0,
      "team1_centroid": [
        9.57033920288086,
        0.45741504430770874
      ],
      "team1_step_reward": 0.0,
      "winner": null
    },
    {
      "ball_pos": [
        -1.4384222030639648,
        -0.9461603164672852
      ],
      "reward_shaping": null,
      "score": null,
      "step": 2,
      "team0_centroid": [
        -7.443588495254517,
        0.019300401210784912
      ],
      "team0_step_reward": 0.0,
      "team1_centroid": [
        9.299064636230469,
        0.6298075318336487
      ],
      "team1_step_reward": 0.0,
      "winner": null
    },
    {
      "ball_pos": [
        -1.4384222030639648,
        -0.9461603164672852
      ],
      "reward_shaping": null,
      "score": null,
      "step": 3,
      "team0_centroid": [
        -6.446466445922852,
        0.05009889602661133
      ],
      "team0_step_reward": 0.0,
      "team1_centroid": [
        9.196080923080444,
        0.8245816826820374
      ],
      "team1_step_reward": 0.0,
      "winner": null
    },
    {
      "ball_pos": [
        -0.7740665674209595,
        -1.0956320762634277
      ],
      "reward_shaping": null,
      "score": null,
      "step": 4,
      "team0_centroid": [
        -5.35002601146698,
        0.19591763615608215
      ],
      "team0_step_reward": 0.0,
      "team1_centroid": [
        9.233985900878906,
        1.0504225976765156
      ],
      "team1_step_reward": 0.0,
      "winner": null
    },
    {
      "ball_pos": [
        2.755181074142456,
        -2.9898269176483154
      ],
      "reward_shaping": null,
      "score": null,
      "step": 5,
      "team0_centroid": [
        -4.209446802735329,
        0.24103787541389465
      ],
      "team0_step_reward": 0.0,
      "team1_centroid": [
        9.516909122467041,
        1.2368533462285995
      ],
      "team1_step_reward": 0.0,
      "winner": null
    },
    {
      "ball_pos": [
        5.901825904846191,
        -4.679427623748779
      ],
      "reward_shaping": null,
      "score": null,
      "step": 6,
      "team0_centroid": [
        -3.2731524109840393,
        0.1993250548839569
      ],
      "team0_step_reward": 0.0,
      "team1_centroid": [
        9.836505889892578,
        1.4513011872768402
      ],
      "team1_step_reward": 0.0,
      "winner": null
    },
    {
      "ball_pos": [
        8.702942848205566,
        -6.183502197265625
      ],
      "reward_shaping": null,
      "score": null,
      "step": 7,
      "team0_centroid": [
        -2.6199392080307007,
        0.01501697301864624
      ],
      "team0_step_reward": 0.0,
      "team1_centroid": [
        10.104791641235352,
        1.5082469135522842
      ],
      "team1_step_reward": 0.0,
      "winner": null
    },
    {
      "ball_pos": [
        10.829708099365234,
        -6.590031147003174
      ],
      "reward_shaping": null,
      "score": null,
      "step": 8,
      "team0_centroid": [
        -2.1138274669647217,
        -0.18829521536827087
      ],
      "team0_step_reward": 0.0,
      "team1_centroid": [
        10.238506317138672,
        1.5956418216228485
      ],
      "team1_step_reward": 0.0,
      "winner": null
    },
    {
      "ball_pos": [
        12.233162879943848,
        -5.681657791137695
      ],
      "reward_shaping": null,
      "score": null,
      "step": 9,
      "team0_centroid": [
        -1.7711186408996582,
        -0.3277374505996704
      ],
      "team0_step_reward": 0.0,
      "team1_centroid": [
        10.223856925964355,
        1.7677459120750427
      ],
      "team1_step_reward": 0.0,
      "winner": null
    },
    {
      "ball_pos": [
        13.460819244384766,
        -4.887519836425781
      ],
      "reward_shaping": null,
      "score": null,
      "step": 10,
      "team0_centroid": [
        -1.5550854206085205,
        -0.43834805488586426
      ],
      "team0_step_reward": 0.0,
      "team1_centroid": [
        10.47272253036499,
        1.9453206956386566
      ],
      "team1_step_reward": 0.0,
      "winner": null
    },
    {
      "ball_pos": [
        14.529356002807617,
        -4.196314334869385
      ],
      "reward_shaping": null,
      "score": null,
      "step": 11,
      "team0_centroid": [
        -1.3876612186431885,
        -0.6742537617683411
      ],
      "team0_step_reward": 0.0,
      "team1_centroid": [
        10.84227180480957,
        2.101417049765587
      ],
      "team1_step_reward": 0.0,
      "winner": null
    },
    {
      "ball_pos": [
        14.850619316101074,
        -3.766296148300171
      ],
      "reward_shaping": null,
      "score": null,
      "step": 12,
      "team0_centroid": [
        -1.4067273139953613,
        -0.8591315746307373
      ],
      "team0_step_reward": 1.9744000434875488,
      "team1_centroid": [
        11.005661010742188,
        2.186817541718483
      ],
      "team1_step_reward": -2.0,
      "winner": null
    }
  ],
  "team0_module": "ceia_baseline_agent",
  "team1_module": "example_player_agent.agent_random"
}