{
  "classification": {
    "labels": [
      "win"
    ],
    "primary_label": "win"
  },
  "cumulative_team0_reward": 1.9708000421524048,
  "cumulative_team1_reward": -2.0,
  "episode_index": 426,
  "final_score": null,
  "final_team0_step_reward": 1.9708000421524048,
  "final_team1_step_reward": -2.0,
  "final_winner": null,
  "metrics": {
    "mean_ball_x": 3.8679402033487955,
    "tail_mean_ball_x": 3.8679402033487955,
    "team0_possession_ratio": null,
    "team0_progress_toward_goal": 0.0,
    "team0_shaping_reward_sum": 0.0,
    "team1_possession_ratio": null,
    "team1_progress_toward_goal": 0.0,
    "team1_shaping_reward_sum": 0.0
  },
  "outcome": "team0_win",
  "sampled_trace": [
    {
      "ball_pos": [
        -1.0212244987487793,
        0.6119813919067383
      ],
      "reward_shaping": null,
      "score": null,
      "step": 0,
      "team0_centroid": [
        -11.219996929168701,
        -0.06912773847579956
      ],
      "team0_step_reward": 0.0,
      "team1_centroid": [
        12.545127391815186,
        -0.11790168285369873
      ],
      "team1_step_reward": 0.0,
      "winner": null
    },
    {
      "ball_pos": [
        7.738118648529053,
        -1.875239610671997
      ],
      "reward_shaping": null,
      "score": null,
      "step": 10,
      "team0_centroid": [
        1.1709529757499695,
        0.8416486233472824
      ],
      "team0_step_reward": 0.0,
      "team1_centroid": [
        14.338605880737305,
        0.08190834522247314
      ],
      "team1_step_reward": 0.0,
      "winner": null
    }
  ],
  "steps": 15,
  "tail_trace": [
    {
      "ball_pos": [
        -1.0212244987487793,
        0.6119813919067383
      ],
      "reward_shaping": null,
      "score": null,
      "step": 0,
      "team0_centroid": [
        -11.219996929168701,
        -0.06912773847579956
      ],
      "team0_step_reward": 0.0,
      "team1_centroid": [
        12.545127391815186,
        -0.11790168285369873
      ],
      "team1_step_reward": 0.0,
      "winner": null
    },
    {
      "ball_pos": [
        -1.0212244987487793,
        0.6119813919067383
      ],
      "reward_shaping": null,
      "score": null,
      "step": 1,
      "team0_centroid": [
        -11.235816478729248,
        -0.08445221185684204
      ],
      "team0_step_reward": 0.0,
      "team1_centroid": [
        13.129148960113525,
        -0.24587062001228333
      ],
      "team1_step_reward": 0.0,
      "winner": null
    },
    {
      "ball_pos": [
        -1.0212244987487793,
        0.6119813919067383
      ],
      "reward_shaping": null,
      "score": null,
      "step": 2,
      "team0_centroid": [
        -10.759654998779297,
        0.014484703540802002
      ],
      "team0_step_reward": 0.0,
      "team1_centroid": [
        13.714144706726074,
        -0.17613297700881958
      ],
      "team1_step_reward": 0.0,
      "winner": null
    },
    {
      "ball_pos": [
        -1.0212244987487793,
        0.6119813919067383
      ],
      "reward_shaping": null,
      "score": null,
      "step": 3,
      "team0_centroid": [
        -9.610759735107422,
        0.17893972992897034
      ],
      "team0_step_reward": 0.0,
      "team1_centroid": [
        14.100542545318604,
        -0.18856370449066162
      ],
      "team1_step_reward": 0.0,
      "winner": null
    },
    {
      "ball_pos": [
        -1.0212244987487793,
        0.6119813919067383
      ],
      "reward_shaping": null,
      "score": null,
      "step": 4,
      "team0_centroid": [
        -7.9680421352386475,
        0.36811545863747597
      ],
      "team0_step_reward": 0.0,
      "team1_centroid": [
        14.346717357635498,
        -0.28249654173851013
      ],
      "team1_step_reward": 0.0,
      "winner": null
    },
    {
      "ball_pos": [
        -1.0212244987487793,
        0.6119813919067383
      ],
      "reward_shaping": null,
      "score": null,
      "step": 5,
      "team0_centroid": [
        -6.227156639099121,
        0.5966793894767761
      ],
      "team0_step_reward": 0.0,
      "team1_centroid": [
        14.551607608795166,
        -0.19870135188102722
      ],
      "team1_step_reward": 0.0,
      "winner": null
    },
    {
      "ball_pos": [
        -1.0212244987487793,
        0.6119813919067383
      ],
      "reward_shaping": null,
      "score": null,
      "step": 6,
      "team0_centroid": [
        -4.325713872909546,
        0.9415194392204285
      ],
      "team0_step_reward": 0.0,
      "team1_centroid": [
        14.66279411315918,
        -0.19728195667266846
      ],
      "team1_step_reward": 0.0,
      "winner": null
    },
    {
      "ball_pos": [
        -1.0212244987487793,
        0.6119813919067383
      ],
      "reward_shaping": null,
      "score": null,
      "step": 7,
      "team0_centroid": [
        -2.3934131860733032,
        1.2686587572097778
      ],
      "team0_step_reward": 0.0,
      "team1_centroid": [
        14.702869415283203,
        -0.27152644097805023
      ],
      "team1_step_reward": 0.0,
      "winner": null
    },
    {
      "ball_pos": [
        1.6481871604919434,
        -0.0671241283416748
      ],
      "reward_shaping": null,
      "score": null,
      "step": 8,
      "team0_centroid": [
        -0.8584540784358978,
        1.3653600215911865
      ],
      "team0_step_reward": 0.0,
      "team1_centroid": [
        14.719255447387695,
        -0.3124150335788727
      ],
      "team1_step_reward": 0.0,
      "winner": null
    },
    {
      "ball_pos": [
        4.87150764465332,
        -1.0241127014160156
      ],
      "reward_shaping": null,
      "score": null,
      "step": 9,
      "team0_centroid": [
        0.2989896908402443,
        1.1992476284503937
      ],
      "team0_step_reward": 0.0,
      "team1_centroid": [
        14.513715267181396,
        -0.203849196434021
      ],
      "team1_step_reward": 0.0,
      "winner": null
    },
    {
      "ball_pos": [
        7.738118648529053,
        -1.875239610671997
      ],
      "reward_shaping": null,
      "score": null,
      "step": 10,
      "team0_centroid": [
        1.1709529757499695,
        0.8416486233472824
      ],
      "team0_step_reward": 0.0,
      "team1_centroid": [
        14.338605880737305,
        0.08190834522247314
      ],
      "team1_step_reward": 0.0,
      "winner": null
    },
    {
      "ball_pos": [
        10.282304763793945,
        -2.6306354999542236
      ],
      "reward_shaping": null,
      "score": null,
      "step": 11,
      "team0_centroid": [
        1.8077313303947449,
        0.34665780141949654
      ],
      "team0_step_reward": 0.0,
      "team1_centroid": [
        14.229073524475098,
        0.2826867699623108
      ],
      "team1_step_reward": 0.0,
      "winner": null
    },
    {
      "ball_pos": [
        12.53504467010498,
        -3.2994978427886963
      ],
      "reward_shaping": null,
      "score": null,
      "step": 12,
      "team0_centroid": [
        2.2767797708511353,
        -0.2412799894809723
      ],
      "team0_step_reward": 0.0,
      "team1_centroid": [
        14.100861549377441,
        0.31978875398635864
      ],
      "team1_step_reward": 0.0,
      "winner": null
    },
    {
      "ball_pos": [
        14.524340629577637,
        -3.8901402950286865
      ],
      "reward_shaping": null,
      "score": null,
      "step": 13,
      "team0_centroid": [
        2.875451445579529,
        -0.6464949436485767
      ],
      "team0_step_reward": 0.0,
      "team1_centroid": [
        14.169452667236328,
        0.2041158676147461
      ],
      "team1_step_reward": 0.0,
      "winner": null
    },
    {
      "ball_pos": [
        14.589395523071289,
        -3.86156964302063
      ],
      "reward_shaping": null,
      "score": null,
      "step": 14,
      "team0_centroid": [
        3.1299363374710083,
        -0.7671077325940132
      ],
      "team0_step_reward": 1.9708000421524048,