{
  "classification": {
    "labels": [
      "win"
    ],
    "primary_label": "win"
  },
  "cumulative_team0_reward": 1.968400001525879,
  "cumulative_team1_reward": -2.0,
  "episode_index": 475,
  "final_score": null,
  "final_team0_step_reward": 1.968400001525879,
  "final_team1_step_reward": -2.0,
  "final_winner": null,
  "metrics": {
    "mean_ball_x": -7.239357456564903,
    "tail_mean_ball_x": -7.239357456564903,
    "team0_possession_ratio": null,
    "team0_progress_toward_goal": 0.0,
    "team0_shaping_reward_sum": 0.0,
    "team1_possession_ratio": null,
    "team1_progress_toward_goal": 0.0,
    "team1_shaping_reward_sum": 0.0
  },
  "outcome": "team0_win",
  "sampled_trace": [
    {
      "ball_pos": [
        -1.073779821395874,
        -2.0090789794921875
      ],
      "reward_shaping": null,
      "score": null,
      "step": 0,
      "team0_centroid": [
        5.852984666824341,
        -0.13788557052612305
      ],
      "team0_step_reward": 0.0,
      "team1_centroid": [
        -8.49842357635498,
        0.0007653236389160156
      ],
      "team1_step_reward": 0.0,
      "winner": null
    },
    {
      "ball_pos": [
        -10.985946655273438,
        0.21524572372436523
      ],
      "reward_shaping": null,
      "score": null,
      "step": 10,
      "team0_centroid": [
        -5.736893892288208,
        -1.987373411655426
      ],
      "team0_step_reward": 0.0,
      "team1_centroid": [
        -6.639625310897827,
        2.327320098876953
      ],
      "team1_step_reward": 0.0,
      "winner": null
    }
  ],
  "steps": 16,
  "tail_trace": [
    {
      "ball_pos": [
        -1.073779821395874,
        -2.0090789794921875
      ],
      "reward_shaping": null,
      "score": null,
      "step": 0,
      "team0_centroid": [
        5.852984666824341,
        -0.13788557052612305
      ],
      "team0_step_reward": 0.0,
      "team1_centroid": [
        -8.49842357635498,
        0.0007653236389160156
      ],
      "team1_step_reward": 0.0,
      "winner": null
    },
    {
      "ball_pos": [
        -1.073779821395874,
        -2.0090789794921875
      ],
      "reward_shaping": null,
      "score": null,
      "step": 1,
      "team0_centroid": [
        5.615163087844849,
        -0.3956207036972046
      ],
      "team0_step_reward": 0.0,
      "team1_centroid": [
        -8.51231300830841,
        0.15162596106529236
      ],
      "team1_step_reward": 0.0,
      "winner": null
    },
    {
      "ball_pos": [
        -1.073779821395874,
        -2.0090789794921875
      ],
      "reward_shaping": null,
      "score": null,
      "step": 2,
      "team0_centroid": [
        5.061572551727295,
        -0.7060840427875519
      ],
      "team0_step_reward": 0.0,
      "team1_centroid": [
        -9.00045919418335,
        0.38338932394981384
      ],
      "team1_step_reward": 0.0,
      "winner": null
    },
    {
      "ball_pos": [
        -1.073779821395874,
        -2.0090789794921875
      ],
      "reward_shaping": null,
      "score": null,
      "step": 3,
      "team0_centroid": [
        4.02441132068634,
        -1.070123553276062
      ],
      "team0_step_reward": 0.0,
      "team1_centroid": [
        -9.406334161758423,
        0.4380228817462921
      ],
      "team1_step_reward": 0.0,
      "winner": null
    },
    {
      "ball_pos": [
        -1.073779821395874,
        -2.0090789794921875
      ],
      "reward_shaping": null,
      "score": null,
      "step": 4,
      "team0_centroid": [
        2.476698637008667,
        -1.4749042689800262
      ],
      "team0_step_reward": 0.0,
      "team1_centroid": [
        -9.307649612426758,
        0.582995817065239
      ],
      "team1_step_reward": 0.0,
      "winner": null
    },
    {
      "ball_pos": [
        -1.8621015548706055,
        -1.9573378562927246
      ],
      "reward_shaping": null,
      "score": null,
      "step": 5,
      "team0_centroid": [
        0.5709495544433594,
        -1.8798749446868896
      ],
      "team0_step_reward": 0.0,
      "team1_centroid": [
        -9.058375716209412,
        0.8655184656381607
      ],
      "team1_step_reward": 0.0,
      "winner": null
    },
    {
      "ball_pos": [
        -4.177925109863281,
        -1.4065873622894287
      ],
      "reward_shaping": null,
      "score": null,
      "step": 6,
      "team0_centroid": [
        -1.0585762560367584,
        -2.0771290063858032
      ],
      "team0_step_reward": 0.0,
      "team1_centroid": [
        -8.808625936508179,
        1.0433495789766312
      ],
      "team1_step_reward": 0.0,
      "winner": null
    },
    {
      "ball_pos": [
        -6.223361015319824,
        -0.9193198680877686
      ],
      "reward_shaping": null,
      "score": null,
      "step": 7,
      "team0_centroid": [
        -2.4830962419509888,
        -2.1727641820907593
      ],
      "team0_step_reward": 0.0,
      "team1_centroid": [
        -8.547569632530212,
        1.0914038717746735
      ],
      "team1_step_reward": 0.0,
      "winner": null
    },
    {
      "ball_pos": [
        -8.024575233459473,
        -0.49022603034973145
      ],
      "reward_shaping": null,
      "score": null,
      "step": 8,
      "team0_centroid": [
        -3.679593801498413,
        -2.1100273728370667
      ],
      "team0_step_reward": 0.0,
      "team1_centroid": [
        -8.161327242851257,
        1.2726184129714966
      ],
      "team1_step_reward": 0.0,
      "winner": null
    },
    {
      "ball_pos": [
        -9.605033874511719,
        -0.11372173577547073
      ],
      "reward_shaping": null,
      "score": null,
      "step": 9,
      "team0_centroid": [
        -4.779712080955505,
        -2.0903362035751343
      ],
      "team0_step_reward": 0.0,
      "team1_centroid": [
        -7.514570593833923,
        1.6966395378112793
      ],
      "team1_step_reward": 0.0,
      "winner": null
    },
    {
      "ball_pos": [
        -10.985946655273438,
        0.21524572372436523
      ],
      "reward_shaping": null,
      "score": null,
      "step": 10,
      "team0_centroid": [
        -5.736893892288208,
        -1.987373411655426
      ],
      "team0_step_reward": 0.0,
      "team1_centroid": [
        -6.639625310897827,
        2.327320098876953
      ],
      "team1_step_reward": 0.0,
      "winner": null
    },
    {
      "ball_pos": [
        -12.186485290527344,
        0.5012437701225281
      ],
      "reward_shaping": null,
      "score": null,
      "step": 11,
      "team0_centroid": [
        -6.485240697860718,
        -1.6805757582187653
      ],
      "team0_step_reward": 0.0,
      "team1_centroid": [
        -5.997439026832581,
        2.779466986656189
      ],
      "team1_step_reward": 0.0,
      "winner": null
    },
    {
      "ball_pos": [
        -13.223980903625488,
        0.7484009861946106
      ],
      "reward_shaping": null,
      "score": null,
      "step": 12,
      "team0_centroid": [
        -7.030333995819092,
        -1.37595091201365
      ],
      "team0_step_reward": 0.0,
      "team1_centroid": [
        -5.632505774497986,
        2.903124690055847
      ],
      "team1_step_reward": 0.0,
      "winner": null
    },
    {
      "ball_pos": [
        -14.114096641540527,
        0.9604489803314209
      ],
      "reward_shaping": null,
      "score": null,
      "step": 13,
      "team0_centroid": [
        -7.618708848953247,
        -1.2307063862681389
      ],
      "team0_step_reward": 0.0,
      "team1_centroid": [
        -5.298102855682373,
        2.9211632013320923
      ],
      "team1_step_reward": 0.0,
      "winner": null
    },
    {
      "ball_pos": [
        -14.870994567871094,
        1.140760898590088
      ],
      "reward_shaping": null,
      "score": null,
      "step": 14,
      "team0_centroid": [
        -7.966994047164917,
        -0.9322479218244553
      ],
      "team0_step_reward": 0.0,