{
  "classification": {
    "labels": [
      "win"
    ],
    "primary_label": "win"
  },
  "cumulative_team0_reward": 1.9836000204086304,
  "cumulative_team1_reward": -2.0,
  "episode_index": 424,
  "final_score": null,
  "final_team0_step_reward": 1.9836000204086304,
  "final_team1_step_reward": -2.0,
  "final_winner": null,
  "metrics": {
    "mean_ball_x": 6.266302019357681,
    "tail_mean_ball_x": 6.266302019357681,
    "team0_possession_ratio": null,
    "team0_progress_toward_goal": 0.0,
    "team0_shaping_reward_sum": 0.0,
    "team1_possession_ratio": null,
    "team1_progress_toward_goal": 0.0,
    "team1_shaping_reward_sum": 0.0
  },
  "outcome": "team0_win",
  "sampled_trace": [
    {
      "ball_pos": [
        1.440826654434204,
        1.4929002523422241
      ],
      "reward_shaping": null,
      "score": null,
      "step": 0,
      "team0_centroid": [
        -3.7075334787368774,
        0.1029658317565918
      ],
      "team0_step_reward": 0.0,
      "team1_centroid": [
        6.939001083374023,
        0.015098154544830322
      ],
      "team1_step_reward": 0.0,
      "winner": null
    }
  ],
  "steps": 8,
  "tail_trace": [
    {
      "ball_pos": [
        1.440826654434204,
        1.4929002523422241
      ],
      "reward_shaping": null,
      "score": null,
      "step": 0,
      "team0_centroid": [
        -3.7075334787368774,
        0.1029658317565918
      ],
      "team0_step_reward": 0.0,
      "team1_centroid": [
        6.939001083374023,
        0.015098154544830322
      ],
      "team1_step_reward": 0.0,
      "winner": null
    },
    {
      "ball_pos": [
        1.440826654434204,
        1.4929002523422241
      ],
      "reward_shaping": null,
      "score": null,
      "step": 1,
      "team0_centroid": [
        -2.57308566570282,
        0.3531305193901062
      ],
      "team0_step_reward": 0.0,
      "team1_centroid": [
        6.627586841583252,
        0.041855692863464355
      ],
      "team1_step_reward": 0.0,
      "winner": null
    },
    {
      "ball_pos": [
        1.440826654434204,
        1.4929002523422241
      ],
      "reward_shaping": null,
      "score": null,
      "step": 2,
      "team0_centroid": [
        -0.9850169122219086,
        0.7433579191565514
      ],
      "team0_step_reward": 0.0,
      "team1_centroid": [
        6.39940881729126,
        -0.003759443759918213
      ],
      "team1_step_reward": 0.0,
      "winner": null
    },
    {
      "ball_pos": [
        2.0934128761291504,
        1.486770749092102
      ],
      "reward_shaping": null,
      "score": null,
      "step": 3,
      "team0_centroid": [
        0.6611704230308533,
        1.1660008132457733
      ],
      "team0_step_reward": 0.0,
      "team1_centroid": [
        6.275122404098511,
        0.0678296685218811
      ],
      "team1_step_reward": 0.0,
      "winner": null
    },
    {
      "ball_pos": [
        6.085079193115234,
        0.7541790008544922
      ],
      "reward_shaping": null,
      "score": null,
      "step": 4,
      "team0_centroid": [
        1.9186440110206604,
        1.5783706605434418
      ],
      "team0_step_reward": 0.0,
      "team1_centroid": [
        5.986681938171387,
        0.2619221806526184
      ],
      "team1_step_reward": 0.0,
      "winner": null
    },
    {
      "ball_pos": [
        9.644840240478516,
        0.0999295711517334
      ],
      "reward_shaping": null,
      "score": null,
      "step": 5,
      "team0_centroid": [
        3.0759851932525635,
        1.915994942188263
      ],
      "team0_step_reward": 0.0,
      "team1_centroid": [
        5.629419565200806,
        0.45019614696502686
      ],
      "team1_step_reward": 0.0,
      "winner": null
    },
    {
      "ball_pos": [
        12.81435775756836,
        -0.4826032519340515
      ],
      "reward_shaping": null,
      "score": null,
      "step": 6,
      "team0_centroid": [
        4.298946857452393,
        2.0655316710472107
      ],
      "team0_step_reward": 0.0,
      "team1_centroid": [
        5.189576864242554,
        0.7856787443161011
      ],
      "team1_step_reward": 0.0,
      "winner": null
    },
    {
      "ball_pos": [
        15.170246124267578,
        -0.9712386131286621
      ],
      "reward_shaping": null,
      "score": null,
      "step": 7,
      "team0_centroid": [
        4.743034839630127,
        2.214263439178467
      ],
      "team0_step_reward": 1.9836000204086304,
      "team1_centroid": [
        5.351763486862183,
        1.0212537050247192
      ],
      "team1_step_reward": -2.0,
      "winner": null
    }
  ],
  "team0_module": "ceia_baseline_agent",
  "team1_module": "example_player_agent.agent_random"
}