{
  "classification": {
    "labels": [
      "win"
    ],
    "primary_label": "win"
  },
  "cumulative_team0_reward": 1.9667999744415283,
  "cumulative_team1_reward": -2.0,
  "episode_index": 418,
  "final_score": null,
  "final_team0_step_reward": 1.9667999744415283,
  "final_team1_step_reward": -2.0,
  "final_winner": null,
  "metrics": {
    "mean_ball_x": 7.266004057491527,
    "tail_mean_ball_x": 7.266004057491527,
    "team0_possession_ratio": null,
    "team0_progress_toward_goal": 0.0,
    "team0_shaping_reward_sum": 0.0,
    "team1_possession_ratio": null,
    "team1_progress_toward_goal": 0.0,
    "team1_shaping_reward_sum": 0.0
  },
  "outcome": "team0_win",
  "sampled_trace": [
    {
      "ball_pos": [
        -1.6670794486999512,
        -0.3623831868171692
      ],
      "reward_shaping": null,
      "score": null,
      "step": 0,
      "team0_centroid": [
        -7.925966501235962,
        -0.06698763370513916
      ],
      "team0_step_reward": 0.0,
      "team1_centroid": [
        11.520603656768799,
        0.06839895248413086
      ],
      "team1_step_reward": 0.0,
      "winner": null
    },
    {
      "ball_pos": [
        10.644407272338867,
        -2.738006830215454
      ],
      "reward_shaping": null,
      "score": null,
      "step": 10,
      "team0_centroid": [
        3.7983145713806152,
        -3.991895318031311
      ],
      "team0_step_reward": 0.0,
      "team1_centroid": [
        8.829390525817871,
        1.2166926935315132
      ],
      "team1_step_reward": 0.0,
      "winner": null
    }
  ],
  "steps": 17,
  "tail_trace": [
    {
      "ball_pos": [
        -1.6670794486999512,
        -0.3623831868171692
      ],
      "reward_shaping": null,
      "score": null,
      "step": 0,
      "team0_centroid": [
        -7.925966501235962,
        -0.06698763370513916
      ],
      "team0_step_reward": 0.0,
      "team1_centroid": [
        11.520603656768799,
        0.06839895248413086
      ],
      "team1_step_reward": 0.0,
      "winner": null
    },
    {
      "ball_pos": [
        -1.6670794486999512,
        -0.36238303780555725
      ],
      "reward_shaping": null,
      "score": null,
      "step": 1,
      "team0_centroid": [
        -7.337915897369385,
        -0.10882321000099182
      ],
      "team0_step_reward": 0.0,
      "team1_centroid": [
        11.537420272827148,
        0.21121978759765625
      ],
      "team1_step_reward": 0.0,
      "winner": null
    },
    {
      "ball_pos": [
        -1.6670794486999512,
        -0.36238282918930054
      ],
      "reward_shaping": null,
      "score": null,
      "step": 2,
      "team0_centroid": [
        -6.527642250061035,
        -0.09751734137535095
      ],
      "team0_step_reward": 0.0,
      "team1_centroid": [
        11.513874530792236,
        0.36604994535446167
      ],
      "team1_step_reward": 0.0,
      "winner": null
    },
    {
      "ball_pos": [
        -1.1357002258300781,
        -0.6277537941932678
      ],
      "reward_shaping": null,
      "score": null,
      "step": 3,
      "team0_centroid": [
        -5.3149906396865845,
        -0.13758332654833794
      ],
      "team0_step_reward": 0.0,
      "team1_centroid": [
        11.46103048324585,
        0.5525206029415131
      ],
      "team1_step_reward": 0.0,
      "winner": null
    },
    {
      "ball_pos": [
        1.7311220169067383,
        -3.015258550643921
      ],
      "reward_shaping": null,
      "score": null,
      "step": 4,
      "team0_centroid": [
        -3.706662282347679,
        -0.3402320370078087
      ],
      "team0_step_reward": 0.0,
      "team1_centroid": [
        11.183850288391113,
        0.7198787182569504
      ],
      "team1_step_reward": 0.0,
      "winner": null
    },
    {
      "ball_pos": [
        4.284534931182861,
        -5.142345905303955
      ],
      "reward_shaping": null,
      "score": null,
      "step": 5,
      "team0_centroid": [
        -2.0384174585342407,
        -0.739037036895752
      ],
      "team0_step_reward": 0.0,
      "team1_centroid": [
        10.616158962249756,
        0.8343580365180969
      ],
      "team1_step_reward": 0.0,
      "winner": null
    },
    {
      "ball_pos": [
        6.554943561553955,
        -7.033684253692627
      ],
      "reward_shaping": null,
      "score": null,
      "step": 6,
      "team0_centroid": [
        -0.48548436164855957,
        -1.310554176568985
      ],
      "team0_step_reward": 0.0,
      "team1_centroid": [
        10.07029104232788,
        1.0020629167556763
      ],
      "team1_step_reward": 0.0,
      "winner": null
    },
    {
      "ball_pos": [
        7.805448055267334,
        -5.728001117706299
      ],
      "reward_shaping": null,
      "score": null,
      "step": 7,
      "team0_centroid": [
        1.0084675550460815,
        -1.9835902452468872
      ],
      "team0_step_reward": 0.0,
      "team1_centroid": [
        9.91628909111023,
        1.1632052510976791
      ],
      "team1_step_reward": 0.0,
      "winner": null
    },
    {
      "ball_pos": [
        8.884819984436035,
        -4.591180801391602
      ],
      "reward_shaping": null,
      "score": null,
      "step": 8,
      "team0_centroid": [
        2.1748188138008118,
        -2.7167956829071045
      ],
      "team0_step_reward": 0.0,
      "team1_centroid": [
        9.670011758804321,
        1.3546034693717957
      ],
      "team1_step_reward": 0.0,
      "winner": null
    },
    {
      "ball_pos": [
        9.826744079589844,
        -3.5991592407226562
      ],
      "reward_shaping": null,
      "score": null,
      "step": 9,
      "team0_centroid": [
        2.971273422241211,
        -3.479886770248413
      ],
      "team0_step_reward": 0.0,
      "team1_centroid": [
        9.083602905273438,
        1.3712493926286697
      ],
      "team1_step_reward": 0.0,
      "winner": null
    },
    {
      "ball_pos": [
        10.644407272338867,
        -2.738006830215454
      ],
      "reward_shaping": null,
      "score": null,
      "step": 10,
      "team0_centroid": [
        3.7983145713806152,
        -3.991895318031311
      ],
      "team0_step_reward": 0.0,
      "team1_centroid": [
        8.829390525817871,
        1.2166926935315132
      ],
      "team1_step_reward": 0.0,
      "winner": null
    },
    {
      "ball_pos": [
        11.349747657775879,
        -1.995149850845337
      ],
      "reward_shaping": null,
      "score": null,
      "step": 11,
      "team0_centroid": [
        4.763027191162109,
        -4.28804874420166
      ],
      "team0_step_reward": 0.0,
      "team1_centroid": [
        8.539401054382324,
        1.1415297091007233
      ],
      "team1_step_reward": 0.0,
      "winner": null
    },
    {
      "ball_pos": [
        11.953558921813965,
        -1.3592228889465332
      ],
      "reward_shaping": null,
      "score": null,
      "step": 12,
      "team0_centroid": [
        5.587843418121338,
        -4.375223636627197
      ],
      "team0_step_reward": 0.0,
      "team1_centroid": [
        8.466095685958862,
        1.0688765682280064
      ],
      "team1_step_reward": 0.0,
      "winner": null
    },
    {
      "ball_pos": [
        12.465596199035645,
        -0.8199520111083984
      ],
      "reward_shaping": null,
      "score": null,
      "step": 13,
      "team0_centroid": [
        5.940048456192017,
        -4.142830014228821
      ],
      "team0_step_reward": 0.0,
      "team1_centroid": [
        8.87643575668335,
        0.916252464056015
      ],
      "team1_step_reward": 0.0,
      "winner": null
    },
    {
      "ball_pos": [
        13.72983169555664,
        -0.7187758088111877
      ],
      "reward_shaping": null,
      "score": null,
      "step": 14,
      "team0_centroid": [
        6.051832914352417,
        -3.7231860160827637
      ],
      "team0_step_reward": 0.0,