{
  "classification": {
    "labels": [
      "win"
    ],
    "primary_label": "win"
  },
  "cumulative_team0_reward": 1.9212000370025635,
  "cumulative_team1_reward": -2.0,
  "episode_index": 136,
  "final_score": null,
  "final_team0_step_reward": 1.9212000370025635,
  "final_team1_step_reward": -2.0,
  "final_winner": null,
  "metrics": {
    "mean_ball_x": 9.344027361273765,
    "tail_mean_ball_x": 12.595999574661255,
    "team0_possession_ratio": null,
    "team0_progress_toward_goal": 0.0,
    "team0_shaping_reward_sum": 0.0,
    "team1_possession_ratio": null,
    "team1_progress_toward_goal": 0.0,
    "team1_shaping_reward_sum": 0.0
  },
  "outcome": "team0_win",
  "sampled_trace": [
    {
      "ball_pos": [
        -2.1203622817993164,
        0.31905436515808105
      ],
      "reward_shaping": null,
      "score": null,
      "step": 0,
      "team0_centroid": [
        -4.560830116271973,
        -0.00018900632858276367
      ],
      "team0_step_reward": 0.0,
      "team1_centroid": [
        12.393145561218262,
        -0.0791628360748291
      ],
      "team1_step_reward": 0.0,
      "winner": null
    },
    {
      "ball_pos": [
        6.391137599945068,
        -5.099694728851318
      ],
      "reward_shaping": null,
      "score": null,
      "step": 10,
      "team0_centroid": [
        -1.1685058027505875,
        0.08254605531692505
      ],
      "team0_step_reward": 0.0,
      "team1_centroid": [
        9.762744903564453,
        0.7492783069610596
      ],
      "team1_step_reward": 0.0,
      "winner": null
    },
    {
      "ball_pos": [
        12.42529582977295,
        -4.854517936706543
      ],
      "reward_shaping": null,
      "score": null,
      "step": 20,
      "team0_centroid": [
        -2.0000357031822205,
        -1.8385536074638367
      ],
      "team0_step_reward": 0.0,
      "team1_centroid": [
        7.689429521560669,
        2.542026609182358
      ],
      "team1_step_reward": 0.0,
      "winner": null
    },
    {
      "ball_pos": [
        14.039416313171387,
        -3.802152633666992
      ],
      "reward_shaping": null,
      "score": null,
      "step": 30,
      "team0_centroid": [
        1.458688735961914,
        -1.8034977912902832
      ],
      "team0_step_reward": 0.0,
      "team1_centroid": [
        7.2196760177612305,
        4.790597081184387
      ],
      "team1_step_reward": 0.0,
      "winner": null
    }
  ],
  "steps": 40,
  "tail_trace": [
    {
      "ball_pos": [
        6.391137599945068,
        -5.099694728851318
      ],
      "reward_shaping": null,
      "score": null,
      "step": 10,
      "team0_centroid": [
        -1.1685058027505875,
        0.08254605531692505
      ],
      "team0_step_reward": 0.0,
      "team1_centroid": [
        9.762744903564453,
        0.7492783069610596
      ],
      "team1_step_reward": 0.0,
      "winner": null
    },
    {
      "ball_pos": [
        7.689711570739746,
        -5.943484783172607
      ],
      "reward_shaping": null,
      "score": null,
      "step": 11,
      "team0_centroid": [
        -1.1197023540735245,
        -0.42759667336940765
      ],
      "team0_step_reward": 0.0,
      "team1_centroid": [
        9.775711297988892,
        1.2230660915374756
      ],
      "team1_step_reward": 0.0,
      "winner": null
    },
    {
      "ball_pos": [
        8.822405815124512,
        -6.6794891357421875
      ],
      "reward_shaping": null,
      "score": null,
      "step": 12,
      "team0_centroid": [
        -1.1288397908210754,
        -1.0188900083303452
      ],
      "team0_step_reward": 0.0,
      "team1_centroid": [
        9.783022165298462,
        1.6976584196090698
      ],
      "team1_step_reward": 0.0,
      "winner": null
    },
    {
      "ball_pos": [
        9.656208992004395,
        -6.662322044372559
      ],
      "reward_shaping": null,
      "score": null,
      "step": 13,
      "team0_centroid": [
        -1.1489507555961609,
        -1.5171102583408356
      ],
      "team0_step_reward": 0.0,
      "team1_centroid": [
        9.777778148651123,
        2.1886212825775146
      ],
      "team1_step_reward": 0.0,
      "winner": null
    },
    {
      "ball_pos": [
        10.250307083129883,
        -6.272573947906494
      ],
      "reward_shaping": null,
      "score": null,
      "step": 14,
      "team0_centroid": [
        -1.1684084311127663,
        -1.9182186126708984
      ],
      "team0_step_reward": 0.0,
      "team1_centroid": [
        9.775630712509155,
        2.4116228818893433
      ],
      "team1_step_reward": 0.0,
      "winner": null
    },
    {
      "ball_pos": [
        10.747214317321777,
        -5.948583602905273
      ],
      "reward_shaping": null,
      "score": null,
      "step": 15,
      "team0_centroid": [
        -1.1725028455257416,
        -2.072686344385147
      ],
      "team0_step_reward": 0.0,
      "team1_centroid": [
        9.532644271850586,
        2.375211775302887
      ],
      "team1_step_reward": 0.0,
      "winner": null
    },
    {
      "ball_pos": [
        11.159411430358887,
        -5.679841995239258
      ],
      "reward_shaping": null,
      "score": null,
      "step": 16,
      "team0_centroid": [
        -1.4177191853523254,
        -1.9911385774612427
      ],
      "team0_step_reward": 0.0,
      "team1_centroid": [
        9.205150604248047,
        2.372264325618744
      ],
      "team1_step_reward": 0.0,
      "winner": null
    },
    {
      "ball_pos": [
        11.525666236877441,
        -5.44105339050293
      ],
      "reward_shaping": null,
      "score": null,
      "step": 17,
      "team0_centroid": [
        -1.733591377735138,
        -1.8686224818229675
      ],
      "team0_step_reward": 0.0,
      "team1_centroid": [
        8.742984294891357,
        2.3091434240341187
      ],
      "team1_step_reward": 0.0,
      "winner": null
    },
    {
      "ball_pos": [
        11.856517791748047,
        -5.225346088409424
      ],
      "reward_shaping": null,
      "score": null,
      "step": 18,
      "team0_centroid": [
        -1.714269369840622,
        -1.9142886698246002
      ],
      "team0_step_reward": 0.0,
      "team1_centroid": [
        8.258718490600586,
        2.3564311861991882
      ],
      "team1_step_reward": 0.0,
      "winner": null
    },
    {
      "ball_pos": [
        12.155369758605957,
        -5.0305023193359375
      ],
      "reward_shaping": null,
      "score": null,
      "step": 19,
      "team0_centroid": [
        -1.7992072105407715,
        -1.9686267375946045
      ],
      "team0_step_reward": 0.0,
      "team1_centroid": [
        7.916006088256836,
        2.4026173055171967
      ],
      "team1_step_reward": 0.0,
      "winner": null
    },
    {
      "ball_pos": [
        12.42529582977295,
        -4.854517936706543
      ],
      "reward_shaping": null,
      "score": null,
      "step": 20,
      "team0_centroid": [
        -2.0000357031822205,
        -1.8385536074638367
      ],
      "team0_step_reward": 0.0,
      "team1_centroid": [
        7.689429521560669,
        2.542026609182358
      ],
      "team1_step_reward": 0.0,
      "winner": null
    },
    {
      "ball_pos": [
        12.66920280456543,
        -4.695496559143066
      ],
      "reward_shaping": null,
      "score": null,
      "step": 21,
      "team0_centroid": [
        -2.1383519172668457,
        -1.7696415185928345
      ],
      "team0_step_reward": 0.0,
      "team1_centroid": [
        7.551558017730713,
        2.865760490298271
      ],
      "team1_step_reward": 0.0,
      "winner": null
    },
    {
      "ball_pos": [
        12.88967514038086,
        -4.551754474639893
      ],
      "reward_shaping": null,
      "score": null,
      "step": 22,
      "team0_centroid": [
        -1.998487189412117,
        -1.712119221687317
      ],
      "team0_step_reward": 0.0,