{
  "classification": {
    "labels": [
      "win"
    ],
    "primary_label": "win"
  },
  "cumulative_team0_reward": 1.9420000314712524,
  "cumulative_team1_reward": -2.0,
  "episode_index": 104,
  "final_score": null,
  "final_team0_step_reward": 1.9420000314712524,
  "final_team1_step_reward": -2.0,
  "final_winner": null,
  "metrics": {
    "mean_ball_x": 8.81946757333032,
    "tail_mean_ball_x": 8.81946757333032,
    "team0_possession_ratio": null,
    "team0_progress_toward_goal": 0.0,
    "team0_shaping_reward_sum": 0.0,
    "team1_possession_ratio": null,
    "team1_progress_toward_goal": 0.0,
    "team1_shaping_reward_sum": 0.0
  },
  "outcome": "team0_win",
  "sampled_trace": [
    {
      "ball_pos": [
        -1.8561677932739258,
        -0.19049909710884094
      ],
      "reward_shaping": null,
      "score": null,
      "step": 0,
      "team0_centroid": [
        -6.575328350067139,
        0.05157285928726196
      ],
      "team0_step_reward": 0.0,
      "team1_centroid": [
        8.24129605293274,
        0.13338303565979004
      ],
      "team1_step_reward": 0.0,
      "winner": null
    },
    {
      "ball_pos": [
        9.313373565673828,
        6.178936958312988
      ],
      "reward_shaping": null,
      "score": null,
      "step": 10,
      "team0_centroid": [
        -2.845151662826538,
        4.541227579116821
      ],
      "team0_step_reward": 0.0,
      "team1_centroid": [
        8.298731803894043,
        3.723068118095398
      ],
      "team1_step_reward": 0.0,
      "winner": null
    },
    {
      "ball_pos": [
        11.871553421020508,
        5.563652038574219
      ],
      "reward_shaping": null,
      "score": null,
      "step": 20,
      "team0_centroid": [
        0.5469772815704346,
        4.57343053817749
      ],
      "team0_step_reward": 0.0,
      "team1_centroid": [
        10.162396430969238,
        4.8974690437316895
      ],
      "team1_step_reward": 0.0,
      "winner": null
    }
  ],
  "steps": 29,
  "tail_trace": [
    {
      "ball_pos": [
        -1.8561677932739258,
        -0.19049909710884094
      ],
      "reward_shaping": null,
      "score": null,
      "step": 0,
      "team0_centroid": [
        -6.575328350067139,
        0.05157285928726196
      ],
      "team0_step_reward": 0.0,
      "team1_centroid": [
        8.24129605293274,
        0.13338303565979004
      ],
      "team1_step_reward": 0.0,
      "winner": null
    },
    {
      "ball_pos": [
        -1.8561677932739258,
        -0.19049909710884094
      ],
      "reward_shaping": null,
      "score": null,
      "step": 1,
      "team0_centroid": [
        -5.69141697883606,
        0.2854918837547302
      ],
      "team0_step_reward": 0.0,
      "team1_centroid": [
        8.242913246154785,
        0.43609851598739624
      ],
      "team1_step_reward": 0.0,
      "winner": null
    },
    {
      "ball_pos": [
        -1.1175084114074707,
        0.25129973888397217
      ],
      "reward_shaping": null,
      "score": null,
      "step": 2,
      "team0_centroid": [
        -4.923704266548157,
        0.5424412190914154
      ],
      "team0_step_reward": 0.0,
      "team1_centroid": [
        8.265228509902954,
        0.8540613204240799
      ],
      "team1_step_reward": 0.0,
      "winner": null
    },
    {
      "ball_pos": [
        0.9393757581710815,
        1.7253799438476562
      ],
      "reward_shaping": null,
      "score": null,
      "step": 3,
      "team0_centroid": [
        -4.1673304438591,
        0.8618493378162384
      ],
      "team0_step_reward": 0.0,
      "team1_centroid": [
        8.349600553512573,
        1.2723799757659435
      ],
      "team1_step_reward": 0.0,
      "winner": null
    },
    {
      "ball_pos": [
        2.758695602416992,
        3.0293917655944824
      ],
      "reward_shaping": null,
      "score": null,
      "step": 4,
      "team0_centroid": [
        -3.56189277023077,
        1.3196666687726974
      ],
      "team0_step_reward": 0.0,
      "team1_centroid": [
        8.21295428276062,
        1.4801096804440022
      ],
      "team1_step_reward": 0.0,
      "winner": null
    },
    {
      "ball_pos": [
        4.363364219665527,
        4.17955207824707
      ],
      "reward_shaping": null,
      "score": null,
      "step": 5,
      "team0_centroid": [
        -3.2473878264427185,
        1.8545710295438766
      ],
      "team0_step_reward": 0.0,
      "team1_centroid": [
        8.191121339797974,
        1.693602740764618
      ],
      "team1_step_reward": 0.0,
      "winner": null
    },
    {
      "ball_pos": [
        5.774006366729736,
        5.1906418800354
      ],
      "reward_shaping": null,
      "score": null,
      "step": 6,
      "team0_centroid": [
        -3.152094841003418,
        2.4345186054706573
      ],
      "team0_step_reward": 0.0,
      "team1_centroid": [
        8.28757929801941,
        1.923285573720932
      ],
      "team1_step_reward": 0.0,
      "winner": null
    },
    {
      "ball_pos": [
        7.009263038635254,
        6.076022624969482
      ],
      "reward_shaping": null,
      "score": null,
      "step": 7,
      "team0_centroid": [
        -3.1231411695480347,
        2.917845904827118
      ],
      "team0_step_reward": 0.0,
      "team1_centroid": [
        8.352940797805786,
        2.1625146865844727
      ],
      "team1_step_reward": 0.0,
      "winner": null
    },
    {
      "ball_pos": [
        8.08598518371582,
        6.847772121429443
      ],
      "reward_shaping": null,
      "score": null,
      "step": 8,
      "team0_centroid": [
        -3.1624135971069336,
        3.387745440006256
      ],
      "team0_step_reward": 0.0,
      "team1_centroid": [
        8.336891412734985,
        2.5446507036685944
      ],
      "team1_step_reward": 0.0,
      "winner": null
    },
    {
      "ball_pos": [
        8.787459373474121,
        6.582236289978027
      ],
      "reward_shaping": null,
      "score": null,
      "step": 9,
      "team0_centroid": [
        -3.0310235023498535,
        3.964088559150696
      ],
      "team0_step_reward": 0.0,
      "team1_centroid": [
        8.294352293014526,
        2.996115207672119
      ],
      "team1_step_reward": 0.0,
      "winner": null
    },
    {
      "ball_pos": [
        9.313373565673828,
        6.178936958312988
      ],
      "reward_shaping": null,
      "score": null,
      "step": 10,
      "team0_centroid": [
        -2.845151662826538,
        4.541227579116821
      ],
      "team0_step_reward": 0.0,
      "team1_centroid": [
        8.298731803894043,
        3.723068118095398
      ],
      "team1_step_reward": 0.0,
      "winner": null
    },
    {
      "ball_pos": [
        9.75051212310791,
        5.845117568969727
      ],
      "reward_shaping": null,
      "score": null,
      "step": 11,
      "team0_centroid": [
        -2.787022829055786,
        5.1288487911224365
      ],
      "team0_step_reward": 0.0,
      "team1_centroid": [
        8.223395347595215,
        4.449813485145569
      ],
      "team1_step_reward": 0.0,
      "winner": null
    },
    {
      "ball_pos": [
        10.116792678833008,
        5.565415382385254
      ],
      "reward_shaping": null,
      "score": null,
      "step": 12,
      "team0_centroid": [
        -2.7620733976364136,
        5.626810789108276
      ],
      "team0_step_reward": 0.0,
      "team1_centroid": [
        8.150352478027344,
        4.9366127252578735
      ],
      "team1_step_reward": 0.0,
      "winner": null
    },
    {
      "ball_pos": [
        10.446321487426758,
        5.313777446746826
      ],
      "reward_shaping": null,
      "score": null,
      "step": 13,
      "team0_centroid": [
        -2.443207263946533,
        5.959240436553955
      ],
      "team0_step_reward": 0.0,
      "team1_centroid": [
        8.230058670043945,
        5.141527056694031
      ],
      "team1_step_reward": 0.0,