{
  "classification": {
    "labels": [
      "win"
    ],
    "primary_label": "win"
  },
  "cumulative_team0_reward": 1.9423999786376953,
  "cumulative_team1_reward": -2.0,
  "episode_index": 341,
  "final_score": null,
  "final_team0_step_reward": 1.9423999786376953,
  "final_team1_step_reward": -2.0,
  "final_winner": null,
  "metrics": {
    "mean_ball_x": -8.470685593013105,
    "tail_mean_ball_x": -8.470685593013105,
    "team0_possession_ratio": null,
    "team0_progress_toward_goal": 0.0,
    "team0_shaping_reward_sum": 0.0,
    "team1_possession_ratio": null,
    "team1_progress_toward_goal": 0.0,
    "team1_shaping_reward_sum": 0.0
  },
  "outcome": "team0_win",
  "sampled_trace": [
    {
      "ball_pos": [
        1.644583821296692,
        1.8269025087356567
      ],
      "reward_shaping": null,
      "score": null,
      "step": 0,
      "team0_centroid": [
        7.411387205123901,
        0.008116722106933594
      ],
      "team0_step_reward": 0.0,
      "team1_centroid": [
        -9.572112560272217,
        0.0002589225769042969
      ],
      "team1_step_reward": 0.0,
      "winner": null
    },
    {
      "ball_pos": [
        -8.682831764221191,
        5.8316426277160645
      ],
      "reward_shaping": null,
      "score": null,
      "step": 10,
      "team0_centroid": [
        3.626338303089142,
        1.4270156025886536
      ],
      "team0_step_reward": 0.0,
      "team1_centroid": [
        -6.92281174659729,
        -1.060326248407364
      ],
      "team1_step_reward": 0.0,
      "winner": null
    },
    {
      "ball_pos": [
        -11.4490966796875,
        4.043184280395508
      ],
      "reward_shaping": null,
      "score": null,
      "step": 20,
      "team0_centroid": [
        -0.9121661186218262,
        2.4436146691441536
      ],
      "team0_step_reward": 0.0,
      "team1_centroid": [
        -2.781163215637207,
        -2.3776681423187256
      ],
      "team1_step_reward": 0.0,
      "winner": null
    }
  ],
  "steps": 29,
  "tail_trace": [
    {
      "ball_pos": [
        1.644583821296692,
        1.8269025087356567
      ],
      "reward_shaping": null,
      "score": null,
      "step": 0,
      "team0_centroid": [
        7.411387205123901,
        0.008116722106933594
      ],
      "team0_step_reward": 0.0,
      "team1_centroid": [
        -9.572112560272217,
        0.0002589225769042969
      ],
      "team1_step_reward": 0.0,
      "winner": null
    },
    {
      "ball_pos": [
        1.644583821296692,
        1.8269025087356567
      ],
      "reward_shaping": null,
      "score": null,
      "step": 1,
      "team0_centroid": [
        6.812482476234436,
        0.0006301999092102051
      ],
      "team0_step_reward": 0.0,
      "team1_centroid": [
        -9.589736938476562,
        -0.15119311213493347
      ],
      "team1_step_reward": 0.0,
      "winner": null
    },
    {
      "ball_pos": [
        1.3672412633895874,
        1.9001225233078003
      ],
      "reward_shaping": null,
      "score": null,
      "step": 2,
      "team0_centroid": [
        6.219544291496277,
        -0.17231440544128418
      ],
      "team0_step_reward": 0.0,
      "team1_centroid": [
        -9.846576690673828,
        -0.2940187156200409
      ],
      "team1_step_reward": 0.0,
      "winner": null
    },
    {
      "ball_pos": [
        -0.6885025501251221,
        3.1505484580993652
      ],
      "reward_shaping": null,
      "score": null,
      "step": 3,
      "team0_centroid": [
        5.837465047836304,
        -0.3850676417350769
      ],
      "team0_step_reward": 0.0,
      "team1_centroid": [
        -9.924170970916748,
        -0.2594270706176758
      ],
      "team1_step_reward": 0.0,
      "winner": null
    },
    {
      "ball_pos": [
        -2.5045721530914307,
        4.255796909332275
      ],
      "reward_shaping": null,
      "score": null,
      "step": 4,
      "team0_centroid": [
        5.558659374713898,
        -0.3777838945388794
      ],
      "team0_step_reward": 0.0,
      "team1_centroid": [
        -9.562792778015137,
        -0.140670508146286
      ],
      "team1_step_reward": 0.0,
      "winner": null
    },
    {
      "ball_pos": [
        -4.104269027709961,
        5.229365825653076
      ],
      "reward_shaping": null,
      "score": null,
      "step": 5,
      "team0_centroid": [
        5.328606873750687,
        -0.13759005069732666
      ],
      "team0_step_reward": 0.0,
      "team1_centroid": [
        -9.180386543273926,
        -0.1724521815776825
      ],
      "team1_step_reward": 0.0,
      "winner": null
    },
    {
      "ball_pos": [
        -5.5083842277526855,
        6.08390474319458
      ],
      "reward_shaping": null,
      "score": null,
      "step": 6,
      "team0_centroid": [
        5.1384409219026566,
        0.23044240474700928
      ],
      "team0_step_reward": 0.0,
      "team1_centroid": [
        -8.929941654205322,
        -0.2820495367050171
      ],
      "team1_step_reward": 0.0,
      "winner": null
    },
    {
      "ball_pos": [
        -6.735708713531494,
        6.8308491706848145
      ],
      "reward_shaping": null,
      "score": null,
      "step": 7,
      "team0_centroid": [
        4.987027585506439,
        0.6202692985534668
      ],
      "team0_step_reward": 0.0,
      "team1_centroid": [
        -8.537116050720215,
        -0.47054702043533325
      ],
      "team1_step_reward": 0.0,
      "winner": null
    },
    {
      "ball_pos": [
        -7.542954444885254,
        6.56919002532959
      ],
      "reward_shaping": null,
      "score": null,
      "step": 8,
      "team0_centroid": [
        4.610380232334137,
        0.9640355706214905
      ],
      "team0_step_reward": 0.0,
      "team1_centroid": [
        -8.124670267105103,
        -0.5863551795482635
      ],
      "team1_step_reward": 0.0,
      "winner": null
    },
    {
      "ball_pos": [
        -8.163153648376465,
        6.167628288269043
      ],
      "reward_shaping": null,
      "score": null,
      "step": 9,
      "team0_centroid": [
        4.194731771945953,
        1.2036147713661194
      ],
      "team0_step_reward": 0.0,
      "team1_centroid": [
        -7.633269548416138,
        -0.7802357077598572
      ],
      "team1_step_reward": 0.0,
      "winner": null
    },
    {
      "ball_pos": [
        -8.682831764221191,
        5.8316426277160645
      ],
      "reward_shaping": null,
      "score": null,
      "step": 10,
      "team0_centroid": [
        3.626338303089142,
        1.4270156025886536
      ],
      "team0_step_reward": 0.0,
      "team1_centroid": [
        -6.92281174659729,
        -1.060326248407364
      ],
      "team1_step_reward": 0.0,
      "winner": null
    },
    {
      "ball_pos": [
        -9.112563133239746,
        5.553811073303223
      ],
      "reward_shaping": null,
      "score": null,
      "step": 11,
      "team0_centroid": [
        3.3245992064476013,
        1.7851623892784119
      ],
      "team0_step_reward": 0.0,
      "team1_centroid": [
        -5.993533372879028,
        -1.254105806350708
      ],
      "team1_step_reward": 0.0,
      "winner": null
    },
    {
      "ball_pos": [
        -9.48914623260498,
        5.310340881347656
      ],
      "reward_shaping": null,
      "score": null,
      "step": 12,
      "team0_centroid": [
        3.2437824010849,
        2.2702495753765106
      ],
      "team0_step_reward": 0.0,
      "team1_centroid": [
        -5.4277215003967285,
        -1.3323260843753815
      ],
      "team1_step_reward": 0.0,
      "winner": null
    },
    {
      "ball_pos": [
        -9.829334259033203,
        5.090400695800781
      ],
      "reward_shaping": null,
      "score": null,
      "step": 13,
      "team0_centroid": [
        3.149618148803711,
        2.760650932788849
      ],
      "team0_step_reward": 0.0,
      "team1_centroid": [
        -5.186810731887817,
        -1.517189621925354
      ],