{
  "classification": {
    "labels": [
      "win"
    ],
    "primary_label": "win"
  },
  "cumulative_team0_reward": 1.9703999757766724,
  "cumulative_team1_reward": -2.0,
  "episode_index": 82,
  "final_score": null,
  "final_team0_step_reward": 1.9703999757766724,
  "final_team1_step_reward": -2.0,
  "final_winner": null,
  "metrics": {
    "mean_ball_x": 5.182004412015279,
    "tail_mean_ball_x": 5.182004412015279,
    "team0_possession_ratio": null,
    "team0_progress_toward_goal": 0.0,
    "team0_shaping_reward_sum": 0.0,
    "team1_possession_ratio": null,
    "team1_progress_toward_goal": 0.0,
    "team1_shaping_reward_sum": 0.0
  },
  "outcome": "team0_win",
  "sampled_trace": [
    {
      "ball_pos": [
        -2.0056772232055664,
        2.3098678588867188
      ],
      "reward_shaping": null,
      "score": null,
      "step": 0,
      "team0_centroid": [
        -10.331029891967773,
        0.059457361698150635
      ],
      "team0_step_reward": 0.0,
      "team1_centroid": [
        12.006944179534912,
        -0.03250002861022949
      ],
      "team1_step_reward": 0.0,
      "winner": null
    },
    {
      "ball_pos": [
        10.657072067260742,
        1.6109323501586914
      ],
      "reward_shaping": null,
      "score": null,
      "step": 10,
      "team0_centroid": [
        -0.8663885593414307,
        1.2860152125358582
      ],
      "team0_step_reward": 0.0,
      "team1_centroid": [
        11.910148620605469,
        -1.197060227394104
      ],
      "team1_step_reward": 0.0,
      "winner": null
    }
  ],
  "steps": 15,
  "tail_trace": [
    {
      "ball_pos": [
        -2.0056772232055664,
        2.3098678588867188
      ],
      "reward_shaping": null,
      "score": null,
      "step": 0,
      "team0_centroid": [
        -10.331029891967773,
        0.059457361698150635
      ],
      "team0_step_reward": 0.0,
      "team1_centroid": [
        12.006944179534912,
        -0.03250002861022949
      ],
      "team1_step_reward": 0.0,
      "winner": null
    },
    {
      "ball_pos": [
        -2.0056772232055664,
        2.3098678588867188
      ],
      "reward_shaping": null,
      "score": null,
      "step": 1,
      "team0_centroid": [
        -9.445090770721436,
        0.30044621229171753
      ],
      "team0_step_reward": 0.0,
      "team1_centroid": [
        11.720115184783936,
        -0.10369807481765747
      ],
      "team1_step_reward": 0.0,
      "winner": null
    },
    {
      "ball_pos": [
        -2.0056772232055664,
        2.3098678588867188
      ],
      "reward_shaping": null,
      "score": null,
      "step": 2,
      "team0_centroid": [
        -8.434581995010376,
        0.6632939279079437
      ],
      "team0_step_reward": 0.0,
      "team1_centroid": [
        11.364980697631836,
        -0.026233762502670288
      ],
      "team1_step_reward": 0.0,
      "winner": null
    },
    {
      "ball_pos": [
        -2.0056772232055664,
        2.3098678588867188
      ],
      "reward_shaping": null,
      "score": null,
      "step": 3,
      "team0_centroid": [
        -7.071223974227905,
        1.0802401453256607
      ],
      "team0_step_reward": 0.0,
      "team1_centroid": [
        11.089991569519043,
        -0.027658671140670776
      ],
      "team1_step_reward": 0.0,
      "winner": null
    },
    {
      "ball_pos": [
        -2.0056772232055664,
        2.3098678588867188
      ],
      "reward_shaping": null,
      "score": null,
      "step": 4,
      "team0_centroid": [
        -5.78460967540741,
        1.3723445683717728
      ],
      "team0_step_reward": 0.0,
      "team1_centroid": [
        10.867839813232422,
        -0.18559719622135162
      ],
      "team1_step_reward": 0.0,
      "winner": null
    },
    {
      "ball_pos": [
        -0.9746274948120117,
        2.2499005794525146
      ],
      "reward_shaping": null,
      "score": null,
      "step": 5,
      "team0_centroid": [
        -5.13224458694458,
        1.3978792130947113
      ],
      "team0_step_reward": 0.0,
      "team1_centroid": [
        10.486089944839478,
        -0.2295350879430771
      ],
      "team1_step_reward": 0.0,
      "winner": null
    },
    {
      "ball_pos": [
        1.9514721632003784,
        2.0894277095794678
      ],
      "reward_shaping": null,
      "score": null,
      "step": 6,
      "team0_centroid": [
        -4.551726758480072,
        1.305262565612793
      ],
      "team0_step_reward": 0.0,
      "team1_centroid": [
        10.140130996704102,
        -0.07830263674259186
      ],
      "team1_step_reward": 0.0,
      "winner": null
    },
    {
      "ball_pos": [
        4.547459602355957,
        1.9467432498931885
      ],
      "reward_shaping": null,
      "score": null,
      "step": 7,
      "team0_centroid": [
        -3.7079312056303024,
        1.2664128094911575
      ],
      "team0_step_reward": 0.0,
      "team1_centroid": [
        10.084348678588867,
        -0.15849752724170685
      ],
      "team1_step_reward": 0.0,
      "winner": null
    },
    {
      "ball_pos": [
        6.84506893157959,
        1.8204567432403564
      ],
      "reward_shaping": null,
      "score": null,
      "step": 8,
      "team0_centroid": [
        -2.4324740171432495,
        1.2611213251948357
      ],
      "team0_step_reward": 0.0,
      "team1_centroid": [
        10.58177661895752,
        -0.6124738156795502
      ],
      "team1_step_reward": 0.0,
      "winner": null
    },
    {
      "ball_pos": [
        8.872968673706055,
        1.7089945077896118
      ],
      "reward_shaping": null,
      "score": null,
      "step": 9,
      "team0_centroid": [
        -1.4539158344268799,
        1.2389029935002327
      ],
      "team0_step_reward": 0.0,
      "team1_centroid": [
        11.397621870040894,
        -1.0911588072776794
      ],
      "team1_step_reward": 0.0,
      "winner": null
    },
    {
      "ball_pos": [
        10.657072067260742,
        1.6109323501586914
      ],
      "reward_shaping": null,
      "score": null,
      "step": 10,
      "team0_centroid": [
        -0.8663885593414307,
        1.2860152125358582
      ],
      "team0_step_reward": 0.0,
      "team1_centroid": [
        11.910148620605469,
        -1.197060227394104
      ],
      "team1_step_reward": 0.0,
      "winner": null
    },
    {
      "ball_pos": [
        12.220800399780273,
        1.5249828100204468
      ],
      "reward_shaping": null,
      "score": null,
      "step": 11,
      "team0_centroid": [
        -0.4140639305114746,
        1.3553103804588318
      ],
      "team0_step_reward": 0.0,
      "team1_centroid": [
        12.185287475585938,
        -1.0091716051101685
      ],
      "team1_step_reward": 0.0,
      "winner": null
    },
    {
      "ball_pos": [
        13.58533000946045,
        1.4499822854995728
      ],
      "reward_shaping": null,
      "score": null,
      "step": 12,
      "team0_centroid": [
        -0.08658099174499512,
        1.3979281187057495
      ],
      "team0_step_reward": 0.0,
      "team1_centroid": [
        12.370330333709717,
        -0.951909750699997
      ],
      "team1_step_reward": 0.0,
      "winner": null
    },
    {
      "ball_pos": [
        14.769800186157227,
        1.3848785161972046
      ],
      "reward_shaping": null,
      "score": null,
      "step": 13,
      "team0_centroid": [
        0.4146456718444824,
        1.384151041507721
      ],
      "team0_step_reward": 0.0,
      "team1_centroid": [
        12.678708553314209,
        -1.1385112404823303
      ],
      "team1_step_reward": 0.0,
      "winner": null
    },
    {
      "ball_pos": [
        15.28310775756836,
        1.3502603769302368
      ],
      "reward_shaping": null,
      "score": null,
      "step": 14,
      "team0_centroid": [
        0.86629319190979,
        1.3314251601696014
      ],
      "team0_step_reward": 1.9703999757766724,