{
  "classification": {
    "labels": [
      "win"
    ],
    "primary_label": "win"
  },
  "cumulative_team0_reward": 1.9639999866485596,
  "cumulative_team1_reward": -2.0,
  "episode_index": 366,
  "final_score": null,
  "final_team0_step_reward": 1.9639999866485596,
  "final_team1_step_reward": -2.0,
  "final_winner": null,
  "metrics": {
    "mean_ball_x": 5.646591087182363,
    "tail_mean_ball_x": 5.646591087182363,
    "team0_possession_ratio": null,
    "team0_progress_toward_goal": 0.0,
    "team0_shaping_reward_sum": 0.0,
    "team1_possession_ratio": null,
    "team1_progress_toward_goal": 0.0,
    "team1_shaping_reward_sum": 0.0
  },
  "outcome": "team0_win",
  "sampled_trace": [
    {
      "ball_pos": [
        -1.2992204427719116,
        0.03885728493332863
      ],
      "reward_shaping": null,
      "score": null,
      "step": 0,
      "team0_centroid": [
        -5.965444087982178,
        -0.02793300151824951
      ],
      "team0_step_reward": 0.0,
      "team1_centroid": [
        5.772293210029602,
        -0.1361200213432312
      ],
      "team1_step_reward": 0.0,
      "winner": null
    },
    {
      "ball_pos": [
        8.541278839111328,
        1.6343104839324951
      ],
      "reward_shaping": null,
      "score": null,
      "step": 10,
      "team0_centroid": [
        1.9433231949806213,
        -0.5823537111282349
      ],
      "team0_step_reward": 0.0,
      "team1_centroid": [
        5.349283382296562,
        0.027546703815460205
      ],
      "team1_step_reward": 0.0,
      "winner": null
    }
  ],
  "steps": 18,
  "tail_trace": [
    {
      "ball_pos": [
        -1.2992204427719116,
        0.03885728493332863
      ],
      "reward_shaping": null,
      "score": null,
      "step": 0,
      "team0_centroid": [
        -5.965444087982178,
        -0.02793300151824951
      ],
      "team0_step_reward": 0.0,
      "team1_centroid": [
        5.772293210029602,
        -0.1361200213432312
      ],
      "team1_step_reward": 0.0,
      "winner": null
    },
    {
      "ball_pos": [
        -1.2992204427719116,
        0.038857314735651016
      ],
      "reward_shaping": null,
      "score": null,
      "step": 1,
      "team0_centroid": [
        -5.38471531867981,
        -0.04333919286727905
      ],
      "team0_step_reward": 0.0,
      "team1_centroid": [
        5.717967748641968,
        -0.4514721930027008
      ],
      "team1_step_reward": 0.0,
      "winner": null
    },
    {
      "ball_pos": [
        -1.2992204427719116,
        0.038857344537973404
      ],
      "reward_shaping": null,
      "score": null,
      "step": 2,
      "team0_centroid": [
        -4.5663392543792725,
        -0.04239487648010254
      ],
      "team0_step_reward": 0.0,
      "team1_centroid": [
        5.654252886772156,
        -0.7456299662590027
      ],
      "team1_step_reward": 0.0,
      "winner": null
    },
    {
      "ball_pos": [
        -1.2992204427719116,
        0.03885740414261818
      ],
      "reward_shaping": null,
      "score": null,
      "step": 3,
      "team0_centroid": [
        -3.82214617729187,
        -0.19503125548362732
      ],
      "team0_step_reward": 0.0,
      "team1_centroid": [
        5.360917925834656,
        -0.8378124833106995
      ],
      "team1_step_reward": 0.0,
      "winner": null
    },
    {
      "ball_pos": [
        -1.2992204427719116,
        0.03885747864842415
      ],
      "reward_shaping": null,
      "score": null,
      "step": 4,
      "team0_centroid": [
        -3.5245978832244873,
        -0.5108786672353745
      ],
      "team0_step_reward": 0.0,
      "team1_centroid": [
        5.022203803062439,
        -0.7009741067886353
      ],
      "team1_step_reward": 0.0,
      "winner": null
    },
    {
      "ball_pos": [
        -1.2992204427719116,
        0.03885755315423012
      ],
      "reward_shaping": null,
      "score": null,
      "step": 5,
      "team0_centroid": [
        -3.209083676338196,
        -0.839581698179245
      ],
      "team0_step_reward": 0.0,
      "team1_centroid": [
        4.822769999504089,
        -0.44962048530578613
      ],
      "team1_step_reward": 0.0,
      "winner": null
    },
    {
      "ball_pos": [
        -0.3767963647842407,
        0.15812110900878906
      ],
      "reward_shaping": null,
      "score": null,
      "step": 6,
      "team0_centroid": [
        -2.6093708276748657,
        -0.9657934419810772
      ],
      "team0_step_reward": 0.0,
      "team1_centroid": [
        4.9477182030677795,
        -0.4234389066696167
      ],
      "team1_step_reward": 0.0,
      "winner": null
    },
    {
      "ball_pos": [
        2.2796969413757324,
        0.5976006388664246
      ],
      "reward_shaping": null,
      "score": null,
      "step": 7,
      "team0_centroid": [
        -1.5491234064102173,
        -0.9392323335632682
      ],
      "team0_step_reward": 0.0,
      "team1_centroid": [
        5.196559488773346,
        -0.374919056892395
      ],
      "team1_step_reward": 0.0,
      "winner": null
    },
    {
      "ball_pos": [
        4.632533073425293,
        0.9871507883071899
      ],
      "reward_shaping": null,
      "score": null,
      "step": 8,
      "team0_centroid": [
        -0.4903388023376465,
        -0.865389421582222
      ],
      "team0_step_reward": 0.0,
      "team1_centroid": [
        5.309848040342331,
        -0.2653607726097107
      ],
      "team1_step_reward": 0.0,
      "winner": null
    },
    {
      "ball_pos": [
        6.710937976837158,
        1.3312662839889526
      ],
      "reward_shaping": null,
      "score": null,
      "step": 9,
      "team0_centroid": [
        0.5408376455307007,
        -0.7803246378898621
      ],
      "team0_step_reward": 0.0,
      "team1_centroid": [
        5.338072597980499,
        -0.053580403327941895
      ],
      "team1_step_reward": 0.0,
      "winner": null
    },
    {
      "ball_pos": [
        8.541278839111328,
        1.6343104839324951
      ],
      "reward_shaping": null,
      "score": null,
      "step": 10,
      "team0_centroid": [
        1.9433231949806213,
        -0.5823537111282349
      ],
      "team0_step_reward": 0.0,
      "team1_centroid": [
        5.349283382296562,
        0.027546703815460205
      ],
      "team1_step_reward": 0.0,
      "winner": null
    },
    {
      "ball_pos": [
        8.084084510803223,
        1.8008304834365845
      ],
      "reward_shaping": null,
      "score": null,
      "step": 11,
      "team0_centroid": [
        3.021485686302185,
        -0.4776025414466858
      ],
      "team0_step_reward": 0.0,
      "team1_centroid": [
        5.391861468553543,
        -0.1383417844772339
      ],
      "team1_step_reward": 0.0,
      "winner": null
    },
    {
      "ball_pos": [
        11.045654296875,
        3.347109317779541
      ],
      "reward_shaping": null,
      "score": null,
      "step": 12,
      "team0_centroid": [
        3.756061613559723,
        -0.5437583923339844
      ],
      "team0_step_reward": 0.0,
      "team1_centroid": [
        5.426341384649277,
        -0.2492879033088684
      ],
      "team1_step_reward": 0.0,
      "winner": null
    },
    {
      "ball_pos": [
        13.419486045837402,
        4.6884613037109375
      ],
      "reward_shaping": null,
      "score": null,
      "step": 13,
      "team0_centroid": [
        4.093931317329407,
        -0.6022546291351318
      ],
      "team0_step_reward": 0.0,
      "team1_centroid": [
        5.544753685593605,
        -0.20862174034118652
      ],
      "team1_step_reward": 0.0,
      "winner": null
    },
    {
      "ball_pos": [
        13.333934783935547,
        4.5602288246154785
      ],
      "reward_shaping": null,
      "score": null,
      "step": 14,
      "team0_centroid": [
        4.195125162601471,
        -0.6381477117538452
      ],
      "team0_step_reward": 0.0,