{
  "classification": {
    "labels": [
      "win"
    ],
    "primary_label": "win"
  },
  "cumulative_team0_reward": 1.9739999771118164,
  "cumulative_team1_reward": -2.0,
  "episode_index": 126,
  "final_score": null,
  "final_team0_step_reward": 1.9739999771118164,
  "final_team1_step_reward": -2.0,
  "final_winner": null,
  "metrics": {
    "mean_ball_x": 5.744440262134258,
    "tail_mean_ball_x": 5.744440262134258,
    "team0_possession_ratio": null,
    "team0_progress_toward_goal": 0.0,
    "team0_shaping_reward_sum": 0.0,
    "team1_possession_ratio": null,
    "team1_progress_toward_goal": 0.0,
    "team1_shaping_reward_sum": 0.0
  },
  "outcome": "team0_win",
  "sampled_trace": [
    {
      "ball_pos": [
        -0.7089552879333496,
        -0.16388678550720215
      ],
      "reward_shaping": null,
      "score": null,
      "step": 0,
      "team0_centroid": [
        -9.981014013290405,
        -0.06894028186798096
      ],
      "team0_step_reward": 0.0,
      "team1_centroid": [
        7.437304258346558,
        0.04883265495300293
      ],
      "team1_step_reward": 0.0,
      "winner": null
    },
    {
      "ball_pos": [
        12.996358871459961,
        -3.2975869178771973
      ],
      "reward_shaping": null,
      "score": null,
      "step": 10,
      "team0_centroid": [
        -4.039358854293823,
        0.3335425853729248
      ],
      "team0_step_reward": 0.0,
      "team1_centroid": [
        9.670639991760254,
        1.3950664401054382
      ],
      "team1_step_reward": 0.0,
      "winner": null
    }
  ],
  "steps": 13,
  "tail_trace": [
    {
      "ball_pos": [
        -0.7089552879333496,
        -0.16388678550720215
      ],
      "reward_shaping": null,
      "score": null,
      "step": 0,
      "team0_centroid": [
        -9.981014013290405,
        -0.06894028186798096
      ],
      "team0_step_reward": 0.0,
      "team1_centroid": [
        7.437304258346558,
        0.04883265495300293
      ],
      "team1_step_reward": 0.0,
      "winner": null
    },
    {
      "ball_pos": [
        -0.7089552879333496,
        -0.16388678550720215
      ],
      "reward_shaping": null,
      "score": null,
      "step": 1,
      "team0_centroid": [
        -9.724375009536743,
        -0.17018964886665344
      ],
      "team0_step_reward": 0.0,
      "team1_centroid": [
        6.7841408252716064,
        -0.0452844500541687
      ],
      "team1_step_reward": 0.0,
      "winner": null
    },
    {
      "ball_pos": [
        -0.7089552879333496,
        -0.16388678550720215
      ],
      "reward_shaping": null,
      "score": null,
      "step": 2,
      "team0_centroid": [
        -9.12724757194519,
        -0.20677605271339417
      ],
      "team0_step_reward": 0.0,
      "team1_centroid": [
        6.342554688453674,
        -0.05456942319869995
      ],
      "team1_step_reward": 0.0,
      "winner": null
    },
    {
      "ball_pos": [
        -0.7089552879333496,
        -0.16388678550720215
      ],
      "reward_shaping": null,
      "score": null,
      "step": 3,
      "team0_centroid": [
        -8.272655725479126,
        -0.19307564198970795
      ],
      "team0_step_reward": 0.0,
      "team1_centroid": [
        6.50909423828125,
        -0.02546513080596924
      ],
      "team1_step_reward": 0.0,
      "winner": null
    },
    {
      "ball_pos": [
        -0.7089552879333496,
        -0.16388678550720215
      ],
      "reward_shaping": null,
      "score": null,
      "step": 4,
      "team0_centroid": [
        -7.233257949352264,
        -0.11571243032813072
      ],
      "team0_step_reward": 0.0,
      "team1_centroid": [
        6.6612067222595215,
        -0.1204795241355896
      ],
      "team1_step_reward": 0.0,
      "winner": null
    },
    {
      "ball_pos": [
        2.346219062805176,
        -0.8324940800666809
      ],
      "reward_shaping": null,
      "score": null,
      "step": 5,
      "team0_centroid": [
        -6.411005929112434,
        -0.030633047223091125
      ],
      "team0_step_reward": 0.0,
      "team1_centroid": [
        6.89384388923645,
        -0.0646066665649414
      ],
      "team1_step_reward": 0.0,
      "winner": null
    },
    {
      "ball_pos": [
        5.0318603515625,
        -1.4541035890579224
      ],
      "reward_shaping": null,
      "score": null,
      "step": 6,
      "team0_centroid": [
        -5.777483522891998,
        0.1686978042125702
      ],
      "team0_step_reward": 0.0,
      "team1_centroid": [
        7.469551086425781,
        0.27312421798706055
      ],
      "team1_step_reward": 0.0,
      "winner": null
    },
    {
      "ball_pos": [
        7.411696434020996,
        -2.004946231842041
      ],
      "reward_shaping": null,
      "score": null,
      "step": 7,
      "team0_centroid": [
        -5.289119720458984,
        0.46879348158836365
      ],
      "team0_step_reward": 0.0,
      "team1_centroid": [
        8.222228765487671,
        0.6802340745925903
      ],
      "team1_step_reward": 0.0,
      "winner": null
    },
    {
      "ball_pos": [
        9.515110969543457,
        -2.4918079376220703
      ],
      "reward_shaping": null,
      "score": null,
      "step": 8,
      "team0_centroid": [
        -4.950338363647461,
        0.6463122069835663
      ],
      "team0_step_reward": 0.0,
      "team1_centroid": [
        8.875471830368042,
        0.8746330142021179
      ],
      "team1_step_reward": 0.0,
      "winner": null
    },
    {
      "ball_pos": [
        11.368663787841797,
        -2.9208362102508545
      ],
      "reward_shaping": null,
      "score": null,
      "step": 9,
      "team0_centroid": [
        -4.512402892112732,
        0.5391791462898254
      ],
      "team0_step_reward": 0.0,
      "team1_centroid": [
        9.34169054031372,
        1.0703418254852295
      ],
      "team1_step_reward": 0.0,
      "winner": null
    },
    {
      "ball_pos": [
        12.996358871459961,
        -3.2975869178771973
      ],
      "reward_shaping": null,
      "score": null,
      "step": 10,
      "team0_centroid": [
        -4.039358854293823,
        0.3335425853729248
      ],
      "team0_step_reward": 0.0,
      "team1_centroid": [
        9.670639991760254,
        1.3950664401054382
      ],
      "team1_step_reward": 0.0,
      "winner": null
    },
    {
      "ball_pos": [
        14.419899940490723,
        -3.6270830631256104
      ],
      "reward_shaping": null,
      "score": null,
      "step": 11,
      "team0_centroid": [
        -3.6291379928588867,
        0.1608642339706421
      ],
      "team0_step_reward": 0.0,
      "team1_centroid": [
        9.863004684448242,
        1.7537651062011719
      ],
      "team1_step_reward": 0.0,
      "winner": null
    },
    {
      "ball_pos": [
        15.1326904296875,
        -3.6132378578186035
      ],
      "reward_shaping": null,
      "score": null,
      "step": 12,
      "team0_centroid": [
        -3.3243337869644165,
        0.0389331579208374
      ],
      "team0_step_reward": 1.9739999771118164,
      "team1_centroid": [
        9.884384155273438,
        2.0023144483566284
      ],
      "team1_step_reward": -2.0,
      "winner": null
    }
  ],
  "team0_module": "ceia_baseline_agent",
  "team1_module": "example_player_agent.agent_random"
}