{
  "classification": {
    "labels": [
      "win"
    ],
    "primary_label": "win"
  },
  "cumulative_team0_reward": 1.9404000043869019,
  "cumulative_team1_reward": -2.0,
  "episode_index": 164,
  "final_score": null,
  "final_team0_step_reward": 1.9404000043869019,
  "final_team1_step_reward": -2.0,
  "final_winner": null,
  "metrics": {
    "mean_ball_x": 10.842661289374034,
    "tail_mean_ball_x": 10.842661289374034,
    "team0_possession_ratio": null,
    "team0_progress_toward_goal": 0.0,
    "team0_shaping_reward_sum": 0.0,
    "team1_possession_ratio": null,
    "team1_progress_toward_goal": 0.0,
    "team1_shaping_reward_sum": 0.0
  },
  "outcome": "team0_win",
  "sampled_trace": [
    {
      "ball_pos": [
        -1.310102939605713,
        1.2416720390319824
      ],
      "reward_shaping": null,
      "score": null,
      "step": 0,
      "team0_centroid": [
        -6.5474934577941895,
        -0.01782912015914917
      ],
      "team0_step_reward": 0.0,
      "team1_centroid": [
        11.350887298583984,
        -0.0007964372634887695
      ],
      "team1_step_reward": 0.0,
      "winner": null
    },
    {
      "ball_pos": [
        11.169910430908203,
        5.6180620193481445
      ],
      "reward_shaping": null,
      "score": null,
      "step": 10,
      "team0_centroid": [
        -1.1299477219581604,
        3.2880553007125854
      ],
      "team0_step_reward": 0.0,
      "team1_centroid": [
        11.157686233520508,
        0.020393304526805878
      ],
      "team1_step_reward": 0.0,
      "winner": null
    },
    {
      "ball_pos": [
        14.14393138885498,
        3.9011783599853516
      ],
      "reward_shaping": null,
      "score": null,
      "step": 20,
      "team0_centroid": [
        0.3771333694458008,
        2.588368773460388
      ],
      "team0_step_reward": 0.0,
      "team1_centroid": [
        7.340882480144501,
        -0.9112128019332886
      ],
      "team1_step_reward": 0.0,
      "winner": null
    }
  ],
  "steps": 30,
  "tail_trace": [
    {
      "ball_pos": [
        -1.310102939605713,
        1.2416720390319824
      ],
      "reward_shaping": null,
      "score": null,
      "step": 0,
      "team0_centroid": [
        -6.5474934577941895,
        -0.01782912015914917
      ],
      "team0_step_reward": 0.0,
      "team1_centroid": [
        11.350887298583984,
        -0.0007964372634887695
      ],
      "team1_step_reward": 0.0,
      "winner": null
    },
    {
      "ball_pos": [
        -1.310102939605713,
        1.2416720390319824
      ],
      "reward_shaping": null,
      "score": null,
      "step": 1,
      "team0_centroid": [
        -5.715100288391113,
        -0.11101377010345459
      ],
      "team0_step_reward": 0.0,
      "team1_centroid": [
        11.590512752532959,
        0.06805369257926941
      ],
      "team1_step_reward": 0.0,
      "winner": null
    },
    {
      "ball_pos": [
        0.9641648530960083,
        2.340247869491577
      ],
      "reward_shaping": null,
      "score": null,
      "step": 2,
      "team0_centroid": [
        -4.900856375694275,
        -0.29897910356521606
      ],
      "team0_step_reward": 0.0,
      "team1_centroid": [
        11.900958061218262,
        0.14925476908683777
      ],
      "team1_step_reward": 0.0,
      "winner": null
    },
    {
      "ball_pos": [
        3.060490131378174,
        3.531216859817505
      ],
      "reward_shaping": null,
      "score": null,
      "step": 3,
      "team0_centroid": [
        -4.315599888563156,
        -0.32584959268569946
      ],
      "team0_step_reward": 0.0,
      "team1_centroid": [
        12.161563396453857,
        0.051567286252975464
      ],
      "team1_step_reward": 0.0,
      "winner": null
    },
    {
      "ball_pos": [
        4.912763595581055,
        4.583550930023193
      ],
      "reward_shaping": null,
      "score": null,
      "step": 4,
      "team0_centroid": [
        -3.8782333955168724,
        -0.10795295238494873
      ],
      "team0_step_reward": 0.0,
      "team1_centroid": [
        12.371883392333984,
        -0.09434959292411804
      ],
      "team1_step_reward": 0.0,
      "winner": null
    },
    {
      "ball_pos": [
        6.544440269470215,
        5.510557174682617
      ],
      "reward_shaping": null,
      "score": null,
      "step": 5,
      "team0_centroid": [
        -3.561306655406952,
        0.2822572886943817
      ],
      "team0_step_reward": 0.0,
      "team1_centroid": [
        12.269616603851318,
        -0.23516631126403809
      ],
      "team1_step_reward": 0.0,
      "winner": null
    },
    {
      "ball_pos": [
        7.976714611053467,
        6.324276447296143
      ],
      "reward_shaping": null,
      "score": null,
      "step": 6,
      "team0_centroid": [
        -3.333601415157318,
        0.7921523489058018
      ],
      "team0_step_reward": 0.0,
      "team1_centroid": [
        12.009756565093994,
        -0.20257913321256638
      ],
      "team1_step_reward": 0.0,
      "winner": null
    },
    {
      "ball_pos": [
        9.165426254272461,
        6.779118537902832
      ],
      "reward_shaping": null,
      "score": null,
      "step": 7,
      "team0_centroid": [
        -3.1884081065654755,
        1.387727439403534
      ],
      "team0_step_reward": 0.0,
      "team1_centroid": [
        12.044362545013428,
        -0.009686961770057678
      ],
      "team1_step_reward": 0.0,
      "winner": null
    },
    {
      "ball_pos": [
        9.946396827697754,
        6.324446678161621
      ],
      "reward_shaping": null,
      "score": null,
      "step": 8,
      "team0_centroid": [
        -2.872958928346634,
        2.014553427696228
      ],
      "team0_step_reward": 0.0,
      "team1_centroid": [
        11.991081714630127,
        0.0887003242969513
      ],
      "team1_step_reward": 0.0,
      "winner": null
    },
    {
      "ball_pos": [
        10.611316680908203,
        5.940535068511963
      ],
      "reward_shaping": null,
      "score": null,
      "step": 9,
      "team0_centroid": [
        -2.0440093874931335,
        2.7295255064964294
      ],
      "team0_step_reward": 0.0,
      "team1_centroid": [
        11.57289743423462,
        0.054024651646614075
      ],
      "team1_step_reward": 0.0,
      "winner": null
    },
    {
      "ball_pos": [
        11.169910430908203,
        5.6180620193481445
      ],
      "reward_shaping": null,
      "score": null,
      "step": 10,
      "team0_centroid": [
        -1.1299477219581604,
        3.2880553007125854
      ],
      "team0_step_reward": 0.0,
      "team1_centroid": [
        11.157686233520508,
        0.020393304526805878
      ],
      "team1_step_reward": 0.0,
      "winner": null
    },
    {
      "ball_pos": [
        11.63336181640625,
        5.350513935089111
      ],
      "reward_shaping": null,
      "score": null,
      "step": 11,
      "team0_centroid": [
        -0.4901595115661621,
        3.7136740684509277
      ],
      "team0_step_reward": 0.0,
      "team1_centroid": [
        10.88682246208191,
        0.009745702147483826
      ],
      "team1_step_reward": 0.0,
      "winner": null
    },
    {
      "ball_pos": [
        12.039276123046875,
        5.116182804107666
      ],
      "reward_shaping": null,
      "score": null,
      "step": 12,
      "team0_centroid": [
        -0.027521967887878418,
        3.9040955305099487
      ],
      "team0_step_reward": 0.0,
      "team1_centroid": [
        10.733571290969849,
        0.028952062129974365
      ],
      "team1_step_reward": 0.0,
      "winner": null
    },
    {
      "ball_pos": [
        12.405970573425293,
        4.9044928550720215
      ],
      "reward_shaping": null,
      "score": null,
      "step": 13,
      "team0_centroid": [
        0.33441245555877686,
        3.8791579008102417
      ],
      "team0_step_reward": 0.0,