{
  "classification": {
    "labels": [
      "win"
    ],
    "primary_label": "win"
  },
  "cumulative_team0_reward": 1.9348000288009644,
  "cumulative_team1_reward": -2.0,
  "episode_index": 454,
  "final_score": null,
  "final_team0_step_reward": 1.9348000288009644,
  "final_team1_step_reward": -2.0,
  "final_winner": null,
  "metrics": {
    "mean_ball_x": 8.300029436747232,
    "tail_mean_ball_x": 8.973965724309286,
    "team0_possession_ratio": null,
    "team0_progress_toward_goal": 0.0,
    "team0_shaping_reward_sum": 0.0,
    "team1_possession_ratio": null,
    "team1_progress_toward_goal": 0.0,
    "team1_shaping_reward_sum": 0.0
  },
  "outcome": "team0_win",
  "sampled_trace": [
    {
      "ball_pos": [
        1.560666561126709,
        -1.4564056396484375
      ],
      "reward_shaping": null,
      "score": null,
      "step": 0,
      "team0_centroid": [
        -8.995922088623047,
        -0.0795697569847107
      ],
      "team0_step_reward": 0.0,
      "team1_centroid": [
        11.033916473388672,
        -0.030139505863189697
      ],
      "team1_step_reward": 0.0,
      "winner": null
    },
    {
      "ball_pos": [
        8.015629768371582,
        2.534414052963257
      ],
      "reward_shaping": null,
      "score": null,
      "step": 10,
      "team0_centroid": [
        -4.539036989212036,
        0.24990618228912354
      ],
      "team0_step_reward": 0.0,
      "team1_centroid": [
        14.762866973876953,
        1.1063382774591446
      ],
      "team1_step_reward": 0.0,
      "winner": null
    },
    {
      "ball_pos": [
        6.7437968254089355,
        2.204576015472412
      ],
      "reward_shaping": null,
      "score": null,
      "step": 20,
      "team0_centroid": [
        -3.964998245239258,
        3.935540050268173
      ],
      "team0_step_reward": 0.0,
      "team1_centroid": [
        14.313898086547852,
        0.6351829767227173
      ],
      "team1_step_reward": 0.0,
      "winner": null
    },
    {
      "ball_pos": [
        14.721288681030273,
        3.7426912784576416
      ],
      "reward_shaping": null,
      "score": null,
      "step": 30,
      "team0_centroid": [
        0.400022029876709,
        4.748215198516846
      ],
      "team0_step_reward": 0.0,
      "team1_centroid": [
        13.920367240905762,
        -0.8969042301177979
      ],
      "team1_step_reward": 0.0,
      "winner": null
    }
  ],
  "steps": 33,
  "tail_trace": [
    {
      "ball_pos": [
        1.560666561126709,
        -1.4564056396484375
      ],
      "reward_shaping": null,
      "score": null,
      "step": 3,
      "team0_centroid": [
        -9.619864225387573,
        -0.44064491987228394
      ],
      "team0_step_reward": 0.0,
      "team1_centroid": [
        12.384552955627441,
        0.49068623781204224
      ],
      "team1_step_reward": 0.0,
      "winner": null
    },
    {
      "ball_pos": [
        1.560666561126709,
        -1.456405520439148
      ],
      "reward_shaping": null,
      "score": null,
      "step": 4,
      "team0_centroid": [
        -9.654227018356323,
        -0.6084142178297043
      ],
      "team0_step_reward": 0.0,
      "team1_centroid": [
        13.022727489471436,
        0.6318696141242981
      ],
      "team1_step_reward": 0.0,
      "winner": null
    },
    {
      "ball_pos": [
        1.560666561126709,
        -1.456405520439148
      ],
      "reward_shaping": null,
      "score": null,
      "step": 5,
      "team0_centroid": [
        -9.40068244934082,
        -0.6555968672037125
      ],
      "team0_step_reward": 0.0,
      "team1_centroid": [
        13.677972793579102,
        0.797387570142746
      ],
      "team1_step_reward": 0.0,
      "winner": null
    },
    {
      "ball_pos": [
        1.560666561126709,
        -1.456405520439148
      ],
      "reward_shaping": null,
      "score": null,
      "step": 6,
      "team0_centroid": [
        -8.77862012386322,
        -0.5491438806056976
      ],
      "team0_step_reward": 0.0,
      "team1_centroid": [
        14.218432903289795,
        0.9080049395561218
      ],
      "team1_step_reward": 0.0,
      "winner": null
    },
    {
      "ball_pos": [
        1.560666561126709,
        -1.4564052820205688
      ],
      "reward_shaping": null,
      "score": null,
      "step": 7,
      "team0_centroid": [
        -7.875401854515076,
        -0.3601779341697693
      ],
      "team0_step_reward": 0.0,
      "team1_centroid": [
        14.550416469573975,
        0.9811021350324154
      ],
      "team1_step_reward": 0.0,
      "winner": null
    },
    {
      "ball_pos": [
        2.1947779655456543,
        -1.2959880828857422
      ],
      "reward_shaping": null,
      "score": null,
      "step": 8,
      "team0_centroid": [
        -6.797128438949585,
        -0.16443443298339844
      ],
      "team0_step_reward": 0.0,
      "team1_centroid": [
        14.647767543792725,
        1.035164289176464
      ],
      "team1_step_reward": 0.0,
      "winner": null
    },
    {
      "ball_pos": [
        5.273711204528809,
        0.7298303842544556
      ],
      "reward_shaping": null,
      "score": null,
      "step": 9,
      "team0_centroid": [
        -5.624529719352722,
        -0.0016170740127563477
      ],
      "team0_step_reward": 0.0,
      "team1_centroid": [
        14.790666103363037,
        1.1293380111455917
      ],
      "team1_step_reward": 0.0,
      "winner": null
    },
    {
      "ball_pos": [
        8.015629768371582,
        2.534414052963257
      ],
      "reward_shaping": null,
      "score": null,
      "step": 10,
      "team0_centroid": [
        -4.539036989212036,
        0.24990618228912354
      ],
      "team0_step_reward": 0.0,
      "team1_centroid": [
        14.762866973876953,
        1.1063382774591446
      ],
      "team1_step_reward": 0.0,
      "winner": null
    },
    {
      "ball_pos": [
        10.45314884185791,
        4.138662338256836
      ],
      "reward_shaping": null,
      "score": null,
      "step": 11,
      "team0_centroid": [
        -3.9285614490509033,
        0.6848546266555786
      ],
      "team0_step_reward": 0.0,
      "team1_centroid": [
        14.495328426361084,
        0.9657339006662369
      ],
      "team1_step_reward": 0.0,
      "winner": null
    },
    {
      "ball_pos": [
        12.615516662597656,
        5.561819553375244
      ],
      "reward_shaping": null,
      "score": null,
      "step": 12,
      "team0_centroid": [
        -3.673072338104248,
        0.9372533559799194
      ],
      "team0_step_reward": 0.0,
      "team1_centroid": [
        14.357280254364014,
        0.8747104555368423
      ],
      "team1_step_reward": 0.0,
      "winner": null
    },
    {
      "ball_pos": [
        13.177067756652832,
        5.968928337097168
      ],
      "reward_shaping": null,
      "score": null,
      "step": 13,
      "team0_centroid": [
        -3.742814779281616,
        1.1092233657836914
      ],
      "team0_step_reward": 0.0,
      "team1_centroid": [
        14.073261737823486,
        0.7011573612689972
      ],
      "team1_step_reward": 0.0,
      "winner": null
    },
    {
      "ball_pos": [
        11.81393814086914,
        5.171076774597168
      ],
      "reward_shaping": null,
      "score": null,
      "step": 14,
      "team0_centroid": [
        -3.8853421211242676,
        1.407998502254486
      ],
      "team0_step_reward": 0.0,
      "team1_centroid": [
        13.848604202270508,
        0.45469972491264343
      ],
      "team1_step_reward": 0.0,
      "winner": null
    },
    {
      "ball_pos": [
        10.623980522155762,
        4.47484016418457
      ],
      "reward_shaping": null,
      "score": null,
      "step": 15,
      "team0_centroid": [
        -3.9395947456359863,
        1.7681821584701538
      ],
      "team0_step_reward": 0.0,
      "team1_centroid": [
        13.65584421157837,
        0.31801408529281616
      ],