{
  "classification": {
    "labels": [
      "win"
    ],
    "primary_label": "win"
  },
  "cumulative_team0_reward": 1.9531999826431274,
  "cumulative_team1_reward": -2.0,
  "episode_index": 273,
  "final_score": null,
  "final_team0_step_reward": 1.9531999826431274,
  "final_team1_step_reward": -2.0,
  "final_winner": null,
  "metrics": {
    "mean_ball_x": -6.397978107134501,
    "tail_mean_ball_x": -6.397978107134501,
    "team0_possession_ratio": null,
    "team0_progress_toward_goal": 0.0,
    "team0_shaping_reward_sum": 0.0,
    "team1_possession_ratio": null,
    "team1_progress_toward_goal": 0.0,
    "team1_shaping_reward_sum": 0.0
  },
  "outcome": "team0_win",
  "sampled_trace": [
    {
      "ball_pos": [
        1.76929771900177,
        0.8636563420295715
      ],
      "reward_shaping": null,
      "score": null,
      "step": 0,
      "team0_centroid": [
        5.267962455749512,
        0.022925138473510742
      ],
      "team0_step_reward": 0.0,
      "team1_centroid": [
        -8.392772197723389,
        0.09603661298751831
      ],
      "team1_step_reward": 0.0,
      "winner": null
    },
    {
      "ball_pos": [
        -6.599246978759766,
        3.8924355506896973
      ],
      "reward_shaping": null,
      "score": null,
      "step": 10,
      "team0_centroid": [
        -1.756950095295906,
        4.247313857078552
      ],
      "team0_step_reward": 0.0,
      "team1_centroid": [
        -8.09232234954834,
        1.685860600322485
      ],
      "team1_step_reward": 0.0,
      "winner": null
    },
    {
      "ball_pos": [
        -11.861084938049316,
        -1.2478623390197754
      ],
      "reward_shaping": null,
      "score": null,
      "step": 20,
      "team0_centroid": [
        -7.854501724243164,
        1.8220430314540863
      ],
      "team0_step_reward": 0.0,
      "team1_centroid": [
        -6.6550092697143555,
        -0.6187792420387268
      ],
      "team1_step_reward": 0.0,
      "winner": null
    }
  ],
  "steps": 24,
  "tail_trace": [
    {
      "ball_pos": [
        1.76929771900177,
        0.8636563420295715
      ],
      "reward_shaping": null,
      "score": null,
      "step": 0,
      "team0_centroid": [
        5.267962455749512,
        0.022925138473510742
      ],
      "team0_step_reward": 0.0,
      "team1_centroid": [
        -8.392772197723389,
        0.09603661298751831
      ],
      "team1_step_reward": 0.0,
      "winner": null
    },
    {
      "ball_pos": [
        1.76929771900177,
        0.8636563420295715
      ],
      "reward_shaping": null,
      "score": null,
      "step": 1,
      "team0_centroid": [
        4.4719884395599365,
        0.14781326055526733
      ],
      "team0_step_reward": 0.0,
      "team1_centroid": [
        -8.275984287261963,
        0.2913975417613983
      ],
      "team1_step_reward": 0.0,
      "winner": null
    },
    {
      "ball_pos": [
        1.76929771900177,
        0.8636563420295715
      ],
      "reward_shaping": null,
      "score": null,
      "step": 2,
      "team0_centroid": [
        3.383170008659363,
        0.47782914340496063
      ],
      "team0_step_reward": 0.0,
      "team1_centroid": [
        -8.304834127426147,
        0.5485998094081879
      ],
      "team1_step_reward": 0.0,
      "winner": null
    },
    {
      "ball_pos": [
        1.0870537757873535,
        1.5215102434158325
      ],
      "reward_shaping": null,
      "score": null,
      "step": 3,
      "team0_centroid": [
        2.272203803062439,
        0.900564968585968
      ],
      "team0_step_reward": 0.0,
      "team1_centroid": [
        -8.289726972579956,
        0.8294191509485245
      ],
      "team1_step_reward": 0.0,
      "winner": null
    },
    {
      "ball_pos": [
        -0.8316870927810669,
        3.4881205558776855
      ],
      "reward_shaping": null,
      "score": null,
      "step": 4,
      "team0_centroid": [
        1.1174198687076569,
        1.386910855770111
      ],
      "team0_step_reward": 0.0,
      "team1_centroid": [
        -8.301907300949097,
        1.0764201283454895
      ],
      "team1_step_reward": 0.0,
      "winner": null
    },
    {
      "ball_pos": [
        -2.5318100452423096,
        5.230711460113525
      ],
      "reward_shaping": null,
      "score": null,
      "step": 5,
      "team0_centroid": [
        0.15552204847335815,
        1.971655786037445
      ],
      "team0_step_reward": 0.0,
      "team1_centroid": [
        -8.338454723358154,
        1.1862785369157791
      ],
      "team1_step_reward": 0.0,
      "winner": null
    },
    {
      "ball_pos": [
        -4.034346580505371,
        6.770780563354492
      ],
      "reward_shaping": null,
      "score": null,
      "step": 6,
      "team0_centroid": [
        -0.4900094270706177,
        2.6286641359329224
      ],
      "team0_step_reward": 0.0,
      "team1_centroid": [
        -8.360791444778442,
        1.214504435658455
      ],
      "team1_step_reward": 0.0,
      "winner": null
    },
    {
      "ball_pos": [
        -4.919147491455078,
        6.20934534072876
      ],
      "reward_shaping": null,
      "score": null,
      "step": 7,
      "team0_centroid": [
        -0.8874160498380661,
        3.3294934034347534
      ],
      "team0_step_reward": 0.0,
      "team1_centroid": [
        -8.332019329071045,
        1.2098423540592194
      ],
      "team1_step_reward": 0.0,
      "winner": null
    },
    {
      "ball_pos": [
        -5.567192077636719,
        5.315393924713135
      ],
      "reward_shaping": null,
      "score": null,
      "step": 8,
      "team0_centroid": [
        -1.116271235048771,
        3.8989330530166626
      ],
      "team0_step_reward": 0.0,
      "team1_centroid": [
        -8.280691146850586,
        1.2677006870508194
      ],
      "team1_step_reward": 0.0,
      "winner": null
    },
    {
      "ball_pos": [
        -6.124380111694336,
        4.547163486480713
      ],
      "reward_shaping": null,
      "score": null,
      "step": 9,
      "team0_centroid": [
        -1.3158122133463621,
        4.149679899215698
      ],
      "team0_step_reward": 0.0,
      "team1_centroid": [
        -8.178767681121826,
        1.4692334663122892
      ],
      "team1_step_reward": 0.0,
      "winner": null
    },
    {
      "ball_pos": [
        -6.599246978759766,
        3.8924355506896973
      ],
      "reward_shaping": null,
      "score": null,
      "step": 10,
      "team0_centroid": [
        -1.756950095295906,
        4.247313857078552
      ],
      "team0_step_reward": 0.0,
      "team1_centroid": [
        -8.09232234954834,
        1.685860600322485
      ],
      "team1_step_reward": 0.0,
      "winner": null
    },
    {
      "ball_pos": [
        -6.999701499938965,
        3.3403046131134033
      ],
      "reward_shaping": null,
      "score": null,
      "step": 11,
      "team0_centroid": [
        -2.2529432624578476,
        4.16592001914978
      ],
      "team0_step_reward": 0.0,
      "team1_centroid": [
        -8.10510516166687,
        1.7036843970417976
      ],
      "team1_step_reward": 0.0,
      "winner": null
    },
    {
      "ball_pos": [
        -7.332893371582031,
        2.880913019180298
      ],
      "reward_shaping": null,
      "score": null,
      "step": 12,
      "team0_centroid": [
        -2.6079397797584534,
        4.052494406700134
      ],
      "team0_step_reward": 0.0,
      "team1_centroid": [
        -8.349843502044678,
        1.787313126027584
      ],
      "team1_step_reward": 0.0,
      "winner": null
    },
    {
      "ball_pos": [
        -7.622366905212402,
        2.4817984104156494
      ],
      "reward_shaping": null,
      "score": null,
      "step": 13,
      "team0_centroid": [
        -2.8740580081939697,
        3.9865440130233765
      ],
      "team0_step_reward": 0.0,
      "team1_centroid": [
        -8.459847927093506,
        1.7233869284391403
      ],