{
  "classification": {
    "labels": [
      "win"
    ],
    "primary_label": "win"
  },
  "cumulative_team0_reward": 1.9235999584197998,
  "cumulative_team1_reward": -2.0,
  "episode_index": 189,
  "final_score": null,
  "final_team0_step_reward": 1.9235999584197998,
  "final_team1_step_reward": -2.0,
  "final_winner": null,
  "metrics": {
    "mean_ball_x": -8.924926343717074,
    "tail_mean_ball_x": -11.149414269129435,
    "team0_possession_ratio": null,
    "team0_progress_toward_goal": 0.0,
    "team0_shaping_reward_sum": 0.0,
    "team1_possession_ratio": null,
    "team1_progress_toward_goal": 0.0,
    "team1_shaping_reward_sum": 0.0
  },
  "outcome": "team0_win",
  "sampled_trace": [
    {
      "ball_pos": [
        1.4996570348739624,
        0.16491152346134186
      ],
      "reward_shaping": null,
      "score": null,
      "step": 0,
      "team0_centroid": [
        5.403770208358765,
        0.00016647577285766602
      ],
      "team0_step_reward": 0.0,
      "team1_centroid": [
        -7.466910362243652,
        -0.03381657600402832
      ],
      "team1_step_reward": 0.0,
      "winner": null
    },
    {
      "ball_pos": [
        -8.240958213806152,
        5.9395647048950195
      ],
      "reward_shaping": null,
      "score": null,
      "step": 10,
      "team0_centroid": [
        0.3412359356880188,
        4.048254609107971
      ],
      "team0_step_reward": 0.0,
      "team1_centroid": [
        -8.143588304519653,
        0.468580961227417
      ],
      "team1_step_reward": 0.0,
      "winner": null
    },
    {
      "ball_pos": [
        -11.229534149169922,
        2.8008482456207275
      ],
      "reward_shaping": null,
      "score": null,
      "step": 20,
      "team0_centroid": [
        2.000902831554413,
        5.128391146659851
      ],
      "team0_step_reward": 0.0,
      "team1_centroid": [
        -7.952047228813171,
        1.242852509021759
      ],
      "team1_step_reward": 0.0,
      "winner": null
    },
    {
      "ball_pos": [
        -12.25961971282959,
        1.7190135717391968
      ],
      "reward_shaping": null,
      "score": null,
      "step": 30,
      "team0_centroid": [
        -0.4607408046722412,
        3.9283504486083984
      ],
      "team0_step_reward": 0.0,
      "team1_centroid": [
        -6.115985870361328,
        4.350853204727173
      ],
      "team1_step_reward": 0.0,
      "winner": null
    }
  ],
  "steps": 38,
  "tail_trace": [
    {
      "ball_pos": [
        -6.684922218322754,
        6.63407039642334
      ],
      "reward_shaping": null,
      "score": null,
      "step": 8,
      "team0_centroid": [
        0.7438084483146667,
        2.8847548961639404
      ],
      "team0_step_reward": 0.0,
      "team1_centroid": [
        -8.428605437278748,
        0.623994767665863
      ],
      "team1_step_reward": 0.0,
      "winner": null
    },
    {
      "ball_pos": [
        -7.627946376800537,
        6.58580207824707
      ],
      "reward_shaping": null,
      "score": null,
      "step": 9,
      "team0_centroid": [
        0.6307426691055298,
        3.513211727142334
      ],
      "team0_step_reward": 0.0,
      "team1_centroid": [
        -8.181127667427063,
        0.7222265005111694
      ],
      "team1_step_reward": 0.0,
      "winner": null
    },
    {
      "ball_pos": [
        -8.240958213806152,
        5.9395647048950195
      ],
      "reward_shaping": null,
      "score": null,
      "step": 10,
      "team0_centroid": [
        0.3412359356880188,
        4.048254609107971
      ],
      "team0_step_reward": 0.0,
      "team1_centroid": [
        -8.143588304519653,
        0.468580961227417
      ],
      "team1_step_reward": 0.0,
      "winner": null
    },
    {
      "ball_pos": [
        -8.762349128723145,
        5.3919677734375
      ],
      "reward_shaping": null,
      "score": null,
      "step": 11,
      "team0_centroid": [
        -0.15324640274047852,
        4.554898500442505
      ],
      "team0_step_reward": 0.0,
      "team1_centroid": [
        -8.094614744186401,
        0.4330345392227173
      ],
      "team1_step_reward": 0.0,
      "winner": null
    },
    {
      "ball_pos": [
        -9.19983959197998,
        4.932499408721924
      ],
      "reward_shaping": null,
      "score": null,
      "step": 12,
      "team0_centroid": [
        -0.4806886613368988,
        5.011470913887024
      ],
      "team0_step_reward": 0.0,
      "team1_centroid": [
        -8.00752055644989,
        0.5884823203086853
      ],
      "team1_step_reward": 0.0,
      "winner": null
    },
    {
      "ball_pos": [
        -9.562113761901855,
        4.552026748657227
      ],
      "reward_shaping": null,
      "score": null,
      "step": 13,
      "team0_centroid": [
        -0.4760800451040268,
        5.042294144630432
      ],
      "team0_step_reward": 0.0,
      "team1_centroid": [
        -8.00784945487976,
        0.7981134057044983
      ],
      "team1_step_reward": 0.0,
      "winner": null
    },
    {
      "ball_pos": [
        -9.878612518310547,
        4.219630241394043
      ],
      "reward_shaping": null,
      "score": null,
      "step": 14,
      "team0_centroid": [
        -0.23218104243278503,
        5.047709703445435
      ],
      "team0_step_reward": 0.0,
      "team1_centroid": [
        -8.381578207015991,
        0.7113373875617981
      ],
      "team1_step_reward": 0.0,
      "winner": null
    },
    {
      "ball_pos": [
        -10.16452693939209,
        3.91935396194458
      ],
      "reward_shaping": null,
      "score": null,
      "step": 15,
      "team0_centroid": [
        0.2991710975766182,
        4.9100199937820435
      ],
      "team0_step_reward": 0.0,
      "team1_centroid": [
        -8.751447796821594,
        0.6502763628959656
      ],
      "team1_step_reward": 0.0,
      "winner": null
    },
    {
      "ball_pos": [
        -10.422796249389648,
        3.64811110496521
      ],
      "reward_shaping": null,
      "score": null,
      "step": 16,
      "team0_centroid": [
        0.7927168011665344,
        4.684528827667236
      ],
      "team0_step_reward": 0.0,
      "team1_centroid": [
        -8.787855386734009,
        0.751478910446167
      ],
      "team1_step_reward": 0.0,
      "winner": null
    },
    {
      "ball_pos": [
        -10.656076431274414,
        3.4031128883361816
      ],
      "reward_shaping": null,
      "score": null,
      "step": 17,
      "team0_centroid": [
        1.1601310968399048,
        4.628288984298706
      ],
      "team0_step_reward": 0.0,
      "team1_centroid": [
        -8.63475787639618,
        0.8288543820381165
      ],
      "team1_step_reward": 0.0,
      "winner": null
    },
    {
      "ball_pos": [
        -10.866830825805664,
        3.1817712783813477
      ],
      "reward_shaping": null,
      "score": null,
      "step": 18,
      "team0_centroid": [
        1.2120814621448517,
        4.727150321006775
      ],
      "team0_step_reward": 0.0,
      "team1_centroid": [
        -8.307354211807251,
        0.9179098606109619
      ],
      "team1_step_reward": 0.0,
      "winner": null
    },
    {
      "ball_pos": [
        -11.057333946228027,
        2.9816982746124268
      ],
      "reward_shaping": null,
      "score": null,
      "step": 19,
      "team0_centroid": [
        1.4069348126649857,
        4.893255949020386
      ],
      "team0_step_reward": 0.0,
      "team1_centroid": [
        -7.95776903629303,
        1.0712936520576477
      ],
      "team1_step_reward": 0.0,
      "winner": null
    },
    {
      "ball_pos": [
        -11.229534149169922,
        2.8008482456207275
      ],
      "reward_shaping": null,
      "score": null,
      "step": 20,
      "team0_centroid": [
        2.000902831554413,
        5.128391146659851
      ],
      "team0_step_reward": 0.0,
      "team1_centroid": [
        -7.952047228813171,
        1.242852509021759
      ],