{
  "classification": {
    "labels": [
      "late_defensive_collapse",
      "territory_loss"
    ],
    "primary_label": "late_defensive_collapse"
  },
  "cumulative_team0_reward": -2.0,
  "cumulative_team1_reward": 1.8547999858856201,
  "episode_index": 398,
  "final_score": null,
  "final_team0_step_reward": -2.0,
  "final_team1_step_reward": 1.8547999858856201,
  "final_winner": null,
  "metrics": {
    "mean_ball_x": -9.533480046546622,
    "tail_mean_ball_x": -10.776338259379068,
    "team0_possession_ratio": null,
    "team0_progress_toward_goal": 0.0,
    "team0_shaping_reward_sum": 0.0,
    "team1_possession_ratio": null,
    "team1_progress_toward_goal": 0.0,
    "team1_shaping_reward_sum": 0.0
  },
  "outcome": "team1_win",
  "sampled_trace": [
    {
      "ball_pos": [
        -1.8969316482543945,
        -0.8076975345611572
      ],
      "reward_shaping": null,
      "score": null,
      "step": 0,
      "team0_centroid": [
        -6.699996709823608,
        -0.010350584983825684
      ],
      "team0_step_reward": 0.0,
      "team1_centroid": [
        4.922982931137085,
        0.02100592851638794
      ],
      "team1_step_reward": 0.0,
      "winner": null
    },
    {
      "ball_pos": [
        -9.296635627746582,
        -6.756389617919922
      ],
      "reward_shaping": null,
      "score": null,
      "step": 10,
      "team0_centroid": [
        -5.472908139228821,
        -1.684595711529255
      ],
      "team0_step_reward": 0.0,
      "team1_centroid": [
        -2.4629844427108765,
        -1.0918034315109253
      ],
      "team1_step_reward": 0.0,
      "winner": null
    },
    {
      "ball_pos": [
        -10.100605964660645,
        -5.571903228759766
      ],
      "reward_shaping": null,
      "score": null,
      "step": 20,
      "team0_centroid": [
        -13.580231189727783,
        -3.9802565574645996
      ],
      "team0_step_reward": 0.0,
      "team1_centroid": [
        -8.207382678985596,
        -4.739853382110596
      ],
      "team1_step_reward": 0.0,
      "winner": null
    },
    {
      "ball_pos": [
        -11.486910820007324,
        5.17819881439209
      ],
      "reward_shaping": null,
      "score": null,
      "step": 30,
      "team0_centroid": [
        -8.631718397140503,
        -1.9723366498947144
      ],
      "team0_step_reward": 0.0,
      "team1_centroid": [
        -7.007626533508301,
        -3.941338300704956
      ],
      "team1_step_reward": 0.0,
      "winner": null
    },
    {
      "ball_pos": [
        -6.7395548820495605,
        5.699405670166016
      ],
      "reward_shaping": null,
      "score": null,
      "step": 40,
      "team0_centroid": [
        -12.66203260421753,
        -1.2320905029773712
      ],
      "team0_step_reward": 0.0,
      "team1_centroid": [
        -4.77801388502121,
        -1.9651371240615845
      ],
      "team1_step_reward": 0.0,
      "winner": null
    },
    {
      "ball_pos": [
        -5.920551300048828,
        4.750746726989746
      ],
      "reward_shaping": null,
      "score": null,
      "step": 50,
      "team0_centroid": [
        -9.40592098236084,
        3.7075368762016296
      ],
      "team0_step_reward": 0.0,
      "team1_centroid": [
        -2.623423397541046,
        2.9820392429828644
      ],
      "team1_step_reward": 0.0,
      "winner": null
    },
    {
      "ball_pos": [
        -13.060762405395508,
        -1.9108963012695312
      ],
      "reward_shaping": null,
      "score": null,
      "step": 60,
      "team0_centroid": [
        -10.173723697662354,
        2.6121875047683716
      ],
      "team0_step_reward": 0.0,
      "team1_centroid": [
        -2.536287844181061,
        3.272292971611023
      ],
      "team1_step_reward": 0.0,
      "winner": null
    },
    {
      "ball_pos": [
        -14.62748908996582,
        1.5507118701934814
      ],
      "reward_shaping": null,
      "score": null,
      "step": 70,
      "team0_centroid": [
        -13.554754257202148,
        1.6344515681266785
      ],
      "team0_step_reward": 0.0,
      "team1_centroid": [
        -11.657970428466797,
        1.9177320301532745
      ],
      "team1_step_reward": 0.0,
      "winner": null
    }
  ],
  "steps": 73,
  "tail_trace": [
    {
      "ball_pos": [
        -6.077652931213379,
        5.77207612991333
      ],
      "reward_shaping": null,
      "score": null,
      "step": 43,
      "team0_centroid": [
        -13.075912475585938,
        0.12176847457885742
      ],
      "team0_step_reward": 0.0,
      "team1_centroid": [
        -4.343691408634186,
        -1.511911392211914
      ],
      "team1_step_reward": 0.0,
      "winner": null
    },
    {
      "ball_pos": [
        -5.8979902267456055,
        5.791801452636719
      ],
      "reward_shaping": null,
      "score": null,
      "step": 44,
      "team0_centroid": [
        -12.515583038330078,
        0.7255725860595703
      ],
      "team0_step_reward": 0.0,
      "team1_centroid": [
        -4.1512826681137085,
        -1.1339194774627686
      ],
      "team1_step_reward": 0.0,
      "winner": null
    },
    {
      "ball_pos": [
        -5.735589027404785,
        5.80963134765625
      ],
      "reward_shaping": null,
      "score": null,
      "step": 45,
      "team0_centroid": [
        -11.985787391662598,
        1.4067503809928894
      ],
      "team0_step_reward": 0.0,
      "team1_centroid": [
        -4.20907586812973,
        -0.6738009452819824
      ],
      "team1_step_reward": 0.0,
      "winner": null
    },
    {
      "ball_pos": [
        -5.588791847229004,
        5.825748443603516
      ],
      "reward_shaping": null,
      "score": null,
      "step": 46,
      "team0_centroid": [
        -11.390087127685547,
        2.1533566415309906
      ],
      "team0_step_reward": 0.0,
      "team1_centroid": [
        -4.245508074760437,
        -0.17742633819580078
      ],
      "team1_step_reward": 0.0,
      "winner": null
    },
    {
      "ball_pos": [
        -5.456098556518555,
        5.840317249298096
      ],
      "reward_shaping": null,
      "score": null,
      "step": 47,
      "team0_centroid": [
        -10.78361177444458,
        2.650468572974205
      ],
      "team0_step_reward": 0.0,
      "team1_centroid": [
        -3.9630788564682007,
        0.4831821918487549
      ],
      "team1_step_reward": 0.0,
      "winner": null
    },
    {
      "ball_pos": [
        -5.336154460906982,
        5.853486061096191
      ],
      "reward_shaping": null,
      "score": null,
      "step": 48,
      "team0_centroid": [
        -10.36562991142273,
        2.9772797524929047
      ],
      "team0_step_reward": 0.0,
      "team1_centroid": [
        -3.4541808366775513,
        1.352501630783081
      ],
      "team1_step_reward": 0.0,
      "winner": null
    },
    {
      "ball_pos": [
        -5.227734565734863,
        5.865389347076416
      ],
      "reward_shaping": null,
      "score": null,
      "step": 49,
      "team0_centroid": [
        -9.867103099822998,
        3.4038881361484528
      ],
      "team0_step_reward": 0.0,
      "team1_centroid": [
        -3.0305843353271484,
        2.3209392726421356
      ],
      "team1_step_reward": 0.0,
      "winner": null
    },
    {
      "ball_pos": [
        -5.920551300048828,
        4.750746726989746
      ],
      "reward_shaping": null,
      "score": null,
      "step": 50,
      "team0_centroid": [
        -9.40592098236084,
        3.7075368762016296
      ],
      "team0_step_reward": 0.0,
      "team1_centroid": [
        -2.623423397541046,
        2.9820392429828644
      ],
      "team1_step_reward": 0.0,
      "winner": null
    },
    {
      "ball_pos": [
        -7.332912921905518,
        1.7155632972717285
      ],
      "reward_shaping": null,
      "score": null,
      "step": 51,
      "team0_centroid": [
        -9.377119779586792,
        3.8829874396324158
      ],
      "team0_step_reward": 0.0,