{
  "classification": {
    "labels": [
      "unclear_loss"
    ],
    "primary_label": "unclear_loss"
  },
  "cumulative_team0_reward": -2.0,
  "cumulative_team1_reward": 1.97160005569458,
  "episode_index": 129,
  "final_score": null,
  "final_team0_step_reward": -2.0,
  "final_team1_step_reward": 1.97160005569458,
  "final_winner": null,
  "metrics": {
    "mean_ball_x": 4.569683628422873,
    "tail_mean_ball_x": 4.569683628422873,
    "team0_possession_ratio": null,
    "team0_progress_toward_goal": 0.0,
    "team0_shaping_reward_sum": 0.0,
    "team1_possession_ratio": null,
    "team1_progress_toward_goal": 0.0,
    "team1_shaping_reward_sum": 0.0
  },
  "outcome": "team1_win",
  "sampled_trace": [
    {
      "ball_pos": [
        -0.7089552879333496,
        -0.1638868749141693
      ],
      "reward_shaping": null,
      "score": null,
      "step": 0,
      "team0_centroid": [
        7.9235680103302,
        -0.1371135711669922
      ],
      "team0_step_reward": 0.0,
      "team1_centroid": [
        -9.98595142364502,
        0.0
      ],
      "team1_step_reward": 0.0,
      "winner": null
    },
    {
      "ball_pos": [
        11.108780860900879,
        6.3600993156433105
      ],
      "reward_shaping": null,
      "score": null,
      "step": 10,
      "team0_centroid": [
        -0.01077890396118164,
        -1.4440126530826092
      ],
      "team0_step_reward": 0.0,
      "team1_centroid": [
        -4.71407163143158,
        0.9667589217424393
      ],
      "team1_step_reward": 0.0,
      "winner": null
    }
  ],
  "steps": 14,
  "tail_trace": [
    {
      "ball_pos": [
        -0.7089552879333496,
        -0.1638868749141693
      ],
      "reward_shaping": null,
      "score": null,
      "step": 0,
      "team0_centroid": [
        7.9235680103302,
        -0.1371135711669922
      ],
      "team0_step_reward": 0.0,
      "team1_centroid": [
        -9.98595142364502,
        0.0
      ],
      "team1_step_reward": 0.0,
      "winner": null
    },
    {
      "ball_pos": [
        -0.7089552879333496,
        -0.16388694941997528
      ],
      "reward_shaping": null,
      "score": null,
      "step": 1,
      "team0_centroid": [
        7.411786079406738,
        -0.3261611759662628
      ],
      "team0_step_reward": 0.0,
      "team1_centroid": [
        -9.955339908599854,
        0.06196850538253784
      ],
      "team1_step_reward": 0.0,
      "winner": null
    },
    {
      "ball_pos": [
        -0.7089552879333496,
        -0.16388702392578125
      ],
      "reward_shaping": null,
      "score": null,
      "step": 2,
      "team0_centroid": [
        6.49342942237854,
        -0.5214843153953552
      ],
      "team0_step_reward": 0.0,
      "team1_centroid": [
        -9.85818862915039,
        0.26842692494392395
      ],
      "team1_step_reward": 0.0,
      "winner": null
    },
    {
      "ball_pos": [
        -0.7089552879333496,
        -0.16388709843158722
      ],
      "reward_shaping": null,
      "score": null,
      "step": 3,
      "team0_centroid": [
        5.439836263656616,
        -0.6475877724587917
      ],
      "team0_step_reward": 0.0,
      "team1_centroid": [
        -9.471662282943726,
        0.5057667046785355
      ],
      "team1_step_reward": 0.0,
      "winner": null
    },
    {
      "ball_pos": [
        -0.7089552879333496,
        -0.1638871729373932
      ],
      "reward_shaping": null,
      "score": null,
      "step": 4,
      "team0_centroid": [
        4.0219709277153015,
        -0.6818985044956207
      ],
      "team0_step_reward": 0.0,
      "team1_centroid": [
        -8.802055835723877,
        0.59148820489645
      ],
      "team1_step_reward": 0.0,
      "winner": null
    },
    {
      "ball_pos": [
        -0.7089552879333496,
        -0.16388724744319916
      ],
      "reward_shaping": null,
      "score": null,
      "step": 5,
      "team0_centroid": [
        2.46192567050457,
        -0.6502665877342224
      ],
      "team0_step_reward": 0.0,
      "team1_centroid": [
        -8.195878505706787,
        0.5763194635510445
      ],
      "team1_step_reward": 0.0,
      "winner": null
    },
    {
      "ball_pos": [
        -1.5491608381271362,
        1.1717662811279297
      ],
      "reward_shaping": null,
      "score": null,
      "step": 6,
      "team0_centroid": [
        1.5215095281600952,
        -0.7822981774806976
      ],
      "team0_step_reward": 0.0,
      "team1_centroid": [
        -7.540372371673584,
        0.5444692373275757
      ],
      "team1_step_reward": 0.0,
      "winner": null
    },
    {
      "ball_pos": [
        2.3579835891723633,
        3.129210948944092
      ],
      "reward_shaping": null,
      "score": null,
      "step": 7,
      "team0_centroid": [
        0.768608808517456,
        -0.9881443083286285
      ],
      "team0_step_reward": 0.0,
      "team1_centroid": [
        -6.7239731550216675,
        0.545694500207901
      ],
      "team1_step_reward": 0.0,
      "winner": null
    },
    {
      "ball_pos": [
        5.845712661743164,
        4.876988410949707
      ],
      "reward_shaping": null,
      "score": null,
      "step": 8,
      "team0_centroid": [
        0.1435246467590332,
        -1.1458664163947105
      ],
      "team0_step_reward": 0.0,
      "team1_centroid": [
        -5.915584526956081,
        0.7015490047633648
      ],
      "team1_step_reward": 0.0,
      "winner": null
    },
    {
      "ball_pos": [
        8.954506874084473,
        6.434876918792725
      ],
      "reward_shaping": null,
      "score": null,
      "step": 9,
      "team0_centroid": [
        -0.04940462112426758,
        -1.297291949391365
      ],
      "team0_step_reward": 0.0,
      "team1_centroid": [
        -5.335543066263199,
        0.8982629179954529
      ],
      "team1_step_reward": 0.0,
      "winner": null
    },
    {
      "ball_pos": [
        11.108780860900879,
        6.3600993156433105
      ],
      "reward_shaping": null,
      "score": null,
      "step": 10,
      "team0_centroid": [
        -0.01077890396118164,
        -1.4440126530826092
      ],
      "team0_step_reward": 0.0,
      "team1_centroid": [
        -4.71407163143158,
        0.9667589217424393
      ],
      "team1_step_reward": 0.0,
      "winner": null
    },
    {
      "ball_pos": [
        12.651771545410156,
        5.414377689361572
      ],
      "reward_shaping": null,
      "score": null,
      "step": 11,
      "team0_centroid": [
        0.09976482391357422,
        -1.497889433056116
      ],
      "team0_step_reward": 0.0,
      "team1_centroid": [
        -4.38613486289978,
        0.9494436681270599
      ],
      "team1_step_reward": 0.0,
      "winner": null
    },
    {
      "ball_pos": [
        14.00476360321045,
        4.585232257843018
      ],
      "reward_shaping": null,
      "score": null,
      "step": 12,
      "team0_centroid": [
        0.40703773498535156,
        -1.5742406621575356
      ],
      "team0_step_reward": 0.0,
      "team1_centroid": [
        -4.324299573898315,
        0.9869150817394257
      ],
      "team1_step_reward": 0.0,
      "winner": null
    },
    {
      "ball_pos": [
        14.854944229125977,
        3.803302049636841
      ],
      "reward_shaping": null,
      "score": null,
      "step": 13,
      "team0_centroid": [
        0.9683743715286255,
        -1.7341315895318985
      ],
      "team0_step_reward": -2.0,
      "team1_centroid": [
        -4.307711362838745,
        1.0614042282104492
      ],
      "team1_step_reward": 1.97160005569458,
      "winner": null
    }
  ],
  "team0_module": "local_true_teammate_info",
  "team1_module": "ceia_baseline_agent"
}