{
  "classification": {
    "labels": [
      "unclear_loss"
    ],
    "primary_label": "unclear_loss"
  },
  "cumulative_team0_reward": -2.0,
  "cumulative_team1_reward": 1.9428000450134277,
  "episode_index": 3,
  "final_score": null,
  "final_team0_step_reward": -2.0,
  "final_team1_step_reward": 1.9428000450134277,
  "final_winner": null,
  "metrics": {
    "mean_ball_x": 8.58051684498787,
    "tail_mean_ball_x": 8.58051684498787,
    "team0_possession_ratio": null,
    "team0_progress_toward_goal": 0.0,
    "team0_shaping_reward_sum": 0.0,
    "team1_possession_ratio": null,
    "team1_progress_toward_goal": 0.0,
    "team1_shaping_reward_sum": 0.0
  },
  "outcome": "team1_win",
  "sampled_trace": [
    {
      "ball_pos": [
        2.1919329166412354,
        0.9962832927703857
      ],
      "reward_shaping": null,
      "score": null,
      "step": 0,
      "team0_centroid": [
        5.936453819274902,
        -0.11200588941574097
      ],
      "team0_step_reward": 0.0,
      "team1_centroid": [
        -5.175853967666626,
        -0.01012730598449707
      ],
      "team1_step_reward": 0.0,
      "winner": null
    },
    {
      "ball_pos": [
        6.969588279724121,
        -0.03456924855709076
      ],
      "reward_shaping": null,
      "score": null,
      "step": 10,
      "team0_centroid": [
        2.750422388315201,
        -0.5837648510932922
      ],
      "team0_step_reward": 0.0,
      "team1_centroid": [
        -2.590059757232666,
        1.356551080942154
      ],
      "team1_step_reward": 0.0,
      "winner": null
    },
    {
      "ball_pos": [
        12.801944732666016,
        -0.3571063280105591
      ],
      "reward_shaping": null,
      "score": null,
      "step": 20,
      "team0_centroid": [
        6.158903174102306,
        -1.9804522693157196
      ],
      "team0_step_reward": 0.0,
      "team1_centroid": [
        -2.9946272373199463,
        -0.007966458797454834
      ],
      "team1_step_reward": 0.0,
      "winner": null
    }
  ],
  "steps": 29,
  "tail_trace": [
    {
      "ball_pos": [
        2.1919329166412354,
        0.9962832927703857
      ],
      "reward_shaping": null,
      "score": null,
      "step": 0,
      "team0_centroid": [
        5.936453819274902,
        -0.11200588941574097
      ],
      "team0_step_reward": 0.0,
      "team1_centroid": [
        -5.175853967666626,
        -0.01012730598449707
      ],
      "team1_step_reward": 0.0,
      "winner": null
    },
    {
      "ball_pos": [
        -0.14674457907676697,
        0.754554033279419
      ],
      "reward_shaping": null,
      "score": null,
      "step": 1,
      "team0_centroid": [
        5.4133793115615845,
        -0.3281779885292053
      ],
      "team0_step_reward": 0.0,
      "team1_centroid": [
        -4.6009358167648315,
        0.07543766498565674
      ],
      "team1_step_reward": 0.0,
      "winner": null
    },
    {
      "ball_pos": [
        -2.2118704319000244,
        0.5402984619140625
      ],
      "reward_shaping": null,
      "score": null,
      "step": 2,
      "team0_centroid": [
        4.397279500961304,
        -0.6073298752307892
      ],
      "team0_step_reward": 0.0,
      "team1_centroid": [
        -3.7997148036956787,
        0.19254150986671448
      ],
      "team1_step_reward": 0.0,
      "winner": null
    },
    {
      "ball_pos": [
        -1.8472719192504883,
        2.2867627143859863
      ],
      "reward_shaping": null,
      "score": null,
      "step": 3,
      "team0_centroid": [
        2.8584176301956177,
        -0.8401749134063721
      ],
      "team0_step_reward": 0.0,
      "team1_centroid": [
        -2.923837661743164,
        0.3452357053756714
      ],
      "team1_step_reward": 0.0,
      "winner": null
    },
    {
      "ball_pos": [
        1.32566499710083,
        5.171090126037598
      ],
      "reward_shaping": null,
      "score": null,
      "step": 4,
      "team0_centroid": [
        2.113290309906006,
        -0.9122108817100525
      ],
      "team0_step_reward": 0.0,
      "team1_centroid": [
        -2.5903247594833374,
        0.521762803196907
      ],
      "team1_step_reward": 0.0,
      "winner": null
    },
    {
      "ball_pos": [
        3.811952829360962,
        6.84121561050415
      ],
      "reward_shaping": null,
      "score": null,
      "step": 5,
      "team0_centroid": [
        2.0149950981140137,
        -0.7763473391532898
      ],
      "team0_step_reward": 0.0,
      "team1_centroid": [
        -2.819543957710266,
        0.655991330742836
      ],
      "team1_step_reward": 0.0,
      "winner": null
    },
    {
      "ball_pos": [
        4.62160062789917,
        5.076938629150391
      ],
      "reward_shaping": null,
      "score": null,
      "step": 6,
      "team0_centroid": [
        2.0445865392684937,
        -0.6085079908370972
      ],
      "team0_step_reward": 0.0,
      "team1_centroid": [
        -2.937750816345215,
        0.8599025756120682
      ],
      "team1_step_reward": 0.0,
      "winner": null
    },
    {
      "ball_pos": [
        5.333569526672363,
        3.5269935131073
      ],
      "reward_shaping": null,
      "score": null,
      "step": 7,
      "team0_centroid": [
        2.4210068583488464,
        -0.5018343925476074
      ],
      "team0_step_reward": 0.0,
      "team1_centroid": [
        -2.9795788526535034,
        1.0809681713581085
      ],
      "team1_step_reward": 0.0,
      "winner": null
    },
    {
      "ball_pos": [
        5.956669807434082,
        2.170522689819336
      ],
      "reward_shaping": null,
      "score": null,
      "step": 8,
      "team0_centroid": [
        2.8074046671390533,
        -0.5767382383346558
      ],
      "team0_step_reward": 0.0,
      "team1_centroid": [
        -2.776777982711792,
        1.2373856008052826
      ],
      "team1_step_reward": 0.0,
      "winner": null
    },
    {
      "ball_pos": [
        6.499436855316162,
        0.9889359474182129
      ],
      "reward_shaping": null,
      "score": null,
      "step": 9,
      "team0_centroid": [
        2.8336952328681946,
        -0.6067057251930237
      ],
      "team0_step_reward": 0.0,
      "team1_centroid": [
        -2.5123478174209595,
        1.287377506494522
      ],
      "team1_step_reward": 0.0,
      "winner": null
    },
    {
      "ball_pos": [
        6.969588279724121,
        -0.03456924855709076
      ],
      "reward_shaping": null,
      "score": null,
      "step": 10,
      "team0_centroid": [
        2.750422388315201,
        -0.5837648510932922
      ],
      "team0_step_reward": 0.0,
      "team1_centroid": [
        -2.590059757232666,
        1.356551080942154
      ],
      "team1_step_reward": 0.0,
      "winner": null
    },
    {
      "ball_pos": [
        7.374101161956787,
        -0.9151813983917236
      ],
      "reward_shaping": null,
      "score": null,
      "step": 11,
      "team0_centroid": [
        2.733559310436249,
        -0.5915597677230835
      ],
      "team0_step_reward": 0.0,
      "team1_centroid": [
        -2.818558096885681,
        1.3190464675426483
      ],
      "team1_step_reward": 0.0,
      "winner": null
    },
    {
      "ball_pos": [
        7.897908687591553,
        -1.4647746086120605
      ],
      "reward_shaping": null,
      "score": null,
      "step": 12,
      "team0_centroid": [
        2.758549153804779,
        -0.6375591158866882
      ],
      "team0_step_reward": 0.0,
      "team1_centroid": [
        -2.777917981147766,
        1.0070180594921112
      ],
      "team1_step_reward": 0.0,
      "winner": null
    },
    {
      "ball_pos": [
        8.887269020080566,
        -1.2299976348876953
      ],
      "reward_shaping": null,
      "score": null,
      "step": 13,
      "team0_centroid": [
        2.9002459049224854,
        -0.7264792323112488
      ],
      "team0_step_reward": 0.0,