{
  "classification": {
    "labels": [
      "unclear_loss"
    ],
    "primary_label": "unclear_loss"
  },
  "cumulative_team0_reward": -2.0,
  "cumulative_team1_reward": 1.9692000150680542,
  "episode_index": 367,
  "final_score": null,
  "final_team0_step_reward": -2.0,
  "final_team1_step_reward": 1.9692000150680542,
  "final_winner": null,
  "metrics": {
    "mean_ball_x": 6.304223129525781,
    "tail_mean_ball_x": 6.304223129525781,
    "team0_possession_ratio": null,
    "team0_progress_toward_goal": 0.0,
    "team0_shaping_reward_sum": 0.0,
    "team1_possession_ratio": null,
    "team1_progress_toward_goal": 0.0,
    "team1_shaping_reward_sum": 0.0
  },
  "outcome": "team1_win",
  "sampled_trace": [
    {
      "ball_pos": [
        0.2434239685535431,
        1.0087358951568604
      ],
      "reward_shaping": null,
      "score": null,
      "step": 0,
      "team0_centroid": [
        6.996616363525391,
        0.02490818500518799
      ],
      "team0_step_reward": 0.0,
      "team1_centroid": [
        -9.384707927703857,
        0.0
      ],
      "team1_step_reward": 0.0,
      "winner": null
    },
    {
      "ball_pos": [
        10.625448226928711,
        -3.1781160831451416
      ],
      "reward_shaping": null,
      "score": null,
      "step": 10,
      "team0_centroid": [
        2.2322608828544617,
        1.1194509267807007
      ],
      "team0_step_reward": 0.0,
      "team1_centroid": [
        -5.24365234375,
        1.2118871212005615
      ],
      "team1_step_reward": 0.0,
      "winner": null
    }
  ],
  "steps": 16,
  "tail_trace": [
    {
      "ball_pos": [
        0.2434239685535431,
        1.0087358951568604
      ],
      "reward_shaping": null,
      "score": null,
      "step": 0,
      "team0_centroid": [
        6.996616363525391,
        0.02490818500518799
      ],
      "team0_step_reward": 0.0,
      "team1_centroid": [
        -9.384707927703857,
        0.0
      ],
      "team1_step_reward": 0.0,
      "winner": null
    },
    {
      "ball_pos": [
        0.24342389404773712,
        1.0087358951568604
      ],
      "reward_shaping": null,
      "score": null,
      "step": 1,
      "team0_centroid": [
        6.399927139282227,
        0.11066785454750061
      ],
      "team0_step_reward": 0.0,
      "team1_centroid": [
        -9.397117137908936,
        0.06799358129501343
      ],
      "team1_step_reward": 0.0,
      "winner": null
    },
    {
      "ball_pos": [
        0.24342381954193115,
        1.0087358951568604
      ],
      "reward_shaping": null,
      "score": null,
      "step": 2,
      "team0_centroid": [
        5.806362748146057,
        0.25950445234775543
      ],
      "team0_step_reward": 0.0,
      "team1_centroid": [
        -9.166804790496826,
        0.19264435768127441
      ],
      "team1_step_reward": 0.0,
      "winner": null
    },
    {
      "ball_pos": [
        0.24342374503612518,
        1.0087358951568604
      ],
      "reward_shaping": null,
      "score": null,
      "step": 3,
      "team0_centroid": [
        4.870520710945129,
        0.34853507578372955
      ],
      "team0_step_reward": 0.0,
      "team1_centroid": [
        -8.625106573104858,
        0.36979174613952637
      ],
      "team1_step_reward": 0.0,
      "winner": null
    },
    {
      "ball_pos": [
        -0.5307773351669312,
        1.006562352180481
      ],
      "reward_shaping": null,
      "score": null,
      "step": 4,
      "team0_centroid": [
        3.91663658618927,
        0.529760330915451
      ],
      "team0_step_reward": 0.0,
      "team1_centroid": [
        -7.5938451290130615,
        0.6032954454421997
      ],
      "team1_step_reward": 0.0,
      "winner": null
    },
    {
      "ball_pos": [
        -2.2386460304260254,
        0.9980140924453735
      ],
      "reward_shaping": null,
      "score": null,
      "step": 5,
      "team0_centroid": [
        3.2937325313687325,
        0.742520272731781
      ],
      "team0_step_reward": 0.0,
      "team1_centroid": [
        -6.036982774734497,
        0.7778619863092899
      ],
      "team1_step_reward": 0.0,
      "winner": null
    },
    {
      "ball_pos": [
        1.3512309789657593,
        -1.98568594455719
      ],
      "reward_shaping": null,
      "score": null,
      "step": 6,
      "team0_centroid": [
        2.3773611187934875,
        0.9768925309181213
      ],
      "team0_step_reward": 0.0,
      "team1_centroid": [
        -5.018049597740173,
        0.8890369236469269
      ],
      "team1_step_reward": 0.0,
      "winner": null
    },
    {
      "ball_pos": [
        4.6082072257995605,
        -4.883133888244629
      ],
      "reward_shaping": null,
      "score": null,
      "step": 7,
      "team0_centroid": [
        2.113750994205475,
        0.9998377561569214
      ],
      "team0_step_reward": 0.0,
      "team1_centroid": [
        -5.128172874450684,
        1.0175482034683228
      ],
      "team1_step_reward": 0.0,
      "winner": null
    },
    {
      "ball_pos": [
        7.354264736175537,
        -6.580015182495117
      ],
      "reward_shaping": null,
      "score": null,
      "step": 8,
      "team0_centroid": [
        2.0327374935150146,
        1.0489373803138733
      ],
      "team0_step_reward": 0.0,
      "team1_centroid": [
        -5.247966885566711,
        1.0634473860263824
      ],
      "team1_step_reward": 0.0,
      "winner": null
    },
    {
      "ball_pos": [
        9.08993148803711,
        -4.774364948272705
      ],
      "reward_shaping": null,
      "score": null,
      "step": 9,
      "team0_centroid": [
        2.002601742744446,
        1.157850593328476
      ],
      "team0_step_reward": 0.0,
      "team1_centroid": [
        -5.3455363512039185,
        1.1258955895900726
      ],
      "team1_step_reward": 0.0,
      "winner": null
    },
    {
      "ball_pos": [
        10.625448226928711,
        -3.1781160831451416
      ],
      "reward_shaping": null,
      "score": null,
      "step": 10,
      "team0_centroid": [
        2.2322608828544617,
        1.1194509267807007
      ],
      "team0_step_reward": 0.0,
      "team1_centroid": [
        -5.24365234375,
        1.2118871212005615
      ],
      "team1_step_reward": 0.0,
      "winner": null
    },
    {
      "ball_pos": [
        11.979446411132812,
        -1.7705731391906738
      ],
      "reward_shaping": null,
      "score": null,
      "step": 11,
      "team0_centroid": [
        2.625798761844635,
        0.9684742987155914
      ],
      "team0_step_reward": 0.0,
      "team1_centroid": [
        -5.124975085258484,
        1.2512955069541931
      ],
      "team1_step_reward": 0.0,
      "winner": null
    },
    {
      "ball_pos": [
        13.169360160827637,
        -0.5336017608642578
      ],
      "reward_shaping": null,
      "score": null,
      "step": 12,
      "team0_centroid": [
        2.9996130764484406,
        0.7526976764202118
      ],
      "team0_step_reward": 0.0,
      "team1_centroid": [
        -4.690566599369049,
        1.1727769374847412
      ],
      "team1_step_reward": 0.0,
      "winner": null
    },
    {
      "ball_pos": [
        14.210957527160645,
        0.5491864681243896
      ],
      "reward_shaping": null,
      "score": null,
      "step": 13,
      "team0_centroid": [
        3.5765744000673294,
        0.6490685045719147
      ],
      "team0_step_reward": 0.0,
      "team1_centroid": [
        -4.212521076202393,
        0.9043404161930084
      ],
      "team1_step_reward": 0.0,
      "winner": null
    },
    {
      "ball_pos": [
        15.118487358093262,
        1.4926053285598755
      ],
      "reward_shaping": null,
      "score": null,
      "step": 14,
      "team0_centroid": [
        4.143189609050751,
        0.48183347284793854
      ],
      "team0_step_reward": 0.0,
      "team1_centroid": [
        -4.1332011222839355,
        0.811306893825531
      ],