{
  "classification": {
    "labels": [
      "late_defensive_collapse",
      "territory_loss"
    ],
    "primary_label": "late_defensive_collapse"
  },
  "cumulative_team0_reward": -2.0,
  "cumulative_team1_reward": 1.9772000312805176,
  "episode_index": 250,
  "final_score": null,
  "final_team0_step_reward": -2.0,
  "final_team1_step_reward": 1.9772000312805176,
  "final_winner": null,
  "metrics": {
    "mean_ball_x": -4.299579838911693,
    "tail_mean_ball_x": -4.299579838911693,
    "team0_possession_ratio": null,
    "team0_progress_toward_goal": 0.0,
    "team0_shaping_reward_sum": 0.0,
    "team1_possession_ratio": null,
    "team1_progress_toward_goal": 0.0,
    "team1_shaping_reward_sum": 0.0
  },
  "outcome": "team1_win",
  "sampled_trace": [
    {
      "ball_pos": [
        0.5011751651763916,
        -1.1063275337219238
      ],
      "reward_shaping": null,
      "score": null,
      "step": 0,
      "team0_centroid": [
        -11.204772472381592,
        -0.06894499063491821
      ],
      "team0_step_reward": 0.0,
      "team1_centroid": [
        10.330841541290283,
        -0.007023930549621582
      ],
      "team1_step_reward": 0.0,
      "winner": null
    },
    {
      "ball_pos": [
        -15.421648025512695,
        -1.1922662258148193
      ],
      "reward_shaping": null,
      "score": null,
      "step": 10,
      "team0_centroid": [
        -5.105466425418854,
        -1.431491732597351
      ],
      "team0_step_reward": 0.0,
      "team1_centroid": [
        6.440640211105347,
        -2.29332959651947
      ],
      "team1_step_reward": 0.0,
      "winner": null
    }
  ],
  "steps": 12,
  "tail_trace": [
    {
      "ball_pos": [
        0.5011751651763916,
        -1.1063275337219238
      ],
      "reward_shaping": null,
      "score": null,
      "step": 0,
      "team0_centroid": [
        -11.204772472381592,
        -0.06894499063491821
      ],
      "team0_step_reward": 0.0,
      "team1_centroid": [
        10.330841541290283,
        -0.007023930549621582
      ],
      "team1_step_reward": 0.0,
      "winner": null
    },
    {
      "ball_pos": [
        0.5011751651763916,
        -1.1063275337219238
      ],
      "reward_shaping": null,
      "score": null,
      "step": 1,
      "team0_centroid": [
        -10.941734790802002,
        -0.251498818397522
      ],
      "team0_step_reward": 0.0,
      "team1_centroid": [
        10.020352840423584,
        -0.09953784942626953
      ],
      "team1_step_reward": 0.0,
      "winner": null
    },
    {
      "ball_pos": [
        0.5011751651763916,
        -1.1063275337219238
      ],
      "reward_shaping": null,
      "score": null,
      "step": 2,
      "team0_centroid": [
        -10.3561372756958,
        -0.4231840968132019
      ],
      "team0_step_reward": 0.0,
      "team1_centroid": [
        9.573351383209229,
        -0.21021360158920288
      ],
      "team1_step_reward": 0.0,
      "winner": null
    },
    {
      "ball_pos": [
        0.5011751651763916,
        -1.1063275337219238
      ],
      "reward_shaping": null,
      "score": null,
      "step": 3,
      "team0_centroid": [
        -9.536247730255127,
        -0.6699350960552692
      ],
      "team0_step_reward": 0.0,
      "team1_centroid": [
        8.849057674407959,
        -0.2629282549023628
      ],
      "team1_step_reward": 0.0,
      "winner": null
    },
    {
      "ball_pos": [
        0.5011751651763916,
        -1.1063275337219238
      ],
      "reward_shaping": null,
      "score": null,
      "step": 4,
      "team0_centroid": [
        -8.535974025726318,
        -1.0520883947610855
      ],
      "team0_step_reward": 0.0,
      "team1_centroid": [
        8.178105354309082,
        -0.3830327019095421
      ],
      "team1_step_reward": 0.0,
      "winner": null
    },
    {
      "ball_pos": [
        0.5011751651763916,
        -1.1063275337219238
      ],
      "reward_shaping": null,
      "score": null,
      "step": 5,
      "team0_centroid": [
        -7.408746600151062,
        -1.5216041207313538
      ],
      "team0_step_reward": 0.0,
      "team1_centroid": [
        7.4378639459609985,
        -0.6400626301765442
      ],
      "team1_step_reward": 0.0,
      "winner": null
    },
    {
      "ball_pos": [
        0.5011751651763916,
        -1.1063275337219238
      ],
      "reward_shaping": null,
      "score": null,
      "step": 6,
      "team0_centroid": [
        -6.166476607322693,
        -2.005828082561493
      ],
      "team0_step_reward": 0.0,
      "team1_centroid": [
        6.50618052482605,
        -1.0476571917533875
      ],
      "team1_step_reward": 0.0,
      "winner": null
    },
    {
      "ball_pos": [
        -3.706238269805908,
        -1.064136028289795
      ],
      "reward_shaping": null,
      "score": null,
      "step": 7,
      "team0_centroid": [
        -5.694265648722649,
        -2.285931646823883
      ],
      "team0_step_reward": 0.0,
      "team1_centroid": [
        6.293810665607452,
        -1.368439495563507
      ],
      "team1_step_reward": 0.0,
      "winner": null
    },
    {
      "ball_pos": [
        -8.064126014709473,
        -1.1117953062057495
      ],
      "reward_shaping": null,
      "score": null,
      "step": 8,
      "team0_centroid": [
        -5.682376280426979,
        -2.2438483238220215
      ],
      "team0_step_reward": 0.0,
      "team1_centroid": [
        6.3468018770217896,
        -1.736067533493042
      ],
      "team1_step_reward": 0.0,
      "winner": null
    },
    {
      "ball_pos": [
        -11.954282760620117,
        -1.1543428897857666
      ],
      "reward_shaping": null,
      "score": null,
      "step": 9,
      "team0_centroid": [
        -5.523771777749062,
        -1.9331645965576172
      ],
      "team0_step_reward": 0.0,
      "team1_centroid": [
        6.42368745803833,
        -2.078135669231415
      ],
      "team1_step_reward": 0.0,
      "winner": null
    },
    {
      "ball_pos": [
        -15.421648025512695,
        -1.1922662258148193
      ],
      "reward_shaping": null,
      "score": null,
      "step": 10,
      "team0_centroid": [
        -5.105466425418854,
        -1.431491732597351
      ],
      "team0_step_reward": 0.0,
      "team1_centroid": [
        6.440640211105347,
        -2.29332959651947
      ],
      "team1_step_reward": 0.0,
      "winner": null
    },
    {
      "ball_pos": [
        -15.956889152526855,
        -1.1955569982528687
      ],
      "reward_shaping": null,
      "score": null,
      "step": 11,
      "team0_centroid": [
        -4.978283643722534,
        -1.3130613267421722
      ],
      "team0_step_reward": -2.0,
      "team1_centroid": [
        6.428108990192413,
        -2.322125732898712
      ],
      "team1_step_reward": 1.9772000312805176,
      "winner": null
    }
  ],
  "team0_module": "local_true_teammate_info",
  "team1_module": "ceia_baseline_agent"
}