{
  "classification": {
    "labels": [
      "late_defensive_collapse",
      "territory_loss"
    ],
    "primary_label": "late_defensive_collapse"
  },
  "cumulative_team0_reward": -2.0,
  "cumulative_team1_reward": 1.972000002861023,
  "episode_index": 406,
  "final_score": null,
  "final_team0_step_reward": -2.0,
  "final_team1_step_reward": 1.972000002861023,
  "final_winner": null,
  "metrics": {
    "mean_ball_x": -6.540197781154087,
    "tail_mean_ball_x": -6.540197781154087,
    "team0_possession_ratio": null,
    "team0_progress_toward_goal": 0.0,
    "team0_shaping_reward_sum": 0.0,
    "team1_possession_ratio": null,
    "team1_progress_toward_goal": 0.0,
    "team1_shaping_reward_sum": 0.0
  },
  "outcome": "team1_win",
  "sampled_trace": [
    {
      "ball_pos": [
        1.279891014099121,
        -1.6744221448898315
      ],
      "reward_shaping": null,
      "score": null,
      "step": 0,
      "team0_centroid": [
        -7.32046103477478,
        0.06866294145584106
      ],
      "team0_step_reward": 0.0,
      "team1_centroid": [
        8.19077730178833,
        -0.0008434653282165527
      ],
      "team1_step_reward": 0.0,
      "winner": null
    },
    {
      "ball_pos": [
        -13.087091445922852,
        -3.652580738067627
      ],
      "reward_shaping": null,
      "score": null,
      "step": 10,
      "team0_centroid": [
        -6.198468193411827,
        -1.92557954788208
      ],
      "team0_step_reward": 0.0,
      "team1_centroid": [
        0.6408235784620047,
        -2.4692946076393127
      ],
      "team1_step_reward": 0.0,
      "winner": null
    }
  ],
  "steps": 14,
  "tail_trace": [
    {
      "ball_pos": [
        1.279891014099121,
        -1.6744221448898315
      ],
      "reward_shaping": null,
      "score": null,
      "step": 0,
      "team0_centroid": [
        -7.32046103477478,
        0.06866294145584106
      ],
      "team0_step_reward": 0.0,
      "team1_centroid": [
        8.19077730178833,
        -0.0008434653282165527
      ],
      "team1_step_reward": 0.0,
      "winner": null
    },
    {
      "ball_pos": [
        1.279891014099121,
        -1.6744221448898315
      ],
      "reward_shaping": null,
      "score": null,
      "step": 1,
      "team0_centroid": [
        -7.049197196960449,
        0.09035706520080566
      ],
      "team0_step_reward": 0.0,
      "team1_centroid": [
        7.95357346534729,
        -0.13425055146217346
      ],
      "team1_step_reward": 0.0,
      "winner": null
    },
    {
      "ball_pos": [
        1.279891014099121,
        -1.6744221448898315
      ],
      "reward_shaping": null,
      "score": null,
      "step": 2,
      "team0_centroid": [
        -6.691554307937622,
        0.032245784997940063
      ],
      "team0_step_reward": 0.0,
      "team1_centroid": [
        7.159421682357788,
        -0.426006942987442
      ],
      "team1_step_reward": 0.0,
      "winner": null
    },
    {
      "ball_pos": [
        1.279891014099121,
        -1.6744221448898315
      ],
      "reward_shaping": null,
      "score": null,
      "step": 3,
      "team0_centroid": [
        -6.423744797706604,
        -0.1058940589427948
      ],
      "team0_step_reward": 0.0,
      "team1_centroid": [
        5.819692134857178,
        -0.8818825930356979
      ],
      "team1_step_reward": 0.0,
      "winner": null
    },
    {
      "ball_pos": [
        1.279891014099121,
        -1.6744221448898315
      ],
      "reward_shaping": null,
      "score": null,
      "step": 4,
      "team0_centroid": [
        -6.2079718708992,
        -0.3228972554206848
      ],
      "team0_step_reward": 0.0,
      "team1_centroid": [
        4.294387459754944,
        -1.313115119934082
      ],
      "team1_step_reward": 0.0,
      "winner": null
    },
    {
      "ball_pos": [
        -2.304680824279785,
        -3.047452688217163
      ],
      "reward_shaping": null,
      "score": null,
      "step": 5,
      "team0_centroid": [
        -6.044781222939491,
        -0.5210065096616745
      ],
      "team0_step_reward": 0.0,
      "team1_centroid": [
        3.05671763420105,
        -1.4435638785362244
      ],
      "team1_step_reward": 0.0,
      "winner": null
    },
    {
      "ball_pos": [
        -6.136608123779297,
        -5.212367057800293
      ],
      "reward_shaping": null,
      "score": null,
      "step": 6,
      "team0_centroid": [
        -6.273340582847595,
        -0.7242354154586792
      ],
      "team0_step_reward": 0.0,
      "team1_centroid": [
        2.312598869204521,
        -1.5899618268013
      ],
      "team1_step_reward": 0.0,
      "winner": null
    },
    {
      "ball_pos": [
        -9.55772876739502,
        -7.145068645477295
      ],
      "reward_shaping": null,
      "score": null,
      "step": 7,
      "team0_centroid": [
        -6.627462863922119,
        -1.0411863923072815
      ],
      "team0_step_reward": 0.0,
      "team1_centroid": [
        1.7134064212441444,
        -1.9944814443588257
      ],
      "team1_step_reward": 0.0,
      "winner": null
    },
    {
      "ball_pos": [
        -10.894510269165039,
        -5.817911148071289
      ],
      "reward_shaping": null,
      "score": null,
      "step": 8,
      "team0_centroid": [
        -6.607517421245575,
        -1.4174469262361526
      ],
      "team0_step_reward": 0.0,
      "team1_centroid": [
        1.1821253281086683,
        -2.4108937978744507
      ],
      "team1_step_reward": 0.0,
      "winner": null
    },
    {
      "ball_pos": [
        -12.06444263458252,
        -4.662509918212891
      ],
      "reward_shaping": null,
      "score": null,
      "step": 9,
      "team0_centroid": [
        -6.447347551584244,
        -1.7178986370563507
      ],
      "team0_step_reward": 0.0,
      "team1_centroid": [
        0.7166741210967302,
        -2.5745155811309814
      ],
      "team1_step_reward": 0.0,
      "winner": null
    },
    {
      "ball_pos": [
        -13.087091445922852,
        -3.652580738067627
      ],
      "reward_shaping": null,
      "score": null,
      "step": 10,
      "team0_centroid": [
        -6.198468193411827,
        -1.92557954788208
      ],
      "team0_step_reward": 0.0,
      "team1_centroid": [
        0.6408235784620047,
        -2.4692946076393127
      ],
      "team1_step_reward": 0.0,
      "winner": null
    },
    {
      "ball_pos": [
        -13.976598739624023,
        -2.7741377353668213
      ],
      "reward_shaping": null,
      "score": null,
      "step": 11,
      "team0_centroid": [
        -5.962940972298384,
        -1.9814473390579224
      ],
      "team0_step_reward": 0.0,
      "team1_centroid": [
        0.6112092882394791,
        -2.473081588745117
      ],
      "team1_step_reward": 0.0,
      "winner": null
    },
    {
      "ball_pos": [
        -14.745756149291992,
        -2.01454758644104
      ],
      "reward_shaping": null,
      "score": null,
      "step": 12,
      "team0_centroid": [
        -6.036530919373035,
        -1.8142502903938293
      ],
      "team0_step_reward": 0.0,
      "team1_centroid": [
        0.1766008734703064,
        -2.591907352209091
      ],
      "team1_step_reward": 0.0,
      "winner": null
    },
    {
      "ball_pos": [
        -15.194807052612305,
        -1.4863091707229614
      ],
      "reward_shaping": null,
      "score": null,
      "step": 13,
      "team0_centroid": [
        -6.215398505330086,
        -1.5963271260261536
      ],
      "team0_step_reward": -2.0,
      "team1_centroid": [
        -0.21125435829162598,
        -2.6641657948493958
      ],
      "team1_step_reward": 1.972000002861023,
      "winner": null
    }
  ],
  "team0_module": "local_true_teammate_info",
  "team1_module": "ceia_baseline_agent"
}