{
  "classification": {
    "labels": [
      "unclear_loss"
    ],
    "primary_label": "unclear_loss"
  },
  "cumulative_team0_reward": -2.0,
  "cumulative_team1_reward": 1.9603999853134155,
  "episode_index": 313,
  "final_score": null,
  "final_team0_step_reward": -2.0,
  "final_team1_step_reward": 1.9603999853134155,
  "final_winner": null,
  "metrics": {
    "mean_ball_x": 6.4512464046478275,
    "tail_mean_ball_x": 6.4512464046478275,
    "team0_possession_ratio": null,
    "team0_progress_toward_goal": 0.0,
    "team0_shaping_reward_sum": 0.0,
    "team1_possession_ratio": null,
    "team1_progress_toward_goal": 0.0,
    "team1_shaping_reward_sum": 0.0
  },
  "outcome": "team1_win",
  "sampled_trace": [
    {
      "ball_pos": [
        -2.174119472503662,
        1.420663595199585
      ],
      "reward_shaping": null,
      "score": null,
      "step": 0,
      "team0_centroid": [
        10.632304668426514,
        -0.020783662796020508
      ],
      "team0_step_reward": 0.0,
      "team1_centroid": [
        -10.959217548370361,
        0.10744118690490723
      ],
      "team1_step_reward": 0.0,
      "winner": null
    },
    {
      "ball_pos": [
        8.266779899597168,
        3.135298490524292
      ],
      "reward_shaping": null,
      "score": null,
      "step": 10,
      "team0_centroid": [
        2.5862554609775543,
        1.5458254218101501
      ],
      "team0_step_reward": 0.0,
      "team1_centroid": [
        -0.6730098724365234,
        2.605201244354248
      ],
      "team1_step_reward": 0.0,
      "winner": null
    }
  ],
  "steps": 20,
  "tail_trace": [
    {
      "ball_pos": [
        -2.174119472503662,
        1.420663595199585
      ],
      "reward_shaping": null,
      "score": null,
      "step": 0,
      "team0_centroid": [
        10.632304668426514,
        -0.020783662796020508
      ],
      "team0_step_reward": 0.0,
      "team1_centroid": [
        -10.959217548370361,
        0.10744118690490723
      ],
      "team1_step_reward": 0.0,
      "winner": null
    },
    {
      "ball_pos": [
        -2.174119472503662,
        1.420663595199585
      ],
      "reward_shaping": null,
      "score": null,
      "step": 1,
      "team0_centroid": [
        10.322561740875244,
        0.10594713687896729
      ],
      "team0_step_reward": 0.0,
      "team1_centroid": [
        -10.127645492553711,
        0.34138280153274536
      ],
      "team1_step_reward": 0.0,
      "winner": null
    },
    {
      "ball_pos": [
        -2.174119472503662,
        1.420663595199585
      ],
      "reward_shaping": null,
      "score": null,
      "step": 2,
      "team0_centroid": [
        9.849775791168213,
        0.21913251280784607
      ],
      "team0_step_reward": 0.0,
      "team1_centroid": [
        -9.00545358657837,
        0.6789317727088928
      ],
      "team1_step_reward": 0.0,
      "winner": null
    },
    {
      "ball_pos": [
        -2.174119472503662,
        1.420663595199585
      ],
      "reward_shaping": null,
      "score": null,
      "step": 3,
      "team0_centroid": [
        9.10714602470398,
        0.31028786301612854
      ],
      "team0_step_reward": 0.0,
      "team1_centroid": [
        -7.549425363540649,
        1.024706244468689
      ],
      "team1_step_reward": 0.0,
      "winner": null
    },
    {
      "ball_pos": [
        -2.174119472503662,
        1.420663595199585
      ],
      "reward_shaping": null,
      "score": null,
      "step": 4,
      "team0_centroid": [
        8.19786024093628,
        0.5255241245031357
      ],
      "team0_step_reward": 0.0,
      "team1_centroid": [
        -5.941612243652344,
        1.3359970152378082
      ],
      "team1_step_reward": 0.0,
      "winner": null
    },
    {
      "ball_pos": [
        -1.608075499534607,
        1.4833993911743164
      ],
      "reward_shaping": null,
      "score": null,
      "step": 5,
      "team0_centroid": [
        6.907621622085571,
        0.8685970306396484
      ],
      "team0_step_reward": 0.0,
      "team1_centroid": [
        -4.6406532526016235,
        1.5149141550064087
      ],
      "team1_step_reward": 0.0,
      "winner": null
    },
    {
      "ball_pos": [
        0.8911255598068237,
        1.900794506072998
      ],
      "reward_shaping": null,
      "score": null,
      "step": 6,
      "team0_centroid": [
        5.403410315513611,
        1.182783380150795
      ],
      "team0_step_reward": 0.0,
      "team1_centroid": [
        -3.766077399253845,
        1.5859529376029968
      ],
      "team1_step_reward": 0.0,
      "winner": null
    },
    {
      "ball_pos": [
        3.1017141342163086,
        2.2707886695861816
      ],
      "reward_shaping": null,
      "score": null,
      "step": 7,
      "team0_centroid": [
        4.156883805990219,
        1.4128019213676453
      ],
      "team0_step_reward": 0.0,
      "team1_centroid": [
        -2.947286531329155,
        1.7822909355163574
      ],
      "team1_step_reward": 0.0,
      "winner": null
    },
    {
      "ball_pos": [
        5.051551818847656,
        2.5971453189849854
      ],
      "reward_shaping": null,
      "score": null,
      "step": 8,
      "team0_centroid": [
        3.3353939056396484,
        1.484461784362793
      ],
      "team0_step_reward": 0.0,
      "team1_centroid": [
        -1.8492447137832642,
        2.3462713956832886
      ],
      "team1_step_reward": 0.0,
      "winner": null
    },
    {
      "ball_pos": [
        6.765691757202148,
        2.88405179977417
      ],
      "reward_shaping": null,
      "score": null,
      "step": 9,
      "team0_centroid": [
        2.7389922440052032,
        1.5288704633712769
      ],
      "team0_step_reward": 0.0,
      "team1_centroid": [
        -0.9754091501235962,
        2.6784733533859253
      ],
      "team1_step_reward": 0.0,
      "winner": null
    },
    {
      "ball_pos": [
        8.266779899597168,
        3.135298490524292
      ],
      "reward_shaping": null,
      "score": null,
      "step": 10,
      "team0_centroid": [
        2.5862554609775543,
        1.5458254218101501
      ],
      "team0_step_reward": 0.0,
      "team1_centroid": [
        -0.6730098724365234,
        2.605201244354248
      ],
      "team1_step_reward": 0.0,
      "winner": null
    },
    {
      "ball_pos": [
        9.575285911560059,
        3.35431170463562
      ],
      "reward_shaping": null,
      "score": null,
      "step": 11,
      "team0_centroid": [
        2.6196659952402115,
        1.5684491991996765
      ],
      "team0_step_reward": 0.0,
      "team1_centroid": [
        -0.2843787670135498,
        2.3998576402664185
      ],
      "team1_step_reward": 0.0,
      "winner": null
    },
    {
      "ball_pos": [
        10.709712982177734,
        3.5441882610321045
      ],
      "reward_shaping": null,
      "score": null,
      "step": 12,
      "team0_centroid": [
        2.8577645421028137,
        1.5573869347572327
      ],
      "team0_step_reward": 0.0,
      "team1_centroid": [
        0.3945019245147705,
        2.314153492450714
      ],
      "team1_step_reward": 0.0,
      "winner": null
    },
    {
      "ball_pos": [
        11.686785697937012,
        3.7077274322509766
      ],
      "reward_shaping": null,
      "score": null,
      "step": 13,
      "team0_centroid": [
        3.189833641052246,
        1.6643136143684387
      ],
      "team0_step_reward": 0.0,
      "team1_centroid": [
        1.3155162334442139,
        2.222467064857483
      ],
      "team1_step_reward": 0.0,
      "winner": null
    },
    {
      "ball_pos": [
        12.521624565124512,
        3.847459554672241
      ],
      "reward_shaping": null,
      "score": null,
      "step": 14,
      "team0_centroid": [
        3.4678837060928345,
        1.959839940071106
      ],
      "team0_step_reward": 0.0,
      "team1_centroid": [
        1.8984966278076172,
        2.1348411440849304
      ],