{
  "classification": {
    "labels": [
      "late_defensive_collapse",
      "territory_loss"
    ],
    "primary_label": "late_defensive_collapse"
  },
  "cumulative_team0_reward": -2.0,
  "cumulative_team1_reward": 1.969599962234497,
  "episode_index": 482,
  "final_score": null,
  "final_team0_step_reward": -2.0,
  "final_team1_step_reward": 1.969599962234497,
  "final_winner": null,
  "metrics": {
    "mean_ball_x": -5.598053006331126,
    "tail_mean_ball_x": -5.598053006331126,
    "team0_possession_ratio": null,
    "team0_progress_toward_goal": 0.0,
    "team0_shaping_reward_sum": 0.0,
    "team1_possession_ratio": null,
    "team1_progress_toward_goal": 0.0,
    "team1_shaping_reward_sum": 0.0
  },
  "outcome": "team1_win",
  "sampled_trace": [
    {
      "ball_pos": [
        1.6722993850708008,
        -0.9477732181549072
      ],
      "reward_shaping": null,
      "score": null,
      "step": 0,
      "team0_centroid": [
        -7.199604272842407,
        -0.13631480932235718
      ],
      "team0_step_reward": 0.0,
      "team1_centroid": [
        7.252810478210449,
        -0.0159989595413208
      ],
      "team1_step_reward": 0.0,
      "winner": null
    },
    {
      "ball_pos": [
        -10.83497142791748,
        -3.1215507984161377
      ],
      "reward_shaping": null,
      "score": null,
      "step": 10,
      "team0_centroid": [
        -2.686390697956085,
        -1.935535043478012
      ],
      "team0_step_reward": 0.0,
      "team1_centroid": [
        -0.4601648449897766,
        -0.8116268217563629
      ],
      "team1_step_reward": 0.0,
      "winner": null
    }
  ],
  "steps": 15,
  "tail_trace": [
    {
      "ball_pos": [
        1.6722993850708008,
        -0.9477732181549072
      ],
      "reward_shaping": null,
      "score": null,
      "step": 0,
      "team0_centroid": [
        -7.199604272842407,
        -0.13631480932235718
      ],
      "team0_step_reward": 0.0,
      "team1_centroid": [
        7.252810478210449,
        -0.0159989595413208
      ],
      "team1_step_reward": 0.0,
      "winner": null
    },
    {
      "ball_pos": [
        1.6722993850708008,
        -0.9477732181549072
      ],
      "reward_shaping": null,
      "score": null,
      "step": 1,
      "team0_centroid": [
        -6.938753843307495,
        -0.43340370059013367
      ],
      "team0_step_reward": 0.0,
      "team1_centroid": [
        6.333615303039551,
        0.0648050308227539
      ],
      "team1_step_reward": 0.0,
      "winner": null
    },
    {
      "ball_pos": [
        1.6722993850708008,
        -0.9477732181549072
      ],
      "reward_shaping": null,
      "score": null,
      "step": 2,
      "team0_centroid": [
        -6.63415265083313,
        -0.7143688797950745
      ],
      "team0_step_reward": 0.0,
      "team1_centroid": [
        5.515319585800171,
        0.24680441617965698
      ],
      "team1_step_reward": 0.0,
      "winner": null
    },
    {
      "ball_pos": [
        1.6722993850708008,
        -0.9477732181549072
      ],
      "reward_shaping": null,
      "score": null,
      "step": 3,
      "team0_centroid": [
        -6.177047252655029,
        -1.0281777828931808
      ],
      "team0_step_reward": 0.0,
      "team1_centroid": [
        4.668282747268677,
        0.38079264760017395
      ],
      "team1_step_reward": 0.0,
      "winner": null
    },
    {
      "ball_pos": [
        1.6722993850708008,
        -0.9477732181549072
      ],
      "reward_shaping": null,
      "score": null,
      "step": 4,
      "team0_centroid": [
        -5.19807767868042,
        -1.4106569439172745
      ],
      "team0_step_reward": 0.0,
      "team1_centroid": [
        3.653993606567383,
        0.3916732370853424
      ],
      "team1_step_reward": 0.0,
      "winner": null
    },
    {
      "ball_pos": [
        -0.9290971159934998,
        -1.3579788208007812
      ],
      "reward_shaping": null,
      "score": null,
      "step": 5,
      "team0_centroid": [
        -3.933556079864502,
        -1.6961224358528852
      ],
      "team0_step_reward": 0.0,
      "team1_centroid": [
        2.5787711143493652,
        0.40146732330322266
      ],
      "team1_step_reward": 0.0,
      "winner": null
    },
    {
      "ball_pos": [
        -3.4355149269104004,
        -1.8041903972625732
      ],
      "reward_shaping": null,
      "score": null,
      "step": 6,
      "team0_centroid": [
        -2.6252702474594116,
        -1.8431895822286606
      ],
      "team0_step_reward": 0.0,
      "team1_centroid": [
        1.6579498052597046,
        0.3483422100543976
      ],
      "team1_step_reward": 0.0,
      "winner": null
    },
    {
      "ball_pos": [
        -5.652842998504639,
        -2.1989517211914062
      ],
      "reward_shaping": null,
      "score": null,
      "step": 7,
      "team0_centroid": [
        -1.789883553981781,
        -1.8894211947917938
      ],
      "team0_step_reward": 0.0,
      "team1_centroid": [
        0.7751726284623146,
        0.18369096517562866
      ],
      "team1_step_reward": 0.0,
      "winner": null
    },
    {
      "ball_pos": [
        -7.608859539031982,
        -2.5471906661987305
      ],
      "reward_shaping": null,
      "score": null,
      "step": 8,
      "team0_centroid": [
        -2.097393214702606,
        -1.899635225534439
      ],
      "team0_step_reward": 0.0,
      "team1_centroid": [
        0.5464059561491013,
        -0.05000188946723938
      ],
      "team1_step_reward": 0.0,
      "winner": null
    },
    {
      "ball_pos": [
        -9.3286714553833,
        -2.853376865386963
      ],
      "reward_shaping": null,
      "score": null,
      "step": 9,
      "team0_centroid": [
        -2.4280641078948975,
        -1.9187608659267426
      ],
      "team0_step_reward": 0.0,
      "team1_centroid": [
        0.14205515384674072,
        -0.41831395775079727
      ],
      "team1_step_reward": 0.0,
      "winner": null
    },
    {
      "ball_pos": [
        -10.83497142791748,
        -3.1215507984161377
      ],
      "reward_shaping": null,
      "score": null,
      "step": 10,
      "team0_centroid": [
        -2.686390697956085,
        -1.935535043478012
      ],
      "team0_step_reward": 0.0,
      "team1_centroid": [
        -0.4601648449897766,
        -0.8116268217563629
      ],
      "team1_step_reward": 0.0,
      "winner": null
    },
    {
      "ball_pos": [
        -12.148275375366211,
        -3.3553647994995117
      ],
      "reward_shaping": null,
      "score": null,
      "step": 11,
      "team0_centroid": [
        -3.463982105255127,
        -1.9843583703041077
      ],
      "team0_step_reward": 0.0,
      "team1_centroid": [
        -0.7441010773181915,
        -0.8198553919792175
      ],
      "team1_step_reward": 0.0,
      "winner": null
    },
    {
      "ball_pos": [
        -13.287125587463379,
        -3.558119773864746
      ],
      "reward_shaping": null,
      "score": null,
      "step": 12,
      "team0_centroid": [
        -4.346189498901367,
        -1.8692027926445007
      ],
      "team0_step_reward": 0.0,
      "team1_centroid": [
        -0.6593008637428284,
        -0.41442573070526123
      ],
      "team1_step_reward": 0.0,
      "winner": null
    },
    {
      "ball_pos": [
        -14.26828384399414,
        -3.732800245285034
      ],
      "reward_shaping": null,
      "score": null,
      "step": 13,
      "team0_centroid": [
        -4.748279929161072,
        -1.702205777168274
      ],
      "team0_step_reward": 0.0,
      "team1_centroid": [
        -0.014827430248260498,
        0.11249759793281555
      ],
      "team1_step_reward": 0.0,
      "winner": null
    },
    {
      "ball_pos": [
        -14.83864974975586,
        -3.7471671104431152
      ],
      "reward_shaping": null,
      "score": null,
      "step": 14,
      "team0_centroid": [
        -4.636094808578491,
        -1.4674420952796936
      ],