{
  "classification": {
    "labels": [
      "unclear_loss"
    ],
    "primary_label": "unclear_loss"
  },
  "cumulative_team0_reward": -2.0,
  "cumulative_team1_reward": 1.9456000328063965,
  "episode_index": 329,
  "final_score": null,
  "final_team0_step_reward": -2.0,
  "final_team1_step_reward": 1.9456000328063965,
  "final_winner": null,
  "metrics": {
    "mean_ball_x": 9.469503146354798,
    "tail_mean_ball_x": 9.469503146354798,
    "team0_possession_ratio": null,
    "team0_progress_toward_goal": 0.0,
    "team0_shaping_reward_sum": 0.0,
    "team1_possession_ratio": null,
    "team1_progress_toward_goal": 0.0,
    "team1_shaping_reward_sum": 0.0
  },
  "outcome": "team1_win",
  "sampled_trace": [
    {
      "ball_pos": [
        -0.10944990813732147,
        0.977587103843689
      ],
      "reward_shaping": null,
      "score": null,
      "step": 0,
      "team0_centroid": [
        3.9265116453170776,
        -0.0682828426361084
      ],
      "team0_step_reward": 0.0,
      "team1_centroid": [
        -9.343305110931396,
        -0.018563807010650635
      ],
      "team1_step_reward": 0.0,
      "winner": null
    },
    {
      "ball_pos": [
        10.706279754638672,
        5.001582145690918
      ],
      "reward_shaping": null,
      "score": null,
      "step": 10,
      "team0_centroid": [
        8.004948377609253,
        -0.6135701537132263
      ],
      "team0_step_reward": 0.0,
      "team1_centroid": [
        -1.5675480365753174,
        0.8062060624361038
      ],
      "team1_step_reward": 0.0,
      "winner": null
    },
    {
      "ball_pos": [
        13.805530548095703,
        5.344043731689453
      ],
      "reward_shaping": null,
      "score": null,
      "step": 20,
      "team0_centroid": [
        12.172544479370117,
        1.965214103460312
      ],
      "team0_step_reward": 0.0,
      "team1_centroid": [
        6.171268999576569,
        2.951094686985016
      ],
      "team1_step_reward": 0.0,
      "winner": null
    }
  ],
  "steps": 27,
  "tail_trace": [
    {
      "ball_pos": [
        -0.10944990813732147,
        0.977587103843689
      ],
      "reward_shaping": null,
      "score": null,
      "step": 0,
      "team0_centroid": [
        3.9265116453170776,
        -0.0682828426361084
      ],
      "team0_step_reward": 0.0,
      "team1_centroid": [
        -9.343305110931396,
        -0.018563807010650635
      ],
      "team1_step_reward": 0.0,
      "winner": null
    },
    {
      "ball_pos": [
        -0.10944994539022446,
        0.977587103843689
      ],
      "reward_shaping": null,
      "score": null,
      "step": 1,
      "team0_centroid": [
        3.664403557777405,
        -0.05762416124343872
      ],
      "team0_step_reward": 0.0,
      "team1_centroid": [
        -8.753320455551147,
        0.04803287982940674
      ],
      "team1_step_reward": 0.0,
      "winner": null
    },
    {
      "ball_pos": [
        -0.10944998264312744,
        0.977587103843689
      ],
      "reward_shaping": null,
      "score": null,
      "step": 2,
      "team0_centroid": [
        2.8198925256729126,
        0.018130838871002197
      ],
      "team0_step_reward": 0.0,
      "team1_centroid": [
        -7.923447370529175,
        0.21630102396011353
      ],
      "team1_step_reward": 0.0,
      "winner": null
    },
    {
      "ball_pos": [
        -1.004887580871582,
        1.1979317665100098
      ],
      "reward_shaping": null,
      "score": null,
      "step": 3,
      "team0_centroid": [
        1.7048546522855759,
        0.15894809365272522
      ],
      "team0_step_reward": 0.0,
      "team1_centroid": [
        -6.664629638195038,
        0.3644893616437912
      ],
      "team1_step_reward": 0.0,
      "winner": null
    },
    {
      "ball_pos": [
        1.060905933380127,
        2.1307287216186523
      ],
      "reward_shaping": null,
      "score": null,
      "step": 4,
      "team0_centroid": [
        1.8139012157917023,
        0.17098401486873627
      ],
      "team0_step_reward": 0.0,
      "team1_centroid": [
        -6.058756589889526,
        0.622035164386034
      ],
      "team1_step_reward": 0.0,
      "winner": null
    },
    {
      "ball_pos": [
        3.2304844856262207,
        2.778613328933716
      ],
      "reward_shaping": null,
      "score": null,
      "step": 5,
      "team0_centroid": [
        2.241250455379486,
        0.23633145540952682
      ],
      "team0_step_reward": 0.0,
      "team1_centroid": [
        -5.4237964153289795,
        0.6803814321756363
      ],
      "team1_step_reward": 0.0,
      "winner": null
    },
    {
      "ball_pos": [
        5.145287036895752,
        3.3480124473571777
      ],
      "reward_shaping": null,
      "score": null,
      "step": 6,
      "team0_centroid": [
        2.945633888244629,
        0.2071971520781517
      ],
      "team0_step_reward": 0.0,
      "team1_centroid": [
        -4.720632016658783,
        0.6224250495433807
      ],
      "team1_step_reward": 0.0,
      "winner": null
    },
    {
      "ball_pos": [
        6.829127311706543,
        3.8487050533294678
      ],
      "reward_shaping": null,
      "score": null,
      "step": 7,
      "team0_centroid": [
        4.096863865852356,
        0.04045790433883667
      ],
      "team0_step_reward": 0.0,
      "team1_centroid": [
        -3.557319164276123,
        0.6049628555774689
      ],
      "team1_step_reward": 0.0,
      "winner": null
    },
    {
      "ball_pos": [
        8.304187774658203,
        4.287316799163818
      ],
      "reward_shaping": null,
      "score": null,
      "step": 8,
      "team0_centroid": [
        5.47177791595459,
        -0.1961899697780609
      ],
      "team0_step_reward": 0.0,
      "team1_centroid": [
        -2.6631712913513184,
        0.6147770881652832
      ],
      "team1_step_reward": 0.0,
      "winner": null
    },
    {
      "ball_pos": [
        9.590527534484863,
        4.669811725616455
      ],
      "reward_shaping": null,
      "score": null,
      "step": 9,
      "team0_centroid": [
        6.864699363708496,
        -0.42892443388700485
      ],
      "team0_step_reward": 0.0,
      "team1_centroid": [
        -2.16823410987854,
        0.7000274658203125
      ],
      "team1_step_reward": 0.0,
      "winner": null
    },
    {
      "ball_pos": [
        10.706279754638672,
        5.001582145690918
      ],
      "reward_shaping": null,
      "score": null,
      "step": 10,
      "team0_centroid": [
        8.004948377609253,
        -0.6135701537132263
      ],
      "team0_step_reward": 0.0,
      "team1_centroid": [
        -1.5675480365753174,
        0.8062060624361038
      ],
      "team1_step_reward": 0.0,
      "winner": null
    },
    {
      "ball_pos": [
        11.66783332824707,
        5.287501335144043
      ],
      "reward_shaping": null,
      "score": null,
      "step": 11,
      "team0_centroid": [
        8.581767559051514,
        -0.56915582716465
      ],
      "team0_step_reward": 0.0,
      "team1_centroid": [
        -0.766624927520752,
        1.0552546679973602
      ],
      "team1_step_reward": 0.0,
      "winner": null
    },
    {
      "ball_pos": [
        12.49000358581543,
        5.531974792480469
      ],
      "reward_shaping": null,
      "score": null,
      "step": 12,
      "team0_centroid": [
        9.087892055511475,
        -0.49343636631965637
      ],
      "team0_step_reward": 0.0,
      "team1_centroid": [
        -0.06148648262023926,
        1.320792317390442
      ],
      "team1_step_reward": 0.0,
      "winner": null
    },
    {
      "ball_pos": [
        13.186182975769043,
        5.738985061645508
      ],
      "reward_shaping": null,
      "score": null,
      "step": 13,
      "team0_centroid": [
        9.55711054801941,
        -0.4611144959926605
      ],
      "team0_step_reward": 0.0,