{
  "classification": {
    "labels": [
      "late_defensive_collapse",
      "territory_loss"
    ],
    "primary_label": "late_defensive_collapse"
  },
  "cumulative_team0_reward": -2.0,
  "cumulative_team1_reward": 1.9744000434875488,
  "episode_index": 200,
  "final_score": null,
  "final_team0_step_reward": -2.0,
  "final_team1_step_reward": 1.9744000434875488,
  "final_winner": null,
  "metrics": {
    "mean_ball_x": -5.195956853719858,
    "tail_mean_ball_x": -5.195956853719858,
    "team0_possession_ratio": null,
    "team0_progress_toward_goal": 0.0,
    "team0_shaping_reward_sum": 0.0,
    "team1_possession_ratio": null,
    "team1_progress_toward_goal": 0.0,
    "team1_shaping_reward_sum": 0.0
  },
  "outcome": "team1_win",
  "sampled_trace": [
    {
      "ball_pos": [
        -0.14411544799804688,
        -2.07680606842041
      ],
      "reward_shaping": null,
      "score": null,
      "step": 0,
      "team0_centroid": [
        -7.51516318321228,
        -0.08577632904052734
      ],
      "team0_step_reward": 0.0,
      "team1_centroid": [
        8.032529592514038,
        -0.06906288862228394
      ],
      "team1_step_reward": 0.0,
      "winner": null
    },
    {
      "ball_pos": [
        -12.535011291503906,
        0.5657796263694763
      ],
      "reward_shaping": null,
      "score": null,
      "step": 10,
      "team0_centroid": [
        -0.7423433661460876,
        -4.464791178703308
      ],
      "team0_step_reward": 0.0,
      "team1_centroid": [
        6.569391131401062,
        -4.836093425750732
      ],
      "team1_step_reward": 0.0,
      "winner": null
    }
  ],
  "steps": 13,
  "tail_trace": [
    {
      "ball_pos": [
        -0.14411544799804688,
        -2.07680606842041
      ],
      "reward_shaping": null,
      "score": null,
      "step": 0,
      "team0_centroid": [
        -7.51516318321228,
        -0.08577632904052734
      ],
      "team0_step_reward": 0.0,
      "team1_centroid": [
        8.032529592514038,
        -0.06906288862228394
      ],
      "team1_step_reward": 0.0,
      "winner": null
    },
    {
      "ball_pos": [
        -0.14411544799804688,
        -2.07680606842041
      ],
      "reward_shaping": null,
      "score": null,
      "step": 1,
      "team0_centroid": [
        -6.970702171325684,
        -0.35257652401924133
      ],
      "team0_step_reward": 0.0,
      "team1_centroid": [
        8.054023504257202,
        -0.2285233438014984
      ],
      "team1_step_reward": 0.0,
      "winner": null
    },
    {
      "ball_pos": [
        -0.14411544799804688,
        -2.07680606842041
      ],
      "reward_shaping": null,
      "score": null,
      "step": 2,
      "team0_centroid": [
        -5.956146717071533,
        -0.7621371746063232
      ],
      "team0_step_reward": 0.0,
      "team1_centroid": [
        8.103870391845703,
        -0.5180137306451797
      ],
      "team1_step_reward": 0.0,
      "winner": null
    },
    {
      "ball_pos": [
        -0.14411544799804688,
        -2.07680606842041
      ],
      "reward_shaping": null,
      "score": null,
      "step": 3,
      "team0_centroid": [
        -4.693801641464233,
        -1.2654673159122467
      ],
      "team0_step_reward": 0.0,
      "team1_centroid": [
        7.925714015960693,
        -1.0071410685777664
      ],
      "team1_step_reward": 0.0,
      "winner": null
    },
    {
      "ball_pos": [
        -0.14411544799804688,
        -2.07680606842041
      ],
      "reward_shaping": null,
      "score": null,
      "step": 4,
      "team0_centroid": [
        -3.4270224571228027,
        -1.8611687421798706
      ],
      "team0_step_reward": 0.0,
      "team1_centroid": [
        7.466635227203369,
        -1.7110283374786377
      ],
      "team1_step_reward": 0.0,
      "winner": null
    },
    {
      "ball_pos": [
        1.1079578399658203,
        -2.609551191329956
      ],
      "reward_shaping": null,
      "score": null,
      "step": 5,
      "team0_centroid": [
        -1.9584320783615112,
        -2.597225069999695
      ],
      "team0_step_reward": 0.0,
      "team1_centroid": [
        6.795083165168762,
        -2.5414962768554688
      ],
      "team1_step_reward": 0.0,
      "winner": null
    },
    {
      "ball_pos": [
        -2.426973819732666,
        -6.176758766174316
      ],
      "reward_shaping": null,
      "score": null,
      "step": 6,
      "team0_centroid": [
        -0.8556657284498215,
        -3.226183533668518
      ],
      "team0_step_reward": 0.0,
      "team1_centroid": [
        6.525811970233917,
        -3.213224411010742
      ],
      "team1_step_reward": 0.0,
      "winner": null
    },
    {
      "ball_pos": [
        -4.978724956512451,
        -5.413379192352295
      ],
      "reward_shaping": null,
      "score": null,
      "step": 7,
      "team0_centroid": [
        -0.312892884016037,
        -3.6413626670837402
      ],
      "team0_step_reward": 0.0,
      "team1_centroid": [
        6.566702485084534,
        -3.854564666748047
      ],
      "team1_step_reward": 0.0,
      "winner": null
    },
    {
      "ball_pos": [
        -7.7960524559021,
        -3.1825571060180664
      ],
      "reward_shaping": null,
      "score": null,
      "step": 8,
      "team0_centroid": [
        -0.23910915851593018,
        -3.9864981174468994
      ],
      "team0_step_reward": 0.0,
      "team1_centroid": [
        6.588634610176086,
        -4.237684726715088
      ],
      "team1_step_reward": 0.0,
      "winner": null
    },
    {
      "ball_pos": [
        -10.305298805236816,
        -1.1978291273117065
      ],
      "reward_shaping": null,
      "score": null,
      "step": 9,
      "team0_centroid": [
        -0.3924921751022339,
        -4.267383575439453
      ],
      "team0_step_reward": 0.0,
      "team1_centroid": [
        6.605469703674316,
        -4.54706883430481
      ],
      "team1_step_reward": 0.0,
      "winner": null
    },
    {
      "ball_pos": [
        -12.535011291503906,
        0.5657796263694763
      ],
      "reward_shaping": null,
      "score": null,
      "step": 10,
      "team0_centroid": [
        -0.7423433661460876,
        -4.464791178703308
      ],
      "team0_step_reward": 0.0,
      "team1_centroid": [
        6.569391131401062,
        -4.836093425750732
      ],
      "team1_step_reward": 0.0,
      "winner": null
    },
    {
      "ball_pos": [
        -14.512039184570312,
        2.1295249462127686
      ],
      "reward_shaping": null,
      "score": null,
      "step": 11,
      "team0_centroid": [
        -1.59246826171875,
        -4.542421936988831
      ],
      "team0_step_reward": 0.0,
      "team1_centroid": [
        6.727309942245483,
        -5.037962198257446
      ],
      "team1_step_reward": 0.0,
      "winner": null
    },
    {
      "ball_pos": [
        -15.380719184875488,
        2.919999361038208
      ],
      "reward_shaping": null,
      "score": null,
      "step": 12,
      "team0_centroid": [
        -2.351959228515625,
        -4.516437292098999
      ],
      "team0_step_reward": -2.0,
      "team1_centroid": [
        6.847237199544907,
        -5.143019914627075
      ],
      "team1_step_reward": 1.9744000434875488,
      "winner": null
    }
  ],
  "team0_module": "local_true_teammate_info",
  "team1_module": "ceia_baseline_agent"
}