{
  "classification": {
    "labels": [
      "unclear_loss"
    ],
    "primary_label": "unclear_loss"
  },
  "cumulative_team0_reward": -2.0,
  "cumulative_team1_reward": 1.9456000328063965,
  "episode_index": 303,
  "final_score": null,
  "final_team0_step_reward": -2.0,
  "final_team1_step_reward": 1.9456000328063965,
  "final_winner": null,
  "metrics": {
    "mean_ball_x": 6.093137855882998,
    "tail_mean_ball_x": 6.093137855882998,
    "team0_possession_ratio": null,
    "team0_progress_toward_goal": 0.0,
    "team0_shaping_reward_sum": 0.0,
    "team1_possession_ratio": null,
    "team1_progress_toward_goal": 0.0,
    "team1_shaping_reward_sum": 0.0
  },
  "outcome": "team1_win",
  "sampled_trace": [
    {
      "ball_pos": [
        -1.8559417724609375,
        2.408078193664551
      ],
      "reward_shaping": null,
      "score": null,
      "step": 0,
      "team0_centroid": [
        8.573758363723755,
        -0.00016754865646362305
      ],
      "team0_step_reward": 0.0,
      "team1_centroid": [
        -9.498713970184326,
        0.09534567594528198
      ],
      "team1_step_reward": 0.0,
      "winner": null
    },
    {
      "ball_pos": [
        6.8963623046875,
        6.895141124725342
      ],
      "reward_shaping": null,
      "score": null,
      "step": 10,
      "team0_centroid": [
        8.310160040855408,
        2.738397240638733
      ],
      "team0_step_reward": 0.0,
      "team1_centroid": [
        -3.1893721520900726,
        2.5655906796455383
      ],
      "team1_step_reward": 0.0,
      "winner": null
    },
    {
      "ball_pos": [
        6.560520648956299,
        0.18746930360794067
      ],
      "reward_shaping": null,
      "score": null,
      "step": 20,
      "team0_centroid": [
        9.604830503463745,
        3.383325755596161
      ],
      "team0_step_reward": 0.0,
      "team1_centroid": [
        2.101297616958618,
        4.21512758731842
      ],
      "team1_step_reward": 0.0,
      "winner": null
    }
  ],
  "steps": 27,
  "tail_trace": [
    {
      "ball_pos": [
        -1.8559417724609375,
        2.408078193664551
      ],
      "reward_shaping": null,
      "score": null,
      "step": 0,
      "team0_centroid": [
        8.573758363723755,
        -0.00016754865646362305
      ],
      "team0_step_reward": 0.0,
      "team1_centroid": [
        -9.498713970184326,
        0.09534567594528198
      ],
      "team1_step_reward": 0.0,
      "winner": null
    },
    {
      "ball_pos": [
        -1.8559417724609375,
        2.408078193664551
      ],
      "reward_shaping": null,
      "score": null,
      "step": 1,
      "team0_centroid": [
        8.591717720031738,
        0.07271039485931396
      ],
      "team0_step_reward": 0.0,
      "team1_centroid": [
        -9.19076681137085,
        0.29810631275177
      ],
      "team1_step_reward": 0.0,
      "winner": null
    },
    {
      "ball_pos": [
        -1.8559417724609375,
        2.408078193664551
      ],
      "reward_shaping": null,
      "score": null,
      "step": 2,
      "team0_centroid": [
        8.577555060386658,
        0.1556014120578766
      ],
      "team0_step_reward": 0.0,
      "team1_centroid": [
        -8.483523607254028,
        0.5704477429389954
      ],
      "team1_step_reward": 0.0,
      "winner": null
    },
    {
      "ball_pos": [
        -1.8559417724609375,
        2.408078193664551
      ],
      "reward_shaping": null,
      "score": null,
      "step": 3,
      "team0_centroid": [
        8.550424933433533,
        0.214633047580719
      ],
      "team0_step_reward": 0.0,
      "team1_centroid": [
        -7.439729690551758,
        0.9388599246740341
      ],
      "team1_step_reward": 0.0,
      "winner": null
    },
    {
      "ball_pos": [
        -1.855941653251648,
        2.408078193664551
      ],
      "reward_shaping": null,
      "score": null,
      "step": 4,
      "team0_centroid": [
        8.527697205543518,
        0.2939258813858032
      ],
      "team0_step_reward": 0.0,
      "team1_centroid": [
        -6.2943679094314575,
        1.2887390851974487
      ],
      "team1_step_reward": 0.0,
      "winner": null
    },
    {
      "ball_pos": [
        -0.715435266494751,
        2.8250927925109863
      ],
      "reward_shaping": null,
      "score": null,
      "step": 5,
      "team0_centroid": [
        8.240606546401978,
        0.45848679542541504
      ],
      "team0_step_reward": 0.0,
      "team1_centroid": [
        -5.116421580314636,
        1.6156942248344421
      ],
      "team1_step_reward": 0.0,
      "winner": null
    },
    {
      "ball_pos": [
        1.224148154258728,
        3.861961603164673
      ],
      "reward_shaping": null,
      "score": null,
      "step": 6,
      "team0_centroid": [
        7.620696380734444,
        0.7660942077636719
      ],
      "team0_step_reward": 0.0,
      "team1_centroid": [
        -4.147632449865341,
        1.8095888495445251
      ],
      "team1_step_reward": 0.0,
      "winner": null
    },
    {
      "ball_pos": [
        2.9340243339538574,
        4.776305675506592
      ],
      "reward_shaping": null,
      "score": null,
      "step": 7,
      "team0_centroid": [
        7.844996124505997,
        1.1592921316623688
      ],
      "team0_step_reward": 0.0,
      "team1_centroid": [
        -4.297447696328163,
        2.0755456686019897
      ],
      "team1_step_reward": 0.0,
      "winner": null
    },
    {
      "ball_pos": [
        4.436378479003906,
        5.5796799659729
      ],
      "reward_shaping": null,
      "score": null,
      "step": 8,
      "team0_centroid": [
        7.992815047502518,
        1.6418241411447525
      ],
      "team0_step_reward": 0.0,
      "team1_centroid": [
        -4.310286462306976,
        2.2024567127227783
      ],
      "team1_step_reward": 0.0,
      "winner": null
    },
    {
      "ball_pos": [
        5.751150131225586,
        6.282746315002441
      ],
      "reward_shaping": null,
      "score": null,
      "step": 9,
      "team0_centroid": [
        8.15494966506958,
        2.193758726119995
      ],
      "team0_step_reward": 0.0,
      "team1_centroid": [
        -3.8249366357922554,
        2.362820625305176
      ],
      "team1_step_reward": 0.0,
      "winner": null
    },
    {
      "ball_pos": [
        6.8963623046875,
        6.895141124725342
      ],
      "reward_shaping": null,
      "score": null,
      "step": 10,
      "team0_centroid": [
        8.310160040855408,
        2.738397240638733
      ],
      "team0_step_reward": 0.0,
      "team1_centroid": [
        -3.1893721520900726,
        2.5655906796455383
      ],
      "team1_step_reward": 0.0,
      "winner": null
    },
    {
      "ball_pos": [
        7.605705738067627,
        6.488576889038086
      ],
      "reward_shaping": null,
      "score": null,
      "step": 11,
      "team0_centroid": [
        8.672762036323547,
        2.9949546456336975
      ],
      "team0_step_reward": 0.0,
      "team1_centroid": [
        -2.7271252274513245,
        2.63390576839447
      ],
      "team1_step_reward": 0.0,
      "winner": null
    },
    {
      "ball_pos": [
        8.201992988586426,
        6.166377067565918
      ],
      "reward_shaping": null,
      "score": null,
      "step": 12,
      "team0_centroid": [
        9.315400838851929,
        3.0397958159446716
      ],
      "team0_step_reward": 0.0,
      "team1_centroid": [
        -2.133747100830078,
        2.628666400909424
      ],
      "team1_step_reward": 0.0,
      "winner": null
    },
    {
      "ball_pos": [
        8.697901725769043,
        5.898533821105957
      ],
      "reward_shaping": null,
      "score": null,
      "step": 13,
      "team0_centroid": [
        10.141471147537231,
        2.9705824851989746
      ],
      "team0_step_reward": 0.0,
      "team1_centroid": [
        -1.566687524318695,
        2.6142024993896484
      ],