{
  "classification": {
    "labels": [
      "late_defensive_collapse",
      "territory_loss"
    ],
    "primary_label": "late_defensive_collapse"
  },
  "cumulative_team0_reward": -2.0,
  "cumulative_team1_reward": 1.9772000312805176,
  "episode_index": 138,
  "final_score": null,
  "final_team0_step_reward": -2.0,
  "final_team1_step_reward": 1.9772000312805176,
  "final_winner": null,
  "metrics": {
    "mean_ball_x": -5.0699178005258245,
    "tail_mean_ball_x": -5.0699178005258245,
    "team0_possession_ratio": null,
    "team0_progress_toward_goal": 0.0,
    "team0_shaping_reward_sum": 0.0,
    "team1_possession_ratio": null,
    "team1_progress_toward_goal": 0.0,
    "team1_shaping_reward_sum": 0.0
  },
  "outcome": "team1_win",
  "sampled_trace": [
    {
      "ball_pos": [
        -2.1203622817993164,
        0.31905442476272583
      ],
      "reward_shaping": null,
      "score": null,
      "step": 0,
      "team0_centroid": [
        -4.560830116271973,
        -0.00018900632858276367
      ],
      "team0_step_reward": 0.0,
      "team1_centroid": [
        12.640238285064697,
        -0.0066887736320495605
      ],
      "team1_step_reward": 0.0,
      "winner": null
    },
    {
      "ball_pos": [
        -15.515352249145508,
        -3.213674306869507
      ],
      "reward_shaping": null,
      "score": null,
      "step": 10,
      "team0_centroid": [
        1.0369612574577332,
        -0.8524492979049683
      ],
      "team0_step_reward": 0.0,
      "team1_centroid": [
        3.1682748794555664,
        -3.8625444173812866
      ],
      "team1_step_reward": 0.0,
      "winner": null
    }
  ],
  "steps": 12,
  "tail_trace": [
    {
      "ball_pos": [
        -2.1203622817993164,
        0.31905442476272583
      ],
      "reward_shaping": null,
      "score": null,
      "step": 0,
      "team0_centroid": [
        -4.560830116271973,
        -0.00018900632858276367
      ],
      "team0_step_reward": 0.0,
      "team1_centroid": [
        12.640238285064697,
        -0.0066887736320495605
      ],
      "team1_step_reward": 0.0,
      "winner": null
    },
    {
      "ball_pos": [
        -2.1203622817993164,
        0.31905442476272583
      ],
      "reward_shaping": null,
      "score": null,
      "step": 1,
      "team0_centroid": [
        -4.2845540046691895,
        0.06814250349998474
      ],
      "team0_step_reward": 0.0,
      "team1_centroid": [
        12.126862525939941,
        -0.056894004344940186
      ],
      "team1_step_reward": 0.0,
      "winner": null
    },
    {
      "ball_pos": [
        -2.1203622817993164,
        0.31905442476272583
      ],
      "reward_shaping": null,
      "score": null,
      "step": 2,
      "team0_centroid": [
        -3.4320106506347656,
        0.12829385697841644
      ],
      "team0_step_reward": 0.0,
      "team1_centroid": [
        11.20898962020874,
        -0.17068955302238464
      ],
      "team1_step_reward": 0.0,
      "winner": null
    },
    {
      "ball_pos": [
        -0.21884295344352722,
        -0.26657724380493164
      ],
      "reward_shaping": null,
      "score": null,
      "step": 3,
      "team0_centroid": [
        -2.322412431240082,
        0.14399687200784683
      ],
      "team0_step_reward": 0.0,
      "team1_centroid": [
        10.196818828582764,
        -0.4674070477485657
      ],
      "team1_step_reward": 0.0,
      "winner": null
    },
    {
      "ball_pos": [
        1.4252690076828003,
        -0.8017724752426147
      ],
      "reward_shaping": null,
      "score": null,
      "step": 4,
      "team0_centroid": [
        -1.3597312569618225,
        0.12831082940101624
      ],
      "team0_step_reward": 0.0,
      "team1_centroid": [
        9.139361381530762,
        -0.981831505894661
      ],
      "team1_step_reward": 0.0,
      "winner": null
    },
    {
      "ball_pos": [
        2.8647890090942383,
        -1.2703795433044434
      ],
      "reward_shaping": null,
      "score": null,
      "step": 5,
      "team0_centroid": [
        -0.686174064874649,
        -0.03325720131397247
      ],
      "team0_step_reward": 0.0,
      "team1_centroid": [
        8.058610916137695,
        -1.6960430145263672
      ],
      "team1_step_reward": 0.0,
      "winner": null
    },
    {
      "ball_pos": [
        -0.6247677206993103,
        -1.8908441066741943
      ],
      "reward_shaping": null,
      "score": null,
      "step": 6,
      "team0_centroid": [
        -0.21258343756198883,
        -0.30852095782756805
      ],
      "team0_step_reward": 0.0,
      "team1_centroid": [
        7.0657888650894165,
        -2.3857470750808716
      ],
      "team1_step_reward": 0.0,
      "winner": null
    },
    {
      "ball_pos": [
        -5.008488178253174,
        -2.2787749767303467
      ],
      "reward_shaping": null,
      "score": null,
      "step": 7,
      "team0_centroid": [
        0.3759688585996628,
        -0.6247968971729279
      ],
      "team0_step_reward": 0.0,
      "team1_centroid": [
        6.194055795669556,
        -2.778063654899597
      ],
      "team1_step_reward": 0.0,
      "winner": null
    },
    {
      "ball_pos": [
        -8.922017097473145,
        -2.626988410949707
      ],
      "reward_shaping": null,
      "score": null,
      "step": 8,
      "team0_centroid": [
        0.9363634884357452,
        -0.7483461797237396
      ],
      "team0_step_reward": 0.0,
      "team1_centroid": [
        5.294918581843376,
        -3.0504653453826904
      ],
      "team1_step_reward": 0.0,
      "winner": null
    },
    {
      "ball_pos": [
        -12.410698890686035,
        -2.9374170303344727
      ],
      "reward_shaping": null,
      "score": null,
      "step": 9,
      "team0_centroid": [
        1.0698601603507996,
        -0.7305755615234375
      ],
      "team0_step_reward": 0.0,
      "team1_centroid": [
        4.298485636711121,
        -3.4544848203659058
      ],
      "team1_step_reward": 0.0,
      "winner": null
    },
    {
      "ball_pos": [
        -15.515352249145508,
        -3.213674306869507
      ],
      "reward_shaping": null,
      "score": null,
      "step": 10,
      "team0_centroid": [
        1.0369612574577332,
        -0.8524492979049683
      ],
      "team0_step_reward": 0.0,
      "team1_centroid": [
        3.1682748794555664,
        -3.8625444173812866
      ],
      "team1_step_reward": 0.0,
      "winner": null
    },
    {
      "ball_pos": [
        -16.06781768798828,
        -3.262833595275879
      ],
      "reward_shaping": null,
      "score": null,
      "step": 11,
      "team0_centroid": [
        0.9997740387916565,
        -0.9012167453765869
      ],
      "team0_step_reward": -2.0,
      "team1_centroid": [
        2.9543092250823975,
        -3.917160987854004
      ],
      "team1_step_reward": 1.9772000312805176,
      "winner": null
    }
  ],
  "team0_module": "local_true_teammate_info",
  "team1_module": "ceia_baseline_agent"
}