{
  "classification": {
    "labels": [
      "unclear_loss"
    ],
    "primary_label": "unclear_loss"
  },
  "cumulative_team0_reward": -2.0,
  "cumulative_team1_reward": 1.9292000532150269,
  "episode_index": 427,
  "final_score": null,
  "final_team0_step_reward": -2.0,
  "final_team1_step_reward": 1.9292000532150269,
  "final_winner": null,
  "metrics": {
    "mean_ball_x": 3.531997980342971,
    "tail_mean_ball_x": 4.667876031001409,
    "team0_possession_ratio": null,
    "team0_progress_toward_goal": 0.0,
    "team0_shaping_reward_sum": 0.0,
    "team1_possession_ratio": null,
    "team1_progress_toward_goal": 0.0,
    "team1_shaping_reward_sum": 0.0
  },
  "outcome": "team1_win",
  "sampled_trace": [
    {
      "ball_pos": [
        -2.1473922729492188,
        2.126368999481201
      ],
      "reward_shaping": null,
      "score": null,
      "step": 0,
      "team0_centroid": [
        12.102315902709961,
        0.037120044231414795
      ],
      "team0_step_reward": 0.0,
      "team1_centroid": [
        -7.809139013290405,
        0.1376468539237976
      ],
      "team1_step_reward": 0.0,
      "winner": null
    },
    {
      "ball_pos": [
        1.6936423778533936,
        1.7339098453521729
      ],
      "reward_shaping": null,
      "score": null,
      "step": 10,
      "team0_centroid": [
        3.730745792388916,
        3.392271876335144
      ],
      "team0_step_reward": 0.0,
      "team1_centroid": [
        -3.0273128747940063,
        2.7728822827339172
      ],
      "team1_step_reward": 0.0,
      "winner": null
    },
    {
      "ball_pos": [
        3.0536463260650635,
        -5.577960014343262
      ],
      "reward_shaping": null,
      "score": null,
      "step": 20,
      "team0_centroid": [
        4.6729952692985535,
        1.1414952278137207
      ],
      "team0_step_reward": 0.0,
      "team1_centroid": [
        1.6540377140045166,
        -0.3405148983001709
      ],
      "team1_step_reward": 0.0,
      "winner": null
    },
    {
      "ball_pos": [
        9.940960884094238,
        -4.452230930328369
      ],
      "reward_shaping": null,
      "score": null,
      "step": 30,
      "team0_centroid": [
        2.06672003865242,
        -0.03544259071350098
      ],
      "team0_step_reward": 0.0,
      "team1_centroid": [
        4.269335865974426,
        -1.8881205320358276
      ],
      "team1_step_reward": 0.0,
      "winner": null
    }
  ],
  "steps": 36,
  "tail_trace": [
    {
      "ball_pos": [
        -0.46704840660095215,
        5.04199743270874
      ],
      "reward_shaping": null,
      "score": null,
      "step": 6,
      "team0_centroid": [
        7.161138296127319,
        1.3625553846359253
      ],
      "team0_step_reward": 0.0,
      "team1_centroid": [
        -4.6574642062187195,
        2.1642892360687256
      ],
      "team1_step_reward": 0.0,
      "winner": null
    },
    {
      "ball_pos": [
        0.7717841863632202,
        6.859963417053223
      ],
      "reward_shaping": null,
      "score": null,
      "step": 7,
      "team0_centroid": [
        6.292542457580566,
        1.6758893728256226
      ],
      "team0_step_reward": 0.0,
      "team1_centroid": [
        -3.803343415260315,
        2.6522464752197266
      ],
      "team1_step_reward": 0.0,
      "winner": null
    },
    {
      "ball_pos": [
        1.1106393337249756,
        4.922684669494629
      ],
      "reward_shaping": null,
      "score": null,
      "step": 8,
      "team0_centroid": [
        5.485841512680054,
        2.085172414779663
      ],
      "team0_step_reward": 0.0,
      "team1_centroid": [
        -3.1878801584243774,
        3.0050711631774902
      ],
      "team1_step_reward": 0.0,
      "winner": null
    },
    {
      "ball_pos": [
        1.4178487062454224,
        3.221799612045288
      ],
      "reward_shaping": null,
      "score": null,
      "step": 9,
      "team0_centroid": [
        4.6283591985702515,
        2.6770840883255005
      ],
      "team0_step_reward": 0.0,
      "team1_centroid": [
        -2.912197709083557,
        3.0262482166290283
      ],
      "team1_step_reward": 0.0,
      "winner": null
    },
    {
      "ball_pos": [
        1.6936423778533936,
        1.7339098453521729
      ],
      "reward_shaping": null,
      "score": null,
      "step": 10,
      "team0_centroid": [
        3.730745792388916,
        3.392271876335144
      ],
      "team0_step_reward": 0.0,
      "team1_centroid": [
        -3.0273128747940063,
        2.7728822827339172
      ],
      "team1_step_reward": 0.0,
      "winner": null
    },
    {
      "ball_pos": [
        1.934801697731018,
        0.43733400106430054
      ],
      "reward_shaping": null,
      "score": null,
      "step": 11,
      "team0_centroid": [
        3.0088436603546143,
        3.6264601945877075
      ],
      "team0_step_reward": 0.0,
      "team1_centroid": [
        -3.2608693838119507,
        2.441084384918213
      ],
      "team1_step_reward": 0.0,
      "winner": null
    },
    {
      "ball_pos": [
        2.1438279151916504,
        -0.686462938785553
      ],
      "reward_shaping": null,
      "score": null,
      "step": 12,
      "team0_centroid": [
        2.6773431301116943,
        3.487355351448059
      ],
      "team0_step_reward": 0.0,
      "team1_centroid": [
        -3.3969510793685913,
        2.1604110300540924
      ],
      "team1_step_reward": 0.0,
      "winner": null
    },
    {
      "ball_pos": [
        2.3238048553466797,
        -1.6540815830230713
      ],
      "reward_shaping": null,
      "score": null,
      "step": 13,
      "team0_centroid": [
        2.802554488182068,
        3.2015265226364136
      ],
      "team0_step_reward": 0.0,
      "team1_centroid": [
        -3.211286187171936,
        1.894038438796997
      ],
      "team1_step_reward": 0.0,
      "winner": null
    },
    {
      "ball_pos": [
        2.4775235652923584,
        -2.480527400970459
      ],
      "reward_shaping": null,
      "score": null,
      "step": 14,
      "team0_centroid": [
        3.248208522796631,
        2.8392341136932373
      ],
      "team0_step_reward": 0.0,
      "team1_centroid": [
        -2.8797051906585693,
        1.6104610189795494
      ],
      "team1_step_reward": 0.0,
      "winner": null
    },
    {
      "ball_pos": [
        2.6075072288513184,
        -3.179363965988159
      ],
      "reward_shaping": null,
      "score": null,
      "step": 15,
      "team0_centroid": [
        3.913413882255554,
        2.463539406657219
      ],
      "team0_step_reward": 0.0,
      "team1_centroid": [
        -2.6396420001983643,
        1.3027330338954926
      ],
      "team1_step_reward": 0.0,
      "winner": null
    },
    {
      "ball_pos": [
        2.7181203365325928,
        -3.7740585803985596
      ],
      "reward_shaping": null,
      "score": null,
      "step": 16,
      "team0_centroid": [
        4.475454807281494,
        2.156537413597107
      ],
      "team0_step_reward": 0.0,
      "team1_centroid": [
        -2.0150989294052124,
        1.1036073863506317
      ],
      "team1_step_reward": 0.0,
      "winner": null
    },
    {
      "ball_pos": [
        2.81684947013855,
        -4.3048601150512695
      ],
      "reward_shaping": null,
      "score": null,
      "step": 17,
      "team0_centroid": [
        4.598557710647583,
        1.7585405111312866
      ],
      "team0_step_reward": 0.0,
      "team1_centroid": [
        -1.0350853204727173,
        0.7937430143356323
      ],
      "team1_step_reward": 0.0,
      "winner": null
    },
    {
      "ball_pos": [
        2.9050538539886475,
        -4.779075622558594
      ],
      "reward_shaping": null,
      "score": null,
      "step": 18,
      "team0_centroid": [
        4.508765667676926,
        1.3645107746124268
      ],
      "team0_step_reward": 0.0,