{
  "classification": {
    "labels": [
      "unclear_loss"
    ],
    "primary_label": "unclear_loss"
  },
  "cumulative_team0_reward": -2.0,
  "cumulative_team1_reward": 1.9744000434875488,
  "episode_index": 473,
  "final_score": null,
  "final_team0_step_reward": -2.0,
  "final_team1_step_reward": 1.9744000434875488,
  "final_winner": null,
  "metrics": {
    "mean_ball_x": 5.93097225519327,
    "tail_mean_ball_x": 5.93097225519327,
    "team0_possession_ratio": null,
    "team0_progress_toward_goal": 0.0,
    "team0_shaping_reward_sum": 0.0,
    "team1_possession_ratio": null,
    "team1_progress_toward_goal": 0.0,
    "team1_shaping_reward_sum": 0.0
  },
  "outcome": "team1_win",
  "sampled_trace": [
    {
      "ball_pos": [
        0.7838243246078491,
        -1.958930492401123
      ],
      "reward_shaping": null,
      "score": null,
      "step": 0,
      "team0_centroid": [
        8.192620515823364,
        -0.1379936933517456
      ],
      "team0_step_reward": 0.0,
      "team1_centroid": [
        -9.306114912033081,
        -0.002870798110961914
      ],
      "team1_step_reward": 0.0,
      "winner": null
    },
    {
      "ball_pos": [
        12.710810661315918,
        2.6903536319732666
      ],
      "reward_shaping": null,
      "score": null,
      "step": 10,
      "team0_centroid": [
        5.901798486709595,
        -4.672848701477051
      ],
      "team0_step_reward": 0.0,
      "team1_centroid": [
        -3.2848284244537354,
        0.41400980949401855
      ],
      "team1_step_reward": 0.0,
      "winner": null
    }
  ],
  "steps": 13,
  "tail_trace": [
    {
      "ball_pos": [
        0.7838243246078491,
        -1.958930492401123
      ],
      "reward_shaping": null,
      "score": null,
      "step": 0,
      "team0_centroid": [
        8.192620515823364,
        -0.1379936933517456
      ],
      "team0_step_reward": 0.0,
      "team1_centroid": [
        -9.306114912033081,
        -0.002870798110961914
      ],
      "team1_step_reward": 0.0,
      "winner": null
    },
    {
      "ball_pos": [
        0.7838243246078491,
        -1.958930492401123
      ],
      "reward_shaping": null,
      "score": null,
      "step": 1,
      "team0_centroid": [
        7.942797899246216,
        -0.40872129797935486
      ],
      "team0_step_reward": 0.0,
      "team1_centroid": [
        -8.975919246673584,
        0.07101225852966309
      ],
      "team1_step_reward": 0.0,
      "winner": null
    },
    {
      "ball_pos": [
        0.7838243246078491,
        -1.958930492401123
      ],
      "reward_shaping": null,
      "score": null,
      "step": 2,
      "team0_centroid": [
        7.119769334793091,
        -0.7436313927173615
      ],
      "team0_step_reward": 0.0,
      "team1_centroid": [
        -8.496867418289185,
        0.21974247694015503
      ],
      "team1_step_reward": 0.0,
      "winner": null
    },
    {
      "ball_pos": [
        0.7838243246078491,
        -1.958930492401123
      ],
      "reward_shaping": null,
      "score": null,
      "step": 3,
      "team0_centroid": [
        5.743839740753174,
        -1.1780890226364136
      ],
      "team0_step_reward": 0.0,
      "team1_centroid": [
        -7.773632049560547,
        0.3986852169036865
      ],
      "team1_step_reward": 0.0,
      "winner": null
    },
    {
      "ball_pos": [
        0.7838243246078491,
        -1.958930492401123
      ],
      "reward_shaping": null,
      "score": null,
      "step": 4,
      "team0_centroid": [
        3.996187448501587,
        -1.7380717992782593
      ],
      "team0_step_reward": 0.0,
      "team1_centroid": [
        -6.894076704978943,
        0.5359117984771729
      ],
      "team1_step_reward": 0.0,
      "winner": null
    },
    {
      "ball_pos": [
        1.8221940994262695,
        -5.571926593780518
      ],
      "reward_shaping": null,
      "score": null,
      "step": 5,
      "team0_centroid": [
        2.5358681976795197,
        -2.420501232147217
      ],
      "team0_step_reward": 0.0,
      "team1_centroid": [
        -5.972607025876641,
        0.6276178956031799
      ],
      "team1_step_reward": 0.0,
      "winner": null
    },
    {
      "ball_pos": [
        3.746464490890503,
        -4.377725124359131
      ],
      "reward_shaping": null,
      "score": null,
      "step": 6,
      "team0_centroid": [
        2.352387547492981,
        -2.9672452211380005
      ],
      "team0_step_reward": 0.0,
      "team1_centroid": [
        -5.535027161240578,
        0.6063938140869141
      ],
      "team1_step_reward": 0.0,
      "winner": null
    },
    {
      "ball_pos": [
        6.285171985626221,
        -2.049434185028076
      ],
      "reward_shaping": null,
      "score": null,
      "step": 7,
      "team0_centroid": [
        2.833858609199524,
        -3.377002239227295
      ],
      "team0_step_reward": 0.0,
      "team1_centroid": [
        -4.970052540302277,
        0.5178382396697998
      ],
      "team1_step_reward": 0.0,
      "winner": null
    },
    {
      "ball_pos": [
        8.688789367675781,
        -0.2764425575733185
      ],
      "reward_shaping": null,
      "score": null,
      "step": 8,
      "team0_centroid": [
        3.554175019264221,
        -3.9020663499832153
      ],
      "team0_step_reward": 0.0,
      "team1_centroid": [
        -4.310180902481079,
        0.35974860191345215
      ],
      "team1_step_reward": 0.0,
      "winner": null
    },
    {
      "ball_pos": [
        10.82200813293457,
        1.2971007823944092
      ],
      "reward_shaping": null,
      "score": null,
      "step": 9,
      "team0_centroid": [
        4.584758043289185,
        -4.324545621871948
      ],
      "team0_step_reward": 0.0,
      "team1_centroid": [
        -3.7099450826644897,
        0.28083324432373047
      ],
      "team1_step_reward": 0.0,
      "winner": null
    },
    {
      "ball_pos": [
        12.710810661315918,
        2.6903536319732666
      ],
      "reward_shaping": null,
      "score": null,
      "step": 10,
      "team0_centroid": [
        5.901798486709595,
        -4.672848701477051
      ],
      "team0_step_reward": 0.0,
      "team1_centroid": [
        -3.2848284244537354,
        0.41400980949401855
      ],
      "team1_step_reward": 0.0,
      "winner": null
    },
    {
      "ball_pos": [
        14.378680229187012,
        3.9206383228302
      ],
      "reward_shaping": null,
      "score": null,
      "step": 11,
      "team0_centroid": [
        6.720104217529297,
        -4.87331748008728
      ],
      "team0_step_reward": 0.0,
      "team1_centroid": [
        -3.0041544437408447,
        0.7416830062866211
      ],
      "team1_step_reward": 0.0,
      "winner": null
    },
    {
      "ball_pos": [
        14.729398727416992,
        4.211012840270996
      ],
      "reward_shaping": null,
      "score": null,
      "step": 12,
      "team0_centroid": [
        7.000400066375732,
        -4.915809988975525
      ],
      "team0_step_reward": -2.0,
      "team1_centroid": [
        -2.782418966293335,
        0.9804729223251343
      ],
      "team1_step_reward": 1.9744000434875488,
      "winner": null
    }
  ],
  "team0_module": "local_true_teammate_info",
  "team1_module": "ceia_baseline_agent"
}