{
  "classification": {
    "labels": [
      "unclear_loss"
    ],
    "primary_label": "unclear_loss"
  },
  "cumulative_team0_reward": -2.0,
  "cumulative_team1_reward": 1.9523999691009521,
  "episode_index": 453,
  "final_score": null,
  "final_team0_step_reward": -2.0,
  "final_team1_step_reward": 1.9523999691009521,
  "final_winner": null,
  "metrics": {
    "mean_ball_x": 11.529075148204962,
    "tail_mean_ball_x": 11.529075148204962,
    "team0_possession_ratio": null,
    "team0_progress_toward_goal": 0.0,
    "team0_shaping_reward_sum": 0.0,
    "team1_possession_ratio": null,
    "team1_progress_toward_goal": 0.0,
    "team1_shaping_reward_sum": 0.0
  },
  "outcome": "team1_win",
  "sampled_trace": [
    {
      "ball_pos": [
        0.9362375140190125,
        1.7700856924057007
      ],
      "reward_shaping": null,
      "score": null,
      "step": 0,
      "team0_centroid": [
        5.008673191070557,
        0.055744946002960205
      ],
      "team0_step_reward": 0.0,
      "team1_centroid": [
        -7.060528039932251,
        -0.06621789932250977
      ],
      "team1_step_reward": 0.0,
      "winner": null
    },
    {
      "ball_pos": [
        13.979635238647461,
        3.5554254055023193
      ],
      "reward_shaping": null,
      "score": null,
      "step": 10,
      "team0_centroid": [
        7.934771537780762,
        1.0474337339401245
      ],
      "team0_step_reward": 0.0,
      "team1_centroid": [
        0.5048787593841553,
        2.6074199071154
      ],
      "team1_step_reward": 0.0,
      "winner": null
    },
    {
      "ball_pos": [
        14.781582832336426,
        -1.7033743858337402
      ],
      "reward_shaping": null,
      "score": null,
      "step": 20,
      "team0_centroid": [
        10.118595123291016,
        1.7900152206420898
      ],
      "team0_step_reward": 0.0,
      "team1_centroid": [
        11.360785007476807,
        0.7058949172496796
      ],
      "team1_step_reward": 0.0,
      "winner": null
    }
  ],
  "steps": 24,
  "tail_trace": [
    {
      "ball_pos": [
        0.9362375140190125,
        1.7700856924057007
      ],
      "reward_shaping": null,
      "score": null,
      "step": 0,
      "team0_centroid": [
        5.008673191070557,
        0.055744946002960205
      ],
      "team0_step_reward": 0.0,
      "team1_centroid": [
        -7.060528039932251,
        -0.06621789932250977
      ],
      "team1_step_reward": 0.0,
      "winner": null
    },
    {
      "ball_pos": [
        0.9362375140190125,
        1.7700856924057007
      ],
      "reward_shaping": null,
      "score": null,
      "step": 1,
      "team0_centroid": [
        4.695554256439209,
        0.2750796377658844
      ],
      "team0_step_reward": 0.0,
      "team1_centroid": [
        -6.1371800899505615,
        -0.04579341411590576
      ],
      "team1_step_reward": 0.0,
      "winner": null
    },
    {
      "ball_pos": [
        0.9362375140190125,
        1.7700856924057007
      ],
      "reward_shaping": null,
      "score": null,
      "step": 2,
      "team0_centroid": [
        4.510331153869629,
        0.5079901814460754
      ],
      "team0_step_reward": 0.0,
      "team1_centroid": [
        -4.8104652762413025,
        0.06325000524520874
      ],
      "team1_step_reward": 0.0,
      "winner": null
    },
    {
      "ball_pos": [
        3.0548996925354004,
        2.6004855632781982
      ],
      "reward_shaping": null,
      "score": null,
      "step": 3,
      "team0_centroid": [
        4.1119667291641235,
        0.5777935795485973
      ],
      "team0_step_reward": 0.0,
      "team1_centroid": [
        -3.353171467781067,
        0.24075788259506226
      ],
      "team1_step_reward": 0.0,
      "winner": null
    },
    {
      "ball_pos": [
        6.410748481750488,
        4.2652387619018555
      ],
      "reward_shaping": null,
      "score": null,
      "step": 4,
      "team0_centroid": [
        3.852364182472229,
        0.6010625739581883
      ],
      "team0_step_reward": 0.0,
      "team1_centroid": [
        -2.394818067550659,
        0.614040344953537
      ],
      "team1_step_reward": 0.0,
      "winner": null
    },
    {
      "ball_pos": [
        9.400197982788086,
        5.748353481292725
      ],
      "reward_shaping": null,
      "score": null,
      "step": 5,
      "team0_centroid": [
        4.358087420463562,
        0.6027886178344488
      ],
      "team0_step_reward": 0.0,
      "team1_centroid": [
        -1.944031834602356,
        1.0802801996469498
      ],
      "team1_step_reward": 0.0,
      "winner": null
    },
    {
      "ball_pos": [
        12.058500289916992,
        7.0671820640563965
      ],
      "reward_shaping": null,
      "score": null,
      "step": 6,
      "team0_centroid": [
        5.240374326705933,
        0.5958841443061829
      ],
      "team0_step_reward": 0.0,
      "team1_centroid": [
        -1.4016563892364502,
        1.5582616329193115
      ],
      "team1_step_reward": 0.0,
      "winner": null
    },
    {
      "ball_pos": [
        13.339404106140137,
        6.155147075653076
      ],
      "reward_shaping": null,
      "score": null,
      "step": 7,
      "team0_centroid": [
        6.2337212562561035,
        0.5779334306716919
      ],
      "team0_step_reward": 0.0,
      "team1_centroid": [
        -0.8743770122528076,
        2.026852549985051
      ],
      "team1_step_reward": 0.0,
      "winner": null
    },
    {
      "ball_pos": [
        13.843435287475586,
        5.222973823547363
      ],
      "reward_shaping": null,
      "score": null,
      "step": 8,
      "team0_centroid": [
        7.1144208908081055,
        0.6905267238616943
      ],
      "team0_step_reward": 0.0,
      "team1_centroid": [
        -0.5034776926040649,
        2.330968253314495
      ],
      "team1_step_reward": 0.0,
      "winner": null
    },
    {
      "ball_pos": [
        13.917037963867188,
        4.3214545249938965
      ],
      "reward_shaping": null,
      "score": null,
      "step": 9,
      "team0_centroid": [
        7.735917806625366,
        0.8593663573265076
      ],
      "team0_step_reward": 0.0,
      "team1_centroid": [
        -0.21172022819519043,
        2.5033504217863083
      ],
      "team1_step_reward": 0.0,
      "winner": null
    },
    {
      "ball_pos": [
        13.979635238647461,
        3.5554254055023193
      ],
      "reward_shaping": null,
      "score": null,
      "step": 10,
      "team0_centroid": [
        7.934771537780762,
        1.0474337339401245
      ],
      "team0_step_reward": 0.0,
      "team1_centroid": [
        0.5048787593841553,
        2.6074199071154
      ],
      "team1_step_reward": 0.0,
      "winner": null
    },
    {
      "ball_pos": [
        14.032225608825684,
        2.9118640422821045
      ],
      "reward_shaping": null,
      "score": null,
      "step": 11,
      "team0_centroid": [
        7.9163578748703,
        1.235124111175537
      ],
      "team0_step_reward": 0.0,
      "team1_centroid": [
        1.7868082523345947,
        2.6463194340467453
      ],
      "team1_step_reward": 0.0,
      "winner": null
    },
    {
      "ball_pos": [
        14.075772285461426,
        2.378967523574829
      ],
      "reward_shaping": null,
      "score": null,
      "step": 12,
      "team0_centroid": [
        8.12827217578888,
        1.374142348766327
      ],
      "team0_step_reward": 0.0,
      "team1_centroid": [
        3.510684847831726,
        2.637231007218361
      ],
      "team1_step_reward": 0.0,
      "winner": null
    },
    {
      "ball_pos": [
        14.113569259643555,
        1.9164398908615112
      ],
      "reward_shaping": null,
      "score": null,
      "step": 13,
      "team0_centroid": [
        8.408155679702759,
        1.3189473152160645
      ],
      "team0_step_reward": 0.0,
      "team1_centroid": [
        5.058273807168007,
        2.6163290441036224
      ],