{
  "classification": {
    "labels": [
      "late_defensive_collapse",
      "territory_loss"
    ],
    "primary_label": "late_defensive_collapse"
  },
  "cumulative_team0_reward": -2.0,
  "cumulative_team1_reward": 1.930799961090088,
  "episode_index": 372,
  "final_score": null,
  "final_team0_step_reward": -2.0,
  "final_team1_step_reward": 1.930799961090088,
  "final_winner": null,
  "metrics": {
    "mean_ball_x": -8.214054230281285,
    "tail_mean_ball_x": -9.278462115923563,
    "team0_possession_ratio": null,
    "team0_progress_toward_goal": 0.0,
    "team0_shaping_reward_sum": 0.0,
    "team1_possession_ratio": null,
    "team1_progress_toward_goal": 0.0,
    "team1_shaping_reward_sum": 0.0
  },
  "outcome": "team1_win",
  "sampled_trace": [
    {
      "ball_pos": [
        -1.8276069164276123,
        2.2593836784362793
      ],
      "reward_shaping": null,
      "score": null,
      "step": 0,
      "team0_centroid": [
        -6.430691838264465,
        0.11934006214141846
      ],
      "team0_step_reward": 0.0,
      "team1_centroid": [
        7.596980333328247,
        0.10463076829910278
      ],
      "team1_step_reward": 0.0,
      "winner": null
    },
    {
      "ball_pos": [
        -8.834383964538574,
        -0.4750428795814514
      ],
      "reward_shaping": null,
      "score": null,
      "step": 10,
      "team0_centroid": [
        -5.320061445236206,
        2.079290986061096
      ],
      "team0_step_reward": 0.0,
      "team1_centroid": [
        1.6826388835906982,
        3.071360945701599
      ],
      "team1_step_reward": 0.0,
      "winner": null
    },
    {
      "ball_pos": [
        -9.584611892700195,
        -6.659569263458252
      ],
      "reward_shaping": null,
      "score": null,
      "step": 20,
      "team0_centroid": [
        -11.22469186782837,
        -0.40018999576568604
      ],
      "team0_step_reward": 0.0,
      "team1_centroid": [
        2.412623882293701,
        2.333353403955698
      ],
      "team1_step_reward": 0.0,
      "winner": null
    },
    {
      "ball_pos": [
        -10.302287101745605,
        -3.845553159713745
      ],
      "reward_shaping": null,
      "score": null,
      "step": 30,
      "team0_centroid": [
        -12.854216575622559,
        -1.748264193534851
      ],
      "team0_step_reward": 0.0,
      "team1_centroid": [
        -4.522990703582764,
        -2.9071101397275925
      ],
      "team1_step_reward": 0.0,
      "winner": null
    }
  ],
  "steps": 35,
  "tail_trace": [
    {
      "ball_pos": [
        -1.8276069164276123,
        2.2593836784362793
      ],
      "reward_shaping": null,
      "score": null,
      "step": 5,
      "team0_centroid": [
        -3.508275270462036,
        1.6206715106964111
      ],
      "team0_step_reward": 0.0,
      "team1_centroid": [
        4.157124876976013,
        1.5378200709819794
      ],
      "team1_step_reward": 0.0,
      "winner": null
    },
    {
      "ball_pos": [
        -2.251748561859131,
        4.235128402709961
      ],
      "reward_shaping": null,
      "score": null,
      "step": 6,
      "team0_centroid": [
        -3.0143070220947266,
        2.0175687074661255
      ],
      "team0_step_reward": 0.0,
      "team1_centroid": [
        3.009685456752777,
        1.8107633590698242
      ],
      "team1_step_reward": 0.0,
      "winner": null
    },
    {
      "ball_pos": [
        -4.084939002990723,
        6.336884498596191
      ],
      "reward_shaping": null,
      "score": null,
      "step": 7,
      "team0_centroid": [
        -3.3516520261764526,
        2.185518264770508
      ],
      "team0_step_reward": 0.0,
      "team1_centroid": [
        2.8128079175949097,
        2.2346550822257996
      ],
      "team1_step_reward": 0.0,
      "winner": null
    },
    {
      "ball_pos": [
        -5.858847141265869,
        3.7894420623779297
      ],
      "reward_shaping": null,
      "score": null,
      "step": 8,
      "team0_centroid": [
        -3.76767897605896,
        2.1733189821243286
      ],
      "team0_step_reward": 0.0,
      "team1_centroid": [
        2.6719789505004883,
        2.4894460439682007
      ],
      "team1_step_reward": 0.0,
      "winner": null
    },
    {
      "ball_pos": [
        -7.436417102813721,
        1.528469204902649
      ],
      "reward_shaping": null,
      "score": null,
      "step": 9,
      "team0_centroid": [
        -4.444196939468384,
        2.1011135578155518
      ],
      "team0_step_reward": 0.0,
      "team1_centroid": [
        2.092759132385254,
        2.7481300830841064
      ],
      "team1_step_reward": 0.0,
      "winner": null
    },
    {
      "ball_pos": [
        -8.834383964538574,
        -0.4750428795814514
      ],
      "reward_shaping": null,
      "score": null,
      "step": 10,
      "team0_centroid": [
        -5.320061445236206,
        2.079290986061096
      ],
      "team0_step_reward": 0.0,
      "team1_centroid": [
        1.6826388835906982,
        3.071360945701599
      ],
      "team1_step_reward": 0.0,
      "winner": null
    },
    {
      "ball_pos": [
        -10.069978713989258,
        -2.2458486557006836
      ],
      "reward_shaping": null,
      "score": null,
      "step": 11,
      "team0_centroid": [
        -6.344754934310913,
        1.9381630420684814
      ],
      "team0_step_reward": 0.0,
      "team1_centroid": [
        1.6012152433395386,
        3.411531925201416
      ],
      "team1_step_reward": 0.0,
      "winner": null
    },
    {
      "ball_pos": [
        -11.158801078796387,
        -3.806306838989258
      ],
      "reward_shaping": null,
      "score": null,
      "step": 12,
      "team0_centroid": [
        -7.732669830322266,
        1.6883372068405151
      ],
      "team0_step_reward": 0.0,
      "team1_centroid": [
        1.604832649230957,
        3.6890774369239807
      ],
      "team1_step_reward": 0.0,
      "winner": null
    },
    {
      "ball_pos": [
        -12.114953994750977,
        -5.176627159118652
      ],
      "reward_shaping": null,
      "score": null,
      "step": 13,
      "team0_centroid": [
        -9.292414426803589,
        1.3460680544376373
      ],
      "team0_step_reward": 0.0,
      "team1_centroid": [
        1.638291358947754,
        3.9529791176319122
      ],
      "team1_step_reward": 0.0,
      "winner": null
    },
    {
      "ball_pos": [
        -12.951181411743164,
        -6.375077724456787
      ],
      "reward_shaping": null,
      "score": null,
      "step": 14,
      "team0_centroid": [
        -10.73309874534607,
        0.9142249077558517
      ],
      "team0_step_reward": 0.0,
      "team1_centroid": [
        2.1308445930480957,
        3.9304935336112976
      ],
      "team1_step_reward": 0.0,
      "winner": null
    },
    {
      "ball_pos": [
        -12.656580924987793,
        -6.756662845611572
      ],
      "reward_shaping": null,
      "score": null,
      "step": 15,
      "team0_centroid": [
        -10.889068365097046,
        0.45630693435668945
      ],
      "team0_step_reward": 0.0,
      "team1_centroid": [
        3.038556218147278,
        3.771217405796051
      ],
      "team1_step_reward": 0.0,
      "winner": null
    },
    {
      "ball_pos": [
        -11.8142671585083,
        -6.724941253662109
      ],
      "reward_shaping": null,
      "score": null,
      "step": 16,
      "team0_centroid": [
        -10.996535062789917,
        0.1817028522491455
      ],
      "team0_step_reward": 0.0,
      "team1_centroid": [
        3.5840898752212524,
        3.4662980139255524
      ],
      "team1_step_reward": 0.0,
      "winner": null
    },
    {
      "ball_pos": [
        -11.10188102722168,
        -6.7035064697265625
      ],
      "reward_shaping": null,
      "score": null,
      "step": 17,
      "team0_centroid": [
        -11.057777643203735,
        0.047969698905944824
      ],
      "team0_step_reward": 0.0,