{
  "classification": {
    "labels": [
      "late_defensive_collapse",
      "territory_loss"
    ],
    "primary_label": "late_defensive_collapse"
  },
  "cumulative_team0_reward": -2.0,
  "cumulative_team1_reward": 1.9764000177383423,
  "episode_index": 486,
  "final_score": null,
  "final_team0_step_reward": -2.0,
  "final_team1_step_reward": 1.9764000177383423,
  "final_winner": null,
  "metrics": {
    "mean_ball_x": -5.241984069347382,
    "tail_mean_ball_x": -5.241984069347382,
    "team0_possession_ratio": null,
    "team0_progress_toward_goal": 0.0,
    "team0_shaping_reward_sum": 0.0,
    "team1_possession_ratio": null,
    "team1_progress_toward_goal": 0.0,
    "team1_shaping_reward_sum": 0.0
  },
  "outcome": "team1_win",
  "sampled_trace": [
    {
      "ball_pos": [
        -1.073779821395874,
        -2.0090789794921875
      ],
      "reward_shaping": null,
      "score": null,
      "step": 0,
      "team0_centroid": [
        -8.249189376831055,
        -0.06269824504852295
      ],
      "team0_step_reward": 0.0,
      "team1_centroid": [
        5.858850479125977,
        -0.06901806592941284
      ],
      "team1_step_reward": 0.0,
      "winner": null
    },
    {
      "ball_pos": [
        -14.354690551757812,
        2.2806196212768555
      ],
      "reward_shaping": null,
      "score": null,
      "step": 10,
      "team0_centroid": [
        -8.301113486289978,
        -2.1825716495513916
      ],
      "team0_step_reward": 0.0,
      "team1_centroid": [
        4.47407129406929,
        -1.7692973613739014
      ],
      "team1_step_reward": 0.0,
      "winner": null
    }
  ],
  "steps": 12,
  "tail_trace": [
    {
      "ball_pos": [
        -1.073779821395874,
        -2.0090789794921875
      ],
      "reward_shaping": null,
      "score": null,
      "step": 0,
      "team0_centroid": [
        -8.249189376831055,
        -0.06269824504852295
      ],
      "team0_step_reward": 0.0,
      "team1_centroid": [
        5.858850479125977,
        -0.06901806592941284
      ],
      "team1_step_reward": 0.0,
      "winner": null
    },
    {
      "ball_pos": [
        -1.073779821395874,
        -2.0090789794921875
      ],
      "reward_shaping": null,
      "score": null,
      "step": 1,
      "team0_centroid": [
        -7.971176981925964,
        -0.20129042863845825
      ],
      "team0_step_reward": 0.0,
      "team1_centroid": [
        5.88256573677063,
        -0.22816330194473267
      ],
      "team1_step_reward": 0.0,
      "winner": null
    },
    {
      "ball_pos": [
        -1.073779821395874,
        -2.0090789794921875
      ],
      "reward_shaping": null,
      "score": null,
      "step": 2,
      "team0_centroid": [
        -7.825917840003967,
        -0.5352004021406174
      ],
      "team0_step_reward": 0.0,
      "team1_centroid": [
        5.934553146362305,
        -0.5167955160140991
      ],
      "team1_step_reward": 0.0,
      "winner": null
    },
    {
      "ball_pos": [
        -1.073779821395874,
        -2.0090789794921875
      ],
      "reward_shaping": null,
      "score": null,
      "step": 3,
      "team0_centroid": [
        -7.546546697616577,
        -0.9663868248462677
      ],
      "team0_step_reward": 0.0,
      "team1_centroid": [
        5.767940521240234,
        -0.8470259755849838
      ],
      "team1_step_reward": 0.0,
      "winner": null
    },
    {
      "ball_pos": [
        -1.073779821395874,
        -2.0090789794921875
      ],
      "reward_shaping": null,
      "score": null,
      "step": 4,
      "team0_centroid": [
        -7.238469123840332,
        -1.4538641571998596
      ],
      "team0_step_reward": 0.0,
      "team1_centroid": [
        5.539180040359497,
        -1.2128194570541382
      ],
      "team1_step_reward": 0.0,
      "winner": null
    },
    {
      "ball_pos": [
        1.309675693511963,
        -2.6100270748138428
      ],
      "reward_shaping": null,
      "score": null,
      "step": 5,
      "team0_centroid": [
        -6.8740222454071045,
        -1.9322472214698792
      ],
      "team0_step_reward": 0.0,
      "team1_centroid": [
        5.120280981063843,
        -1.5194028913974762
      ],
      "team1_step_reward": 0.0,
      "winner": null
    },
    {
      "ball_pos": [
        -2.5111002922058105,
        -6.509149074554443
      ],
      "reward_shaping": null,
      "score": null,
      "step": 6,
      "team0_centroid": [
        -6.422924116253853,
        -2.317548930644989
      ],
      "team0_step_reward": 0.0,
      "team1_centroid": [
        4.557685494422913,
        -1.7803806066513062
      ],
      "team1_step_reward": 0.0,
      "winner": null
    },
    {
      "ball_pos": [
        -5.72323751449585,
        -4.608694076538086
      ],
      "reward_shaping": null,
      "score": null,
      "step": 7,
      "team0_centroid": [
        -6.7959471344947815,
        -2.4728102684020996
      ],
      "team0_step_reward": 0.0,
      "team1_centroid": [
        4.443792678415775,
        -1.986493468284607
      ],
      "team1_step_reward": 0.0,
      "winner": null
    },
    {
      "ball_pos": [
        -8.936144828796387,
        -2.0439393520355225
      ],
      "reward_shaping": null,
      "score": null,
      "step": 8,
      "team0_centroid": [
        -7.412067890167236,
        -2.4360482692718506
      ],
      "team0_step_reward": 0.0,
      "team1_centroid": [
        4.611934684216976,
        -2.0300331711769104
      ],
      "team1_step_reward": 0.0,
      "winner": null
    },
    {
      "ball_pos": [
        -11.802265167236328,
        0.2435225546360016
      ],
      "reward_shaping": null,
      "score": null,
      "step": 9,
      "team0_centroid": [
        -7.933595180511475,
        -2.380825638771057
      ],
      "team0_step_reward": 0.0,
      "team1_centroid": [
        4.619961231946945,
        -1.9737602472305298
      ],
      "team1_step_reward": 0.0,
      "winner": null
    },
    {
      "ball_pos": [
        -14.354690551757812,
        2.2806196212768555
      ],
      "reward_shaping": null,
      "score": null,
      "step": 10,
      "team0_centroid": [
        -8.301113486289978,
        -2.1825716495513916
      ],
      "team0_step_reward": 0.0,
      "team1_centroid": [
        4.47407129406929,
        -1.7692973613739014
      ],
      "team1_step_reward": 0.0,
      "winner": null
    },
    {
      "ball_pos": [
        -15.517147064208984,
        3.296537160873413
      ],
      "reward_shaping": null,
      "score": null,
      "step": 11,
      "team0_centroid": [
        -8.491530656814575,
        -1.993241548538208
      ],
      "team0_step_reward": -2.0,
      "team1_centroid": [
        4.416757941246033,
        -1.561205267906189
      ],
      "team1_step_reward": 1.9764000177383423,
      "winner": null
    }
  ],
  "team0_module": "local_true_teammate_info",
  "team1_module": "ceia_baseline_agent"
}