{
  "classification": {
    "labels": [
      "late_defensive_collapse",
      "territory_loss"
    ],
    "primary_label": "late_defensive_collapse"
  },
  "cumulative_team0_reward": -2.0,
  "cumulative_team1_reward": 1.9800000190734863,
  "episode_index": 0,
  "final_score": null,
  "final_team0_step_reward": -2.0,
  "final_team1_step_reward": 1.9800000190734863,
  "final_winner": null,
  "metrics": {
    "mean_ball_x": -4.562109309434891,
    "tail_mean_ball_x": -4.562109309434891,
    "team0_possession_ratio": null,
    "team0_progress_toward_goal": 0.0,
    "team0_shaping_reward_sum": 0.0,
    "team1_possession_ratio": null,
    "team1_progress_toward_goal": 0.0,
    "team1_shaping_reward_sum": 0.0
  },
  "outcome": "team1_win",
  "sampled_trace": [
    {
      "ball_pos": [
        1.090998649597168,
        1.8254880905151367
      ],
      "reward_shaping": null,
      "score": null,
      "step": 0,
      "team0_centroid": [
        -7.39398455619812,
        0.09083735942840576
      ],
      "team0_step_reward": 0.0,
      "team1_centroid": [
        6.305197477340698,
        0.08825933933258057
      ],
      "team1_step_reward": 0.0,
      "winner": null
    }
  ],
  "steps": 10,
  "tail_trace": [
    {
      "ball_pos": [
        1.090998649597168,
        1.8254880905151367
      ],
      "reward_shaping": null,
      "score": null,
      "step": 0,
      "team0_centroid": [
        -7.39398455619812,
        0.09083735942840576
      ],
      "team0_step_reward": 0.0,
      "team1_centroid": [
        6.305197477340698,
        0.08825933933258057
      ],
      "team1_step_reward": 0.0,
      "winner": null
    },
    {
      "ball_pos": [
        1.090998649597168,
        1.8254880905151367
      ],
      "reward_shaping": null,
      "score": null,
      "step": 1,
      "team0_centroid": [
        -6.847707509994507,
        0.32821089029312134
      ],
      "team0_step_reward": 0.0,
      "team1_centroid": [
        5.697184085845947,
        0.23906606435775757
      ],
      "team1_step_reward": 0.0,
      "winner": null
    },
    {
      "ball_pos": [
        1.090998649597168,
        1.8254880905151367
      ],
      "reward_shaping": null,
      "score": null,
      "step": 2,
      "team0_centroid": [
        -5.8230767250061035,
        0.6661176979541779
      ],
      "team0_step_reward": 0.0,
      "team1_centroid": [
        5.053333282470703,
        0.5046239197254181
      ],
      "team1_step_reward": 0.0,
      "winner": null
    },
    {
      "ball_pos": [
        1.090998649597168,
        1.8254880905151367
      ],
      "reward_shaping": null,
      "score": null,
      "step": 3,
      "team0_centroid": [
        -4.75809907913208,
        0.8241391768679023
      ],
      "team0_step_reward": 0.0,
      "team1_centroid": [
        4.780030012130737,
        0.9664647281169891
      ],
      "team1_step_reward": 0.0,
      "winner": null
    },
    {
      "ball_pos": [
        0.02264326810836792,
        1.7991176843643188
      ],
      "reward_shaping": null,
      "score": null,
      "step": 4,
      "team0_centroid": [
        -3.972001075744629,
        0.8264960302039981
      ],
      "team0_step_reward": 0.0,
      "team1_centroid": [
        4.509401857852936,
        1.3118354380130768
      ],
      "team1_step_reward": 0.0,
      "winner": null
    },
    {
      "ball_pos": [
        -2.040253162384033,
        0.7302796840667725
      ],
      "reward_shaping": null,
      "score": null,
      "step": 5,
      "team0_centroid": [
        -3.2687301635742188,
        0.7373025938868523
      ],
      "team0_step_reward": 0.0,
      "team1_centroid": [
        3.800946742296219,
        1.474846512079239
      ],
      "team1_step_reward": 0.0,
      "winner": null
    },
    {
      "ball_pos": [
        -7.260960578918457,
        0.11053676903247833
      ],
      "reward_shaping": null,
      "score": null,
      "step": 6,
      "team0_centroid": [
        -3.1360783725976944,
        0.41038569808006287
      ],
      "team0_step_reward": 0.0,
      "team1_centroid": [
        3.3369382321834564,
        1.5471932590007782
      ],
      "team1_step_reward": 0.0,
      "winner": null
    },
    {
      "ball_pos": [
        -10.902774810791016,
        -0.0032419078052043915
      ],
      "reward_shaping": null,
      "score": null,
      "step": 7,
      "team0_centroid": [
        -3.101537764072418,
        -0.08515048027038574
      ],
      "team0_step_reward": 0.0,
      "team1_centroid": [
        2.8906769901514053,
        1.4050877690315247
      ],
      "team1_step_reward": 0.0,
      "winner": null
    },
    {
      "ball_pos": [
        -14.14567756652832,
        -0.10454259812831879
      ],
      "reward_shaping": null,
      "score": null,
      "step": 8,
      "team0_centroid": [
        -3.0819185003638268,
        -0.43708619475364685
      ],
      "team0_step_reward": 0.0,
      "team1_centroid": [
        2.5950864404439926,
        1.2244923114776611
      ],
      "team1_step_reward": 0.0,
      "winner": null
    },
    {
      "ball_pos": [
        -15.658064842224121,
        -0.14822547137737274
      ],
      "reward_shaping": null,
      "score": null,
      "step": 9,
      "team0_centroid": [
        -3.0663260146975517,
        -0.6223486959934235
      ],
      "team0_step_reward": -2.0,
      "team1_centroid": [
        2.4670922458171844,
        1.112398013472557
      ],
      "team1_step_reward": 1.9800000190734863,
      "winner": null
    }
  ],
  "team0_module": "local_true_teammate_info",
  "team1_module": "ceia_baseline_agent"
}