{
  "classification": {
    "labels": [
      "late_defensive_collapse",
      "territory_loss"
    ],
    "primary_label": "late_defensive_collapse"
  },
  "cumulative_team0_reward": -2.0,
  "cumulative_team1_reward": 1.9179999828338623,
  "episode_index": 268,
  "final_score": null,
  "final_team0_step_reward": -2.0,
  "final_team1_step_reward": 1.9179999828338623,
  "final_winner": null,
  "metrics": {
    "mean_ball_x": -7.268338739871979,
    "tail_mean_ball_x": -8.60525545279185,
    "team0_possession_ratio": null,
    "team0_progress_toward_goal": 0.0,
    "team0_shaping_reward_sum": 0.0,
    "team1_possession_ratio": null,
    "team1_progress_toward_goal": 0.0,
    "team1_shaping_reward_sum": 0.0
  },
  "outcome": "team1_win",
  "sampled_trace": [
    {
      "ball_pos": [
        1.6028250455856323,
        -0.6842050552368164
      ],
      "reward_shaping": null,
      "score": null,
      "step": 0,
      "team0_centroid": [
        -10.101345539093018,
        0.12584209442138672
      ],
      "team0_step_reward": 0.0,
      "team1_centroid": [
        8.981606006622314,
        -0.006203711032867432
      ],
      "team1_step_reward": 0.0,
      "winner": null
    },
    {
      "ball_pos": [
        -11.115713119506836,
        -6.349174976348877
      ],
      "reward_shaping": null,
      "score": null,
      "step": 10,
      "team0_centroid": [
        -6.020335912704468,
        -2.116428643465042
      ],
      "team0_step_reward": 0.0,
      "team1_centroid": [
        0.20709365606307983,
        -0.3617062121629715
      ],
      "team1_step_reward": 0.0,
      "winner": null
    },
    {
      "ball_pos": [
        -8.198196411132812,
        -6.579239368438721
      ],
      "reward_shaping": null,
      "score": null,
      "step": 20,
      "team0_centroid": [
        -6.807659983634949,
        -3.3407545685768127
      ],
      "team0_step_reward": 0.0,
      "team1_centroid": [
        -3.7037746906280518,
        -1.2738560438156128
      ],
      "team1_step_reward": 0.0,
      "winner": null
    },
    {
      "ball_pos": [
        -2.9514048099517822,
        -3.8031539916992188
      ],
      "reward_shaping": null,
      "score": null,
      "step": 30,
      "team0_centroid": [
        -6.848778963088989,
        -3.463325023651123
      ],
      "team0_step_reward": 0.0,
      "team1_centroid": [
        -0.7245616018772125,
        -2.6366761326789856
      ],
      "team1_step_reward": 0.0,
      "winner": null
    },
    {
      "ball_pos": [
        -15.164579391479492,
        2.9522016048431396
      ],
      "reward_shaping": null,
      "score": null,
      "step": 40,
      "team0_centroid": [
        -7.7626051902771,
        -1.308518409729004
      ],
      "team0_step_reward": -2.0,
      "team1_centroid": [
        -5.5748512744903564,
        -0.772518627345562
      ],
      "team1_step_reward": 1.9179999828338623,
      "winner": null
    }
  ],
  "steps": 41,
  "tail_trace": [
    {
      "ball_pos": [
        -11.816689491271973,
        -5.885091304779053
      ],
      "reward_shaping": null,
      "score": null,
      "step": 11,
      "team0_centroid": [
        -6.548126816749573,
        -2.0026400312781334
      ],
      "team0_step_reward": 0.0,
      "team1_centroid": [
        -0.37859028577804565,
        -0.4672190025448799
      ],
      "team1_step_reward": 0.0,
      "winner": null
    },
    {
      "ball_pos": [
        -12.409449577331543,
        -5.49268913269043
      ],
      "reward_shaping": null,
      "score": null,
      "step": 12,
      "team0_centroid": [
        -7.201374769210815,
        -1.9012563228607178
      ],
      "team0_step_reward": 0.0,
      "team1_centroid": [
        -1.19186070561409,
        -0.5742966085672379
      ],
      "team1_step_reward": 0.0,
      "winner": null
    },
    {
      "ball_pos": [
        -13.022653579711914,
        -5.381929874420166
      ],
      "reward_shaping": null,
      "score": null,
      "step": 13,
      "team0_centroid": [
        -8.074550032615662,
        -1.8735290467739105
      ],
      "team0_step_reward": 0.0,
      "team1_centroid": [
        -1.907972276210785,
        -0.711634736508131
      ],
      "team1_step_reward": 0.0,
      "winner": null
    },
    {
      "ball_pos": [
        -13.690521240234375,
        -5.58443546295166
      ],
      "reward_shaping": null,
      "score": null,
      "step": 14,
      "team0_centroid": [
        -8.578083515167236,
        -1.9019669592380524
      ],
      "team0_step_reward": 0.0,
      "team1_centroid": [
        -2.5286887884140015,
        -0.9472628645598888
      ],
      "team1_step_reward": 0.0,
      "winner": null
    },
    {
      "ball_pos": [
        -13.73093032836914,
        -5.436498165130615
      ],
      "reward_shaping": null,
      "score": null,
      "step": 15,
      "team0_centroid": [
        -8.555748581886292,
        -1.9869398474693298
      ],
      "team0_step_reward": 0.0,
      "team1_centroid": [
        -3.070721685886383,
        -1.1846905499696732
      ],
      "team1_step_reward": 0.0,
      "winner": null
    },
    {
      "ball_pos": [
        -13.508156776428223,
        -5.1413350105285645
      ],
      "reward_shaping": null,
      "score": null,
      "step": 16,
      "team0_centroid": [
        -8.525765180587769,
        -2.165303248912096
      ],
      "team0_step_reward": 0.0,
      "team1_centroid": [
        -3.172389343380928,
        -1.3759237378835678
      ],
      "team1_step_reward": 0.0,
      "winner": null
    },
    {
      "ball_pos": [
        -13.31688117980957,
        -4.887703895568848
      ],
      "reward_shaping": null,
      "score": null,
      "step": 17,
      "team0_centroid": [
        -8.254956126213074,
        -2.397713005542755
      ],
      "team0_step_reward": 0.0,
      "team1_centroid": [
        -3.118653953075409,
        -1.3813246488571167
      ],
      "team1_step_reward": 0.0,
      "winner": null
    },
    {
      "ball_pos": [
        -11.384908676147461,
        -5.744424343109131
      ],
      "reward_shaping": null,
      "score": null,
      "step": 18,
      "team0_centroid": [
        -7.697569966316223,
        -2.643633008003235
      ],
      "team0_step_reward": 0.0,
      "team1_centroid": [
        -3.3323901891708374,
        -1.3302183151245117
      ],
      "team1_step_reward": 0.0,
      "winner": null
    },
    {
      "ball_pos": [
        -9.508359909057617,
        -6.6137847900390625
      ],
      "reward_shaping": null,
      "score": null,
      "step": 19,
      "team0_centroid": [
        -7.170094609260559,
        -3.002618968486786
      ],
      "team0_step_reward": 0.0,
      "team1_centroid": [
        -3.584965705871582,
        -1.302973747253418
      ],
      "team1_step_reward": 0.0,
      "winner": null
    },
    {
      "ball_pos": [
        -8.198196411132812,
        -6.579239368438721
      ],
      "reward_shaping": null,
      "score": null,
      "step": 20,
      "team0_centroid": [
        -6.807659983634949,
        -3.3407545685768127
      ],
      "team0_step_reward": 0.0,
      "team1_centroid": [
        -3.7037746906280518,
        -1.2738560438156128
      ],
      "team1_step_reward": 0.0,
      "winner": null
    },
    {
      "ball_pos": [
        -7.255020618438721,
        -6.080117225646973
      ],
      "reward_shaping": null,
      "score": null,
      "step": 21,
      "team0_centroid": [
        -6.941072344779968,
        -3.6042449474334717
      ],
      "team0_step_reward": 0.0,
      "team1_centroid": [
        -3.6286380290985107,
        -1.2753875255584717
      ],
      "team1_step_reward": 0.0,
      "winner": null
    },
    {
      "ball_pos": [
        -6.445764064788818,
        -5.651954650878906
      ],
      "reward_shaping": null,
      "score": null,
      "step": 22,