{
  "classification": {
    "labels": [
      "unclear_loss"
    ],
    "primary_label": "unclear_loss"
  },
  "cumulative_team0_reward": -2.0,
  "cumulative_team1_reward": 1.9479999542236328,
  "episode_index": 193,
  "final_score": null,
  "final_team0_step_reward": -2.0,
  "final_team1_step_reward": 1.9479999542236328,
  "final_winner": null,
  "metrics": {
    "mean_ball_x": 7.084488822863652,
    "tail_mean_ball_x": 7.084488822863652,
    "team0_possession_ratio": null,
    "team0_progress_toward_goal": 0.0,
    "team0_shaping_reward_sum": 0.0,
    "team1_possession_ratio": null,
    "team1_progress_toward_goal": 0.0,
    "team1_shaping_reward_sum": 0.0
  },
  "outcome": "team1_win",
  "sampled_trace": [
    {
      "ball_pos": [
        -1.230675220489502,
        -1.5038776397705078
      ],
      "reward_shaping": null,
      "score": null,
      "step": 0,
      "team0_centroid": [
        11.16923189163208,
        -0.05066877603530884
      ],
      "team0_step_reward": 0.0,
      "team1_centroid": [
        -7.939620018005371,
        -0.056211113929748535
      ],
      "team1_step_reward": 0.0,
      "winner": null
    },
    {
      "ball_pos": [
        7.9485087394714355,
        -6.468979835510254
      ],
      "reward_shaping": null,
      "score": null,
      "step": 10,
      "team0_centroid": [
        5.4648891389369965,
        -2.868061900138855
      ],
      "team0_step_reward": 0.0,
      "team1_centroid": [
        -1.9600171148777008,
        -2.874097228050232
      ],
      "team1_step_reward": 0.0,
      "winner": null
    },
    {
      "ball_pos": [
        11.14680004119873,
        -4.651257038116455
      ],
      "reward_shaping": null,
      "score": null,
      "step": 20,
      "team0_centroid": [
        7.066216945648193,
        -5.000433087348938
      ],
      "team0_step_reward": 0.0,
      "team1_centroid": [
        2.1953785717487335,
        -2.8259849548339844
      ],
      "team1_step_reward": 0.0,
      "winner": null
    }
  ],
  "steps": 26,
  "tail_trace": [
    {
      "ball_pos": [
        -1.230675220489502,
        -1.5038776397705078
      ],
      "reward_shaping": null,
      "score": null,
      "step": 0,
      "team0_centroid": [
        11.16923189163208,
        -0.05066877603530884
      ],
      "team0_step_reward": 0.0,
      "team1_centroid": [
        -7.939620018005371,
        -0.056211113929748535
      ],
      "team1_step_reward": 0.0,
      "winner": null
    },
    {
      "ball_pos": [
        -1.230675220489502,
        -1.5038776397705078
      ],
      "reward_shaping": null,
      "score": null,
      "step": 1,
      "team0_centroid": [
        10.576377391815186,
        -0.04754376411437988
      ],
      "team0_step_reward": 0.0,
      "team1_centroid": [
        -7.380132436752319,
        -0.07920464873313904
      ],
      "team1_step_reward": 0.0,
      "winner": null
    },
    {
      "ball_pos": [
        -1.230675220489502,
        -1.5038776397705078
      ],
      "reward_shaping": null,
      "score": null,
      "step": 2,
      "team0_centroid": [
        9.991161823272705,
        -0.1451813280582428
      ],
      "team0_step_reward": 0.0,
      "team1_centroid": [
        -6.6076061725616455,
        -0.16240619122982025
      ],
      "team1_step_reward": 0.0,
      "winner": null
    },
    {
      "ball_pos": [
        -1.230675220489502,
        -1.5038776397705078
      ],
      "reward_shaping": null,
      "score": null,
      "step": 3,
      "team0_centroid": [
        9.551524639129639,
        -0.44749751687049866
      ],
      "team0_step_reward": 0.0,
      "team1_centroid": [
        -5.911625146865845,
        -0.3560043051838875
      ],
      "team1_step_reward": 0.0,
      "winner": null
    },
    {
      "ball_pos": [
        -1.230675220489502,
        -1.5038776397705078
      ],
      "reward_shaping": null,
      "score": null,
      "step": 4,
      "team0_centroid": [
        9.206743478775024,
        -0.8951147198677063
      ],
      "team0_step_reward": 0.0,
      "team1_centroid": [
        -5.174481630325317,
        -0.6785101443529129
      ],
      "team1_step_reward": 0.0,
      "winner": null
    },
    {
      "ball_pos": [
        -1.230675220489502,
        -1.5038776397705078
      ],
      "reward_shaping": null,
      "score": null,
      "step": 5,
      "team0_centroid": [
        8.70154333114624,
        -1.1991772167384624
      ],
      "team0_step_reward": 0.0,
      "team1_centroid": [
        -4.539495944976807,
        -1.1367350816726685
      ],
      "team1_step_reward": 0.0,
      "winner": null
    },
    {
      "ball_pos": [
        0.9973738193511963,
        -2.889932870864868
      ],
      "reward_shaping": null,
      "score": null,
      "step": 6,
      "team0_centroid": [
        7.682131290435791,
        -1.352558532729745
      ],
      "team0_step_reward": 0.0,
      "team1_centroid": [
        -3.9255087971687317,
        -1.6487703323364258
      ],
      "team1_step_reward": 0.0,
      "winner": null
    },
    {
      "ball_pos": [
        3.1509461402893066,
        -4.248086452484131
      ],
      "reward_shaping": null,
      "score": null,
      "step": 7,
      "team0_centroid": [
        6.373983144760132,
        -1.5246002599596977
      ],
      "team0_step_reward": 0.0,
      "team1_centroid": [
        -3.1274547278881073,
        -2.2051401138305664
      ],
      "team1_step_reward": 0.0,
      "winner": null
    },
    {
      "ball_pos": [
        5.056128978729248,
        -5.4496002197265625
      ],
      "reward_shaping": null,
      "score": null,
      "step": 8,
      "team0_centroid": [
        5.513864576816559,
        -1.8151523917913437
      ],
      "team0_step_reward": 0.0,
      "team1_centroid": [
        -2.414915770292282,
        -2.669641613960266
      ],
      "team1_step_reward": 0.0,
      "winner": null
    },
    {
      "ball_pos": [
        6.736790657043457,
        -6.509518623352051
      ],
      "reward_shaping": null,
      "score": null,
      "step": 9,
      "team0_centroid": [
        5.434489518404007,
        -2.29449400305748
      ],
      "team0_step_reward": 0.0,
      "team1_centroid": [
        -2.2622439861297607,
        -2.8117470741271973
      ],
      "team1_step_reward": 0.0,
      "winner": null
    },
    {
      "ball_pos": [
        7.9485087394714355,
        -6.468979835510254
      ],
      "reward_shaping": null,
      "score": null,
      "step": 10,
      "team0_centroid": [
        5.4648891389369965,
        -2.868061900138855
      ],
      "team0_step_reward": 0.0,
      "team1_centroid": [
        -1.9600171148777008,
        -2.874097228050232
      ],
      "team1_step_reward": 0.0,
      "winner": null
    },
    {
      "ball_pos": [
        8.829876899719238,
        -5.859379291534424
      ],
      "reward_shaping": null,
      "score": null,
      "step": 11,
      "team0_centroid": [
        5.439663201570511,
        -3.5345956087112427
      ],
      "team0_step_reward": 0.0,
      "team1_centroid": [
        -1.6207361221313477,
        -3.0629496574401855
      ],
      "team1_step_reward": 0.0,
      "winner": null
    },
    {
      "ball_pos": [
        9.586541175842285,
        -5.3366780281066895
      ],
      "reward_shaping": null,
      "score": null,
      "step": 12,
      "team0_centroid": [
        5.336358517408371,
        -4.074962854385376
      ],
      "team0_step_reward": 0.0,
      "team1_centroid": [
        -1.0678350925445557,
        -3.3482229709625244
      ],
      "team1_step_reward": 0.0,
      "winner": null
    },
    {
      "ball_pos": [
        10.230165481567383,
        -4.892066955566406
      ],
      "reward_shaping": null,
      "score": null,
      "step": 13,
      "team0_centroid": [
        5.296645464375615,
        -4.4414016008377075
      ],
      "team0_step_reward": 0.0,