{
  "classification": {
    "labels": [
      "late_defensive_collapse",
      "territory_loss"
    ],
    "primary_label": "late_defensive_collapse"
  },
  "cumulative_team0_reward": -2.0,
  "cumulative_team1_reward": 1.9404000043869019,
  "episode_index": 56,
  "final_score": null,
  "final_team0_step_reward": -2.0,
  "final_team1_step_reward": 1.9404000043869019,
  "final_winner": null,
  "metrics": {
    "mean_ball_x": -6.631045573949814,
    "tail_mean_ball_x": -6.631045573949814,
    "team0_possession_ratio": null,
    "team0_progress_toward_goal": 0.0,
    "team0_shaping_reward_sum": 0.0,
    "team1_possession_ratio": null,
    "team1_progress_toward_goal": 0.0,
    "team1_shaping_reward_sum": 0.0
  },
  "outcome": "team1_win",
  "sampled_trace": [
    {
      "ball_pos": [
        1.3626031875610352,
        -1.761897087097168
      ],
      "reward_shaping": null,
      "score": null,
      "step": 0,
      "team0_centroid": [
        -9.186157941818237,
        -0.050579726696014404
      ],
      "team0_step_reward": 0.0,
      "team1_centroid": [
        11.571798324584961,
        -0.08168041706085205
      ],
      "team1_step_reward": 0.0,
      "winner": null
    },
    {
      "ball_pos": [
        -12.777472496032715,
        5.885743141174316
      ],
      "reward_shaping": null,
      "score": null,
      "step": 10,
      "team0_centroid": [
        -5.565615892410278,
        -2.5502644181251526
      ],
      "team0_step_reward": 0.0,
      "team1_centroid": [
        3.3062182664871216,
        -2.6665894091129303
      ],
      "team1_step_reward": 0.0,
      "winner": null
    },
    {
      "ball_pos": [
        -5.181453227996826,
        -4.227852821350098
      ],
      "reward_shaping": null,
      "score": null,
      "step": 20,
      "team0_centroid": [
        -3.9528812170028687,
        -2.256616711616516
      ],
      "team0_step_reward": 0.0,
      "team1_centroid": [
        1.2104153633117676,
        -4.020407557487488
      ],
      "team1_step_reward": 0.0,
      "winner": null
    }
  ],
  "steps": 30,
  "tail_trace": [
    {
      "ball_pos": [
        1.3626031875610352,
        -1.761897087097168
      ],
      "reward_shaping": null,
      "score": null,
      "step": 0,
      "team0_centroid": [
        -9.186157941818237,
        -0.050579726696014404
      ],
      "team0_step_reward": 0.0,
      "team1_centroid": [
        11.571798324584961,
        -0.08168041706085205
      ],
      "team1_step_reward": 0.0,
      "winner": null
    },
    {
      "ball_pos": [
        1.3626031875610352,
        -1.761897087097168
      ],
      "reward_shaping": null,
      "score": null,
      "step": 1,
      "team0_centroid": [
        -9.274566650390625,
        -0.09903416037559509
      ],
      "team0_step_reward": 0.0,
      "team1_centroid": [
        10.703944683074951,
        -0.3320307731628418
      ],
      "team1_step_reward": 0.0,
      "winner": null
    },
    {
      "ball_pos": [
        1.3626031875610352,
        -1.761897087097168
      ],
      "reward_shaping": null,
      "score": null,
      "step": 2,
      "team0_centroid": [
        -8.936580657958984,
        -0.2896842062473297
      ],
      "team0_step_reward": 0.0,
      "team1_centroid": [
        9.463018894195557,
        -0.7076783031225204
      ],
      "team1_step_reward": 0.0,
      "winner": null
    },
    {
      "ball_pos": [
        1.3626031875610352,
        -1.761897087097168
      ],
      "reward_shaping": null,
      "score": null,
      "step": 3,
      "team0_centroid": [
        -8.266768097877502,
        -0.6780844628810883
      ],
      "team0_step_reward": 0.0,
      "team1_centroid": [
        7.767806529998779,
        -1.1389744728803635
      ],
      "team1_step_reward": 0.0,
      "winner": null
    },
    {
      "ball_pos": [
        1.3626031875610352,
        -1.761897087097168
      ],
      "reward_shaping": null,
      "score": null,
      "step": 4,
      "team0_centroid": [
        -7.3509721755981445,
        -1.2117062211036682
      ],
      "team0_step_reward": 0.0,
      "team1_centroid": [
        5.998796224594116,
        -1.6068472266197205
      ],
      "team1_step_reward": 0.0,
      "winner": null
    },
    {
      "ball_pos": [
        2.605375289916992,
        -2.0640015602111816
      ],
      "reward_shaping": null,
      "score": null,
      "step": 5,
      "team0_centroid": [
        -6.334144055843353,
        -1.8720847368240356
      ],
      "team0_step_reward": 0.0,
      "team1_centroid": [
        4.317295789718628,
        -2.0098350048065186
      ],
      "team1_step_reward": 0.0,
      "winner": null
    },
    {
      "ball_pos": [
        -0.9032068848609924,
        0.35611480474472046
      ],
      "reward_shaping": null,
      "score": null,
      "step": 6,
      "team0_centroid": [
        -5.839300751686096,
        -2.2642292976379395
      ],
      "team0_step_reward": 0.0,
      "team1_centroid": [
        3.6523126363754272,
        -2.3661047220230103
      ],
      "team1_step_reward": 0.0,
      "winner": null
    },
    {
      "ball_pos": [
        -4.971302032470703,
        2.306236505508423
      ],
      "reward_shaping": null,
      "score": null,
      "step": 7,
      "team0_centroid": [
        -5.687739014625549,
        -2.5194013118743896
      ],
      "team0_step_reward": 0.0,
      "team1_centroid": [
        3.5076143741607666,
        -2.5870584845542908
      ],
      "team1_step_reward": 0.0,
      "winner": null
    },
    {
      "ball_pos": [
        -8.604320526123047,
        4.047804832458496
      ],
      "reward_shaping": null,
      "score": null,
      "step": 8,
      "team0_centroid": [
        -5.64371383190155,
        -2.738468647003174
      ],
      "team0_step_reward": 0.0,
      "team1_centroid": [
        3.4321779012680054,
        -2.738090693950653
      ],
      "team1_step_reward": 0.0,
      "winner": null
    },
    {
      "ball_pos": [
        -11.844067573547363,
        5.600849151611328
      ],
      "reward_shaping": null,
      "score": null,
      "step": 9,
      "team0_centroid": [
        -5.618237614631653,
        -2.753747522830963
      ],
      "team0_step_reward": 0.0,
      "team1_centroid": [
        3.376802921295166,
        -2.76705664396286
      ],
      "team1_step_reward": 0.0,
      "winner": null
    },
    {
      "ball_pos": [
        -12.777472496032715,
        5.885743141174316
      ],
      "reward_shaping": null,
      "score": null,
      "step": 10,
      "team0_centroid": [
        -5.565615892410278,
        -2.5502644181251526
      ],
      "team0_step_reward": 0.0,
      "team1_centroid": [
        3.3062182664871216,
        -2.6665894091129303
      ],
      "team1_step_reward": 0.0,
      "winner": null
    },
    {
      "ball_pos": [
        -10.950858116149902,
        4.586559295654297
      ],
      "reward_shaping": null,
      "score": null,
      "step": 11,
      "team0_centroid": [
        -5.725603699684143,
        -2.363882899284363
      ],
      "team0_step_reward": 0.0,
      "team1_centroid": [
        3.4355456829071045,
        -2.446854420006275
      ],
      "team1_step_reward": 0.0,
      "winner": null
    },
    {
      "ball_pos": [
        -9.339993476867676,
        3.4402055740356445
      ],
      "reward_shaping": null,
      "score": null,
      "step": 12,
      "team0_centroid": [
        -5.995344877243042,
        -2.1852983832359314
      ],
      "team0_step_reward": 0.0,
      "team1_centroid": [
        3.445467472076416,
        -2.334859147667885
      ],
      "team1_step_reward": 0.0,
      "winner": null
    },
    {
      "ball_pos": [
        -7.9238481521606445,
        2.4324188232421875
      ],
      "reward_shaping": null,
      "score": null,
      "step": 13,
      "team0_centroid": [
        -5.96355664730072,
        -1.9469216763973236
      ],
      "team0_step_reward": 0.0,