{
  "classification": {
    "labels": [
      "late_defensive_collapse",
      "territory_loss"
    ],
    "primary_label": "late_defensive_collapse"
  },
  "cumulative_team0_reward": -2.0,
  "cumulative_team1_reward": 1.958799958229065,
  "episode_index": 234,
  "final_score": null,
  "final_team0_step_reward": -2.0,
  "final_team1_step_reward": 1.958799958229065,
  "final_winner": null,
  "metrics": {
    "mean_ball_x": -6.7629477977752686,
    "tail_mean_ball_x": -6.7629477977752686,
    "team0_possession_ratio": null,
    "team0_progress_toward_goal": 0.0,
    "team0_shaping_reward_sum": 0.0,
    "team1_possession_ratio": null,
    "team1_progress_toward_goal": 0.0,
    "team1_shaping_reward_sum": 0.0
  },
  "outcome": "team1_win",
  "sampled_trace": [
    {
      "ball_pos": [
        -0.5487349033355713,
        -0.6198515892028809
      ],
      "reward_shaping": null,
      "score": null,
      "step": 0,
      "team0_centroid": [
        -5.186224579811096,
        -0.07600241899490356
      ],
      "team0_step_reward": 0.0,
      "team1_centroid": [
        8.520580291748047,
        -0.0624198317527771
      ],
      "team1_step_reward": 0.0,
      "winner": null
    },
    {
      "ball_pos": [
        -7.568228721618652,
        2.852621555328369
      ],
      "reward_shaping": null,
      "score": null,
      "step": 10,
      "team0_centroid": [
        -4.335410118103027,
        0.5497356653213501
      ],
      "team0_step_reward": 0.0,
      "team1_centroid": [
        4.259726285934448,
        0.7004097104072571
      ],
      "team1_step_reward": 0.0,
      "winner": null
    },
    {
      "ball_pos": [
        -16.524883270263672,
        1.7492239475250244
      ],
      "reward_shaping": null,
      "score": null,
      "step": 20,
      "team0_centroid": [
        -12.2753005027771,
        2.4824365973472595
      ],
      "team0_step_reward": -2.0,
      "team1_centroid": [
        -5.497739195823669,
        2.9469850063323975
      ],
      "team1_step_reward": 1.958799958229065,
      "winner": null
    }
  ],
  "steps": 21,
  "tail_trace": [
    {
      "ball_pos": [
        -0.5487349033355713,
        -0.6198515892028809
      ],
      "reward_shaping": null,
      "score": null,
      "step": 0,
      "team0_centroid": [
        -5.186224579811096,
        -0.07600241899490356
      ],
      "team0_step_reward": 0.0,
      "team1_centroid": [
        8.520580291748047,
        -0.0624198317527771
      ],
      "team1_step_reward": 0.0,
      "winner": null
    },
    {
      "ball_pos": [
        -0.5487349033355713,
        -0.6198515892028809
      ],
      "reward_shaping": null,
      "score": null,
      "step": 1,
      "team0_centroid": [
        -4.855485200881958,
        -0.1701277792453766
      ],
      "team0_step_reward": 0.0,
      "team1_centroid": [
        7.709198474884033,
        -0.23767820000648499
      ],
      "team1_step_reward": 0.0,
      "winner": null
    },
    {
      "ball_pos": [
        -0.5487349033355713,
        -0.6198515892028809
      ],
      "reward_shaping": null,
      "score": null,
      "step": 2,
      "team0_centroid": [
        -4.127650737762451,
        -0.2622857093811035
      ],
      "team0_step_reward": 0.0,
      "team1_centroid": [
        6.834893703460693,
        -0.3965870141983032
      ],
      "team1_step_reward": 0.0,
      "winner": null
    },
    {
      "ball_pos": [
        -0.5487349033355713,
        -0.6198515892028809
      ],
      "reward_shaping": null,
      "score": null,
      "step": 3,
      "team0_centroid": [
        -2.8050715923309326,
        -0.45758362114429474
      ],
      "team0_step_reward": 0.0,
      "team1_centroid": [
        5.702414035797119,
        -0.5120348706841469
      ],
      "team1_step_reward": 0.0,
      "winner": null
    },
    {
      "ball_pos": [
        1.3054407835006714,
        -0.5325363278388977
      ],
      "reward_shaping": null,
      "score": null,
      "step": 4,
      "team0_centroid": [
        -1.3658188581466675,
        -0.7737375795841217
      ],
      "team0_step_reward": 0.0,
      "team1_centroid": [
        4.585197329521179,
        -0.5757971629500389
      ],
      "team1_step_reward": 0.0,
      "winner": null
    },
    {
      "ball_pos": [
        -0.7602933645248413,
        2.6660377979278564
      ],
      "reward_shaping": null,
      "score": null,
      "step": 5,
      "team0_centroid": [
        -0.4052737057209015,
        -1.0538851618766785
      ],
      "team0_step_reward": 0.0,
      "team1_centroid": [
        4.134563088417053,
        -0.552613215520978
      ],
      "team1_step_reward": 0.0,
      "winner": null
    },
    {
      "ball_pos": [
        -2.596040964126587,
        5.498167037963867
      ],
      "reward_shaping": null,
      "score": null,
      "step": 6,
      "team0_centroid": [
        -0.29935863614082336,
        -1.1693568229675293
      ],
      "team0_step_reward": 0.0,
      "team1_centroid": [
        4.389893412590027,
        -0.5161911845207214
      ],
      "team1_step_reward": 0.0,
      "winner": null
    },
    {
      "ball_pos": [
        -4.002503871917725,
        6.250897407531738
      ],
      "reward_shaping": null,
      "score": null,
      "step": 7,
      "team0_centroid": [
        -0.5641205012798309,
        -1.0131931602954865
      ],
      "team0_step_reward": 0.0,
      "team1_centroid": [
        4.732526898384094,
        -0.34592415392398834
      ],
      "team1_step_reward": 0.0,
      "winner": null
    },
    {
      "ball_pos": [
        -4.922091007232666,
        4.505985736846924
      ],
      "reward_shaping": null,
      "score": null,
      "step": 8,
      "team0_centroid": [
        -1.3428207784891129,
        -0.6026296764612198
      ],
      "team0_step_reward": 0.0,
      "team1_centroid": [
        5.0090062618255615,
        0.006155639886856079
      ],
      "team1_step_reward": 0.0,
      "winner": null
    },
    {
      "ball_pos": [
        -5.730886459350586,
        2.972322463989258
      ],
      "reward_shaping": null,
      "score": null,
      "step": 9,
      "team0_centroid": [
        -2.6553410291671753,
        -0.0350707471370697
      ],
      "team0_step_reward": 0.0,
      "team1_centroid": [
        4.949888348579407,
        0.33271312713623047
      ],
      "team1_step_reward": 0.0,
      "winner": null
    },
    {
      "ball_pos": [
        -7.568228721618652,
        2.852621555328369
      ],
      "reward_shaping": null,
      "score": null,
      "step": 10,
      "team0_centroid": [
        -4.335410118103027,
        0.5497356653213501
      ],
      "team0_step_reward": 0.0,
      "team1_centroid": [
        4.259726285934448,
        0.7004097104072571
      ],
      "team1_step_reward": 0.0,
      "winner": null
    },
    {
      "ball_pos": [
        -10.74311351776123,
        4.463072299957275
      ],
      "reward_shaping": null,
      "score": null,
      "step": 11,
      "team0_centroid": [
        -6.3020665645599365,
        1.0736419558525085
      ],
      "team0_step_reward": 0.0,
      "team1_centroid": [
        3.272014856338501,
        1.1169112399220467
      ],
      "team1_step_reward": 0.0,
      "winner": null
    },
    {
      "ball_pos": [
        -13.57249927520752,
        5.890110015869141
      ],
      "reward_shaping": null,
      "score": null,
      "step": 12,
      "team0_centroid": [
        -8.542382001876831,
        1.532517060637474
      ],
      "team0_step_reward": 0.0,
      "team1_centroid": [
        2.1468823552131653,
        1.415484294295311
      ],
      "team1_step_reward": 0.0,
      "winner": null
    },
    {
      "ball_pos": [
        -12.540206909179688,
        5.282412052154541
      ],
      "reward_shaping": null,
      "score": null,
      "step": 13,
      "team0_centroid": [
        -10.480063438415527,
        1.7241238355636597
      ],