{
  "classification": {
    "labels": [
      "unclear_loss"
    ],
    "primary_label": "unclear_loss"
  },
  "cumulative_team0_reward": -2.0,
  "cumulative_team1_reward": 1.979599952697754,
  "episode_index": 7,
  "final_score": null,
  "final_team0_step_reward": -2.0,
  "final_team1_step_reward": 1.979599952697754,
  "final_winner": null,
  "metrics": {
    "mean_ball_x": 4.632684952020645,
    "tail_mean_ball_x": 4.632684952020645,
    "team0_possession_ratio": null,
    "team0_progress_toward_goal": 0.0,
    "team0_shaping_reward_sum": 0.0,
    "team1_possession_ratio": null,
    "team1_progress_toward_goal": 0.0,
    "team1_shaping_reward_sum": 0.0
  },
  "outcome": "team1_win",
  "sampled_trace": [
    {
      "ball_pos": [
        -1.2252137660980225,
        -0.5497446060180664
      ],
      "reward_shaping": null,
      "score": null,
      "step": 0,
      "team0_centroid": [
        9.273239374160767,
        0.13775646686553955
      ],
      "team0_step_reward": 0.0,
      "team1_centroid": [
        -5.908859610557556,
        -0.06835204362869263
      ],
      "team1_step_reward": 0.0,
      "winner": null
    }
  ],
  "steps": 10,
  "tail_trace": [
    {
      "ball_pos": [
        -1.2252137660980225,
        -0.5497446060180664
      ],
      "reward_shaping": null,
      "score": null,
      "step": 0,
      "team0_centroid": [
        9.273239374160767,
        0.13775646686553955
      ],
      "team0_step_reward": 0.0,
      "team1_centroid": [
        -5.908859610557556,
        -0.06835204362869263
      ],
      "team1_step_reward": 0.0,
      "winner": null
    },
    {
      "ball_pos": [
        -1.2252137660980225,
        -0.5497446060180664
      ],
      "reward_shaping": null,
      "score": null,
      "step": 1,
      "team0_centroid": [
        8.785594701766968,
        0.3294856548309326
      ],
      "team0_step_reward": 0.0,
      "team1_centroid": [
        -5.650435090065002,
        -0.2800092101097107
      ],
      "team1_step_reward": 0.0,
      "winner": null
    },
    {
      "ball_pos": [
        -1.2252137660980225,
        -0.5497446060180664
      ],
      "reward_shaping": null,
      "score": null,
      "step": 2,
      "team0_centroid": [
        7.6278393268585205,
        0.43445885181427
      ],
      "team0_step_reward": 0.0,
      "team1_centroid": [
        -5.323432683944702,
        -0.6428078562021255
      ],
      "team1_step_reward": 0.0,
      "winner": null
    },
    {
      "ball_pos": [
        -1.2252137660980225,
        -0.5497446060180664
      ],
      "reward_shaping": null,
      "score": null,
      "step": 3,
      "team0_centroid": [
        6.2398200035095215,
        0.4724579155445099
      ],
      "team0_step_reward": 0.0,
      "team1_centroid": [
        -4.5878907442092896,
        -0.9991797208786011
      ],
      "team1_step_reward": 0.0,
      "winner": null
    },
    {
      "ball_pos": [
        0.4290662407875061,
        -0.7229022979736328
      ],
      "reward_shaping": null,
      "score": null,
      "step": 4,
      "team0_centroid": [
        4.836515188217163,
        0.5356347039341927
      ],
      "team0_step_reward": 0.0,
      "team1_centroid": [
        -3.2820470929145813,
        -1.2541806101799011
      ],
      "team1_step_reward": 0.0,
      "winner": null
    },
    {
      "ball_pos": [
        3.6257448196411133,
        -1.3792527914047241
      ],
      "reward_shaping": null,
      "score": null,
      "step": 5,
      "team0_centroid": [
        3.952254891395569,
        0.5078601390123367
      ],
      "team0_step_reward": 0.0,
      "team1_centroid": [
        -1.7985852509737015,
        -1.430110514163971
      ],
      "team1_step_reward": 0.0,
      "winner": null
    },
    {
      "ball_pos": [
        7.297053337097168,
        -2.0525214672088623
      ],
      "reward_shaping": null,
      "score": null,
      "step": 6,
      "team0_centroid": [
        3.4996961057186127,
        0.3013860583305359
      ],
      "team0_step_reward": 0.0,
      "team1_centroid": [
        -0.34422099590301514,
        -1.5770161747932434
      ],
      "team1_step_reward": 0.0,
      "winner": null
    },
    {
      "ball_pos": [
        10.567403793334961,
        -2.652228593826294
      ],
      "reward_shaping": null,
      "score": null,
      "step": 7,
      "team0_centroid": [
        3.4476837515830994,
        -0.020141303539276123
      ],
      "team0_step_reward": 0.0,
      "team1_centroid": [
        0.8903296589851379,
        -1.65977281332016
      ],
      "team1_step_reward": 0.0,
      "winner": null
    },
    {
      "ball_pos": [
        13.475314140319824,
        -3.1854724884033203
      ],
      "reward_shaping": null,
      "score": null,
      "step": 8,
      "team0_centroid": [
        3.749151349067688,
        -0.28589706122875214
      ],
      "team0_step_reward": 0.0,
      "team1_centroid": [
        1.657138466835022,
        -1.7178952097892761
      ],
      "team1_step_reward": 0.0,
      "winner": null
    },
    {
      "ball_pos": [
        15.833122253417969,
        -3.4912257194519043
      ],
      "reward_shaping": null,
      "score": null,
      "step": 9,
      "team0_centroid": [
        4.0156508684158325,
        -0.5378990136086941
      ],
      "team0_step_reward": -2.0,
      "team1_centroid": [
        2.1470947265625,
        -1.744368314743042
      ],
      "team1_step_reward": 1.979599952697754,
      "winner": null
    }
  ],
  "team0_module": "local_true_teammate_info",
  "team1_module": "ceia_baseline_agent"
}