{
  "classification": {
    "labels": [
      "unclear_loss"
    ],
    "primary_label": "unclear_loss"
  },
  "cumulative_team0_reward": -2.0,
  "cumulative_team1_reward": 1.936400055885315,
  "episode_index": 39,
  "final_score": null,
  "final_team0_step_reward": -2.0,
  "final_team1_step_reward": 1.936400055885315,
  "final_winner": null,
  "metrics": {
    "mean_ball_x": 6.759563252329826,
    "tail_mean_ball_x": 7.240379683176676,
    "team0_possession_ratio": null,
    "team0_progress_toward_goal": 0.0,
    "team0_shaping_reward_sum": 0.0,
    "team1_possession_ratio": null,
    "team1_progress_toward_goal": 0.0,
    "team1_shaping_reward_sum": 0.0
  },
  "outcome": "team1_win",
  "sampled_trace": [
    {
      "ball_pos": [
        -0.4526832103729248,
        -1.471925973892212
      ],
      "reward_shaping": null,
      "score": null,
      "step": 0,
      "team0_centroid": [
        7.885940313339233,
        -0.13735121488571167
      ],
      "team0_step_reward": 0.0,
      "team1_centroid": [
        -10.123184204101562,
        -0.08671063184738159
      ],
      "team1_step_reward": 0.0,
      "winner": null
    },
    {
      "ball_pos": [
        6.070638656616211,
        6.9041242599487305
      ],
      "reward_shaping": null,
      "score": null,
      "step": 10,
      "team0_centroid": [
        2.5399034917354584,
        -2.1829749941825867
      ],
      "team0_step_reward": 0.0,
      "team1_centroid": [
        -3.9967275261878967,
        0.03340578079223633
      ],
      "team1_step_reward": 0.0,
      "winner": null
    },
    {
      "ball_pos": [
        9.519007682800293,
        0.9697948694229126
      ],
      "reward_shaping": null,
      "score": null,
      "step": 20,
      "team0_centroid": [
        8.884653806686401,
        0.07226961851119995
      ],
      "team0_step_reward": 0.0,
      "team1_centroid": [
        0.006093800067901611,
        1.1919968128204346
      ],
      "team1_step_reward": 0.0,
      "winner": null
    },
    {
      "ball_pos": [
        14.079475402832031,
        2.0296285152435303
      ],
      "reward_shaping": null,
      "score": null,
      "step": 30,
      "team0_centroid": [
        8.190479755401611,
        -1.4172616004943848
      ],
      "team0_step_reward": 0.0,
      "team1_centroid": [
        6.380304574966431,
        -2.638089954853058
      ],
      "team1_step_reward": 0.0,
      "winner": null
    }
  ],
  "steps": 32,
  "tail_trace": [
    {
      "ball_pos": [
        -0.4526832103729248,
        -1.471925973892212
      ],
      "reward_shaping": null,
      "score": null,
      "step": 2,
      "team0_centroid": [
        6.784512758255005,
        -0.6685750186443329
      ],
      "team0_step_reward": 0.0,
      "team1_centroid": [
        -8.961491584777832,
        -0.2999619245529175
      ],
      "team1_step_reward": 0.0,
      "winner": null
    },
    {
      "ball_pos": [
        -0.4526832103729248,
        -1.471925973892212
      ],
      "reward_shaping": null,
      "score": null,
      "step": 3,
      "team0_centroid": [
        5.641771197319031,
        -0.9154160767793655
      ],
      "team0_step_reward": 0.0,
      "team1_centroid": [
        -8.050264358520508,
        -0.33049896359443665
      ],
      "team1_step_reward": 0.0,
      "winner": null
    },
    {
      "ball_pos": [
        -0.4526832103729248,
        -1.471925973892212
      ],
      "reward_shaping": null,
      "score": null,
      "step": 4,
      "team0_centroid": [
        4.1630799770355225,
        -1.1236553192138672
      ],
      "team0_step_reward": 0.0,
      "team1_centroid": [
        -7.093414306640625,
        -0.48795244097709656
      ],
      "team1_step_reward": 0.0,
      "winner": null
    },
    {
      "ball_pos": [
        -0.4526832103729248,
        -1.471925973892212
      ],
      "reward_shaping": null,
      "score": null,
      "step": 5,
      "team0_centroid": [
        3.067525178194046,
        -1.4063397645950317
      ],
      "team0_step_reward": 0.0,
      "team1_centroid": [
        -6.180666208267212,
        -0.6638398891082034
      ],
      "team1_step_reward": 0.0,
      "winner": null
    },
    {
      "ball_pos": [
        -0.9538774490356445,
        -0.30000588297843933
      ],
      "reward_shaping": null,
      "score": null,
      "step": 6,
      "team0_centroid": [
        2.2450009882450104,
        -1.8035749197006226
      ],
      "team0_step_reward": 0.0,
      "team1_centroid": [
        -5.246489405632019,
        -0.7549363225698471
      ],
      "team1_step_reward": 0.0,
      "winner": null
    },
    {
      "ball_pos": [
        1.1692214012145996,
        2.005903482437134
      ],
      "reward_shaping": null,
      "score": null,
      "step": 7,
      "team0_centroid": [
        1.9156671166419983,
        -2.427733540534973
      ],
      "team0_step_reward": 0.0,
      "team1_centroid": [
        -4.989248156547546,
        -0.6555584818124771
      ],
      "team1_step_reward": 0.0,
      "winner": null
    },
    {
      "ball_pos": [
        3.0550765991210938,
        4.054234981536865
      ],
      "reward_shaping": null,
      "score": null,
      "step": 8,
      "team0_centroid": [
        1.948410451412201,
        -2.736322283744812
      ],
      "team0_step_reward": 0.0,
      "team1_centroid": [
        -4.609546899795532,
        -0.531473308801651
      ],
      "team1_step_reward": 0.0,
      "winner": null
    },
    {
      "ball_pos": [
        4.726530075073242,
        5.869692802429199
      ],
      "reward_shaping": null,
      "score": null,
      "step": 9,
      "team0_centroid": [
        2.355870470404625,
        -2.6015199422836304
      ],
      "team0_step_reward": 0.0,
      "team1_centroid": [
        -4.220790803432465,
        -0.2882099151611328
      ],
      "team1_step_reward": 0.0,
      "winner": null
    },
    {
      "ball_pos": [
        6.070638656616211,
        6.9041242599487305
      ],
      "reward_shaping": null,
      "score": null,
      "step": 10,
      "team0_centroid": [
        2.5399034917354584,
        -2.1829749941825867
      ],
      "team0_step_reward": 0.0,
      "team1_centroid": [
        -3.9967275261878967,
        0.03340578079223633
      ],
      "team1_step_reward": 0.0,
      "winner": null
    },
    {
      "ball_pos": [
        6.688960075378418,
        5.833673477172852
      ],
      "reward_shaping": null,
      "score": null,
      "step": 11,
      "team0_centroid": [
        2.6060165762901306,
        -1.7715891003608704
      ],
      "team0_step_reward": 0.0,
      "team1_centroid": [
        -3.6441519260406494,
        0.3288642168045044
      ],
      "team1_step_reward": 0.0,
      "winner": null
    },
    {
      "ball_pos": [
        7.226213455200195,
        4.910205841064453
      ],
      "reward_shaping": null,
      "score": null,
      "step": 12,
      "team0_centroid": [
        2.7798744440078735,
        -1.4964318722486496
      ],
      "team0_step_reward": 0.0,
      "team1_centroid": [
        -3.2306667864322662,
        0.5754215717315674
      ],
      "team1_step_reward": 0.0,
      "winner": null
    },
    {
      "ball_pos": [
        7.687243938446045,
        4.117875576019287
      ],
      "reward_shaping": null,
      "score": null,
      "step": 13,
      "team0_centroid": [
        3.2180795669555664,
        -1.1494984924793243
      ],
      "team0_step_reward": 0.0,
      "team1_centroid": [
        -2.680517256259918,
        0.8961349725723267
      ],
      "team1_step_reward": 0.0,
      "winner": null
    },
    {
      "ball_pos": [
        8.07931900024414,
        3.4440512657165527
      ],
      "reward_shaping": null,
      "score": null,
      "step": 14,
      "team0_centroid": [
        3.643587589263916,
        -0.8147189021110535
      ],
      "team0_step_reward": 0.0,