{
  "classification": {
    "labels": [
      "late_defensive_collapse",
      "territory_loss"
    ],
    "primary_label": "late_defensive_collapse"
  },
  "cumulative_team0_reward": -2.0,
  "cumulative_team1_reward": 1.885200023651123,
  "episode_index": 370,
  "final_score": null,
  "final_team0_step_reward": -2.0,
  "final_team1_step_reward": 1.885200023651123,
  "final_winner": null,
  "metrics": {
    "mean_ball_x": -6.726174582695139,
    "tail_mean_ball_x": -6.981102124849955,
    "team0_possession_ratio": null,
    "team0_progress_toward_goal": 0.0,
    "team0_shaping_reward_sum": 0.0,
    "team1_possession_ratio": null,
    "team1_progress_toward_goal": 0.0,
    "team1_shaping_reward_sum": 0.0
  },
  "outcome": "team1_win",
  "sampled_trace": [
    {
      "ball_pos": [
        0.33622416853904724,
        -1.7917383909225464
      ],
      "reward_shaping": null,
      "score": null,
      "step": 0,
      "team0_centroid": [
        -10.437806606292725,
        -0.0837775468826294
      ],
      "team0_step_reward": 0.0,
      "team1_centroid": [
        4.817240953445435,
        0.03863084316253662
      ],
      "team1_step_reward": 0.0,
      "winner": null
    },
    {
      "ball_pos": [
        -6.7067389488220215,
        -6.314768314361572
      ],
      "reward_shaping": null,
      "score": null,
      "step": 10,
      "team0_centroid": [
        -6.844433784484863,
        -3.4492255449295044
      ],
      "team0_step_reward": 0.0,
      "team1_centroid": [
        -4.419173955917358,
        -2.7207243740558624
      ],
      "team1_step_reward": 0.0,
      "winner": null
    },
    {
      "ball_pos": [
        -7.689846992492676,
        -2.1836066246032715
      ],
      "reward_shaping": null,
      "score": null,
      "step": 20,
      "team0_centroid": [
        -10.080802917480469,
        -3.3180888891220093
      ],
      "team0_step_reward": 0.0,
      "team1_centroid": [
        -4.286167860031128,
        -3.651410460472107
      ],
      "team1_step_reward": 0.0,
      "winner": null
    },
    {
      "ball_pos": [
        -1.611196756362915,
        5.06204891204834
      ],
      "reward_shaping": null,
      "score": null,
      "step": 30,
      "team0_centroid": [
        -6.94804847240448,
        3.029152274131775
      ],
      "team0_step_reward": 0.0,
      "team1_centroid": [
        -0.09760433435440063,
        1.8441697657108307
      ],
      "team1_step_reward": 0.0,
      "winner": null
    },
    {
      "ball_pos": [
        -6.369197845458984,
        4.537360191345215
      ],
      "reward_shaping": null,
      "score": null,
      "step": 40,
      "team0_centroid": [
        -7.1794655323028564,
        1.8455218076705933
      ],
      "team0_step_reward": 0.0,
      "team1_centroid": [
        -0.732980489730835,
        2.2395797967910767
      ],
      "team1_step_reward": 0.0,
      "winner": null
    },
    {
      "ball_pos": [
        -9.817211151123047,
        6.0179219245910645
      ],
      "reward_shaping": null,
      "score": null,
      "step": 50,
      "team0_centroid": [
        -7.583978652954102,
        1.4737854897975922
      ],
      "team0_step_reward": 0.0,
      "team1_centroid": [
        -3.45899860560894,
        3.385136842727661
      ],
      "team1_step_reward": 0.0,
      "winner": null
    }
  ],
  "steps": 58,
  "tail_trace": [
    {
      "ball_pos": [
        -2.429119110107422,
        6.846440315246582
      ],
      "reward_shaping": null,
      "score": null,
      "step": 28,
      "team0_centroid": [
        -8.004310131072998,
        1.556526392698288
      ],
      "team0_step_reward": 0.0,
      "team1_centroid": [
        -0.8920008689165115,
        0.7785841226577759
      ],
      "team1_step_reward": 0.0,
      "winner": null
    },
    {
      "ball_pos": [
        -1.9608125686645508,
        6.15798282623291
      ],
      "reward_shaping": null,
      "score": null,
      "step": 29,
      "team0_centroid": [
        -7.516961693763733,
        2.2699305415153503
      ],
      "team0_step_reward": 0.0,
      "team1_centroid": [
        -0.33441370725631714,
        1.4267932176589966
      ],
      "team1_step_reward": 0.0,
      "winner": null
    },
    {
      "ball_pos": [
        -1.611196756362915,
        5.06204891204834
      ],
      "reward_shaping": null,
      "score": null,
      "step": 30,
      "team0_centroid": [
        -6.94804847240448,
        3.029152274131775
      ],
      "team0_step_reward": 0.0,
      "team1_centroid": [
        -0.09760433435440063,
        1.8441697657108307
      ],
      "team1_step_reward": 0.0,
      "winner": null
    },
    {
      "ball_pos": [
        -1.3091423511505127,
        4.118420600891113
      ],
      "reward_shaping": null,
      "score": null,
      "step": 31,
      "team0_centroid": [
        -6.593163967132568,
        3.6445261240005493
      ],
      "team0_step_reward": 0.0,
      "team1_centroid": [
        -0.017986297607421875,
        2.2359568178653717
      ],
      "team1_step_reward": 0.0,
      "winner": null
    },
    {
      "ball_pos": [
        -1.051051139831543,
        3.31215500831604
      ],
      "reward_shaping": null,
      "score": null,
      "step": 32,
      "team0_centroid": [
        -6.09532630443573,
        4.073355555534363
      ],
      "team0_step_reward": 0.0,
      "team1_centroid": [
        -0.1398603469133377,
        2.5850649178028107
      ],
      "team1_step_reward": 0.0,
      "winner": null
    },
    {
      "ball_pos": [
        -0.8327050805091858,
        2.630051612854004
      ],
      "reward_shaping": null,
      "score": null,
      "step": 33,
      "team0_centroid": [
        -5.827538967132568,
        4.238712787628174
      ],
      "team0_step_reward": 0.0,
      "team1_centroid": [
        -0.26169823110103607,
        2.802824229001999
      ],
      "team1_step_reward": 0.0,
      "winner": null
    },
    {
      "ball_pos": [
        -0.6502856612205505,
        2.0601816177368164
      ],
      "reward_shaping": null,
      "score": null,
      "step": 34,
      "team0_centroid": [
        -6.003697454929352,
        4.2126805782318115
      ],
      "team0_step_reward": 0.0,
      "team1_centroid": [
        -0.2059401199221611,
        2.9242550134658813
      ],
      "team1_step_reward": 0.0,
      "winner": null
    },
    {
      "ball_pos": [
        -1.7953274250030518,
        2.5727102756500244
      ],
      "reward_shaping": null,
      "score": null,
      "step": 35,
      "team0_centroid": [
        -6.492584764957428,
        3.9757496118545532
      ],
      "team0_step_reward": 0.0,
      "team1_centroid": [
        -0.0041148364543914795,
        2.981967508792877
      ],
      "team1_step_reward": 0.0,
      "winner": null
    },
    {
      "ball_pos": [
        -3.0025529861450195,
        3.091733694076538
      ],
      "reward_shaping": null,
      "score": null,
      "step": 36,
      "team0_centroid": [
        -6.9703115820884705,
        3.5536978244781494
      ],
      "team0_step_reward": 0.0,
      "team1_centroid": [
        0.20316848158836365,
        2.9042985439300537
      ],
      "team1_step_reward": 0.0,
      "winner": null
    },
    {
      "ball_pos": [
        -4.048946380615234,
        3.541053533554077
      ],
      "reward_shaping": null,
      "score": null,
      "step": 37,
      "team0_centroid": [
        -7.2981497049331665,
        3.020835518836975
      ],
      "team0_step_reward": 0.0,
      "team1_centroid": [
        0.2761259078979492,
        2.764633536338806
      ],
      "team1_step_reward": 0.0,
      "winner": null
    },
    {
      "ball_pos": [
        -4.9497504234313965,
        3.9278552532196045
      ],
      "reward_shaping": null,
      "score": null,
      "step": 38,
      "team0_centroid": [
        -7.525509238243103,
        2.585324376821518
      ],
      "team0_step_reward": 0.0,