{
  "classification": {
    "labels": [
      "unclear_loss"
    ],
    "primary_label": "unclear_loss"
  },
  "cumulative_team0_reward": -2.0,
  "cumulative_team1_reward": 1.9332000017166138,
  "episode_index": 439,
  "final_score": null,
  "final_team0_step_reward": -2.0,
  "final_team1_step_reward": 1.9332000017166138,
  "final_winner": null,
  "metrics": {
    "mean_ball_x": 3.0304923530887153,
    "tail_mean_ball_x": 3.5707212666670483,
    "team0_possession_ratio": null,
    "team0_progress_toward_goal": 0.0,
    "team0_shaping_reward_sum": 0.0,
    "team1_possession_ratio": null,
    "team1_progress_toward_goal": 0.0,
    "team1_shaping_reward_sum": 0.0
  },
  "outcome": "team1_win",
  "sampled_trace": [
    {
      "ball_pos": [
        -1.0212244987487793,
        0.6119813919067383
      ],
      "reward_shaping": null,
      "score": null,
      "step": 0,
      "team0_centroid": [
        12.028286457061768,
        0.0940350890159607
      ],
      "team0_step_reward": 0.0,
      "team1_centroid": [
        -11.219996929168701,
        -0.06912773847579956
      ],
      "team1_step_reward": 0.0,
      "winner": null
    },
    {
      "ball_pos": [
        1.60028874874115,
        1.8057411909103394
      ],
      "reward_shaping": null,
      "score": null,
      "step": 10,
      "team0_centroid": [
        9.420447707176208,
        1.9391989707946777
      ],
      "team0_step_reward": 0.0,
      "team1_centroid": [
        -0.41106075793504715,
        0.6803454160690308
      ],
      "team1_step_reward": 0.0,
      "winner": null
    },
    {
      "ball_pos": [
        3.4005725383758545,
        5.090373516082764
      ],
      "reward_shaping": null,
      "score": null,
      "step": 20,
      "team0_centroid": [
        5.10040557384491,
        1.2696220576763153
      ],
      "team0_step_reward": 0.0,
      "team1_centroid": [
        2.029408276081085,
        2.5731852650642395
      ],
      "team1_step_reward": 0.0,
      "winner": null
    },
    {
      "ball_pos": [
        7.383358478546143,
        2.4308104515075684
      ],
      "reward_shaping": null,
      "score": null,
      "step": 30,
      "team0_centroid": [
        7.706499338150024,
        3.7218756675720215
      ],
      "team0_step_reward": 0.0,
      "team1_centroid": [
        0.15294420719146729,
        2.0730308443307877
      ],
      "team1_step_reward": 0.0,
      "winner": null
    }
  ],
  "steps": 34,
  "tail_trace": [
    {
      "ball_pos": [
        -1.0212244987487793,
        0.6119813919067383
      ],
      "reward_shaping": null,
      "score": null,
      "step": 4,
      "team0_centroid": [
        9.699969291687012,
        1.1292097717523575
      ],
      "team0_step_reward": 0.0,
      "team1_centroid": [
        -8.231107234954834,
        0.35908474028110504
      ],
      "team1_step_reward": 0.0,
      "winner": null
    },
    {
      "ball_pos": [
        -1.0212244987487793,
        0.6119813919067383
      ],
      "reward_shaping": null,
      "score": null,
      "step": 5,
      "team0_centroid": [
        9.15696096420288,
        1.3983597159385681
      ],
      "team0_step_reward": 0.0,
      "team1_centroid": [
        -6.845220565795898,
        0.5316085442900658
      ],
      "team1_step_reward": 0.0,
      "winner": null
    },
    {
      "ball_pos": [
        -1.0212244987487793,
        0.6119813919067383
      ],
      "reward_shaping": null,
      "score": null,
      "step": 6,
      "team0_centroid": [
        8.529253959655762,
        1.512203425168991
      ],
      "team0_step_reward": 0.0,
      "team1_centroid": [
        -5.218890428543091,
        0.8550011962652206
      ],
      "team1_step_reward": 0.0,
      "winner": null
    },
    {
      "ball_pos": [
        -1.0212244987487793,
        0.6119813919067383
      ],
      "reward_shaping": null,
      "score": null,
      "step": 7,
      "team0_centroid": [
        8.175247430801392,
        1.572503685951233
      ],
      "team0_step_reward": 0.0,
      "team1_centroid": [
        -3.7313196659088135,
        1.1006358563899994
      ],
      "team1_step_reward": 0.0,
      "winner": null
    },
    {
      "ball_pos": [
        -1.0212244987487793,
        0.6119813919067383
      ],
      "reward_shaping": null,
      "score": null,
      "step": 8,
      "team0_centroid": [
        8.328781843185425,
        1.6452818512916565
      ],
      "team0_step_reward": 0.0,
      "team1_centroid": [
        -2.3703887462615967,
        1.1610251367092133
      ],
      "team1_step_reward": 0.0,
      "winner": null
    },
    {
      "ball_pos": [
        0.11385029554367065,
        0.9672418236732483
      ],
      "reward_shaping": null,
      "score": null,
      "step": 9,
      "team0_centroid": [
        8.873802423477173,
        1.7269936203956604
      ],
      "team0_step_reward": 0.0,
      "team1_centroid": [
        -1.2226493060588837,
        1.0174521282315254
      ],
      "team1_step_reward": 0.0,
      "winner": null
    },
    {
      "ball_pos": [
        1.60028874874115,
        1.8057411909103394
      ],
      "reward_shaping": null,
      "score": null,
      "step": 10,
      "team0_centroid": [
        9.420447707176208,
        1.9391989707946777
      ],
      "team0_step_reward": 0.0,
      "team1_centroid": [
        -0.41106075793504715,
        0.6803454160690308
      ],
      "team1_step_reward": 0.0,
      "winner": null
    },
    {
      "ball_pos": [
        1.9831868410110474,
        3.1907308101654053
      ],
      "reward_shaping": null,
      "score": null,
      "step": 11,
      "team0_centroid": [
        9.54999828338623,
        2.1095940470695496
      ],
      "team0_step_reward": 0.0,
      "team1_centroid": [
        0.34362471103668213,
        0.4500918388366699
      ],
      "team1_step_reward": 0.0,
      "winner": null
    },
    {
      "ball_pos": [
        2.335864543914795,
        4.396672248840332
      ],
      "reward_shaping": null,
      "score": null,
      "step": 12,
      "team0_centroid": [
        9.48911201953888,
        2.2089304327964783
      ],
      "team0_step_reward": 0.0,
      "team1_centroid": [
        0.7756065428256989,
        0.5433193445205688
      ],
      "team1_step_reward": 0.0,
      "winner": null
    },
    {
      "ball_pos": [
        2.6408965587615967,
        5.439687252044678
      ],
      "reward_shaping": null,
      "score": null,
      "step": 13,
      "team0_centroid": [
        9.052037954330444,
        2.3375972509384155
      ],
      "team0_step_reward": 0.0,
      "team1_centroid": [
        1.261952519416809,
        0.7186663150787354
      ],
      "team1_step_reward": 0.0,
      "winner": null
    },
    {
      "ball_pos": [
        2.9028587341308594,
        6.335429668426514
      ],
      "reward_shaping": null,
      "score": null,
      "step": 14,
      "team0_centroid": [
        8.320030093193054,
        2.468865990638733
      ],
      "team0_step_reward": 0.0,
      "team1_centroid": [
        1.6976445317268372,
        0.8496647775173187
      ],
      "team1_step_reward": 0.0,
      "winner": null
    },
    {
      "ball_pos": [
        3.086714267730713,
        6.813808441162109
      ],
      "reward_shaping": null,
      "score": null,
      "step": 15,
      "team0_centroid": [
        7.640878915786743,
        2.4207549691200256
      ],
      "team0_step_reward": 0.0,
      "team1_centroid": [
        1.9516651630401611,
        0.9166803359985352
      ],
      "team1_step_reward": 0.0,
      "winner": null
    },
    {
      "ball_pos": [
        3.1702444553375244,
        6.34176778793335
      ],
      "reward_shaping": null,
      "score": null,
      "step": 16,
      "team0_centroid": [
        7.15410840511322,
        2.376983344554901
      ],
      "team0_step_reward": 0.0,
      "team1_centroid": [
        2.0840519666671753,
        1.0256381034851074
      ],