{
  "classification": {
    "labels": [
      "late_defensive_collapse",
      "territory_loss"
    ],
    "primary_label": "late_defensive_collapse"
  },
  "cumulative_team0_reward": -2.0,
  "cumulative_team1_reward": 1.9484000205993652,
  "episode_index": 178,
  "final_score": null,
  "final_team0_step_reward": -2.0,
  "final_team1_step_reward": 1.9484000205993652,
  "final_winner": null,
  "metrics": {
    "mean_ball_x": -9.040680219920782,
    "tail_mean_ball_x": -9.040680219920782,
    "team0_possession_ratio": null,
    "team0_progress_toward_goal": 0.0,
    "team0_shaping_reward_sum": 0.0,
    "team1_possession_ratio": null,
    "team1_progress_toward_goal": 0.0,
    "team1_shaping_reward_sum": 0.0
  },
  "outcome": "team1_win",
  "sampled_trace": [
    {
      "ball_pos": [
        -0.11226271092891693,
        1.9453530311584473
      ],
      "reward_shaping": null,
      "score": null,
      "step": 0,
      "team0_centroid": [
        -4.226625323295593,
        0.07377827167510986
      ],
      "team0_step_reward": 0.0,
      "team1_centroid": [
        6.613394737243652,
        0.04957538843154907
      ],
      "team1_step_reward": 0.0,
      "winner": null
    },
    {
      "ball_pos": [
        -9.194472312927246,
        -2.8059046268463135
      ],
      "reward_shaping": null,
      "score": null,
      "step": 10,
      "team0_centroid": [
        -1.5794144868850708,
        2.4269107580184937
      ],
      "team0_step_reward": 0.0,
      "team1_centroid": [
        2.7765159606933594,
        2.832019567489624
      ],
      "team1_step_reward": 0.0,
      "winner": null
    },
    {
      "ball_pos": [
        -14.35556697845459,
        -4.833430767059326
      ],
      "reward_shaping": null,
      "score": null,
      "step": 20,
      "team0_centroid": [
        -5.06319260597229,
        1.2464350061491132
      ],
      "team0_step_reward": 0.0,
      "team1_centroid": [
        1.613110214471817,
        4.134534955024719
      ],
      "team1_step_reward": 0.0,
      "winner": null
    }
  ],
  "steps": 26,
  "tail_trace": [
    {
      "ball_pos": [
        -0.11226271092891693,
        1.9453530311584473
      ],
      "reward_shaping": null,
      "score": null,
      "step": 0,
      "team0_centroid": [
        -4.226625323295593,
        0.07377827167510986
      ],
      "team0_step_reward": 0.0,
      "team1_centroid": [
        6.613394737243652,
        0.04957538843154907
      ],
      "team1_step_reward": 0.0,
      "winner": null
    },
    {
      "ball_pos": [
        -0.11226271092891693,
        1.9453530311584473
      ],
      "reward_shaping": null,
      "score": null,
      "step": 1,
      "team0_centroid": [
        -3.6500041484832764,
        0.2864685654640198
      ],
      "team0_step_reward": 0.0,
      "team1_centroid": [
        5.771295785903931,
        0.1234673261642456
      ],
      "team1_step_reward": 0.0,
      "winner": null
    },
    {
      "ball_pos": [
        -0.11226271092891693,
        1.9453530311584473
      ],
      "reward_shaping": null,
      "score": null,
      "step": 2,
      "team0_centroid": [
        -2.858060121536255,
        0.607649028301239
      ],
      "team0_step_reward": 0.0,
      "team1_centroid": [
        4.850037574768066,
        0.3113800287246704
      ],
      "team1_step_reward": 0.0,
      "winner": null
    },
    {
      "ball_pos": [
        0.909466028213501,
        2.359830141067505
      ],
      "reward_shaping": null,
      "score": null,
      "step": 3,
      "team0_centroid": [
        -1.9002744257450104,
        0.8613720256835222
      ],
      "team0_step_reward": 0.0,
      "team1_centroid": [
        3.9065706729888916,
        0.6229582130908966
      ],
      "team1_step_reward": 0.0,
      "winner": null
    },
    {
      "ball_pos": [
        0.3121924102306366,
        4.7702956199646
      ],
      "reward_shaping": null,
      "score": null,
      "step": 4,
      "team0_centroid": [
        -1.2442784905433655,
        1.0125538930296898
      ],
      "team0_step_reward": 0.0,
      "team1_centroid": [
        3.0171494483947754,
        0.9800471216440201
      ],
      "team1_step_reward": 0.0,
      "winner": null
    },
    {
      "ball_pos": [
        -1.4894181489944458,
        6.386945724487305
      ],
      "reward_shaping": null,
      "score": null,
      "step": 5,
      "team0_centroid": [
        -1.314728170633316,
        1.2101918552070856
      ],
      "team0_step_reward": 0.0,
      "team1_centroid": [
        2.6980353593826294,
        1.4558369517326355
      ],
      "team1_step_reward": 0.0,
      "winner": null
    },
    {
      "ball_pos": [
        -3.4227428436279297,
        4.074390888214111
      ],
      "reward_shaping": null,
      "score": null,
      "step": 6,
      "team0_centroid": [
        -1.194299191236496,
        1.5452855825424194
      ],
      "team0_step_reward": 0.0,
      "team1_centroid": [
        2.459707021713257,
        1.87271848320961
      ],
      "team1_step_reward": 0.0,
      "winner": null
    },
    {
      "ball_pos": [
        -5.1422600746154785,
        2.024489641189575
      ],
      "reward_shaping": null,
      "score": null,
      "step": 7,
      "team0_centroid": [
        -0.7843620181083679,
        1.9517745673656464
      ],
      "team0_step_reward": 0.0,
      "team1_centroid": [
        2.2999083399772644,
        2.3098978996276855
      ],
      "team1_step_reward": 0.0,
      "winner": null
    },
    {
      "ball_pos": [
        -6.665130615234375,
        0.20916831493377686
      ],
      "reward_shaping": null,
      "score": null,
      "step": 8,
      "team0_centroid": [
        -0.740310549736023,
        2.22955459356308
      ],
      "team0_step_reward": 0.0,
      "team1_centroid": [
        2.332413911819458,
        2.650882124900818
      ],
      "team1_step_reward": 0.0,
      "winner": null
    },
    {
      "ball_pos": [
        -8.010172843933105,
        -1.3941740989685059
      ],
      "reward_shaping": null,
      "score": null,
      "step": 9,
      "team0_centroid": [
        -1.1035591959953308,
        2.300621807575226
      ],
      "team0_step_reward": 0.0,
      "team1_centroid": [
        2.6719202995300293,
        2.741818428039551
      ],
      "team1_step_reward": 0.0,
      "winner": null
    },
    {
      "ball_pos": [
        -9.194472312927246,
        -2.8059046268463135
      ],
      "reward_shaping": null,
      "score": null,
      "step": 10,
      "team0_centroid": [
        -1.5794144868850708,
        2.4269107580184937
      ],
      "team0_step_reward": 0.0,
      "team1_centroid": [
        2.7765159606933594,
        2.832019567489624
      ],
      "team1_step_reward": 0.0,
      "winner": null
    },
    {
      "ball_pos": [
        -10.233471870422363,
        -4.04443359375
      ],
      "reward_shaping": null,
      "score": null,
      "step": 11,
      "team0_centroid": [
        -1.9355482459068298,
        2.6004500836133957
      ],
      "team0_step_reward": 0.0,
      "team1_centroid": [
        2.874549984931946,
        2.9479116797447205
      ],
      "team1_step_reward": 0.0,
      "winner": null
    },
    {
      "ball_pos": [
        -11.141133308410645,
        -5.126400947570801
      ],
      "reward_shaping": null,
      "score": null,
      "step": 12,
      "team0_centroid": [
        -2.3650779724121094,
        2.571899324655533
      ],
      "team0_step_reward": 0.0,
      "team1_centroid": [
        2.7712007761001587,
        3.1540504097938538
      ],
      "team1_step_reward": 0.0,
      "winner": null
    },
    {
      "ball_pos": [
        -11.930076599121094,
        -6.066850185394287
      ],
      "reward_shaping": null,
      "score": null,
      "step": 13,
      "team0_centroid": [
        -2.734007626771927,
        2.3959206640720367
      ],
      "team0_step_reward": 0.0,