{
  "classification": {
    "labels": [
      "late_defensive_collapse",
      "territory_loss"
    ],
    "primary_label": "late_defensive_collapse"
  },
  "cumulative_team0_reward": -2.0,
  "cumulative_team1_reward": 1.9744000434875488,
  "episode_index": 272,
  "final_score": null,
  "final_team0_step_reward": -2.0,
  "final_team1_step_reward": 1.9744000434875488,
  "final_winner": null,
  "metrics": {
    "mean_ball_x": -4.144182292314676,
    "tail_mean_ball_x": -4.144182292314676,
    "team0_possession_ratio": null,
    "team0_progress_toward_goal": 0.0,
    "team0_shaping_reward_sum": 0.0,
    "team1_possession_ratio": null,
    "team1_progress_toward_goal": 0.0,
    "team1_shaping_reward_sum": 0.0
  },
  "outcome": "team1_win",
  "sampled_trace": [
    {
      "ball_pos": [
        1.415533423423767,
        -1.6227186918258667
      ],
      "reward_shaping": null,
      "score": null,
      "step": 0,
      "team0_centroid": [
        -9.19650650024414,
        -0.10310739278793335
      ],
      "team0_step_reward": 0.0,
      "team1_centroid": [
        9.902905941009521,
        -0.019529640674591064
      ],
      "team1_step_reward": 0.0,
      "winner": null
    },
    {
      "ball_pos": [
        -12.319920539855957,
        2.0366926193237305
      ],
      "reward_shaping": null,
      "score": null,
      "step": 10,
      "team0_centroid": [
        -1.5397822856903076,
        -1.0725863873958588
      ],
      "team0_step_reward": 0.0,
      "team1_centroid": [
        6.317140102386475,
        -3.080841064453125
      ],
      "team1_step_reward": 0.0,
      "winner": null
    }
  ],
  "steps": 13,
  "tail_trace": [
    {
      "ball_pos": [
        1.415533423423767,
        -1.6227186918258667
      ],
      "reward_shaping": null,
      "score": null,
      "step": 0,
      "team0_centroid": [
        -9.19650650024414,
        -0.10310739278793335
      ],
      "team0_step_reward": 0.0,
      "team1_centroid": [
        9.902905941009521,
        -0.019529640674591064
      ],
      "team1_step_reward": 0.0,
      "winner": null
    },
    {
      "ball_pos": [
        1.415533423423767,
        -1.6227186918258667
      ],
      "reward_shaping": null,
      "score": null,
      "step": 1,
      "team0_centroid": [
        -8.583186626434326,
        -0.3012489676475525
      ],
      "team0_step_reward": 0.0,
      "team1_centroid": [
        9.348164558410645,
        -0.15899914503097534
      ],
      "team1_step_reward": 0.0,
      "winner": null
    },
    {
      "ball_pos": [
        1.415533423423767,
        -1.6227186918258667
      ],
      "reward_shaping": null,
      "score": null,
      "step": 2,
      "team0_centroid": [
        -7.7428014278411865,
        -0.407662957906723
      ],
      "team0_step_reward": 0.0,
      "team1_centroid": [
        8.591564655303955,
        -0.43351247906684875
      ],
      "team1_step_reward": 0.0,
      "winner": null
    },
    {
      "ball_pos": [
        1.415533423423767,
        -1.6227186918258667
      ],
      "reward_shaping": null,
      "score": null,
      "step": 3,
      "team0_centroid": [
        -6.705357074737549,
        -0.5031067728996277
      ],
      "team0_step_reward": 0.0,
      "team1_centroid": [
        7.696888446807861,
        -0.8245608657598495
      ],
      "team1_step_reward": 0.0,
      "winner": null
    },
    {
      "ball_pos": [
        1.415533423423767,
        -1.6227186918258667
      ],
      "reward_shaping": null,
      "score": null,
      "step": 4,
      "team0_centroid": [
        -5.305547118186951,
        -0.494361013174057
      ],
      "team0_step_reward": 0.0,
      "team1_centroid": [
        6.677404165267944,
        -1.2465275526046753
      ],
      "team1_step_reward": 0.0,
      "winner": null
    },
    {
      "ball_pos": [
        2.265636444091797,
        -1.5967496633529663
      ],
      "reward_shaping": null,
      "score": null,
      "step": 5,
      "team0_centroid": [
        -3.750282645225525,
        -0.5458308458328247
      ],
      "team0_step_reward": 0.0,
      "team1_centroid": [
        5.595017910003662,
        -1.754945158958435
      ],
      "team1_step_reward": 0.0,
      "winner": null
    },
    {
      "ball_pos": [
        -0.1897788643836975,
        -0.650500476360321
      ],
      "reward_shaping": null,
      "score": null,
      "step": 6,
      "team0_centroid": [
        -2.8462098836898804,
        -0.794750303030014
      ],
      "team0_step_reward": 0.0,
      "team1_centroid": [
        5.216261267662048,
        -2.262944221496582
      ],
      "team1_step_reward": 0.0,
      "winner": null
    },
    {
      "ball_pos": [
        -3.773883819580078,
        0.14345234632492065
      ],
      "reward_shaping": null,
      "score": null,
      "step": 7,
      "team0_centroid": [
        -2.4126315116882324,
        -1.0565130859613419
      ],
      "team0_step_reward": 0.0,
      "team1_centroid": [
        5.294907808303833,
        -2.633502721786499
      ],
      "team1_step_reward": 0.0,
      "winner": null
    },
    {
      "ball_pos": [
        -6.965750217437744,
        0.8505600690841675
      ],
      "reward_shaping": null,
      "score": null,
      "step": 8,
      "team0_centroid": [
        -2.071936249732971,
        -1.2304034233093262
      ],
      "team0_step_reward": 0.0,
      "team1_centroid": [
        5.612195014953613,
        -2.8509949445724487
      ],
      "team1_step_reward": 0.0,
      "winner": null
    },
    {
      "ball_pos": [
        -9.803074836730957,
        1.4791247844696045
      ],
      "reward_shaping": null,
      "score": null,
      "step": 9,
      "team0_centroid": [
        -1.8432424068450928,
        -1.2041481733322144
      ],
      "team0_step_reward": 0.0,
      "team1_centroid": [
        5.983741283416748,
        -2.9767837524414062
      ],
      "team1_step_reward": 0.0,
      "winner": null
    },
    {
      "ball_pos": [
        -12.319920539855957,
        2.0366926193237305
      ],
      "reward_shaping": null,
      "score": null,
      "step": 10,
      "team0_centroid": [
        -1.5397822856903076,
        -1.0725863873958588
      ],
      "team0_step_reward": 0.0,
      "team1_centroid": [
        6.317140102386475,
        -3.080841064453125
      ],
      "team1_step_reward": 0.0,
      "winner": null
    },
    {
      "ball_pos": [
        -14.547078132629395,
        2.5300848484039307
      ],
      "reward_shaping": null,
      "score": null,
      "step": 11,
      "team0_centroid": [
        -1.5952515602111816,
        -1.1131405234336853
      ],
      "team0_step_reward": 0.0,
      "team1_centroid": [
        6.750206708908081,
        -3.2263965606689453
      ],
      "team1_step_reward": 0.0,
      "winner": null
    },
    {
      "ball_pos": [
        -15.618186950683594,
        2.773540735244751
      ],
      "reward_shaping": null,
      "score": null,
      "step": 12,
      "team0_centroid": [
        -1.7051126956939697,
        -1.165644884109497
      ],
      "team0_step_reward": -2.0,
      "team1_centroid": [
        6.9477314949035645,
        -3.2498165369033813
      ],
      "team1_step_reward": 1.9744000434875488,
      "winner": null
    }
  ],
  "team0_module": "local_true_teammate_info",
  "team1_module": "ceia_baseline_agent"
}