{
  "classification": {
    "labels": [
      "unclear_loss"
    ],
    "primary_label": "unclear_loss"
  },
  "cumulative_team0_reward": -2.0,
  "cumulative_team1_reward": 1.9495999813079834,
  "episode_index": 37,
  "final_score": null,
  "final_team0_step_reward": -2.0,
  "final_team1_step_reward": 1.9495999813079834,
  "final_winner": null,
  "metrics": {
    "mean_ball_x": 9.116848855018615,
    "tail_mean_ball_x": 9.116848855018615,
    "team0_possession_ratio": null,
    "team0_progress_toward_goal": 0.0,
    "team0_shaping_reward_sum": 0.0,
    "team1_possession_ratio": null,
    "team1_progress_toward_goal": 0.0,
    "team1_shaping_reward_sum": 0.0
  },
  "outcome": "team1_win",
  "sampled_trace": [
    {
      "ball_pos": [
        1.7966021299362183,
        -1.873788833618164
      ],
      "reward_shaping": null,
      "score": null,
      "step": 0,
      "team0_centroid": [
        11.44322395324707,
        -0.0007971525192260742
      ],
      "team0_step_reward": 0.0,
      "team1_centroid": [
        -8.274505853652954,
        -0.06638973951339722
      ],
      "team1_step_reward": 0.0,
      "winner": null
    },
    {
      "ball_pos": [
        10.85773754119873,
        -5.71000862121582
      ],
      "reward_shaping": null,
      "score": null,
      "step": 10,
      "team0_centroid": [
        8.4621000289917,
        -2.5988084077835083
      ],
      "team0_step_reward": 0.0,
      "team1_centroid": [
        -1.5504379272460938,
        -2.213071882724762
      ],
      "team1_step_reward": 0.0,
      "winner": null
    },
    {
      "ball_pos": [
        11.776750564575195,
        -0.3526950478553772
      ],
      "reward_shaping": null,
      "score": null,
      "step": 20,
      "team0_centroid": [
        13.505323886871338,
        -2.7358007431030273
      ],
      "team0_step_reward": 0.0,
      "team1_centroid": [
        -0.6355628967285156,
        0.3398580551147461
      ],
      "team1_step_reward": 0.0,
      "winner": null
    }
  ],
  "steps": 25,
  "tail_trace": [
    {
      "ball_pos": [
        1.7966021299362183,
        -1.873788833618164
      ],
      "reward_shaping": null,
      "score": null,
      "step": 0,
      "team0_centroid": [
        11.44322395324707,
        -0.0007971525192260742
      ],
      "team0_step_reward": 0.0,
      "team1_centroid": [
        -8.274505853652954,
        -0.06638973951339722
      ],
      "team1_step_reward": 0.0,
      "winner": null
    },
    {
      "ball_pos": [
        1.7966021299362183,
        -1.873788833618164
      ],
      "reward_shaping": null,
      "score": null,
      "step": 1,
      "team0_centroid": [
        11.193700790405273,
        -0.0854840874671936
      ],
      "team0_step_reward": 0.0,
      "team1_centroid": [
        -7.7215118408203125,
        -0.2603091597557068
      ],
      "team1_step_reward": 0.0,
      "winner": null
    },
    {
      "ball_pos": [
        1.7966021299362183,
        -1.873788833618164
      ],
      "reward_shaping": null,
      "score": null,
      "step": 2,
      "team0_centroid": [
        10.622000694274902,
        -0.28306615352630615
      ],
      "team0_step_reward": 0.0,
      "team1_centroid": [
        -6.924027264118195,
        -0.47825681045651436
      ],
      "team1_step_reward": 0.0,
      "winner": null
    },
    {
      "ball_pos": [
        1.7966021299362183,
        -1.873788833618164
      ],
      "reward_shaping": null,
      "score": null,
      "step": 3,
      "team0_centroid": [
        9.826657772064209,
        -0.5310240089893341
      ],
      "team0_step_reward": 0.0,
      "team1_centroid": [
        -6.182438634335995,
        -0.648295521736145
      ],
      "team1_step_reward": 0.0,
      "winner": null
    },
    {
      "ball_pos": [
        1.7966021299362183,
        -1.873788833618164
      ],
      "reward_shaping": null,
      "score": null,
      "step": 4,
      "team0_centroid": [
        8.869158744812012,
        -0.759938433766365
      ],
      "team0_step_reward": 0.0,
      "team1_centroid": [
        -5.637478828430176,
        -0.7821269482374191
      ],
      "team1_step_reward": 0.0,
      "winner": null
    },
    {
      "ball_pos": [
        3.9123384952545166,
        -3.3190813064575195
      ],
      "reward_shaping": null,
      "score": null,
      "step": 5,
      "team0_centroid": [
        7.782393455505371,
        -1.049285739660263
      ],
      "team0_step_reward": 0.0,
      "team1_centroid": [
        -5.280349671840668,
        -0.8546781837940216
      ],
      "team1_step_reward": 0.0,
      "winner": null
    },
    {
      "ball_pos": [
        5.973165512084961,
        -4.716100215911865
      ],
      "reward_shaping": null,
      "score": null,
      "step": 6,
      "team0_centroid": [
        6.8646416664123535,
        -1.4828085899353027
      ],
      "team0_step_reward": 0.0,
      "team1_centroid": [
        -4.775634288787842,
        -0.9341472685337067
      ],
      "team1_step_reward": 0.0,
      "winner": null
    },
    {
      "ball_pos": [
        7.795403480529785,
        -5.951386451721191
      ],
      "reward_shaping": null,
      "score": null,
      "step": 7,
      "team0_centroid": [
        6.488546013832092,
        -1.9453009366989136
      ],
      "team0_step_reward": 0.0,
      "team1_centroid": [
        -4.044758081436157,
        -1.1742925643920898
      ],
      "team1_step_reward": 0.0,
      "winner": null
    },
    {
      "ball_pos": [
        9.401975631713867,
        -7.0404744148254395
      ],
      "reward_shaping": null,
      "score": null,
      "step": 8,
      "team0_centroid": [
        6.886200308799744,
        -2.236383080482483
      ],
      "team0_step_reward": 0.0,
      "team1_centroid": [
        -3.1091392040252686,
        -1.4429618120193481
      ],
      "team1_step_reward": 0.0,
      "winner": null
    },
    {
      "ball_pos": [
        10.192286491394043,
        -6.317898750305176
      ],
      "reward_shaping": null,
      "score": null,
      "step": 9,
      "team0_centroid": [
        7.72740626335144,
        -2.468117594718933
      ],
      "team0_step_reward": 0.0,
      "team1_centroid": [
        -2.297193765640259,
        -1.7285448908805847
      ],
      "team1_step_reward": 0.0,
      "winner": null
    },
    {
      "ball_pos": [
        10.85773754119873,
        -5.71000862121582
      ],
      "reward_shaping": null,
      "score": null,
      "step": 10,
      "team0_centroid": [
        8.4621000289917,
        -2.5988084077835083
      ],
      "team0_step_reward": 0.0,
      "team1_centroid": [
        -1.5504379272460938,
        -2.213071882724762
      ],
      "team1_step_reward": 0.0,
      "winner": null
    },
    {
      "ball_pos": [
        11.423093795776367,
        -5.193641185760498
      ],
      "reward_shaping": null,
      "score": null,
      "step": 11,
      "team0_centroid": [
        9.218750476837158,
        -2.6411240100860596
      ],
      "team0_step_reward": 0.0,
      "team1_centroid": [
        -0.8833847045898438,
        -2.6366957426071167
      ],
      "team1_step_reward": 0.0,
      "winner": null
    },
    {
      "ball_pos": [
        11.897929191589355,
        -4.759952545166016
      ],
      "reward_shaping": null,
      "score": null,
      "step": 12,
      "team0_centroid": [
        10.18779730796814,
        -2.7097619771957397
      ],
      "team0_step_reward": 0.0,
      "team1_centroid": [
        -0.5479335784912109,
        -2.5628994703292847
      ],
      "team1_step_reward": 0.0,
      "winner": null
    },
    {
      "ball_pos": [
        12.291909217834473,
        -4.400112152099609
      ],
      "reward_shaping": null,
      "score": null,
      "step": 13,
      "team0_centroid": [
        10.795469522476196,
        -2.84454345703125
      ],
      "team0_step_reward": 0.0,