{
  "classification": {
    "labels": [
      "unclear_loss"
    ],
    "primary_label": "unclear_loss"
  },
  "cumulative_team0_reward": -2.0,
  "cumulative_team1_reward": 1.9672000408172607,
  "episode_index": 13,
  "final_score": null,
  "final_team0_step_reward": -2.0,
  "final_team1_step_reward": 1.9672000408172607,
  "final_winner": null,
  "metrics": {
    "mean_ball_x": 8.030470378258649,
    "tail_mean_ball_x": 8.030470378258649,
    "team0_possession_ratio": null,
    "team0_progress_toward_goal": 0.0,
    "team0_shaping_reward_sum": 0.0,
    "team1_possession_ratio": null,
    "team1_progress_toward_goal": 0.0,
    "team1_shaping_reward_sum": 0.0
  },
  "outcome": "team1_win",
  "sampled_trace": [
    {
      "ball_pos": [
        -2.3571901321411133,
        0.32872331142425537
      ],
      "reward_shaping": null,
      "score": null,
      "step": 0,
      "team0_centroid": [
        11.264106273651123,
        0.0
      ],
      "team0_step_reward": 0.0,
      "team1_centroid": [
        -7.684717416763306,
        0.07878106832504272
      ],
      "team1_step_reward": 0.0,
      "winner": null
    },
    {
      "ball_pos": [
        12.486512184143066,
        5.586765766143799
      ],
      "reward_shaping": null,
      "score": null,
      "step": 10,
      "team0_centroid": [
        10.709973812103271,
        0.540538351982832
      ],
      "team0_step_reward": 0.0,
      "team1_centroid": [
        -0.9437663555145264,
        4.268603205680847
      ],
      "team1_step_reward": 0.0,
      "winner": null
    }
  ],
  "steps": 17,
  "tail_trace": [
    {
      "ball_pos": [
        -2.3571901321411133,
        0.32872331142425537
      ],
      "reward_shaping": null,
      "score": null,
      "step": 0,
      "team0_centroid": [
        11.264106273651123,
        0.0
      ],
      "team0_step_reward": 0.0,
      "team1_centroid": [
        -7.684717416763306,
        0.07878106832504272
      ],
      "team1_step_reward": 0.0,
      "winner": null
    },
    {
      "ball_pos": [
        -2.3571901321411133,
        0.32872331142425537
      ],
      "reward_shaping": null,
      "score": null,
      "step": 1,
      "team0_centroid": [
        11.021698474884033,
        -0.06603795289993286
      ],
      "team0_step_reward": 0.0,
      "team1_centroid": [
        -7.089322328567505,
        0.3435823917388916
      ],
      "team1_step_reward": 0.0,
      "winner": null
    },
    {
      "ball_pos": [
        -2.3571901321411133,
        0.32872331142425537
      ],
      "reward_shaping": null,
      "score": null,
      "step": 2,
      "team0_centroid": [
        10.7095308303833,
        -0.15003913640975952
      ],
      "team0_step_reward": 0.0,
      "team1_centroid": [
        -6.493402600288391,
        0.7911986708641052
      ],
      "team1_step_reward": 0.0,
      "winner": null
    },
    {
      "ball_pos": [
        -0.6187390089035034,
        1.1997554302215576
      ],
      "reward_shaping": null,
      "score": null,
      "step": 3,
      "team0_centroid": [
        9.996554374694824,
        -0.30320411920547485
      ],
      "team0_step_reward": 0.0,
      "team1_centroid": [
        -5.771594047546387,
        1.3283946216106415
      ],
      "team1_step_reward": 0.0,
      "winner": null
    },
    {
      "ball_pos": [
        2.323984146118164,
        2.7548656463623047
      ],
      "reward_shaping": null,
      "score": null,
      "step": 4,
      "team0_centroid": [
        9.206177234649658,
        -0.6011723875999451
      ],
      "team0_step_reward": 0.0,
      "team1_centroid": [
        -4.933775901794434,
        1.9156944155693054
      ],
      "team1_step_reward": 0.0,
      "winner": null
    },
    {
      "ball_pos": [
        4.940587520599365,
        4.1377177238464355
      ],
      "reward_shaping": null,
      "score": null,
      "step": 5,
      "team0_centroid": [
        9.162168502807617,
        -0.7938715070486069
      ],
      "team0_step_reward": 0.0,
      "team1_centroid": [
        -4.1746028661727905,
        2.4083629846572876
      ],
      "team1_step_reward": 0.0,
      "winner": null
    },
    {
      "ball_pos": [
        7.262439727783203,
        5.3647966384887695
      ],
      "reward_shaping": null,
      "score": null,
      "step": 6,
      "team0_centroid": [
        9.391423225402832,
        -0.7257513999938965
      ],
      "team0_step_reward": 0.0,
      "team1_centroid": [
        -3.62247771024704,
        2.7611626386642456
      ],
      "team1_step_reward": 0.0,
      "winner": null
    },
    {
      "ball_pos": [
        9.31786060333252,
        6.451069355010986
      ],
      "reward_shaping": null,
      "score": null,
      "step": 7,
      "team0_centroid": [
        9.517834663391113,
        -0.5252105593681335
      ],
      "team0_step_reward": 0.0,
      "team1_centroid": [
        -2.994854211807251,
        3.0734548568725586
      ],
      "team1_step_reward": 0.0,
      "winner": null
    },
    {
      "ball_pos": [
        10.828317642211914,
        6.7415313720703125
      ],
      "reward_shaping": null,
      "score": null,
      "step": 8,
      "team0_centroid": [
        9.831624507904053,
        -0.1958354413509369
      ],
      "team0_step_reward": 0.0,
      "team1_centroid": [
        -2.436617374420166,
        3.4239892959594727
      ],
      "team1_step_reward": 0.0,
      "winner": null
    },
    {
      "ball_pos": [
        11.7200345993042,
        6.119786262512207
      ],
      "reward_shaping": null,
      "score": null,
      "step": 9,
      "team0_centroid": [
        10.202207088470459,
        0.1986706703901291
      ],
      "team0_step_reward": 0.0,
      "team1_centroid": [
        -1.8180313110351562,
        3.8496103286743164
      ],
      "team1_step_reward": 0.0,
      "winner": null
    },
    {
      "ball_pos": [
        12.486512184143066,
        5.586765766143799
      ],
      "reward_shaping": null,
      "score": null,
      "step": 10,
      "team0_centroid": [
        10.709973812103271,
        0.540538351982832
      ],
      "team0_step_reward": 0.0,
      "team1_centroid": [
        -0.9437663555145264,
        4.268603205680847
      ],
      "team1_step_reward": 0.0,
      "winner": null
    },
    {
      "ball_pos": [
        13.139097213745117,
        5.132956504821777
      ],
      "reward_shaping": null,
      "score": null,
      "step": 11,
      "team0_centroid": [
        11.468964576721191,
        0.8166071176528931
      ],
      "team0_step_reward": 0.0,
      "team1_centroid": [
        0.13339805603027344,
        4.657911658287048
      ],
      "team1_step_reward": 0.0,
      "winner": null
    },
    {
      "ball_pos": [
        13.688727378845215,
        4.750742435455322
      ],
      "reward_shaping": null,
      "score": null,
      "step": 12,
      "team0_centroid": [
        12.414050579071045,
        0.967932939529419
      ],
      "team0_step_reward": 0.0,
      "team1_centroid": [
        1.1110882759094238,
        4.921100854873657
      ],
      "team1_step_reward": 0.0,
      "winner": null
    },
    {
      "ball_pos": [
        14.146085739135742,
        4.432693004608154
      ],
      "reward_shaping": null,
      "score": null,
      "step": 13,
      "team0_centroid": [
        13.503015995025635,
        1.0480217933654785
      ],
      "team0_step_reward": 0.0,
      "team1_centroid": [
        1.7219674587249756,
        5.1785125732421875
      ],
      "team1_step_reward": 0.0,
      "winner": null
    },
    {
      "ball_pos": [
        14.546612739562988,
        4.154165744781494
      ],
      "reward_shaping": null,
      "score": null,
      "step": 14,
      "team0_centroid": [
        14.67997407913208,
        1.068349003791809
      ],
      "team0_step_reward": 0.0,
      "team1_centroid": [
        2.036573886871338,
        5.372426271438599
      ],