{
  "classification": {
    "labels": [
      "unclear_loss"
    ],
    "primary_label": "unclear_loss"
  },
  "cumulative_team0_reward": -2.0,
  "cumulative_team1_reward": 1.958799958229065,
  "episode_index": 451,
  "final_score": null,
  "final_team0_step_reward": -2.0,
  "final_team1_step_reward": 1.958799958229065,
  "final_winner": null,
  "metrics": {
    "mean_ball_x": 6.884640895185017,
    "tail_mean_ball_x": 6.884640895185017,
    "team0_possession_ratio": null,
    "team0_progress_toward_goal": 0.0,
    "team0_shaping_reward_sum": 0.0,
    "team1_possession_ratio": null,
    "team1_progress_toward_goal": 0.0,
    "team1_shaping_reward_sum": 0.0
  },
  "outcome": "team1_win",
  "sampled_trace": [
    {
      "ball_pos": [
        -2.2015929222106934,
        -1.9812239408493042
      ],
      "reward_shaping": null,
      "score": null,
      "step": 0,
      "team0_centroid": [
        6.717430114746094,
        -0.03896284103393555
      ],
      "team0_step_reward": 0.0,
      "team1_centroid": [
        -6.008183479309082,
        -0.0822482705116272
      ],
      "team1_step_reward": 0.0,
      "winner": null
    },
    {
      "ball_pos": [
        7.8709797859191895,
        -1.9558097124099731
      ],
      "reward_shaping": null,
      "score": null,
      "step": 10,
      "team0_centroid": [
        2.340287446975708,
        1.6746706366539001
      ],
      "team0_step_reward": 0.0,
      "team1_centroid": [
        -0.516742467880249,
        -1.3470865488052368
      ],
      "team1_step_reward": 0.0,
      "winner": null
    },
    {
      "ball_pos": [
        14.708516120910645,
        4.20198917388916
      ],
      "reward_shaping": null,
      "score": null,
      "step": 20,
      "team0_centroid": [
        13.381792068481445,
        0.7166199386119843
      ],
      "team0_step_reward": -2.0,
      "team1_centroid": [
        0.127233624458313,
        -1.3403836488723755
      ],
      "team1_step_reward": 1.958799958229065,
      "winner": null
    }
  ],
  "steps": 21,
  "tail_trace": [
    {
      "ball_pos": [
        -2.2015929222106934,
        -1.9812239408493042
      ],
      "reward_shaping": null,
      "score": null,
      "step": 0,
      "team0_centroid": [
        6.717430114746094,
        -0.03896284103393555
      ],
      "team0_step_reward": 0.0,
      "team1_centroid": [
        -6.008183479309082,
        -0.0822482705116272
      ],
      "team1_step_reward": 0.0,
      "winner": null
    },
    {
      "ball_pos": [
        -2.2015929222106934,
        -1.9812239408493042
      ],
      "reward_shaping": null,
      "score": null,
      "step": 1,
      "team0_centroid": [
        5.889060139656067,
        -0.0198327898979187
      ],
      "team0_step_reward": 0.0,
      "team1_centroid": [
        -5.6782684326171875,
        -0.21597057580947876
      ],
      "team1_step_reward": 0.0,
      "winner": null
    },
    {
      "ball_pos": [
        -2.2015929222106934,
        -1.9812239408493042
      ],
      "reward_shaping": null,
      "score": null,
      "step": 2,
      "team0_centroid": [
        4.724681854248047,
        0.023570775985717773
      ],
      "team0_step_reward": 0.0,
      "team1_centroid": [
        -5.165929436683655,
        -0.4315834045410156
      ],
      "team1_step_reward": 0.0,
      "winner": null
    },
    {
      "ball_pos": [
        -0.09988552331924438,
        -2.2811222076416016
      ],
      "reward_shaping": null,
      "score": null,
      "step": 3,
      "team0_centroid": [
        3.7286328971385956,
        0.049405694007873535
      ],
      "team0_step_reward": 0.0,
      "team1_centroid": [
        -4.430734634399414,
        -0.6118196249008179
      ],
      "team1_step_reward": 0.0,
      "winner": null
    },
    {
      "ball_pos": [
        3.9640769958496094,
        -3.3932745456695557
      ],
      "reward_shaping": null,
      "score": null,
      "step": 4,
      "team0_centroid": [
        3.1360427886247635,
        0.11156761646270752
      ],
      "team0_step_reward": 0.0,
      "team1_centroid": [
        -3.6155747175216675,
        -0.7559567391872406
      ],
      "team1_step_reward": 0.0,
      "winner": null
    },
    {
      "ball_pos": [
        7.914251327514648,
        -4.7378740310668945
      ],
      "reward_shaping": null,
      "score": null,
      "step": 5,
      "team0_centroid": [
        3.2787999995052814,
        0.34096914529800415
      ],
      "team0_step_reward": 0.0,
      "team1_centroid": [
        -2.9003345370292664,
        -0.9625062346458435
      ],
      "team1_step_reward": 0.0,
      "winner": null
    },
    {
      "ball_pos": [
        11.438488006591797,
        -5.937467098236084
      ],
      "reward_shaping": null,
      "score": null,
      "step": 6,
      "team0_centroid": [
        3.5360848009586334,
        0.4511801600456238
      ],
      "team0_step_reward": 0.0,
      "team1_centroid": [
        -2.2586382627487183,
        -1.1066555976867676
      ],
      "team1_step_reward": 0.0,
      "winner": null
    },
    {
      "ball_pos": [
        12.553253173828125,
        -5.948145389556885
      ],
      "reward_shaping": null,
      "score": null,
      "step": 7,
      "team0_centroid": [
        3.465668201446533,
        0.6449843645095825
      ],
      "team0_step_reward": 0.0,
      "team1_centroid": [
        -1.8317300081253052,
        -1.2220474481582642
      ],
      "team1_step_reward": 0.0,
      "winner": null
    },
    {
      "ball_pos": [
        10.791875839233398,
        -4.4478559494018555
      ],
      "reward_shaping": null,
      "score": null,
      "step": 8,
      "team0_centroid": [
        3.0009303092956543,
        1.0413456559181213
      ],
      "team0_step_reward": 0.0,
      "team1_centroid": [
        -1.51930832862854,
        -1.3084639310836792
      ],
      "team1_step_reward": 0.0,
      "winner": null
    },
    {
      "ball_pos": [
        9.238131523132324,
        -3.1222445964813232
      ],
      "reward_shaping": null,
      "score": null,
      "step": 9,
      "team0_centroid": [
        2.4755836725234985,
        1.416788935661316
      ],
      "team0_step_reward": 0.0,
      "team1_centroid": [
        -1.010152816772461,
        -1.4067362546920776
      ],
      "team1_step_reward": 0.0,
      "winner": null
    },
    {
      "ball_pos": [
        7.8709797859191895,
        -1.9558097124099731
      ],
      "reward_shaping": null,
      "score": null,
      "step": 10,
      "team0_centroid": [
        2.340287446975708,
        1.6746706366539001
      ],
      "team0_step_reward": 0.0,
      "team1_centroid": [
        -0.516742467880249,
        -1.3470865488052368
      ],
      "team1_step_reward": 0.0,
      "winner": null
    },
    {
      "ball_pos": [
        6.672482967376709,
        -0.9332688450813293
      ],
      "reward_shaping": null,
      "score": null,
      "step": 11,
      "team0_centroid": [
        2.385800361633301,
        1.8478118628263474
      ],
      "team0_step_reward": 0.0,
      "team1_centroid": [
        -0.1903092861175537,
        -1.2215427160263062
      ],
      "team1_step_reward": 0.0,
      "winner": null
    },
    {
      "ball_pos": [
        5.626436233520508,
        -0.04079689085483551
      ],
      "reward_shaping": null,
      "score": null,
      "step": 12,
      "team0_centroid": [
        2.4081918597221375,
        1.894519917666912
      ],
      "team0_step_reward": 0.0,
      "team1_centroid": [
        -0.21922039985656738,
        -1.1506668329238892
      ],
      "team1_step_reward": 0.0,
      "winner": null
    },
    {
      "ball_pos": [
        4.718193054199219,
        0.7341029644012451
      ],
      "reward_shaping": null,
      "score": null,
      "step": 13,
      "team0_centroid": [
        2.667031764984131,
        1.9464373961091042
      ],
      "team0_step_reward": 0.0,