{
  "classification": {
    "labels": [
      "poor_conversion"
    ],
    "primary_label": "poor_conversion"
  },
  "cumulative_team0_reward": -2.3253576164245606,
  "cumulative_team1_reward": 2.2697575826644893,
  "episode_index": 499,
  "final_score": null,
  "final_team0_step_reward": -2.0335213966369627,
  "final_team1_step_reward": 2.009921362876892,
  "final_winner": null,
  "metrics": {
    "mean_ball_x": 5.207238721847534,
    "tail_mean_ball_x": 5.207238721847534,
    "team0_possession_ratio": 0.8888888888888888,
    "team0_progress_toward_goal": 13.74816346168518,
    "team0_shaping_reward_sum": 0.28935761642456054,
    "team1_possession_ratio": 0.1111111111111111,
    "team1_progress_toward_goal": 0.0,
    "team1_shaping_reward_sum": -0.3253576164245605
  },
  "outcome": "team1_win",
  "sampled_trace": [
    {
      "ball_pos": [
        -0.3412590026855469,
        0.07696843147277832
      ],
      "reward_shaping": {
        "applied_reward": {
          "0": -0.001,
          "1": -0.001,
          "2": -0.001,
          "3": -0.001
        },
        "ball_dx": null,
        "ball_found": true,
        "ball_pos": [
          -0.3412590026855469,
          0.07696843147277832
        ],
        "deep_zone_team0_inner": false,
        "deep_zone_team0_outer": false,
        "deep_zone_team1_inner": false,
        "deep_zone_team1_outer": false,
        "player_count": 4,
        "prev_ball_x": null,
        "scalar_reward_delta": 0.0
      },
      "score": null,
      "step": 0,
      "team0_centroid": [
        8.274368286132812,
        0.04406857490539551
      ],
      "team0_step_reward": -0.002,
      "team1_centroid": [
        -5.940798997879028,
        0.011387646198272705
      ],
      "team1_step_reward": -0.002,
      "winner": null
    }
  ],
  "steps": 10,
  "tail_trace": [
    {
      "ball_pos": [
        -0.3412590026855469,
        0.07696843147277832
      ],
      "reward_shaping": {
        "applied_reward": {
          "0": -0.001,
          "1": -0.001,
          "2": -0.001,
          "3": -0.001
        },
        "ball_dx": null,
        "ball_found": true,
        "ball_pos": [
          -0.3412590026855469,
          0.07696843147277832
        ],
        "deep_zone_team0_inner": false,
        "deep_zone_team0_outer": false,
        "deep_zone_team1_inner": false,
        "deep_zone_team1_outer": false,
        "player_count": 4,
        "prev_ball_x": null,
        "scalar_reward_delta": 0.0
      },
      "score": null,
      "step": 0,
      "team0_centroid": [
        8.274368286132812,
        0.04406857490539551
      ],
      "team0_step_reward": -0.002,
      "team1_centroid": [
        -5.940798997879028,
        0.011387646198272705
      ],
      "team1_step_reward": -0.002,
      "winner": null
    },
    {
      "ball_pos": [
        -0.3412590026855469,
        0.07696843147277832
      ],
      "reward_shaping": {
        "applied_reward": {
          "0": -0.001,
          "1": -0.001,
          "2": -0.001,
          "3": -0.001
        },
        "ball_dx": 0.0,
        "ball_found": true,
        "ball_pos": [
          -0.3412590026855469,
          0.07696843147277832
        ],
        "closest_agent_id": 0,
        "deep_zone_team0_inner": false,
        "deep_zone_team0_outer": false,
        "deep_zone_team1_inner": false,
        "deep_zone_team1_outer": false,
        "player_count": 4,
        "possessing_team": 0,
        "prev_ball_x": -0.3412590026855469,
        "progress_toward_goal": 0.0,
        "scalar_reward_delta": 0.0
      },
      "score": null,
      "step": 1,
      "team0_centroid": [
        7.693289756774902,
        0.1876591444015503
      ],
      "team0_step_reward": -0.002,
      "team1_centroid": [
        -4.8160189390182495,
        0.03761810064315796
      ],
      "team1_step_reward": -0.002,
      "winner": null
    },
    {
      "ball_pos": [
        -0.3412590026855469,
        0.07696843147277832
      ],
      "reward_shaping": {
        "applied_reward": {
          "0": -0.001,
          "1": -0.001,
          "2": -0.001,
          "3": -0.001
        },
        "ball_dx": 0.0,
        "ball_found": true,
        "ball_pos": [
          -0.3412590026855469,
          0.07696843147277832
        ],
        "closest_agent_id": 0,
        "deep_zone_team0_inner": false,
        "deep_zone_team0_outer": false,
        "deep_zone_team1_inner": false,
        "deep_zone_team1_outer": false,
        "player_count": 4,
        "possessing_team": 0,
        "prev_ball_x": -0.3412590026855469,
        "progress_toward_goal": 0.0,
        "scalar_reward_delta": 0.0
      },
      "score": null,
      "step": 2,
      "team0_centroid": [
        6.886528491973877,
        0.39970484375953674
      ],
      "team0_step_reward": -0.002,
      "team1_centroid": [
        -3.204203724861145,
        0.075206458568573
      ],
      "team1_step_reward": -0.002,
      "winner": null
    },
    {
      "ball_pos": [
        0.7536318302154541,
        -0.01556842029094696
      ],
      "reward_shaping": {
        "applied_reward": {
          "0": 0.011948908329010011,
          "1": 0.00994890832901001,
          "2": -0.011948908329010011,
          "3": -0.011948908329010011
        },
        "ball_dx": 1.094890832901001,
        "ball_found": true,
        "ball_pos": [
          0.7536318302154541,
          -0.01556842029094696
        ],
        "closest_agent_id": 0,
        "deep_zone_team0_inner": false,
        "deep_zone_team0_outer": false,
        "deep_zone_team1_inner": false,
        "deep_zone_team1_outer": false,
        "player_count": 4,
        "possessing_team": 0,
        "prev_ball_x": -0.3412590026855469,
        "progress_toward_goal": 1.094890832901001,
        "scalar_reward_delta": 0.0
      },
      "score": null,
      "step": 3,
      "team0_centroid": [
        5.883801698684692,
        0.46105607226490974
      ],
      "team0_step_reward": -0.023897816658020023,
      "team1_centroid": [
        -1.2685470283031464,
        0.1278955526649952
      ],
      "team1_step_reward": 0.02189781665802002,
      "winner": null
    },
    {
      "ball_pos": [
        2.59963059425354,
        -0.15109536051750183
      ],
      "reward_shaping": {
        "applied_reward": {
          "0": 0.01745998764038086,
          "1": 0.01745998764038086,
          "2": -0.01945998764038086,
          "3": -0.01945998764038086
        },
        "ball_dx": 1.845998764038086,
        "ball_found": true,
        "ball_pos": [
          2.59963059425354,
          -0.15109536051750183
        ],
        "closest_agent_id": 0,
        "deep_zone_team0_inner": false,
        "deep_zone_team0_outer": false,
        "deep_zone_team1_inner": false,
        "deep_zone_team1_outer": false,
        "player_count": 4,
        "possessing_team": 0,
        "prev_ball_x": 0.7536318302154541,
        "progress_toward_goal": 1.845998764038086,
        "scalar_reward_delta": 0.0
      },
      "score": null,
      "step": 4,
      "team0_centroid": [
        4.7539098262786865,
        0.4806850142776966
      ],
      "team0_step_reward": -0.03891997528076172,
      "team1_centroid": [
        0.6487321704626083,
        0.10222417116165161
      ],
      "team1_step_reward": 0.03491997528076172,
      "winner": null
    },
    {
      "ball_pos": [
        4.219347953796387,
        -0.27028167247772217
      ],
      "reward_shaping": {
        "applied_reward": {
          "0": 0.015197173595428465,
          "1": 0.015197173595428465,
          "2": -0.017197173595428467,
          "3": -0.015197173595428465
        },
        "ball_dx": 1.6197173595428467,
        "ball_found": true,
        "ball_pos": [
          4.219347953796387,
          -0.27028167247772217
        ],
        "closest_agent_id": 3,
        "deep_zone_team0_inner": false,
        "deep_zone_team0_outer": false,
        "deep_zone_team1_inner": false,