{
  "classification": {
    "labels": [
      "low_possession"
    ],
    "primary_label": "low_possession"
  },
  "cumulative_team0_reward": -2.373416934013367,
  "cumulative_team1_reward": 2.3118169260025025,
  "episode_index": 77,
  "final_score": null,
  "final_team0_step_reward": -2.0409458656311035,
  "final_team1_step_reward": 2.015345857620239,
  "final_winner": null,
  "metrics": {
    "mean_ball_x": 3.7858577208085493,
    "tail_mean_ball_x": 3.7858577208085493,
    "team0_possession_ratio": 0.3,
    "team0_progress_toward_goal": 0.0,
    "team0_shaping_reward_sum": 0.3334169340133667,
    "team1_possession_ratio": 0.7,
    "team1_progress_toward_goal": 0.0,
    "team1_shaping_reward_sum": -0.3734169340133666
  },
  "outcome": "team1_win",
  "sampled_trace": [
    {
      "ball_pos": [
        -1.424793004989624,
        0.7441901564598083
      ],
      "reward_shaping": {
        "applied_reward": {
          "0": -0.001,
          "1": -0.001,
          "2": -0.001,
          "3": -0.001
        },
        "ball_dx": null,
        "ball_found": true,
        "ball_pos": [
          -1.424793004989624,
          0.7441901564598083
        ],
        "deep_zone_team0_inner": false,
        "deep_zone_team0_outer": false,
        "deep_zone_team1_inner": false,
        "deep_zone_team1_outer": false,
        "player_count": 4,
        "prev_ball_x": null,
        "scalar_reward_delta": 0.0
      },
      "score": null,
      "step": 0,
      "team0_centroid": [
        5.998049736022949,
        0.07473385334014893
      ],
      "team0_step_reward": -0.002,
      "team1_centroid": [
        -10.761205673217773,
        0.1362709403038025
      ],
      "team1_step_reward": -0.002,
      "winner": null
    },
    {
      "ball_pos": [
        16.24605369567871,
        0.1311924308538437
      ],
      "reward_shaping": {
        "applied_reward": {
          "0": 0.01847293281555176,
          "1": 0.01847293281555176,
          "2": -0.02047293281555176,
          "3": -0.02047293281555176
        },
        "ball_dx": 1.9472932815551758,
        "ball_found": true,
        "ball_pos": [
          16.24605369567871,
          0.1311924308538437
        ],
        "closest_agent_id": 3,
        "deep_zone_team0_inner": false,
        "deep_zone_team0_outer": false,
        "deep_zone_team1_inner": false,
        "deep_zone_team1_outer": false,
        "player_count": 4,
        "possessing_team": 1,
        "prev_ball_x": 14.298760414123535,
        "progress_toward_goal": 0.0,
        "scalar_reward_delta": 0.0
      },
      "score": null,
      "step": 10,
      "team0_centroid": [
        2.1668315529823303,
        0.7998921275138855
      ],
      "team0_step_reward": -2.0409458656311035,
      "team1_centroid": [
        -6.05327907204628,
        2.0805433243513107
      ],
      "team1_step_reward": 2.015345857620239,
      "winner": null
    }
  ],
  "steps": 11,
  "tail_trace": [
    {
      "ball_pos": [
        -1.424793004989624,
        0.7441901564598083
      ],
      "reward_shaping": {
        "applied_reward": {
          "0": -0.001,
          "1": -0.001,
          "2": -0.001,
          "3": -0.001
        },
        "ball_dx": null,
        "ball_found": true,
        "ball_pos": [
          -1.424793004989624,
          0.7441901564598083
        ],
        "deep_zone_team0_inner": false,
        "deep_zone_team0_outer": false,
        "deep_zone_team1_inner": false,
        "deep_zone_team1_outer": false,
        "player_count": 4,
        "prev_ball_x": null,
        "scalar_reward_delta": 0.0
      },
      "score": null,
      "step": 0,
      "team0_centroid": [
        5.998049736022949,
        0.07473385334014893
      ],
      "team0_step_reward": -0.002,
      "team1_centroid": [
        -10.761205673217773,
        0.1362709403038025
      ],
      "team1_step_reward": -0.002,
      "winner": null
    },
    {
      "ball_pos": [
        -1.424793004989624,
        0.7441901564598083
      ],
      "reward_shaping": {
        "applied_reward": {
          "0": -0.001,
          "1": -0.001,
          "2": -0.001,
          "3": -0.001
        },
        "ball_dx": 0.0,
        "ball_found": true,
        "ball_pos": [
          -1.424793004989624,
          0.7441901564598083
        ],
        "closest_agent_id": 3,
        "deep_zone_team0_inner": false,
        "deep_zone_team0_outer": false,
        "deep_zone_team1_inner": false,
        "deep_zone_team1_outer": false,
        "player_count": 4,
        "possessing_team": 1,
        "prev_ball_x": -1.424793004989624,
        "progress_toward_goal": -0.0,
        "scalar_reward_delta": 0.0
      },
      "score": null,
      "step": 1,
      "team0_centroid": [
        5.69201922416687,
        0.15868905186653137
      ],
      "team0_step_reward": -0.002,
      "team1_centroid": [
        -10.467389106750488,
        0.37289485335350037
      ],
      "team1_step_reward": -0.002,
      "winner": null
    },
    {
      "ball_pos": [
        -1.424793004989624,
        0.7441901564598083
      ],
      "reward_shaping": {
        "applied_reward": {
          "0": -0.001,
          "1": -0.001,
          "2": -0.001,
          "3": -0.001
        },
        "ball_dx": 0.0,
        "ball_found": true,
        "ball_pos": [
          -1.424793004989624,
          0.7441901564598083
        ],
        "closest_agent_id": 3,
        "deep_zone_team0_inner": false,
        "deep_zone_team0_outer": false,
        "deep_zone_team1_inner": false,
        "deep_zone_team1_outer": false,
        "player_count": 4,
        "possessing_team": 1,
        "prev_ball_x": -1.424793004989624,
        "progress_toward_goal": -0.0,
        "scalar_reward_delta": 0.0
      },
      "score": null,
      "step": 2,
      "team0_centroid": [
        5.267850756645203,
        0.22644595801830292
      ],
      "team0_step_reward": -0.002,
      "team1_centroid": [
        -10.09274959564209,
        0.609857052564621
      ],
      "team1_step_reward": -0.002,
      "winner": null
    },
    {
      "ball_pos": [
        -1.424793004989624,
        0.7441901564598083
      ],
      "reward_shaping": {
        "applied_reward": {
          "0": -0.001,
          "1": -0.001,
          "2": -0.001,
          "3": -0.001
        },
        "ball_dx": 0.0,
        "ball_found": true,
        "ball_pos": [
          -1.424793004989624,
          0.7441901564598083
        ],
        "closest_agent_id": 0,
        "deep_zone_team0_inner": false,
        "deep_zone_team0_outer": false,
        "deep_zone_team1_inner": false,
        "deep_zone_team1_outer": false,
        "player_count": 4,
        "possessing_team": 0,
        "prev_ball_x": -1.424793004989624,
        "progress_toward_goal": 0.0,
        "scalar_reward_delta": 0.0
      },
      "score": null,
      "step": 3,
      "team0_centroid": [
        4.599295496940613,
        0.3410404175519943
      ],
      "team0_step_reward": -0.002,
      "team1_centroid": [
        -9.807172298431396,
        0.7961166948080063
      ],
      "team1_step_reward": -0.002,
      "winner": null
    },
    {
      "ball_pos": [
        -1.424793004989624,
        0.7441901564598083
      ],
      "reward_shaping": {
        "applied_reward": {
          "0": -0.001,
          "1": -0.001,
          "2": -0.001,
          "3": -0.001
        },
        "ball_dx": 0.0,
        "ball_found": true,
        "ball_pos": [
          -1.424793004989624,
          0.7441901564598083
        ],
        "closest_agent_id": 0,
        "deep_zone_team0_inner": false,
        "deep_zone_team0_outer": false,
        "deep_zone_team1_inner": false,
        "deep_zone_team1_outer": false,
        "player_count": 4,
        "possessing_team": 0,
        "prev_ball_x": -1.424793004989624,
        "progress_toward_goal": 0.0,
        "scalar_reward_delta": 0.0
      },
      "score": null,
      "step": 4,