{
  "classification": {
    "labels": [
      "late_defensive_collapse",
      "territory_loss",
      "poor_conversion"
    ],
    "primary_label": "late_defensive_collapse"
  },
  "cumulative_team0_reward": -2.2803277835845948,
  "cumulative_team1_reward": 2.232327751159668,
  "episode_index": 24,
  "final_score": null,
  "final_team0_step_reward": -2.033202392578125,
  "final_team1_step_reward": 2.013202360153198,
  "final_winner": null,
  "metrics": {
    "mean_ball_x": -7.553891807794571,
    "tail_mean_ball_x": -7.553891807794571,
    "team0_possession_ratio": 1.0,
    "team0_progress_toward_goal": 1.074660062789917,
    "team0_shaping_reward_sum": -0.2803277835845947,
    "team1_possession_ratio": 0.0,
    "team1_progress_toward_goal": 0.0,
    "team1_shaping_reward_sum": 0.24832778358459473
  },
  "outcome": "team1_win",
  "sampled_trace": [
    {
      "ball_pos": [
        -2.2576212882995605,
        1.4572796821594238
      ],
      "reward_shaping": {
        "applied_reward": {
          "0": -0.001,
          "1": -0.001,
          "2": -0.001,
          "3": -0.001
        },
        "ball_dx": null,
        "ball_found": true,
        "ball_pos": [
          -2.2576212882995605,
          1.4572796821594238
        ],
        "deep_zone_team0_inner": false,
        "deep_zone_team0_outer": false,
        "deep_zone_team1_inner": false,
        "deep_zone_team1_outer": false,
        "player_count": 4,
        "prev_ball_x": null,
        "scalar_reward_delta": 0.0
      },
      "score": null,
      "step": 0,
      "team0_centroid": [
        -5.3074787855148315,
        -0.05234330892562866
      ],
      "team0_step_reward": -0.002,
      "team1_centroid": [
        7.272527456283569,
        -0.020517468452453613
      ],
      "team1_step_reward": -0.002,
      "winner": null
    }
  ],
  "steps": 8,
  "tail_trace": [
    {
      "ball_pos": [
        -2.2576212882995605,
        1.4572796821594238
      ],
      "reward_shaping": {
        "applied_reward": {
          "0": -0.001,
          "1": -0.001,
          "2": -0.001,
          "3": -0.001
        },
        "ball_dx": null,
        "ball_found": true,
        "ball_pos": [
          -2.2576212882995605,
          1.4572796821594238
        ],
        "deep_zone_team0_inner": false,
        "deep_zone_team0_outer": false,
        "deep_zone_team1_inner": false,
        "deep_zone_team1_outer": false,
        "player_count": 4,
        "prev_ball_x": null,
        "scalar_reward_delta": 0.0
      },
      "score": null,
      "step": 0,
      "team0_centroid": [
        -5.3074787855148315,
        -0.05234330892562866
      ],
      "team0_step_reward": -0.002,
      "team1_centroid": [
        7.272527456283569,
        -0.020517468452453613
      ],
      "team1_step_reward": -0.002,
      "winner": null
    },
    {
      "ball_pos": [
        -1.1829612255096436,
        1.5910818576812744
      ],
      "reward_shaping": {
        "applied_reward": {
          "0": 0.009746600627899171,
          "1": 0.009746600627899171,
          "2": -0.01174660062789917,
          "3": -0.01174660062789917
        },
        "ball_dx": 1.074660062789917,
        "ball_found": true,
        "ball_pos": [
          -1.1829612255096436,
          1.5910818576812744
        ],
        "closest_agent_id": 0,
        "deep_zone_team0_inner": false,
        "deep_zone_team0_outer": false,
        "deep_zone_team1_inner": false,
        "deep_zone_team1_outer": false,
        "player_count": 4,
        "possessing_team": 0,
        "prev_ball_x": -2.2576212882995605,
        "progress_toward_goal": 1.074660062789917,
        "scalar_reward_delta": 0.0
      },
      "score": null,
      "step": 1,
      "team0_centroid": [
        -4.787430286407471,
        -0.12678325176239014
      ],
      "team0_step_reward": 0.019493201255798343,
      "team1_centroid": [
        6.677961945533752,
        -0.08354169130325317
      ],
      "team1_step_reward": -0.02349320125579834,
      "winner": null
    },
    {
      "ball_pos": [
        -2.08270263671875,
        3.994903564453125
      ],
      "reward_shaping": {
        "applied_reward": {
          "0": -0.009997414112091065,
          "1": -0.009997414112091065,
          "2": 0.007997414112091063,
          "3": 0.007997414112091063
        },
        "ball_dx": -0.8997414112091064,
        "ball_found": true,
        "ball_pos": [
          -2.08270263671875,
          3.994903564453125
        ],
        "closest_agent_id": 0,
        "deep_zone_team0_inner": false,
        "deep_zone_team0_outer": false,
        "deep_zone_team1_inner": false,
        "deep_zone_team1_outer": false,
        "player_count": 4,
        "possessing_team": 0,
        "prev_ball_x": -1.1829612255096436,
        "progress_toward_goal": 0.0,
        "scalar_reward_delta": 0.0
      },
      "score": null,
      "step": 2,
      "team0_centroid": [
        -4.024322807788849,
        -0.2638111710548401
      ],
      "team0_step_reward": -0.01999482822418213,
      "team1_centroid": [
        5.954913154244423,
        -0.22029411792755127
      ],
      "team1_step_reward": 0.015994828224182127,
      "winner": null
    },
    {
      "ball_pos": [
        -5.481716156005859,
        6.322216033935547
      ],
      "reward_shaping": {
        "applied_reward": {
          "0": -0.03499013519287109,
          "1": -0.03499013519287109,
          "2": 0.03299013519287109,
          "3": 0.03299013519287109
        },
        "ball_dx": -3.3990135192871094,
        "ball_found": true,
        "ball_pos": [
          -5.481716156005859,
          6.322216033935547
        ],
        "closest_agent_id": 0,
        "deep_zone_team0_inner": false,
        "deep_zone_team0_outer": false,
        "deep_zone_team1_inner": false,
        "deep_zone_team1_outer": false,
        "player_count": 4,
        "possessing_team": 0,
        "prev_ball_x": -2.08270263671875,
        "progress_toward_goal": 0.0,
        "scalar_reward_delta": 0.0
      },
      "score": null,
      "step": 3,
      "team0_centroid": [
        -3.5818715691566467,
        -0.23374927043914795
      ],
      "team0_step_reward": -0.06998027038574219,
      "team1_centroid": [
        5.61627584695816,
        -0.38979899883270264
      ],
      "team1_step_reward": 0.06598027038574218,
      "winner": null
    },
    {
      "ball_pos": [
        -8.61861801147461,
        3.7021484375
      ],
      "reward_shaping": {
        "applied_reward": {
          "0": -0.032369018554687504,
          "1": -0.032369018554687504,
          "2": 0.030369018554687502,
          "3": 0.030369018554687502
        },
        "ball_dx": -3.13690185546875,
        "ball_found": true,
        "ball_pos": [
          -8.61861801147461,
          3.7021484375
        ],
        "closest_agent_id": 1,
        "deep_zone_team0_inner": false,
        "deep_zone_team0_outer": false,
        "deep_zone_team1_inner": false,
        "deep_zone_team1_outer": false,
        "player_count": 4,
        "possessing_team": 0,
        "prev_ball_x": -5.481716156005859,
        "progress_toward_goal": 0.0,
        "scalar_reward_delta": 0.0
      },
      "score": null,
      "step": 4,
      "team0_centroid": [
        -3.315458834171295,
        -0.13651859760284424
      ],
      "team0_step_reward": -0.06473803710937501,
      "team1_centroid": [
        5.672263458371162,
        -0.6327492594718933
      ],
      "team1_step_reward": 0.060738037109375004,
      "winner": null
    },
    {
      "ball_pos": [
        -11.4196138381958,
        1.368988275527954
      ],
      "reward_shaping": {
        "applied_reward": {
          "0": -0.029009958267211915,
          "1": -0.029009958267211915,
          "2": 0.027009958267211913,
          "3": 0.027009958267211913
        },
        "ball_dx": -2.8009958267211914,
        "ball_found": true,