{
  "classification": {
    "labels": [
      "unclear_loss"
    ],
    "primary_label": "unclear_loss"
  },
  "cumulative_team0_reward": -2.3402362954616547,
  "cumulative_team1_reward": 2.2798362481594086,
  "episode_index": 393,
  "final_score": null,
  "final_team0_step_reward": -2.037883197784424,
  "final_team1_step_reward": 2.0134831504821777,
  "final_winner": null,
  "metrics": {
    "mean_ball_x": 5.254665911197662,
    "tail_mean_ball_x": 5.254665911197662,
    "team0_possession_ratio": 0.4444444444444444,
    "team0_progress_toward_goal": 2.7817981243133545,
    "team0_shaping_reward_sum": 0.3002362954616547,
    "team1_possession_ratio": 0.5555555555555556,
    "team1_progress_toward_goal": 0.0,
    "team1_shaping_reward_sum": -0.3402362954616547
  },
  "outcome": "team1_win",
  "sampled_trace": [
    {
      "ball_pos": [
        -0.7655970454216003,
        0.5917379856109619
      ],
      "reward_shaping": {
        "applied_reward": {
          "0": -0.001,
          "1": -0.001,
          "2": -0.001,
          "3": -0.001
        },
        "ball_dx": null,
        "ball_found": true,
        "ball_pos": [
          -0.7655970454216003,
          0.5917379856109619
        ],
        "deep_zone_team0_inner": false,
        "deep_zone_team0_outer": false,
        "deep_zone_team1_inner": false,
        "deep_zone_team1_outer": false,
        "player_count": 4,
        "prev_ball_x": null,
        "scalar_reward_delta": 0.0
      },
      "score": null,
      "step": 0,
      "team0_centroid": [
        9.106478214263916,
        0.0690988302230835
      ],
      "team0_step_reward": -0.002,
      "team1_centroid": [
        -5.454842567443848,
        0.05155384540557861
      ],
      "team1_step_reward": -0.002,
      "winner": null
    }
  ],
  "steps": 10,
  "tail_trace": [
    {
      "ball_pos": [
        -0.7655970454216003,
        0.5917379856109619
      ],
      "reward_shaping": {
        "applied_reward": {
          "0": -0.001,
          "1": -0.001,
          "2": -0.001,
          "3": -0.001
        },
        "ball_dx": null,
        "ball_found": true,
        "ball_pos": [
          -0.7655970454216003,
          0.5917379856109619
        ],
        "deep_zone_team0_inner": false,
        "deep_zone_team0_outer": false,
        "deep_zone_team1_inner": false,
        "deep_zone_team1_outer": false,
        "player_count": 4,
        "prev_ball_x": null,
        "scalar_reward_delta": 0.0
      },
      "score": null,
      "step": 0,
      "team0_centroid": [
        9.106478214263916,
        0.0690988302230835
      ],
      "team0_step_reward": -0.002,
      "team1_centroid": [
        -5.454842567443848,
        0.05155384540557861
      ],
      "team1_step_reward": -0.002,
      "winner": null
    },
    {
      "ball_pos": [
        -0.7655970454216003,
        0.5917379856109619
      ],
      "reward_shaping": {
        "applied_reward": {
          "0": -0.001,
          "1": -0.001,
          "2": -0.001,
          "3": -0.001
        },
        "ball_dx": 0.0,
        "ball_found": true,
        "ball_pos": [
          -0.7655970454216003,
          0.5917379856109619
        ],
        "closest_agent_id": 0,
        "deep_zone_team0_inner": false,
        "deep_zone_team0_outer": false,
        "deep_zone_team1_inner": false,
        "deep_zone_team1_outer": false,
        "player_count": 4,
        "possessing_team": 0,
        "prev_ball_x": -0.7655970454216003,
        "progress_toward_goal": 0.0,
        "scalar_reward_delta": 0.0
      },
      "score": null,
      "step": 1,
      "team0_centroid": [
        8.767574071884155,
        0.14448422193527222
      ],
      "team0_step_reward": -0.002,
      "team1_centroid": [
        -4.546553373336792,
        0.10561275482177734
      ],
      "team1_step_reward": -0.002,
      "winner": null
    },
    {
      "ball_pos": [
        -0.7655971050262451,
        0.5917379856109619
      ],
      "reward_shaping": {
        "applied_reward": {
          "0": -0.0010000005960464477,
          "1": -0.0010000005960464477,
          "2": -0.0009999994039535524,
          "3": -0.0009999994039535524
        },
        "ball_dx": -5.960464477539063e-08,
        "ball_found": true,
        "ball_pos": [
          -0.7655971050262451,
          0.5917379856109619
        ],
        "closest_agent_id": 0,
        "deep_zone_team0_inner": false,
        "deep_zone_team0_outer": false,
        "deep_zone_team1_inner": false,
        "deep_zone_team1_outer": false,
        "player_count": 4,
        "possessing_team": 0,
        "prev_ball_x": -0.7655970454216003,
        "progress_toward_goal": 0.0,
        "scalar_reward_delta": 0.0
      },
      "score": null,
      "step": 2,
      "team0_centroid": [
        8.26650881767273,
        0.2660284638404846
      ],
      "team0_step_reward": -0.0019999988079071047,
      "team1_centroid": [
        -3.5181825160980225,
        0.1547423005104065
      ],
      "team1_step_reward": -0.0020000011920928954,
      "winner": null
    },
    {
      "ball_pos": [
        -0.7655971050262451,
        0.5917379856109619
      ],
      "reward_shaping": {
        "applied_reward": {
          "0": -0.001,
          "1": -0.001,
          "2": -0.001,
          "3": -0.001
        },
        "ball_dx": 0.0,
        "ball_found": true,
        "ball_pos": [
          -0.7655971050262451,
          0.5917379856109619
        ],
        "closest_agent_id": 0,
        "deep_zone_team0_inner": false,
        "deep_zone_team0_outer": false,
        "deep_zone_team1_inner": false,
        "deep_zone_team1_outer": false,
        "player_count": 4,
        "possessing_team": 0,
        "prev_ball_x": -0.7655971050262451,
        "progress_toward_goal": 0.0,
        "scalar_reward_delta": 0.0
      },
      "score": null,
      "step": 3,
      "team0_centroid": [
        7.490757942199707,
        0.3953665792942047
      ],
      "team0_step_reward": -0.002,
      "team1_centroid": [
        -2.1458935737609863,
        0.2256428599357605
      ],
      "team1_step_reward": -0.002,
      "winner": null
    },
    {
      "ball_pos": [
        2.0162010192871094,
        0.1310364007949829
      ],
      "reward_shaping": {
        "applied_reward": {
          "0": 0.026817981243133546,
          "1": 0.026817981243133546,
          "2": -0.028817981243133547,
          "3": -0.028817981243133547
        },
        "ball_dx": 2.7817981243133545,
        "ball_found": true,
        "ball_pos": [
          2.0162010192871094,
          0.1310364007949829
        ],
        "closest_agent_id": 0,
        "deep_zone_team0_inner": false,
        "deep_zone_team0_outer": false,
        "deep_zone_team1_inner": false,
        "deep_zone_team1_outer": false,
        "player_count": 4,
        "possessing_team": 0,
        "prev_ball_x": -0.7655971050262451,
        "progress_toward_goal": 2.7817981243133545,
        "scalar_reward_delta": 0.0
      },
      "score": null,
      "step": 4,
      "team0_centroid": [
        6.749572515487671,
        0.39776504039764404
      ],
      "team0_step_reward": -0.057635962486267095,
      "team1_centroid": [
        -0.6409716606140137,
        0.22203311324119568
      ],
      "team1_step_reward": 0.05363596248626709,
      "winner": null
    },
    {
      "ball_pos": [
        5.400064945220947,
        -0.5212582349777222
      ],
      "reward_shaping": {
        "applied_reward": {
          "0": 0.03283863925933838,
          "1": 0.03283863925933838,
          "2": -0.03483863925933838,
          "3": -0.03483863925933838
        },
        "ball_dx": 3.383863925933838,
        "ball_found": true,
        "ball_pos": [
          5.400064945220947,
          -0.5212582349777222
        ],
        "closest_agent_id": 2,
        "deep_zone_team0_inner": false,
        "deep_zone_team0_outer": false,
        "deep_zone_team1_inner": false,
        "deep_zone_team1_outer": false,