{
  "classification": {
    "labels": [
      "low_possession"
    ],
    "primary_label": "low_possession"
  },
  "cumulative_team0_reward": -2.3616271934509276,
  "cumulative_team1_reward": 2.286827250480652,
  "episode_index": 423,
  "final_score": null,
  "final_team0_step_reward": -2.004238121032715,
  "final_team1_step_reward": 1.975438178062439,
  "final_winner": null,
  "metrics": {
    "mean_ball_x": 6.411729510013874,
    "tail_mean_ball_x": 6.411729510013874,
    "team0_possession_ratio": 0.25,
    "team0_progress_toward_goal": 0.0,
    "team0_shaping_reward_sum": 0.3116271934509276,
    "team1_possession_ratio": 0.75,
    "team1_progress_toward_goal": 0.0,
    "team1_shaping_reward_sum": -0.36162719345092764
  },
  "outcome": "team1_win",
  "sampled_trace": [
    {
      "ball_pos": [
        -1.433741569519043,
        -0.1279904842376709
      ],
      "reward_shaping": {
        "applied_reward": {
          "0": -0.001,
          "1": -0.001,
          "2": -0.001,
          "3": -0.001
        },
        "ball_dx": null,
        "ball_found": true,
        "ball_pos": [
          -1.433741569519043,
          -0.1279904842376709
        ],
        "deep_zone_team0_inner": false,
        "deep_zone_team0_outer": false,
        "deep_zone_team1_inner": false,
        "deep_zone_team1_outer": false,
        "player_count": 4,
        "prev_ball_x": null,
        "scalar_reward_delta": 0.0
      },
      "score": null,
      "step": 0,
      "team0_centroid": [
        10.046807765960693,
        0.07122206687927246
      ],
      "team0_step_reward": -0.002,
      "team1_centroid": [
        -7.522745370864868,
        -0.0004760622978210449
      ],
      "team1_step_reward": -0.002,
      "winner": null
    },
    {
      "ball_pos": [
        13.95141315460205,
        -2.5162575244903564
      ],
      "reward_shaping": {
        "applied_reward": {
          "0": 0.013743776321411133,
          "1": 0.013743776321411133,
          "2": -0.015743776321411135,
          "3": -0.015743776321411135
        },
        "ball_dx": 1.4743776321411133,
        "ball_found": true,
        "ball_pos": [
          13.95141315460205,
          -2.5162575244903564
        ],
        "closest_agent_id": 3,
        "deep_zone_team0_inner": false,
        "deep_zone_team0_outer": false,
        "deep_zone_team1_inner": false,
        "deep_zone_team1_outer": false,
        "player_count": 4,
        "possessing_team": 1,
        "prev_ball_x": 12.477035522460938,
        "progress_toward_goal": 0.0,
        "scalar_reward_delta": 0.0
      },
      "score": null,
      "step": 10,
      "team0_centroid": [
        7.821563482284546,
        1.9619728326797485
      ],
      "team0_step_reward": -0.03148755264282227,
      "team1_centroid": [
        -1.5314669609069824,
        0.4441765546798706
      ],
      "team1_step_reward": 0.027487552642822266,
      "winner": null
    }
  ],
  "steps": 13,
  "tail_trace": [
    {
      "ball_pos": [
        -1.433741569519043,
        -0.1279904842376709
      ],
      "reward_shaping": {
        "applied_reward": {
          "0": -0.001,
          "1": -0.001,
          "2": -0.001,
          "3": -0.001
        },
        "ball_dx": null,
        "ball_found": true,
        "ball_pos": [
          -1.433741569519043,
          -0.1279904842376709
        ],
        "deep_zone_team0_inner": false,
        "deep_zone_team0_outer": false,
        "deep_zone_team1_inner": false,
        "deep_zone_team1_outer": false,
        "player_count": 4,
        "prev_ball_x": null,
        "scalar_reward_delta": 0.0
      },
      "score": null,
      "step": 0,
      "team0_centroid": [
        10.046807765960693,
        0.07122206687927246
      ],
      "team0_step_reward": -0.002,
      "team1_centroid": [
        -7.522745370864868,
        -0.0004760622978210449
      ],
      "team1_step_reward": -0.002,
      "winner": null
    },
    {
      "ball_pos": [
        -1.433741569519043,
        -0.1279904842376709
      ],
      "reward_shaping": {
        "applied_reward": {
          "0": -0.001,
          "1": -0.001,
          "2": -0.001,
          "3": -0.001
        },
        "ball_dx": 0.0,
        "ball_found": true,
        "ball_pos": [
          -1.433741569519043,
          -0.1279904842376709
        ],
        "closest_agent_id": 1,
        "deep_zone_team0_inner": false,
        "deep_zone_team0_outer": false,
        "deep_zone_team1_inner": false,
        "deep_zone_team1_outer": false,
        "player_count": 4,
        "possessing_team": 0,
        "prev_ball_x": -1.433741569519043,
        "progress_toward_goal": 0.0,
        "scalar_reward_delta": 0.0
      },
      "score": null,
      "step": 1,
      "team0_centroid": [
        9.469464302062988,
        0.265503466129303
      ],
      "team0_step_reward": -0.002,
      "team1_centroid": [
        -7.270900011062622,
        0.04954066872596741
      ],
      "team1_step_reward": -0.002,
      "winner": null
    },
    {
      "ball_pos": [
        -1.433741569519043,
        -0.1279904842376709
      ],
      "reward_shaping": {
        "applied_reward": {
          "0": -0.001,
          "1": -0.001,
          "2": -0.001,
          "3": -0.001
        },
        "ball_dx": 0.0,
        "ball_found": true,
        "ball_pos": [
          -1.433741569519043,
          -0.1279904842376709
        ],
        "closest_agent_id": 1,
        "deep_zone_team0_inner": false,
        "deep_zone_team0_outer": false,
        "deep_zone_team1_inner": false,
        "deep_zone_team1_outer": false,
        "player_count": 4,
        "possessing_team": 0,
        "prev_ball_x": -1.433741569519043,
        "progress_toward_goal": 0.0,
        "scalar_reward_delta": 0.0
      },
      "score": null,
      "step": 2,
      "team0_centroid": [
        8.650988340377808,
        0.43333327770233154
      ],
      "team0_step_reward": -0.002,
      "team1_centroid": [
        -6.4376314878463745,
        0.17485009133815765
      ],
      "team1_step_reward": -0.002,
      "winner": null
    },
    {
      "ball_pos": [
        -1.433741569519043,
        -0.1279904842376709
      ],
      "reward_shaping": {
        "applied_reward": {
          "0": -0.001,
          "1": 0.001,
          "2": -0.001,
          "3": -0.001
        },
        "ball_dx": 0.0,
        "ball_found": true,
        "ball_pos": [
          -1.433741569519043,
          -0.1279904842376709
        ],
        "closest_agent_id": 1,
        "deep_zone_team0_inner": false,
        "deep_zone_team0_outer": false,
        "deep_zone_team1_inner": false,
        "deep_zone_team1_outer": false,
        "player_count": 4,
        "possessing_team": 0,
        "prev_ball_x": -1.433741569519043,
        "progress_toward_goal": 0.0,
        "scalar_reward_delta": 0.0
      },
      "score": null,
      "step": 3,
      "team0_centroid": [
        7.916314601898193,
        0.5363464839756489
      ],
      "team0_step_reward": -0.002,
      "team1_centroid": [
        -5.270340442657471,
        0.23370888456702232
      ],
      "team1_step_reward": 0.0,
      "winner": null
    },
    {
      "ball_pos": [
        1.4667152166366577,
        -0.5277506709098816
      ],
      "reward_shaping": {
        "applied_reward": {
          "0": 0.028004567861557007,
          "1": 0.028004567861557007,
          "2": -0.03000456786155701,
          "3": -0.03000456786155701
        },
        "ball_dx": 2.9004567861557007,
        "ball_found": true,
        "ball_pos": [
          1.4667152166366577,
          -0.5277506709098816
        ],
        "closest_agent_id": 2,
        "deep_zone_team0_inner": false,
        "deep_zone_team0_outer": false,
        "deep_zone_team1_inner": false,
        "deep_zone_team1_outer": false,
        "player_count": 4,
        "possessing_team": 1,
        "prev_ball_x": -1.433741569519043,
        "progress_toward_goal": 0.0,