{
  "classification": {
    "labels": [
      "late_defensive_collapse",
      "territory_loss",
      "poor_conversion"
    ],
    "primary_label": "late_defensive_collapse"
  },
  "cumulative_team0_reward": -2.365257229804993,
  "cumulative_team1_reward": 2.305657196044922,
  "episode_index": 426,
  "final_score": null,
  "final_team0_step_reward": -2.0324784202575685,
  "final_team1_step_reward": 2.0088783864974977,
  "final_winner": null,
  "metrics": {
    "mean_ball_x": -4.821427601575851,
    "tail_mean_ball_x": -4.821427601575851,
    "team0_possession_ratio": 0.8888888888888888,
    "team0_progress_toward_goal": 0.7155413627624512,
    "team0_shaping_reward_sum": -0.36525722980499264,
    "team1_possession_ratio": 0.1111111111111111,
    "team1_progress_toward_goal": 0.0,
    "team1_shaping_reward_sum": 0.3252572298049926
  },
  "outcome": "team1_win",
  "sampled_trace": [
    {
      "ball_pos": [
        1.440826654434204,
        1.4929002523422241
      ],
      "reward_shaping": {
        "applied_reward": {
          "0": -0.001,
          "1": -0.001,
          "2": -0.001,
          "3": -0.001
        },
        "ball_dx": null,
        "ball_found": true,
        "ball_pos": [
          1.440826654434204,
          1.4929002523422241
        ],
        "deep_zone_team0_inner": false,
        "deep_zone_team0_outer": false,
        "deep_zone_team1_inner": false,
        "deep_zone_team1_outer": false,
        "player_count": 4,
        "prev_ball_x": null,
        "scalar_reward_delta": 0.0
      },
      "score": null,
      "step": 0,
      "team0_centroid": [
        -3.9508659839630127,
        0.04042154550552368
      ],
      "team0_step_reward": -0.002,
      "team1_centroid": [
        6.933706760406494,
        0.09614598751068115
      ],
      "team1_step_reward": -0.002,
      "winner": null
    }
  ],
  "steps": 10,
  "tail_trace": [
    {
      "ball_pos": [
        1.440826654434204,
        1.4929002523422241
      ],
      "reward_shaping": {
        "applied_reward": {
          "0": -0.001,
          "1": -0.001,
          "2": -0.001,
          "3": -0.001
        },
        "ball_dx": null,
        "ball_found": true,
        "ball_pos": [
          1.440826654434204,
          1.4929002523422241
        ],
        "deep_zone_team0_inner": false,
        "deep_zone_team0_outer": false,
        "deep_zone_team1_inner": false,
        "deep_zone_team1_outer": false,
        "player_count": 4,
        "prev_ball_x": null,
        "scalar_reward_delta": 0.0
      },
      "score": null,
      "step": 0,
      "team0_centroid": [
        -3.9508659839630127,
        0.04042154550552368
      ],
      "team0_step_reward": -0.002,
      "team1_centroid": [
        6.933706760406494,
        0.09614598751068115
      ],
      "team1_step_reward": -0.002,
      "winner": null
    },
    {
      "ball_pos": [
        1.440826654434204,
        1.4929002523422241
      ],
      "reward_shaping": {
        "applied_reward": {
          "0": -0.001,
          "1": -0.001,
          "2": -0.001,
          "3": -0.001
        },
        "ball_dx": 0.0,
        "ball_found": true,
        "ball_pos": [
          1.440826654434204,
          1.4929002523422241
        ],
        "closest_agent_id": 3,
        "deep_zone_team0_inner": false,
        "deep_zone_team0_outer": false,
        "deep_zone_team1_inner": false,
        "deep_zone_team1_outer": false,
        "player_count": 4,
        "possessing_team": 1,
        "prev_ball_x": 1.440826654434204,
        "progress_toward_goal": -0.0,
        "scalar_reward_delta": 0.0
      },
      "score": null,
      "step": 1,
      "team0_centroid": [
        -3.381243109703064,
        0.16187775135040283
      ],
      "team0_step_reward": -0.002,
      "team1_centroid": [
        6.354557037353516,
        0.34911879897117615
      ],
      "team1_step_reward": -0.002,
      "winner": null
    },
    {
      "ball_pos": [
        1.440826654434204,
        1.4929003715515137
      ],
      "reward_shaping": {
        "applied_reward": {
          "0": -0.001,
          "1": -0.001,
          "2": -0.001,
          "3": -0.001
        },
        "ball_dx": 0.0,
        "ball_found": true,
        "ball_pos": [
          1.440826654434204,
          1.4929003715515137
        ],
        "closest_agent_id": 0,
        "deep_zone_team0_inner": false,
        "deep_zone_team0_outer": false,
        "deep_zone_team1_inner": false,
        "deep_zone_team1_outer": false,
        "player_count": 4,
        "possessing_team": 0,
        "prev_ball_x": 1.440826654434204,
        "progress_toward_goal": 0.0,
        "scalar_reward_delta": 0.0
      },
      "score": null,
      "step": 2,
      "team0_centroid": [
        -2.5499128103256226,
        0.22494781017303467
      ],
      "team0_step_reward": -0.002,
      "team1_centroid": [
        5.546020746231079,
        0.6653809696435928
      ],
      "team1_step_reward": -0.002,
      "winner": null
    },
    {
      "ball_pos": [
        2.1563680171966553,
        1.466477632522583
      ],
      "reward_shaping": {
        "applied_reward": {
          "0": 0.006155413627624512,
          "1": 0.006155413627624512,
          "2": -0.008155413627624512,
          "3": -0.008155413627624512
        },
        "ball_dx": 0.7155413627624512,
        "ball_found": true,
        "ball_pos": [
          2.1563680171966553,
          1.466477632522583
        ],
        "closest_agent_id": 0,
        "deep_zone_team0_inner": false,
        "deep_zone_team0_outer": false,
        "deep_zone_team1_inner": false,
        "deep_zone_team1_outer": false,
        "player_count": 4,
        "possessing_team": 0,
        "prev_ball_x": 1.440826654434204,
        "progress_toward_goal": 0.7155413627624512,
        "scalar_reward_delta": 0.0
      },
      "score": null,
      "step": 3,
      "team0_centroid": [
        -1.5252252519130707,
        0.17882859706878662
      ],
      "team0_step_reward": 0.012310827255249023,
      "team1_centroid": [
        4.560483694076538,
        0.9824570119380951
      ],
      "team1_step_reward": -0.016310827255249023,
      "winner": null
    },
    {
      "ball_pos": [
        -0.5642511248588562,
        -2.2417707443237305
      ],
      "reward_shaping": {
        "applied_reward": {
          "0": -0.028206191420555117,
          "1": -0.028206191420555117,
          "2": 0.026206191420555115,
          "3": 0.026206191420555115
        },
        "ball_dx": -2.7206191420555115,
        "ball_found": true,
        "ball_pos": [
          -0.5642511248588562,
          -2.2417707443237305
        ],
        "closest_agent_id": 1,
        "deep_zone_team0_inner": false,
        "deep_zone_team0_outer": false,
        "deep_zone_team1_inner": false,
        "deep_zone_team1_outer": false,
        "player_count": 4,
        "possessing_team": 0,
        "prev_ball_x": 2.1563680171966553,
        "progress_toward_goal": 0.0,
        "scalar_reward_delta": 0.0
      },
      "score": null,
      "step": 4,
      "team0_centroid": [
        -0.9427120685577393,
        9.328126907348633e-05
      ],
      "team0_step_reward": -0.056412382841110234,
      "team1_centroid": [
        3.6518150568008423,
        1.2987470030784607
      ],
      "team1_step_reward": 0.05241238284111023,
      "winner": null
    },
    {
      "ball_pos": [
        -4.718137741088867,
        -6.5642476081848145
      ],
      "reward_shaping": {
        "applied_reward": {
          "0": -0.04253886616230011,
          "1": -0.04253886616230011,
          "2": 0.04053886616230011,
          "3": 0.04053886616230011
        },
        "ball_dx": -4.153886616230011,
        "ball_found": true,
        "ball_pos": [
          -4.718137741088867,
          -6.5642476081848145
        ],
        "closest_agent_id": 1,
        "deep_zone_team0_inner": false,
        "deep_zone_team0_outer": false,