{
  "classification": {
    "labels": [
      "unclear_loss"
    ],
    "primary_label": "unclear_loss"
  },
  "cumulative_team0_reward": -2.368235252380371,
  "cumulative_team1_reward": 2.3146351928710938,
  "episode_index": 175,
  "final_score": null,
  "final_team0_step_reward": -2.031472064971924,
  "final_team1_step_reward": 2.0098720054626464,
  "final_winner": null,
  "metrics": {
    "mean_ball_x": 5.440179884433746,
    "tail_mean_ball_x": 5.440179884433746,
    "team0_possession_ratio": 0.375,
    "team0_progress_toward_goal": 1.6037784218788147,
    "team0_shaping_reward_sum": 0.332235252380371,
    "team1_possession_ratio": 0.625,
    "team1_progress_toward_goal": 0.0,
    "team1_shaping_reward_sum": -0.368235252380371
  },
  "outcome": "team1_win",
  "sampled_trace": [
    {
      "ball_pos": [
        -1.636505126953125,
        -2.2950210571289062
      ],
      "reward_shaping": {
        "applied_reward": {
          "0": -0.001,
          "1": -0.001,
          "2": -0.001,
          "3": -0.001
        },
        "ball_dx": null,
        "ball_found": true,
        "ball_pos": [
          -1.636505126953125,
          -2.2950210571289062
        ],
        "deep_zone_team0_inner": false,
        "deep_zone_team0_outer": false,
        "deep_zone_team1_inner": false,
        "deep_zone_team1_outer": false,
        "player_count": 4,
        "prev_ball_x": null,
        "scalar_reward_delta": 0.0
      },
      "score": null,
      "step": 0,
      "team0_centroid": [
        6.760545253753662,
        0.08136975765228271
      ],
      "team0_step_reward": -0.002,
      "team1_centroid": [
        -7.941681146621704,
        -0.040752112865448
      ],
      "team1_step_reward": -0.002,
      "winner": null
    }
  ],
  "steps": 9,
  "tail_trace": [
    {
      "ball_pos": [
        -1.636505126953125,
        -2.2950210571289062
      ],
      "reward_shaping": {
        "applied_reward": {
          "0": -0.001,
          "1": -0.001,
          "2": -0.001,
          "3": -0.001
        },
        "ball_dx": null,
        "ball_found": true,
        "ball_pos": [
          -1.636505126953125,
          -2.2950210571289062
        ],
        "deep_zone_team0_inner": false,
        "deep_zone_team0_outer": false,
        "deep_zone_team1_inner": false,
        "deep_zone_team1_outer": false,
        "player_count": 4,
        "prev_ball_x": null,
        "scalar_reward_delta": 0.0
      },
      "score": null,
      "step": 0,
      "team0_centroid": [
        6.760545253753662,
        0.08136975765228271
      ],
      "team0_step_reward": -0.002,
      "team1_centroid": [
        -7.941681146621704,
        -0.040752112865448
      ],
      "team1_step_reward": -0.002,
      "winner": null
    },
    {
      "ball_pos": [
        -1.636505126953125,
        -2.2950210571289062
      ],
      "reward_shaping": {
        "applied_reward": {
          "0": -0.001,
          "1": -0.001,
          "2": -0.001,
          "3": -0.001
        },
        "ball_dx": 0.0,
        "ball_found": true,
        "ball_pos": [
          -1.636505126953125,
          -2.2950210571289062
        ],
        "closest_agent_id": 1,
        "deep_zone_team0_inner": false,
        "deep_zone_team0_outer": false,
        "deep_zone_team1_inner": false,
        "deep_zone_team1_outer": false,
        "player_count": 4,
        "possessing_team": 0,
        "prev_ball_x": -1.636505126953125,
        "progress_toward_goal": 0.0,
        "scalar_reward_delta": 0.0
      },
      "score": null,
      "step": 1,
      "team0_centroid": [
        6.442185401916504,
        0.21756020188331604
      ],
      "team0_step_reward": -0.002,
      "team1_centroid": [
        -7.342170715332031,
        -0.082774817943573
      ],
      "team1_step_reward": -0.002,
      "winner": null
    },
    {
      "ball_pos": [
        -1.636505126953125,
        -2.2950210571289062
      ],
      "reward_shaping": {
        "applied_reward": {
          "0": -0.001,
          "1": -0.001,
          "2": -0.001,
          "3": -0.001
        },
        "ball_dx": 0.0,
        "ball_found": true,
        "ball_pos": [
          -1.636505126953125,
          -2.2950210571289062
        ],
        "closest_agent_id": 1,
        "deep_zone_team0_inner": false,
        "deep_zone_team0_outer": false,
        "deep_zone_team1_inner": false,
        "deep_zone_team1_outer": false,
        "player_count": 4,
        "possessing_team": 0,
        "prev_ball_x": -1.636505126953125,
        "progress_toward_goal": 0.0,
        "scalar_reward_delta": 0.0
      },
      "score": null,
      "step": 2,
      "team0_centroid": [
        5.956039667129517,
        0.23763132095336914
      ],
      "team0_step_reward": -0.002,
      "team1_centroid": [
        -6.507509231567383,
        -0.19473642110824585
      ],
      "team1_step_reward": -0.002,
      "winner": null
    },
    {
      "ball_pos": [
        -0.0327267050743103,
        -2.4378039836883545
      ],
      "reward_shaping": {
        "applied_reward": {
          "0": 0.015037784218788146,
          "1": 0.015037784218788146,
          "2": -0.017037784218788148,
          "3": -0.017037784218788148
        },
        "ball_dx": 1.6037784218788147,
        "ball_found": true,
        "ball_pos": [
          -0.0327267050743103,
          -2.4378039836883545
        ],
        "closest_agent_id": 1,
        "deep_zone_team0_inner": false,
        "deep_zone_team0_outer": false,
        "deep_zone_team1_inner": false,
        "deep_zone_team1_outer": false,
        "player_count": 4,
        "possessing_team": 0,
        "prev_ball_x": -1.636505126953125,
        "progress_toward_goal": 1.6037784218788147,
        "scalar_reward_delta": 0.0
      },
      "score": null,
      "step": 3,
      "team0_centroid": [
        5.21873927116394,
        0.13679441809654236
      ],
      "team0_step_reward": -0.034075568437576295,
      "team1_centroid": [
        -5.548307657241821,
        -0.3704903721809387
      ],
      "team1_step_reward": 0.03007556843757629,
      "winner": null
    },
    {
      "ball_pos": [
        4.219072341918945,
        -2.778524398803711
      ],
      "reward_shaping": {
        "applied_reward": {
          "0": 0.041517990469932556,
          "1": 0.041517990469932556,
          "2": -0.04351799046993256,
          "3": -0.04351799046993256
        },
        "ball_dx": 4.251799046993256,
        "ball_found": true,
        "ball_pos": [
          4.219072341918945,
          -2.778524398803711
        ],
        "closest_agent_id": 3,
        "deep_zone_team0_inner": false,
        "deep_zone_team0_outer": false,
        "deep_zone_team1_inner": false,
        "deep_zone_team1_outer": false,
        "player_count": 4,
        "possessing_team": 1,
        "prev_ball_x": -0.0327267050743103,
        "progress_toward_goal": 0.0,
        "scalar_reward_delta": 0.0
      },
      "score": null,
      "step": 4,
      "team0_centroid": [
        4.292654037475586,
        -0.008051782846450806
      ],
      "team0_step_reward": -0.08703598093986512,
      "team1_centroid": [
        -4.966999247670174,
        -0.3546079397201538
      ],
      "team1_step_reward": 0.08303598093986511,
      "winner": null
    },
    {
      "ball_pos": [
        8.01346206665039,
        -3.082911491394043
      ],
      "reward_shaping": {
        "applied_reward": {
          "0": 0.03694389724731445,
          "1": 0.03694389724731445,
          "2": -0.03894389724731445,
          "3": -0.03894389724731445
        },
        "ball_dx": 3.7943897247314453,
        "ball_found": true,
        "ball_pos": [
          8.01346206665039,
          -3.082911491394043
        ],
        "closest_agent_id": 3,
        "deep_zone_team0_inner": false,
        "deep_zone_team0_outer": false,
        "deep_zone_team1_inner": false,
        "deep_zone_team1_outer": false,
        "player_count": 4,