{
  "classification": {
    "labels": [
      "late_defensive_collapse",
      "territory_loss",
      "poor_conversion",
      "opponent_forward_progress"
    ],
    "primary_label": "late_defensive_collapse"
  },
  "cumulative_team0_reward": -2.3763180770874026,
  "cumulative_team1_reward": 2.300718120574951,
  "episode_index": 238,
  "final_score": null,
  "final_team0_step_reward": -2.020903217315674,
  "final_team1_step_reward": 1.9913032608032226,
  "final_winner": null,
  "metrics": {
    "mean_ball_x": -4.201228251824012,
    "tail_mean_ball_x": -4.201228251824012,
    "team0_possession_ratio": 0.5833333333333334,
    "team0_progress_toward_goal": 0.0,
    "team0_shaping_reward_sum": -0.3763180770874023,
    "team1_possession_ratio": 0.4166666666666667,
    "team1_progress_toward_goal": 0.9053788185119629,
    "team1_shaping_reward_sum": 0.32631807708740224
  },
  "outcome": "team1_win",
  "sampled_trace": [
    {
      "ball_pos": [
        2.11026668548584,
        -1.5366744995117188
      ],
      "reward_shaping": {
        "applied_reward": {
          "0": -0.001,
          "1": -0.001,
          "2": -0.001,
          "3": -0.001
        },
        "ball_dx": null,
        "ball_found": true,
        "ball_pos": [
          2.11026668548584,
          -1.5366744995117188
        ],
        "deep_zone_team0_inner": false,
        "deep_zone_team0_outer": false,
        "deep_zone_team1_inner": false,
        "deep_zone_team1_outer": false,
        "player_count": 4,
        "prev_ball_x": null,
        "scalar_reward_delta": 0.0
      },
      "score": null,
      "step": 0,
      "team0_centroid": [
        -7.969145059585571,
        -0.04607522487640381
      ],
      "team0_step_reward": -0.002,
      "team1_centroid": [
        8.632851839065552,
        -0.06149125099182129
      ],
      "team1_step_reward": -0.002,
      "winner": null
    },
    {
      "ball_pos": [
        -12.51909065246582,
        -1.2363483905792236
      ],
      "reward_shaping": {
        "applied_reward": {
          "0": -0.02412604904174805,
          "1": -0.02412604904174805,
          "2": 0.022126049041748048,
          "3": 0.022126049041748048
        },
        "ball_dx": -2.3126049041748047,
        "ball_found": true,
        "ball_pos": [
          -12.51909065246582,
          -1.2363483905792236
        ],
        "closest_agent_id": 1,
        "deep_zone_team0_inner": false,
        "deep_zone_team0_outer": false,
        "deep_zone_team1_inner": false,
        "deep_zone_team1_outer": false,
        "player_count": 4,
        "possessing_team": 0,
        "prev_ball_x": -10.206485748291016,
        "progress_toward_goal": 0.0,
        "scalar_reward_delta": 0.0
      },
      "score": null,
      "step": 10,
      "team0_centroid": [
        -0.736817479133606,
        -1.851766288280487
      ],
      "team0_step_reward": -0.0482520980834961,
      "team1_centroid": [
        5.580110490322113,
        -1.324925847351551
      ],
      "team1_step_reward": 0.044252098083496096,
      "winner": null
    }
  ],
  "steps": 13,
  "tail_trace": [
    {
      "ball_pos": [
        2.11026668548584,
        -1.5366744995117188
      ],
      "reward_shaping": {
        "applied_reward": {
          "0": -0.001,
          "1": -0.001,
          "2": -0.001,
          "3": -0.001
        },
        "ball_dx": null,
        "ball_found": true,
        "ball_pos": [
          2.11026668548584,
          -1.5366744995117188
        ],
        "deep_zone_team0_inner": false,
        "deep_zone_team0_outer": false,
        "deep_zone_team1_inner": false,
        "deep_zone_team1_outer": false,
        "player_count": 4,
        "prev_ball_x": null,
        "scalar_reward_delta": 0.0
      },
      "score": null,
      "step": 0,
      "team0_centroid": [
        -7.969145059585571,
        -0.04607522487640381
      ],
      "team0_step_reward": -0.002,
      "team1_centroid": [
        8.632851839065552,
        -0.06149125099182129
      ],
      "team1_step_reward": -0.002,
      "winner": null
    },
    {
      "ball_pos": [
        2.11026668548584,
        -1.5366744995117188
      ],
      "reward_shaping": {
        "applied_reward": {
          "0": -0.001,
          "1": -0.001,
          "2": -0.001,
          "3": -0.001
        },
        "ball_dx": 0.0,
        "ball_found": true,
        "ball_pos": [
          2.11026668548584,
          -1.5366744995117188
        ],
        "closest_agent_id": 2,
        "deep_zone_team0_inner": false,
        "deep_zone_team0_outer": false,
        "deep_zone_team1_inner": false,
        "deep_zone_team1_outer": false,
        "player_count": 4,
        "possessing_team": 1,
        "prev_ball_x": 2.11026668548584,
        "progress_toward_goal": -0.0,
        "scalar_reward_delta": 0.0
      },
      "score": null,
      "step": 1,
      "team0_centroid": [
        -7.393261671066284,
        -0.2080620527267456
      ],
      "team0_step_reward": -0.002,
      "team1_centroid": [
        8.017888307571411,
        -0.2867741286754608
      ],
      "team1_step_reward": -0.002,
      "winner": null
    },
    {
      "ball_pos": [
        2.11026668548584,
        -1.5366744995117188
      ],
      "reward_shaping": {
        "applied_reward": {
          "0": -0.001,
          "1": -0.001,
          "2": -0.001,
          "3": -0.001
        },
        "ball_dx": 0.0,
        "ball_found": true,
        "ball_pos": [
          2.11026668548584,
          -1.5366744995117188
        ],
        "closest_agent_id": 2,
        "deep_zone_team0_inner": false,
        "deep_zone_team0_outer": false,
        "deep_zone_team1_inner": false,
        "deep_zone_team1_outer": false,
        "player_count": 4,
        "possessing_team": 1,
        "prev_ball_x": 2.11026668548584,
        "progress_toward_goal": -0.0,
        "scalar_reward_delta": 0.0
      },
      "score": null,
      "step": 2,
      "team0_centroid": [
        -6.82316255569458,
        -0.47640323638916016
      ],
      "team0_step_reward": -0.002,
      "team1_centroid": [
        7.660555958747864,
        -0.6659557223320007
      ],
      "team1_step_reward": -0.002,
      "winner": null
    },
    {
      "ball_pos": [
        2.11026668548584,
        -1.5366744995117188
      ],
      "reward_shaping": {
        "applied_reward": {
          "0": -0.001,
          "1": -0.001,
          "2": -0.001,
          "3": -0.001
        },
        "ball_dx": 0.0,
        "ball_found": true,
        "ball_pos": [
          2.11026668548584,
          -1.5366744995117188
        ],
        "closest_agent_id": 2,
        "deep_zone_team0_inner": false,
        "deep_zone_team0_outer": false,
        "deep_zone_team1_inner": false,
        "deep_zone_team1_outer": false,
        "player_count": 4,
        "possessing_team": 1,
        "prev_ball_x": 2.11026668548584,
        "progress_toward_goal": -0.0,
        "scalar_reward_delta": 0.0
      },
      "score": null,
      "step": 3,
      "team0_centroid": [
        -5.898345232009888,
        -0.7472694218158722
      ],
      "team0_step_reward": -0.002,
      "team1_centroid": [
        7.479952096939087,
        -0.989206925034523
      ],
      "team1_step_reward": -0.002,
      "winner": null
    },
    {
      "ball_pos": [
        2.11026668548584,
        -1.5366744995117188
      ],
      "reward_shaping": {
        "applied_reward": {
          "0": -0.001,
          "1": -0.001,
          "2": -0.001,
          "3": -0.001
        },
        "ball_dx": 0.0,
        "ball_found": true,
        "ball_pos": [
          2.11026668548584,
          -1.5366744995117188
        ],
        "closest_agent_id": 2,
        "deep_zone_team0_inner": false,
        "deep_zone_team0_outer": false,
        "deep_zone_team1_inner": false,
        "deep_zone_team1_outer": false,
        "player_count": 4,
        "possessing_team": 1,
        "prev_ball_x": 2.11026668548584,