{
  "classification": {
    "labels": [
      "low_possession"
    ],
    "primary_label": "low_possession"
  },
  "cumulative_team0_reward": -2.3078459935188294,
  "cumulative_team1_reward": 2.2246460099220275,
  "episode_index": 281,
  "final_score": null,
  "final_team0_step_reward": -2.0050538177490234,
  "final_team1_step_reward": 1.9738538341522216,
  "final_winner": null,
  "metrics": {
    "mean_ball_x": 8.154982038906642,
    "tail_mean_ball_x": 8.154982038906642,
    "team0_possession_ratio": 0.23076923076923078,
    "team0_progress_toward_goal": 0.0,
    "team0_shaping_reward_sum": 0.25184599351882936,
    "team1_possession_ratio": 0.7692307692307693,
    "team1_progress_toward_goal": 0.0,
    "team1_shaping_reward_sum": -0.30784599351882935
  },
  "outcome": "team1_win",
  "sampled_trace": [
    {
      "ball_pos": [
        1.14984929561615,
        -0.7955536842346191
      ],
      "reward_shaping": {
        "applied_reward": {
          "0": -0.001,
          "1": -0.001,
          "2": -0.001,
          "3": -0.001
        },
        "ball_dx": null,
        "ball_found": true,
        "ball_pos": [
          1.14984929561615,
          -0.7955536842346191
        ],
        "deep_zone_team0_inner": false,
        "deep_zone_team0_outer": false,
        "deep_zone_team1_inner": false,
        "deep_zone_team1_outer": false,
        "player_count": 4,
        "prev_ball_x": null,
        "scalar_reward_delta": 0.0
      },
      "score": null,
      "step": 0,
      "team0_centroid": [
        9.365179538726807,
        0.060469746589660645
      ],
      "team0_step_reward": -0.002,
      "team1_centroid": [
        -6.539456844329834,
        -0.006048440933227539
      ],
      "team1_step_reward": -0.002,
      "winner": null
    },
    {
      "ball_pos": [
        13.507393836975098,
        4.442456245422363
      ],
      "reward_shaping": {
        "applied_reward": {
          "0": 0.008218912124633788,
          "1": 0.008218912124633788,
          "2": -0.01021891212463379,
          "3": -0.01021891212463379
        },
        "ball_dx": 0.9218912124633789,
        "ball_found": true,
        "ball_pos": [
          13.507393836975098,
          4.442456245422363
        ],
        "closest_agent_id": 2,
        "deep_zone_team0_inner": false,
        "deep_zone_team0_outer": false,
        "deep_zone_team1_inner": false,
        "deep_zone_team1_outer": false,
        "player_count": 4,
        "possessing_team": 1,
        "prev_ball_x": 12.585502624511719,
        "progress_toward_goal": 0.0,
        "scalar_reward_delta": 0.0
      },
      "score": null,
      "step": 10,
      "team0_centroid": [
        8.636215925216675,
        0.5087750852108002
      ],
      "team0_step_reward": -0.02043782424926758,
      "team1_centroid": [
        1.3998271226882935,
        0.14884045720100403
      ],
      "team1_step_reward": 0.016437824249267576,
      "winner": null
    }
  ],
  "steps": 14,
  "tail_trace": [
    {
      "ball_pos": [
        1.14984929561615,
        -0.7955536842346191
      ],
      "reward_shaping": {
        "applied_reward": {
          "0": -0.001,
          "1": -0.001,
          "2": -0.001,
          "3": -0.001
        },
        "ball_dx": null,
        "ball_found": true,
        "ball_pos": [
          1.14984929561615,
          -0.7955536842346191
        ],
        "deep_zone_team0_inner": false,
        "deep_zone_team0_outer": false,
        "deep_zone_team1_inner": false,
        "deep_zone_team1_outer": false,
        "player_count": 4,
        "prev_ball_x": null,
        "scalar_reward_delta": 0.0
      },
      "score": null,
      "step": 0,
      "team0_centroid": [
        9.365179538726807,
        0.060469746589660645
      ],
      "team0_step_reward": -0.002,
      "team1_centroid": [
        -6.539456844329834,
        -0.006048440933227539
      ],
      "team1_step_reward": -0.002,
      "winner": null
    },
    {
      "ball_pos": [
        1.14984929561615,
        -0.7955536842346191
      ],
      "reward_shaping": {
        "applied_reward": {
          "0": -0.001,
          "1": -0.001,
          "2": -0.001,
          "3": -0.001
        },
        "ball_dx": 0.0,
        "ball_found": true,
        "ball_pos": [
          1.14984929561615,
          -0.7955536842346191
        ],
        "closest_agent_id": 1,
        "deep_zone_team0_inner": false,
        "deep_zone_team0_outer": false,
        "deep_zone_team1_inner": false,
        "deep_zone_team1_outer": false,
        "player_count": 4,
        "possessing_team": 0,
        "prev_ball_x": 1.14984929561615,
        "progress_toward_goal": 0.0,
        "scalar_reward_delta": 0.0
      },
      "score": null,
      "step": 1,
      "team0_centroid": [
        9.041649580001831,
        0.14227789640426636
      ],
      "team0_step_reward": -0.002,
      "team1_centroid": [
        -5.623745799064636,
        -0.07545590400695801
      ],
      "team1_step_reward": -0.002,
      "winner": null
    },
    {
      "ball_pos": [
        1.14984929561615,
        -0.7955536842346191
      ],
      "reward_shaping": {
        "applied_reward": {
          "0": -0.001,
          "1": -0.001,
          "2": -0.001,
          "3": -0.001
        },
        "ball_dx": 0.0,
        "ball_found": true,
        "ball_pos": [
          1.14984929561615,
          -0.7955536842346191
        ],
        "closest_agent_id": 1,
        "deep_zone_team0_inner": false,
        "deep_zone_team0_outer": false,
        "deep_zone_team1_inner": false,
        "deep_zone_team1_outer": false,
        "player_count": 4,
        "possessing_team": 0,
        "prev_ball_x": 1.14984929561615,
        "progress_toward_goal": 0.0,
        "scalar_reward_delta": 0.0
      },
      "score": null,
      "step": 2,
      "team0_centroid": [
        8.571830749511719,
        0.18646302819252014
      ],
      "team0_step_reward": -0.002,
      "team1_centroid": [
        -4.817101001739502,
        -0.15549752116203308
      ],
      "team1_step_reward": -0.002,
      "winner": null
    },
    {
      "ball_pos": [
        1.14984929561615,
        -0.7955536842346191
      ],
      "reward_shaping": {
        "applied_reward": {
          "0": -0.001,
          "1": -0.001,
          "2": -0.001,
          "3": -0.001
        },
        "ball_dx": 0.0,
        "ball_found": true,
        "ball_pos": [
          1.14984929561615,
          -0.7955536842346191
        ],
        "closest_agent_id": 1,
        "deep_zone_team0_inner": false,
        "deep_zone_team0_outer": false,
        "deep_zone_team1_inner": false,
        "deep_zone_team1_outer": false,
        "player_count": 4,
        "possessing_team": 0,
        "prev_ball_x": 1.14984929561615,
        "progress_toward_goal": 0.0,
        "scalar_reward_delta": 0.0
      },
      "score": null,
      "step": 3,
      "team0_centroid": [
        8.088061809539795,
        0.0645466260612011
      ],
      "team0_step_reward": -0.002,
      "team1_centroid": [
        -3.969425708055496,
        -0.3369334042072296
      ],
      "team1_step_reward": -0.002,
      "winner": null
    },
    {
      "ball_pos": [
        3.406038999557495,
        0.7824810743331909
      ],
      "reward_shaping": {
        "applied_reward": {
          "0": 0.02156189703941345,
          "1": 0.02156189703941345,
          "2": -0.023561897039413453,
          "3": -0.023561897039413453
        },
        "ball_dx": 2.256189703941345,
        "ball_found": true,
        "ball_pos": [
          3.406038999557495,
          0.7824810743331909
        ],
        "closest_agent_id": 2,
        "deep_zone_team0_inner": false,
        "deep_zone_team0_outer": false,
        "deep_zone_team1_inner": false,
        "deep_zone_team1_outer": false,
        "player_count": 4,
        "possessing_team": 1,
        "prev_ball_x": 1.14984929561615,
        "progress_toward_goal": 0.0,