{
  "classification": {
    "labels": [
      "low_possession"
    ],
    "primary_label": "low_possession"
  },
  "cumulative_team0_reward": -2.4156568410396577,
  "cumulative_team1_reward": 2.284167559623718,
  "episode_index": 11,
  "final_score": null,
  "final_team0_step_reward": -2.0274683990478515,
  "final_team1_step_reward": 1.9894684438705443,
  "final_winner": null,
  "metrics": {
    "mean_ball_x": 5.546842591329054,
    "tail_mean_ball_x": 5.546842591329054,
    "team0_possession_ratio": 0.3,
    "team0_progress_toward_goal": 1.17446631193161,
    "team0_shaping_reward_sum": 0.3061675148010254,
    "team1_possession_ratio": 0.7,
    "team1_progress_toward_goal": 0.0,
    "team1_shaping_reward_sum": -0.41565684103965755
  },
  "outcome": "team1_win",
  "sampled_trace": [
    {
      "ball_pos": [
        -1.7926530838012695,
        -1.089240550994873
      ],
      "reward_shaping": {
        "applied_reward": {
          "0": -0.001,
          "1": -0.001,
          "2": -0.001,
          "3": -0.001
        },
        "ball_dx": null,
        "ball_found": true,
        "ball_pos": [
          -1.7926530838012695,
          -1.089240550994873
        ],
        "closest_agent_distance": null,
        "closest_agent_id": null,
        "deep_zone_team0_inner": false,
        "deep_zone_team0_outer": false,
        "deep_zone_team1_inner": false,
        "deep_zone_team1_outer": false,
        "defensive_survival_team0_active": false,
        "defensive_survival_team1_active": false,
        "episode_steps": 1,
        "player_count": 4,
        "possessing_team": null,
        "possession_confirmed": false,
        "prev_ball_x": null,
        "progress_reward_applied": false,
        "progress_reward_gated": false,
        "progress_toward_goal": null,
        "scalar_reward_delta": 0.0
      },
      "score": null,
      "step": 0,
      "team0_centroid": [
        10.339303493499756,
        -0.11362898349761963
      ],
      "team0_step_reward": -0.002,
      "team1_centroid": [
        -7.414135694503784,
        0.005563855171203613
      ],
      "team1_step_reward": -0.002,
      "winner": null
    },
    {
      "ball_pos": [
        14.61572265625,
        -4.221163749694824
      ],
      "reward_shaping": {
        "applied_reward": {
          "0": 0.005734199523925781,
          "1": 0.005734199523925781,
          "2": -0.01373419952392578,
          "3": -0.01373419952392578
        },
        "ball_dx": 0.6734199523925781,
        "ball_found": true,
        "ball_pos": [
          14.61572265625,
          -4.221163749694824
        ],
        "closest_agent_distance": 4.564990851079388,
        "closest_agent_id": 3,
        "deep_zone_team0_inner": false,
        "deep_zone_team0_outer": false,
        "deep_zone_team1_inner": true,
        "deep_zone_team1_outer": true,
        "defensive_survival_team0_active": false,
        "defensive_survival_team1_active": false,
        "episode_steps": 11,
        "fast_loss_penalty_team0": 0.0,
        "fast_loss_penalty_team1": 0.0,
        "player_count": 4,
        "possessing_team": 1,
        "possession_confirmed": false,
        "prev_ball_x": 13.942302703857422,
        "progress_reward_applied": true,
        "progress_reward_gated": false,
        "progress_toward_goal": 0.0,
        "scalar_reward_delta": 0.0,
        "terminal_winner": null
      },
      "score": null,
      "step": 10,
      "team0_centroid": [
        7.613214790821075,
        -0.6014943942427635
      ],
      "team0_step_reward": -2.0274683990478515,
      "team1_centroid": [
        -2.8300399482250214,
        -0.5024479031562805
      ],
      "team1_step_reward": 1.9894684438705443,
      "winner": null
    }
  ],
  "steps": 11,
  "tail_trace": [
    {
      "ball_pos": [
        -1.7926530838012695,
        -1.089240550994873
      ],
      "reward_shaping": {
        "applied_reward": {
          "0": -0.001,
          "1": -0.001,
          "2": -0.001,
          "3": -0.001
        },
        "ball_dx": null,
        "ball_found": true,
        "ball_pos": [
          -1.7926530838012695,
          -1.089240550994873
        ],
        "closest_agent_distance": null,
        "closest_agent_id": null,
        "deep_zone_team0_inner": false,
        "deep_zone_team0_outer": false,
        "deep_zone_team1_inner": false,
        "deep_zone_team1_outer": false,
        "defensive_survival_team0_active": false,
        "defensive_survival_team1_active": false,
        "episode_steps": 1,
        "player_count": 4,
        "possessing_team": null,
        "possession_confirmed": false,
        "prev_ball_x": null,
        "progress_reward_applied": false,
        "progress_reward_gated": false,
        "progress_toward_goal": null,
        "scalar_reward_delta": 0.0
      },
      "score": null,
      "step": 0,
      "team0_centroid": [
        10.339303493499756,
        -0.11362898349761963
      ],
      "team0_step_reward": -0.002,
      "team1_centroid": [
        -7.414135694503784,
        0.005563855171203613
      ],
      "team1_step_reward": -0.002,
      "winner": null
    },
    {
      "ball_pos": [
        -1.7926530838012695,
        -1.089240550994873
      ],
      "reward_shaping": {
        "applied_reward": {
          "0": -0.001,
          "1": -0.001,
          "2": -0.001,
          "3": -0.001
        },
        "ball_dx": 0.0,
        "ball_found": true,
        "ball_pos": [
          -1.7926530838012695,
          -1.089240550994873
        ],
        "closest_agent_distance": 2.9449009481488773,
        "closest_agent_id": 1,
        "deep_zone_team0_inner": false,
        "deep_zone_team0_outer": false,
        "deep_zone_team1_inner": false,
        "deep_zone_team1_outer": false,
        "defensive_survival_team0_active": false,
        "defensive_survival_team1_active": false,
        "episode_steps": 2,
        "player_count": 4,
        "possessing_team": 0,
        "possession_confirmed": false,
        "prev_ball_x": -1.7926530838012695,
        "progress_reward_applied": true,
        "progress_reward_gated": false,
        "progress_toward_goal": 0.0,
        "scalar_reward_delta": 0.0
      },
      "score": null,
      "step": 1,
      "team0_centroid": [
        9.765338897705078,
        -0.2394992709159851
      ],
      "team0_step_reward": -0.002,
      "team1_centroid": [
        -6.508333206176758,
        0.0676988959312439
      ],
      "team1_step_reward": -0.002,
      "winner": null
    },
    {
      "ball_pos": [
        -1.7926530838012695,
        -1.089240550994873
      ],
      "reward_shaping": {
        "applied_reward": {
          "0": -0.001,
          "1": -0.001,
          "2": -0.001,
          "3": -0.001
        },
        "ball_dx": 0.0,
        "ball_found": true,
        "ball_pos": [
          -1.7926530838012695,
          -1.089240550994873
        ],
        "closest_agent_distance": 1.7786010307269453,
        "closest_agent_id": 1,
        "deep_zone_team0_inner": false,
        "deep_zone_team0_outer": false,
        "deep_zone_team1_inner": false,
        "deep_zone_team1_outer": false,
        "defensive_survival_team0_active": false,
        "defensive_survival_team1_active": false,
        "episode_steps": 3,
        "player_count": 4,
        "possessing_team": 0,
        "possession_confirmed": false,
        "prev_ball_x": -1.7926530838012695,
        "progress_reward_applied": true,
        "progress_reward_gated": false,
        "progress_toward_goal": 0.0,
        "scalar_reward_delta": 0.0
      },
      "score": null,
      "step": 2,
      "team0_centroid": [
        8.955937385559082,
        -0.4153674840927124
      ],
      "team0_step_reward": -0.002,
      "team1_centroid": [
        -5.704774498939514,
        0.1552826166152954
      ],
      "team1_step_reward": -0.002,