{
  "avg_spread": 0.741937556114757,
  "verdict": "A2 (PBRS \u0394V) VIABLE \u2014 P(W) evolves meaningfully across prefix; \u0394V gives signal",
  "n_records": 1652,
  "spreads_W_stats": {
    "mean": 0.6552615753347217,
    "median": 0.9649869140703231
  },
  "spreads_L_stats": {
    "mean": 0.8454192383474949,
    "median": 0.9967344956967281
  }
}