{
  "classification": {
    "labels": [
      "unclear_loss"
    ],
    "primary_label": "unclear_loss"
  },
  "cumulative_team0_reward": -2.327613864898682,
  "cumulative_team1_reward": 2.2152008085250854,
  "episode_index": 195,
  "final_score": null,
  "final_team0_step_reward": -2.0400232543945314,
  "final_team1_step_reward": 2.002023299217224,
  "final_winner": null,
  "metrics": {
    "mean_ball_x": 6.179942867972634,
    "tail_mean_ball_x": 6.179942867972634,
    "team0_possession_ratio": 0.5,
    "team0_progress_toward_goal": 0.6206550598144531,
    "team0_shaping_reward_sum": 0.2372007637023926,
    "team1_possession_ratio": 0.5,
    "team1_progress_toward_goal": 0.0,
    "team1_shaping_reward_sum": -0.32761386489868166
  },
  "outcome": "team1_win",
  "sampled_trace": [
    {
      "ball_pos": [
        2.2294816970825195,
        -1.5720902681350708
      ],
      "reward_shaping": {
        "applied_reward": {
          "0": -0.001,
          "1": -0.001,
          "2": -0.001,
          "3": -0.001
        },
        "ball_dx": null,
        "ball_found": true,
        "ball_pos": [
          2.2294816970825195,
          -1.5720902681350708
        ],
        "closest_agent_distance": null,
        "closest_agent_id": null,
        "deep_zone_team0_inner": false,
        "deep_zone_team0_outer": false,
        "deep_zone_team1_inner": false,
        "deep_zone_team1_outer": false,
        "defensive_survival_team0_active": false,
        "defensive_survival_team1_active": false,
        "episode_steps": 1,
        "player_count": 4,
        "possessing_team": null,
        "possession_confirmed": false,
        "prev_ball_x": null,
        "progress_reward_applied": false,
        "progress_reward_gated": false,
        "progress_toward_goal": null,
        "scalar_reward_delta": 0.0
      },
      "score": null,
      "step": 0,
      "team0_centroid": [
        12.444636344909668,
        0.09648662805557251
      ],
      "team0_step_reward": -0.002,
      "team1_centroid": [
        -9.131784915924072,
        0.050913333892822266
      ],
      "team1_step_reward": -0.002,
      "winner": null
    },
    {
      "ball_pos": [
        15.189519882202148,
        -2.629808187484741
      ],
      "reward_shaping": {
        "applied_reward": {
          "0": 0.012011627197265624,
          "1": 0.012011627197265624,
          "2": -0.020011627197265625,
          "3": -0.020011627197265625
        },
        "ball_dx": 1.3011627197265625,
        "ball_found": true,
        "ball_pos": [
          15.189519882202148,
          -2.629808187484741
        ],
        "closest_agent_distance": 7.460631766197928,
        "closest_agent_id": 2,
        "deep_zone_team0_inner": false,
        "deep_zone_team0_outer": false,
        "deep_zone_team1_inner": true,
        "deep_zone_team1_outer": true,
        "defensive_survival_team0_active": false,
        "defensive_survival_team1_active": false,
        "episode_steps": 11,
        "fast_loss_penalty_team0": 0.0,
        "fast_loss_penalty_team1": 0.0,
        "player_count": 4,
        "possessing_team": 1,
        "possession_confirmed": false,
        "prev_ball_x": 13.888357162475586,
        "progress_reward_applied": true,
        "progress_reward_gated": false,
        "progress_toward_goal": 0.0,
        "scalar_reward_delta": 0.0,
        "terminal_winner": null
      },
      "score": null,
      "step": 10,
      "team0_centroid": [
        6.814096212387085,
        -1.81165412068367
      ],
      "team0_step_reward": -2.0400232543945314,
      "team1_centroid": [
        -5.260155081748962,
        0.5803390741348267
      ],
      "team1_step_reward": 2.002023299217224,
      "winner": null
    }
  ],
  "steps": 11,
  "tail_trace": [
    {
      "ball_pos": [
        2.2294816970825195,
        -1.5720902681350708
      ],
      "reward_shaping": {
        "applied_reward": {
          "0": -0.001,
          "1": -0.001,
          "2": -0.001,
          "3": -0.001
        },
        "ball_dx": null,
        "ball_found": true,
        "ball_pos": [
          2.2294816970825195,
          -1.5720902681350708
        ],
        "closest_agent_distance": null,
        "closest_agent_id": null,
        "deep_zone_team0_inner": false,
        "deep_zone_team0_outer": false,
        "deep_zone_team1_inner": false,
        "deep_zone_team1_outer": false,
        "defensive_survival_team0_active": false,
        "defensive_survival_team1_active": false,
        "episode_steps": 1,
        "player_count": 4,
        "possessing_team": null,
        "possession_confirmed": false,
        "prev_ball_x": null,
        "progress_reward_applied": false,
        "progress_reward_gated": false,
        "progress_toward_goal": null,
        "scalar_reward_delta": 0.0
      },
      "score": null,
      "step": 0,
      "team0_centroid": [
        12.444636344909668,
        0.09648662805557251
      ],
      "team0_step_reward": -0.002,
      "team1_centroid": [
        -9.131784915924072,
        0.050913333892822266
      ],
      "team1_step_reward": -0.002,
      "winner": null
    },
    {
      "ball_pos": [
        2.2294816970825195,
        -1.5720902681350708
      ],
      "reward_shaping": {
        "applied_reward": {
          "0": -0.001,
          "1": -0.001,
          "2": -0.001,
          "3": -0.001
        },
        "ball_dx": 0.0,
        "ball_found": true,
        "ball_pos": [
          2.2294816970825195,
          -1.5720902681350708
        ],
        "closest_agent_distance": 7.165822060376651,
        "closest_agent_id": 0,
        "deep_zone_team0_inner": false,
        "deep_zone_team0_outer": false,
        "deep_zone_team1_inner": false,
        "deep_zone_team1_outer": false,
        "defensive_survival_team0_active": false,
        "defensive_survival_team1_active": false,
        "episode_steps": 2,
        "player_count": 4,
        "possessing_team": 0,
        "possession_confirmed": false,
        "prev_ball_x": 2.2294816970825195,
        "progress_reward_applied": true,
        "progress_reward_gated": false,
        "progress_toward_goal": 0.0,
        "scalar_reward_delta": 0.0
      },
      "score": null,
      "step": 1,
      "team0_centroid": [
        11.86994981765747,
        0.1994343101978302
      ],
      "team0_step_reward": -0.002,
      "team1_centroid": [
        -8.777234554290771,
        0.12176093459129333
      ],
      "team1_step_reward": -0.002,
      "winner": null
    },
    {
      "ball_pos": [
        2.2294816970825195,
        -1.5720902681350708
      ],
      "reward_shaping": {
        "applied_reward": {
          "0": -0.001,
          "1": -0.001,
          "2": -0.001,
          "3": -0.001
        },
        "ball_dx": 0.0,
        "ball_found": true,
        "ball_pos": [
          2.2294816970825195,
          -1.5720902681350708
        ],
        "closest_agent_distance": 5.541243238197799,
        "closest_agent_id": 0,
        "deep_zone_team0_inner": false,
        "deep_zone_team0_outer": false,
        "deep_zone_team1_inner": false,
        "deep_zone_team1_outer": false,
        "defensive_survival_team0_active": false,
        "defensive_survival_team1_active": false,
        "episode_steps": 3,
        "player_count": 4,
        "possessing_team": 0,
        "possession_confirmed": false,
        "prev_ball_x": 2.2294816970825195,
        "progress_reward_applied": true,
        "progress_reward_gated": false,
        "progress_toward_goal": 0.0,
        "scalar_reward_delta": 0.0
      },
      "score": null,
      "step": 2,
      "team0_centroid": [
        11.06577730178833,
        0.11227303743362427
      ],
      "team0_step_reward": -0.002,
      "team1_centroid": [
        -8.23254406452179,
        0.19705753028392792
      ],
      "team1_step_reward": -0.002,
      "winner": null
    },
    {
      "ball_pos": [
        2.2294816970825195,
        -1.5720902681350708
      ],