{
  "classification": {
    "labels": [
      "win"
    ],
    "primary_label": "win"
  },
  "cumulative_team0_reward": 1.979200005531311,
  "cumulative_team1_reward": -2.0,
  "episode_index": 302,
  "final_score": null,
  "final_team0_step_reward": 1.979200005531311,
  "final_team1_step_reward": -2.0,
  "final_winner": null,
  "metrics": {
    "mean_ball_x": 5.704672282392329,
    "tail_mean_ball_x": 5.704672282392329,
    "team0_possession_ratio": null,
    "team0_progress_toward_goal": 0.0,
    "team0_shaping_reward_sum": 0.0,
    "team1_possession_ratio": null,
    "team1_progress_toward_goal": 0.0,
    "team1_shaping_reward_sum": 0.0
  },
  "outcome": "team0_win",
  "sampled_trace": [
    {
      "ball_pos": [
        1.1174046993255615,
        -1.4403624534606934
      ],
      "reward_shaping": null,
      "score": null,
      "step": 0,
      "team0_centroid": [
        -6.6629979610443115,
        -0.04380863904953003
      ],
      "team0_step_reward": 0.0,
      "team1_centroid": [
        9.522898197174072,
        -0.0812186598777771
      ],
      "team1_step_reward": 0.0,
      "winner": null
    },
    {
      "ball_pos": [
        15.411901473999023,
        -0.5035367012023926
      ],
      "reward_shaping": null,
      "score": null,
      "step": 10,
      "team0_centroid": [
        -4.59721440076828,
        -0.19448357820510864
      ],
      "team0_step_reward": 1.979200005531311,
      "team1_centroid": [
        0.2300463616847992,
        -0.9579553008079529
      ],
      "team1_step_reward": -2.0,
      "winner": null
    }
  ],
  "steps": 11,
  "tail_trace": [
    {
      "ball_pos": [
        1.1174046993255615,
        -1.4403624534606934
      ],
      "reward_shaping": null,
      "score": null,
      "step": 0,
      "team0_centroid": [
        -6.6629979610443115,
        -0.04380863904953003
      ],
      "team0_step_reward": 0.0,
      "team1_centroid": [
        9.522898197174072,
        -0.0812186598777771
      ],
      "team1_step_reward": 0.0,
      "winner": null
    },
    {
      "ball_pos": [
        1.1174046993255615,
        -1.4403624534606934
      ],
      "reward_shaping": null,
      "score": null,
      "step": 1,
      "team0_centroid": [
        -6.3366029262542725,
        -0.01194453239440918
      ],
      "team0_step_reward": 0.0,
      "team1_centroid": [
        8.379897117614746,
        -0.31049084663391113
      ],
      "team1_step_reward": 0.0,
      "winner": null
    },
    {
      "ball_pos": [
        1.1174046993255615,
        -1.4403624534606934
      ],
      "reward_shaping": null,
      "score": null,
      "step": 2,
      "team0_centroid": [
        -5.863489389419556,
        0.07092076539993286
      ],
      "team0_step_reward": 0.0,
      "team1_centroid": [
        6.998330593109131,
        -0.5341757610440254
      ],
      "team1_step_reward": 0.0,
      "winner": null
    },
    {
      "ball_pos": [
        1.1174046993255615,
        -1.4403624534606934
      ],
      "reward_shaping": null,
      "score": null,
      "step": 3,
      "team0_centroid": [
        -5.142237663269043,
        0.03253704309463501
      ],
      "team0_step_reward": 0.0,
      "team1_centroid": [
        5.597657203674316,
        -0.7146540880203247
      ],
      "team1_step_reward": 0.0,
      "winner": null
    },
    {
      "ball_pos": [
        1.1174046993255615,
        -1.4403624534606934
      ],
      "reward_shaping": null,
      "score": null,
      "step": 4,
      "team0_centroid": [
        -4.478137493133545,
        -0.03977048397064209
      ],
      "team0_step_reward": 0.0,
      "team1_centroid": [
        4.161900997161865,
        -0.7961645126342773
      ],
      "team1_step_reward": 0.0,
      "winner": null
    },
    {
      "ball_pos": [
        0.8712641000747681,
        -2.1768651008605957
      ],
      "reward_shaping": null,
      "score": null,
      "step": 5,
      "team0_centroid": [
        -3.764771670103073,
        -0.022513508796691895
      ],
      "team0_step_reward": 0.0,
      "team1_centroid": [
        2.7419766783714294,
        -0.7664642781019211
      ],
      "team1_step_reward": 0.0,
      "winner": null
    },
    {
      "ball_pos": [
        5.0251784324646,
        -5.81504487991333
      ],
      "reward_shaping": null,
      "score": null,
      "step": 6,
      "team0_centroid": [
        -3.913804531097412,
        -0.10086411237716675
      ],
      "team0_step_reward": 0.0,
      "team1_centroid": [
        2.26352097094059,
        -0.6658603586256504
      ],
      "team1_step_reward": 0.0,
      "winner": null
    },
    {
      "ball_pos": [
        8.565443992614746,
        -5.3137922286987305
      ],
      "reward_shaping": null,
      "score": null,
      "step": 7,
      "team0_centroid": [
        -4.15735200047493,
        -0.21823853254318237
      ],
      "team0_step_reward": 0.0,
      "team1_centroid": [
        1.8610075078904629,
        -0.7611003518104553
      ],
      "team1_step_reward": 0.0,
      "winner": null
    },
    {
      "ball_pos": [
        12.077532768249512,
        -2.9283835887908936
      ],
      "reward_shaping": null,
      "score": null,
      "step": 8,
      "team0_centroid": [
        -4.3988770842552185,
        -0.31645870208740234
      ],
      "team0_step_reward": 0.0,
      "team1_centroid": [
        1.2507362812757492,
        -0.8881279826164246
      ],
      "team1_step_reward": 0.0,
      "winner": null
    },
    {
      "ball_pos": [
        15.213050842285156,
        -0.8018162250518799
      ],
      "reward_shaping": null,
      "score": null,
      "step": 9,
      "team0_centroid": [
        -4.5704450607299805,
        -0.2368936538696289
      ],
      "team0_step_reward": 0.0,
      "team1_centroid": [
        0.4036606550216675,
        -0.956008791923523
      ],
      "team1_step_reward": 0.0,
      "winner": null
    },
    {
      "ball_pos": [
        15.411901473999023,
        -0.5035367012023926
      ],
      "reward_shaping": null,
      "score": null,
      "step": 10,
      "team0_centroid": [
        -4.59721440076828,
        -0.19448357820510864
      ],
      "team0_step_reward": 1.979200005531311,
      "team1_centroid": [
        0.2300463616847992,
        -0.9579553008079529
      ],
      "team1_step_reward": -2.0,
      "winner": null
    }
  ],
  "team0_module": "ceia_baseline_agent",
  "team1_module": "ceia_baseline_agent"
}