{
  "classification": {
    "labels": [
      "unclear_loss"
    ],
    "primary_label": "unclear_loss"
  },
  "cumulative_team0_reward": -2.0,
  "cumulative_team1_reward": 1.9287999868392944,
  "episode_index": 1,
  "final_score": null,
  "final_team0_step_reward": -2.0,
  "final_team1_step_reward": 1.9287999868392944,
  "final_winner": null,
  "metrics": {
    "mean_ball_x": 7.652872199399604,
    "tail_mean_ball_x": 8.808192477126916,
    "team0_possession_ratio": null,
    "team0_progress_toward_goal": 0.0,
    "team0_shaping_reward_sum": 0.0,
    "team1_possession_ratio": null,
    "team1_progress_toward_goal": 0.0,
    "team1_shaping_reward_sum": 0.0
  },
  "outcome": "team1_win",
  "sampled_trace": [
    {
      "ball_pos": [
        1.9038372039794922,
        -0.24315619468688965
      ],
      "reward_shaping": null,
      "score": null,
      "step": 0,
      "team0_centroid": [
        6.788817644119263,
        -0.018937885761260986
      ],
      "team0_step_reward": 0.0,
      "team1_centroid": [
        -10.599611759185791,
        -0.0060599446296691895
      ],
      "team1_step_reward": 0.0,
      "winner": null
    },
    {
      "ball_pos": [
        0.23229481279850006,
        2.5310308933258057
      ],
      "reward_shaping": null,
      "score": null,
      "step": 10,
      "team0_centroid": [
        2.5146853923797607,
        0.5672255679965019
      ],
      "team0_step_reward": 0.0,
      "team1_centroid": [
        -0.9043507277965546,
        2.1827590465545654
      ],
      "team1_step_reward": 0.0,
      "winner": null
    },
    {
      "ball_pos": [
        11.841097831726074,
        5.016793727874756
      ],
      "reward_shaping": null,
      "score": null,
      "step": 20,
      "team0_centroid": [
        4.732941627502441,
        3.079634130001068
      ],
      "team0_step_reward": 0.0,
      "team1_centroid": [
        -0.362407922744751,
        2.9531818628311157
      ],
      "team1_step_reward": 0.0,
      "winner": null
    },
    {
      "ball_pos": [
        9.358163833618164,
        2.678881883621216
      ],
      "reward_shaping": null,
      "score": null,
      "step": 30,
      "team0_centroid": [
        8.941997528076172,
        2.4206249713897705
      ],
      "team0_step_reward": 0.0,
      "team1_centroid": [
        -3.0011634826660156,
        0.625705361366272
      ],
      "team1_step_reward": 0.0,
      "winner": null
    }
  ],
  "steps": 36,
  "tail_trace": [
    {
      "ball_pos": [
        1.3243495225906372,
        0.7556225061416626
      ],
      "reward_shaping": null,
      "score": null,
      "step": 6,
      "team0_centroid": [
        2.0145901143550873,
        0.03678017854690552
      ],
      "team0_step_reward": 0.0,
      "team1_centroid": [
        -2.269955039024353,
        0.9029702059924603
      ],
      "team1_step_reward": 0.0,
      "winner": null
    },
    {
      "ball_pos": [
        0.9756666421890259,
        1.322494387626648
      ],
      "reward_shaping": null,
      "score": null,
      "step": 7,
      "team0_centroid": [
        1.7552306950092316,
        0.06378485262393951
      ],
      "team0_step_reward": 0.0,
      "team1_centroid": [
        -1.2971853613853455,
        1.0831528902053833
      ],
      "team1_step_reward": 0.0,
      "winner": null
    },
    {
      "ball_pos": [
        0.6861733794212341,
        1.793138027191162
      ],
      "reward_shaping": null,
      "score": null,
      "step": 8,
      "team0_centroid": [
        1.9518303871154785,
        0.1109355092048645
      ],
      "team0_step_reward": 0.0,
      "team1_centroid": [
        -0.9837673008441925,
        1.3198154866695404
      ],
      "team1_step_reward": 0.0,
      "winner": null
    },
    {
      "ball_pos": [
        0.44636937975883484,
        2.1829993724823
      ],
      "reward_shaping": null,
      "score": null,
      "step": 9,
      "team0_centroid": [
        2.258715122938156,
        0.27194273844361305
      ],
      "team0_step_reward": 0.0,
      "team1_centroid": [
        -0.924968808889389,
        1.6905516982078552
      ],
      "team1_step_reward": 0.0,
      "winner": null
    },
    {
      "ball_pos": [
        0.23229481279850006,
        2.5310308933258057
      ],
      "reward_shaping": null,
      "score": null,
      "step": 10,
      "team0_centroid": [
        2.5146853923797607,
        0.5672255679965019
      ],
      "team0_step_reward": 0.0,
      "team1_centroid": [
        -0.9043507277965546,
        2.1827590465545654
      ],
      "team1_step_reward": 0.0,
      "winner": null
    },
    {
      "ball_pos": [
        1.4859760999679565,
        3.10227108001709
      ],
      "reward_shaping": null,
      "score": null,
      "step": 11,
      "team0_centroid": [
        2.776011884212494,
        0.9922243356704712
      ],
      "team0_step_reward": 0.0,
      "team1_centroid": [
        -0.4234198331832886,
        2.6917245388031006
      ],
      "team1_step_reward": 0.0,
      "winner": null
    },
    {
      "ball_pos": [
        4.110913276672363,
        3.8539650440216064
      ],
      "reward_shaping": null,
      "score": null,
      "step": 12,
      "team0_centroid": [
        2.8287240266799927,
        1.589677333831787
      ],
      "team0_step_reward": 0.0,
      "team1_centroid": [
        -0.0223456472158432,
        3.0559709072113037
      ],
      "team1_step_reward": 0.0,
      "winner": null
    },
    {
      "ball_pos": [
        6.436489582061768,
        4.520018100738525
      ],
      "reward_shaping": null,
      "score": null,
      "step": 13,
      "team0_centroid": [
        2.767940640449524,
        2.135985016822815
      ],
      "team0_step_reward": 0.0,
      "team1_centroid": [
        -0.07568714022636414,
        3.225189447402954
      ],
      "team1_step_reward": 0.0,
      "winner": null
    },
    {
      "ball_pos": [
        8.49148941040039,
        5.108578205108643
      ],
      "reward_shaping": null,
      "score": null,
      "step": 14,
      "team0_centroid": [
        2.7308058738708496,
        2.511433959007263
      ],
      "team0_step_reward": 0.0,
      "team1_centroid": [
        -0.021217823028564453,
        3.3777401447296143
      ],
      "team1_step_reward": 0.0,
      "winner": null
    },
    {
      "ball_pos": [
        10.301910400390625,
        5.627089977264404
      ],
      "reward_shaping": null,
      "score": null,
      "step": 15,
      "team0_centroid": [
        2.7643274068832397,
        2.653015375137329
      ],
      "team0_step_reward": 0.0,
      "team1_centroid": [
        -0.024233460426330566,
        3.5852675437927246
      ],
      "team1_step_reward": 0.0,
      "winner": null
    },
    {
      "ball_pos": [
        11.891251564025879,
        6.0822834968566895
      ],
      "reward_shaping": null,
      "score": null,
      "step": 16,
      "team0_centroid": [
        3.0271835327148438,
        2.803523361682892
      ],
      "team0_step_reward": 0.0,
      "team1_centroid": [
        -0.19661402702331543,
        3.6620837450027466
      ],
      "team1_step_reward": 0.0,
      "winner": null
    },
    {
      "ball_pos": [
        13.280754089355469,
        6.480242729187012
      ],
      "reward_shaping": null,
      "score": null,
      "step": 17,
      "team0_centroid": [
        3.3571970462799072,
        2.9722275733947754
      ],
      "team0_step_reward": 0.0,
      "team1_centroid": [
        -0.36998069286346436,
        3.6323448419570923
      ],
      "team1_step_reward": 0.0,
      "winner": null
    },
    {
      "ball_pos": [
        12.943771362304688,
        6.0513691902160645
      ],
      "reward_shaping": null,
      "score": null,
      "step": 18,
      "team0_centroid": [
        3.6925816535949707,
        3.205102860927582
      ],
      "team0_step_reward": 0.0,