{
  "classification": {
    "labels": [
      "unclear_loss"
    ],
    "primary_label": "unclear_loss"
  },
  "cumulative_team0_reward": -2.0,
  "cumulative_team1_reward": 1.9559999704360962,
  "episode_index": 411,
  "final_score": null,
  "final_team0_step_reward": -2.0,
  "final_team1_step_reward": 1.9559999704360962,
  "final_winner": null,
  "metrics": {
    "mean_ball_x": 9.481468764218418,
    "tail_mean_ball_x": 9.481468764218418,
    "team0_possession_ratio": null,
    "team0_progress_toward_goal": 0.0,
    "team0_shaping_reward_sum": 0.0,
    "team1_possession_ratio": null,
    "team1_progress_toward_goal": 0.0,
    "team1_shaping_reward_sum": 0.0
  },
  "outcome": "team1_win",
  "sampled_trace": [
    {
      "ball_pos": [
        -0.22552156448364258,
        -0.0671687126159668
      ],
      "reward_shaping": null,
      "score": null,
      "step": 0,
      "team0_centroid": [
        8.315940380096436,
        -0.018092632293701172
      ],
      "team0_step_reward": 0.0,
      "team1_centroid": [
        -3.019623637199402,
        -0.04857426881790161
      ],
      "team1_step_reward": 0.0,
      "winner": null
    },
    {
      "ball_pos": [
        11.205292701721191,
        -5.503385066986084
      ],
      "reward_shaping": null,
      "score": null,
      "step": 10,
      "team0_centroid": [
        2.7710022926330566,
        -1.9952832460403442
      ],
      "team0_step_reward": 0.0,
      "team1_centroid": [
        1.241906762123108,
        -3.7384525537490845
      ],
      "team1_step_reward": 0.0,
      "winner": null
    },
    {
      "ball_pos": [
        14.005704879760742,
        -3.243015766143799
      ],
      "reward_shaping": null,
      "score": null,
      "step": 20,
      "team0_centroid": [
        -2.645376682281494,
        -4.256261050701141
      ],
      "team0_step_reward": 0.0,
      "team1_centroid": [
        4.030888319015503,
        -2.6769700050354004
      ],
      "team1_step_reward": 0.0,
      "winner": null
    }
  ],
  "steps": 22,
  "tail_trace": [
    {
      "ball_pos": [
        -0.22552156448364258,
        -0.0671687126159668
      ],
      "reward_shaping": null,
      "score": null,
      "step": 0,
      "team0_centroid": [
        8.315940380096436,
        -0.018092632293701172
      ],
      "team0_step_reward": 0.0,
      "team1_centroid": [
        -3.019623637199402,
        -0.04857426881790161
      ],
      "team1_step_reward": 0.0,
      "winner": null
    },
    {
      "ball_pos": [
        -0.22552156448364258,
        -0.0671687126159668
      ],
      "reward_shaping": null,
      "score": null,
      "step": 1,
      "team0_centroid": [
        7.670074462890625,
        -0.11795693635940552
      ],
      "team0_step_reward": 0.0,
      "team1_centroid": [
        -2.4635509252548218,
        -0.1444118320941925
      ],
      "team1_step_reward": 0.0,
      "winner": null
    },
    {
      "ball_pos": [
        0.5381660461425781,
        -0.5795854330062866
      ],
      "reward_shaping": null,
      "score": null,
      "step": 2,
      "team0_centroid": [
        7.228580355644226,
        -0.23173868656158447
      ],
      "team0_step_reward": 0.0,
      "team1_centroid": [
        -1.9679327607154846,
        -0.3717203587293625
      ],
      "team1_step_reward": 0.0,
      "winner": null
    },
    {
      "ball_pos": [
        2.7173852920532227,
        -2.1452057361602783
      ],
      "reward_shaping": null,
      "score": null,
      "step": 3,
      "team0_centroid": [
        6.918362855911255,
        -0.31269216537475586
      ],
      "team0_step_reward": 0.0,
      "team1_centroid": [
        -1.3771943598985672,
        -0.7529834806919098
      ],
      "team1_step_reward": 0.0,
      "winner": null
    },
    {
      "ball_pos": [
        4.647336959838867,
        -3.531891107559204
      ],
      "reward_shaping": null,
      "score": null,
      "step": 4,
      "team0_centroid": [
        6.415906071662903,
        -0.37777623534202576
      ],
      "team0_step_reward": 0.0,
      "team1_centroid": [
        -0.8088780641555786,
        -1.2575284540653229
      ],
      "team1_step_reward": 0.0,
      "winner": null
    },
    {
      "ball_pos": [
        6.352041244506836,
        -4.756735324859619
      ],
      "reward_shaping": null,
      "score": null,
      "step": 5,
      "team0_centroid": [
        5.90413498878479,
        -0.4374220371246338
      ],
      "team0_step_reward": 0.0,
      "team1_centroid": [
        -0.15835058689117432,
        -1.8674647808074951
      ],
      "team1_step_reward": 0.0,
      "winner": null
    },
    {
      "ball_pos": [
        7.853140830993652,
        -5.835287094116211
      ],
      "reward_shaping": null,
      "score": null,
      "step": 6,
      "team0_centroid": [
        5.575785040855408,
        -0.5466524958610535
      ],
      "team0_step_reward": 0.0,
      "team1_centroid": [
        0.4838608503341675,
        -2.335555672645569
      ],
      "team1_step_reward": 0.0,
      "winner": null
    },
    {
      "ball_pos": [
        9.170196533203125,
        -6.78160285949707
      ],
      "reward_shaping": null,
      "score": null,
      "step": 7,
      "team0_centroid": [
        5.145521804690361,
        -0.820075273513794
      ],
      "team0_step_reward": 0.0,
      "team1_centroid": [
        0.9288395643234253,
        -2.768713116645813
      ],
      "team1_step_reward": 0.0,
      "winner": null
    },
    {
      "ball_pos": [
        10.021000862121582,
        -6.460479259490967
      ],
      "reward_shaping": null,
      "score": null,
      "step": 8,
      "team0_centroid": [
        4.45040500164032,
        -1.1553717479109764
      ],
      "team0_step_reward": 0.0,
      "team1_centroid": [
        1.214289665222168,
        -3.1557244062423706
      ],
      "team1_step_reward": 0.0,
      "winner": null
    },
    {
      "ball_pos": [
        10.662796020507812,
        -5.941268444061279
      ],
      "reward_shaping": null,
      "score": null,
      "step": 9,
      "team0_centroid": [
        3.5512317419052124,
        -1.5582986921072006
      ],
      "team0_step_reward": 0.0,
      "team1_centroid": [
        1.3833950757980347,
        -3.4272791147232056
      ],
      "team1_step_reward": 0.0,
      "winner": null
    },
    {
      "ball_pos": [
        11.205292701721191,
        -5.503385066986084
      ],
      "reward_shaping": null,
      "score": null,
      "step": 10,
      "team0_centroid": [
        2.7710022926330566,
        -1.9952832460403442
      ],
      "team0_step_reward": 0.0,
      "team1_centroid": [
        1.241906762123108,
        -3.7384525537490845
      ],
      "team1_step_reward": 0.0,
      "winner": null
    },
    {
      "ball_pos": [
        11.657515525817871,
        -5.138370990753174
      ],
      "reward_shaping": null,
      "score": null,
      "step": 11,
      "team0_centroid": [
        1.9352471828460693,
        -2.2872473001480103
      ],
      "team0_step_reward": 0.0,
      "team1_centroid": [
        1.2433226108551025,
        -4.05446195602417
      ],
      "team1_step_reward": 0.0,
      "winner": null
    },
    {
      "ball_pos": [
        12.037435531616211,
        -4.831716060638428
      ],
      "reward_shaping": null,
      "score": null,
      "step": 12,
      "team0_centroid": [
        1.4153008460998535,
        -2.378503739833832
      ],
      "team0_step_reward": 0.0,
      "team1_centroid": [
        1.394731044769287,
        -4.378150701522827
      ],
      "team1_step_reward": 0.0,
      "winner": null
    },
    {
      "ball_pos": [
        12.37916374206543,
        -4.555888652801514
      ],
      "reward_shaping": null,
      "score": null,
      "step": 13,
      "team0_centroid": [
        0.9674222469329834,
        -2.5712203979492188
      ],
      "team0_step_reward": 0.0,