{
  "classification": {
    "labels": [
      "win"
    ],
    "primary_label": "win"
  },
  "cumulative_team0_reward": 1.9287999868392944,
  "cumulative_team1_reward": -2.0,
  "episode_index": 456,
  "final_score": null,
  "final_team0_step_reward": 1.9287999868392944,
  "final_team1_step_reward": -2.0,
  "final_winner": null,
  "metrics": {
    "mean_ball_x": 6.3800006955862045,
    "tail_mean_ball_x": 7.935325962305069,
    "team0_possession_ratio": null,
    "team0_progress_toward_goal": 0.0,
    "team0_shaping_reward_sum": 0.0,
    "team1_possession_ratio": null,
    "team1_progress_toward_goal": 0.0,
    "team1_shaping_reward_sum": 0.0
  },
  "outcome": "team0_win",
  "sampled_trace": [
    {
      "ball_pos": [
        -0.9659066200256348,
        -0.1076970100402832
      ],
      "reward_shaping": null,
      "score": null,
      "step": 0,
      "team0_centroid": [
        -10.943738460540771,
        0.025734663009643555
      ],
      "team0_step_reward": 0.0,
      "team1_centroid": [
        4.189068078994751,
        0.11591130495071411
      ],
      "team1_step_reward": 0.0,
      "winner": null
    },
    {
      "ball_pos": [
        4.130457401275635,
        -1.7102912664413452
      ],
      "reward_shaping": null,
      "score": null,
      "step": 10,
      "team0_centroid": [
        -3.5099233388900757,
        -1.2378068566322327
      ],
      "team0_step_reward": 0.0,
      "team1_centroid": [
        -7.559556007385254,
        0.5058861374855042
      ],
      "team1_step_reward": 0.0,
      "winner": null
    },
    {
      "ball_pos": [
        8.686871528625488,
        6.682508945465088
      ],
      "reward_shaping": null,
      "score": null,
      "step": 20,
      "team0_centroid": [
        -1.2571752071380615,
        0.34520119428634644
      ],
      "team0_step_reward": 0.0,
      "team1_centroid": [
        -6.088510274887085,
        0.9444323480129242
      ],
      "team1_step_reward": 0.0,
      "winner": null
    },
    {
      "ball_pos": [
        9.639884948730469,
        5.867492198944092
      ],
      "reward_shaping": null,
      "score": null,
      "step": 30,
      "team0_centroid": [
        1.6100480556488037,
        3.2446688413619995
      ],
      "team0_step_reward": 0.0,
      "team1_centroid": [
        1.016959309577942,
        -1.2013962268829346
      ],
      "team1_step_reward": 0.0,
      "winner": null
    }
  ],
  "steps": 36,
  "tail_trace": [
    {
      "ball_pos": [
        -1.072350263595581,
        -3.360722064971924
      ],
      "reward_shaping": null,
      "score": null,
      "step": 6,
      "team0_centroid": [
        -3.995152235031128,
        -0.3401722013950348
      ],
      "team0_step_reward": 0.0,
      "team1_centroid": [
        -2.2507036924362183,
        1.0460290014743805
      ],
      "team1_step_reward": 0.0,
      "winner": null
    },
    {
      "ball_pos": [
        0.8955757021903992,
        -6.43593168258667
      ],
      "reward_shaping": null,
      "score": null,
      "step": 7,
      "team0_centroid": [
        -3.6932789087295532,
        -0.45600518584251404
      ],
      "team0_step_reward": 0.0,
      "team1_centroid": [
        -3.6134899854660034,
        0.9471599459648132
      ],
      "team1_step_reward": 0.0,
      "winner": null
    },
    {
      "ball_pos": [
        2.1862168312072754,
        -5.291635513305664
      ],
      "reward_shaping": null,
      "score": null,
      "step": 8,
      "team0_centroid": [
        -3.8696906566619873,
        -0.7010805606842041
      ],
      "team0_step_reward": 0.0,
      "team1_centroid": [
        -4.995372533798218,
        0.7817426323890686
      ],
      "team1_step_reward": 0.0,
      "winner": null
    },
    {
      "ball_pos": [
        3.2196614742279053,
        -3.387955665588379
      ],
      "reward_shaping": null,
      "score": null,
      "step": 9,
      "team0_centroid": [
        -3.8941457271575928,
        -1.0093101263046265
      ],
      "team0_step_reward": 0.0,
      "team1_centroid": [
        -6.397999286651611,
        0.618277370929718
      ],
      "team1_step_reward": 0.0,
      "winner": null
    },
    {
      "ball_pos": [
        4.130457401275635,
        -1.7102912664413452
      ],
      "reward_shaping": null,
      "score": null,
      "step": 10,
      "team0_centroid": [
        -3.5099233388900757,
        -1.2378068566322327
      ],
      "team0_step_reward": 0.0,
      "team1_centroid": [
        -7.559556007385254,
        0.5058861374855042
      ],
      "team1_step_reward": 0.0,
      "winner": null
    },
    {
      "ball_pos": [
        4.9303507804870605,
        -0.2369062900543213
      ],
      "reward_shaping": null,
      "score": null,
      "step": 11,
      "team0_centroid": [
        -3.0780649185180664,
        -1.3912083506584167
      ],
      "team0_step_reward": 0.0,
      "team1_centroid": [
        -8.648245334625244,
        0.4090598225593567
      ],
      "team1_step_reward": 0.0,
      "winner": null
    },
    {
      "ball_pos": [
        5.629998207092285,
        1.0518262386322021
      ],
      "reward_shaping": null,
      "score": null,
      "step": 12,
      "team0_centroid": [
        -2.5067190527915955,
        -1.474068820476532
      ],
      "team0_step_reward": 0.0,
      "team1_centroid": [
        -9.520304203033447,
        0.1805018186569214
      ],
      "team1_step_reward": 0.0,
      "winner": null
    },
    {
      "ball_pos": [
        6.239030361175537,
        2.17364764213562
      ],
      "reward_shaping": null,
      "score": null,
      "step": 13,
      "team0_centroid": [
        -2.186015546321869,
        -1.3917376399040222
      ],
      "team0_step_reward": 0.0,
      "team1_centroid": [
        -9.880248069763184,
        0.008460640907287598
      ],
      "team1_step_reward": 0.0,
      "winner": null
    },
    {
      "ball_pos": [
        6.766152858734131,
        3.144594430923462
      ],
      "reward_shaping": null,
      "score": null,
      "step": 14,
      "team0_centroid": [
        -2.3366072177886963,
        -1.1850956082344055
      ],
      "team0_step_reward": 0.0,
      "team1_centroid": [
        -9.527535438537598,
        0.04920077323913574
      ],
      "team1_step_reward": 0.0,
      "winner": null
    },
    {
      "ball_pos": [
        7.219236850738525,
        3.9791629314422607
      ],
      "reward_shaping": null,
      "score": null,
      "step": 15,
      "team0_centroid": [
        -2.336577892303467,
        -1.0607121586799622
      ],
      "team0_step_reward": 0.0,
      "team1_centroid": [
        -9.302618026733398,
        0.24410635232925415
      ],
      "team1_step_reward": 0.0,
      "winner": null
    },
    {
      "ball_pos": [
        7.6053948402404785,
        4.690455436706543
      ],
      "reward_shaping": null,
      "score": null,
      "step": 16,
      "team0_centroid": [
        -2.1968292593955994,
        -0.9244558811187744
      ],
      "team0_step_reward": 0.0,
      "team1_centroid": [
        -8.842720031738281,
        0.5401850342750549
      ],
      "team1_step_reward": 0.0,
      "winner": null
    },
    {
      "ball_pos": [
        7.931056976318359,
        5.290317058563232
      ],
      "reward_shaping": null,
      "score": null,
      "step": 17,
      "team0_centroid": [
        -2.1066697239875793,
        -0.7042999267578125
      ],
      "team0_step_reward": 0.0,
      "team1_centroid": [
        -7.938728094100952,
        0.7600108087062836
      ],
      "team1_step_reward": 0.0,
      "winner": null
    },
    {
      "ball_pos": [
        8.211652755737305,
        5.807168006896973
      ],
      "reward_shaping": null,
      "score": null,
      "step": 18,
      "team0_centroid": [
        -2.0691893100738525,
        -0.4300777316093445
      ],
      "team0_step_reward": 0.0,