{
  "classification": {
    "labels": [
      "unclear_loss"
    ],
    "primary_label": "unclear_loss"
  },
  "cumulative_team0_reward": -2.0,
  "cumulative_team1_reward": 1.9687999486923218,
  "episode_index": 489,
  "final_score": null,
  "final_team0_step_reward": -2.0,
  "final_team1_step_reward": 1.9687999486923218,
  "final_winner": null,
  "metrics": {
    "mean_ball_x": 7.068254472222179,
    "tail_mean_ball_x": 7.068254472222179,
    "team0_possession_ratio": null,
    "team0_progress_toward_goal": 0.0,
    "team0_shaping_reward_sum": 0.0,
    "team1_possession_ratio": null,
    "team1_progress_toward_goal": 0.0,
    "team1_shaping_reward_sum": 0.0
  },
  "outcome": "team1_win",
  "sampled_trace": [
    {
      "ball_pos": [
        0.0360344722867012,
        1.4011955261230469
      ],
      "reward_shaping": null,
      "score": null,
      "step": 0,
      "team0_centroid": [
        9.259888648986816,
        0.06647258996963501
      ],
      "team0_step_reward": 0.0,
      "team1_centroid": [
        -6.263264536857605,
        0.1368991732597351
      ],
      "team1_step_reward": 0.0,
      "winner": null
    },
    {
      "ball_pos": [
        10.743449211120605,
        1.769527792930603
      ],
      "reward_shaping": null,
      "score": null,
      "step": 10,
      "team0_centroid": [
        5.315479315817356,
        1.2242695577442646
      ],
      "team0_step_reward": 0.0,
      "team1_centroid": [
        -1.3467921316623688,
        3.0607149600982666
      ],
      "team1_step_reward": 0.0,
      "winner": null
    }
  ],
  "steps": 16,
  "tail_trace": [
    {
      "ball_pos": [
        0.0360344722867012,
        1.4011955261230469
      ],
      "reward_shaping": null,
      "score": null,
      "step": 0,
      "team0_centroid": [
        9.259888648986816,
        0.06647258996963501
      ],
      "team0_step_reward": 0.0,
      "team1_centroid": [
        -6.263264536857605,
        0.1368991732597351
      ],
      "team1_step_reward": 0.0,
      "winner": null
    },
    {
      "ball_pos": [
        0.036034468561410904,
        1.4011955261230469
      ],
      "reward_shaping": null,
      "score": null,
      "step": 1,
      "team0_centroid": [
        8.670237064361572,
        0.08924704790115356
      ],
      "team0_step_reward": 0.0,
      "team1_centroid": [
        -6.058190822601318,
        0.4145940840244293
      ],
      "team1_step_reward": 0.0,
      "winner": null
    },
    {
      "ball_pos": [
        0.03603449836373329,
        1.4011955261230469
      ],
      "reward_shaping": null,
      "score": null,
      "step": 2,
      "team0_centroid": [
        8.082478523254395,
        -0.030643105506896973
      ],
      "team0_step_reward": 0.0,
      "team1_centroid": [
        -5.3082098960876465,
        0.8653450682759285
      ],
      "team1_step_reward": 0.0,
      "winner": null
    },
    {
      "ball_pos": [
        0.036034610122442245,
        1.4011955261230469
      ],
      "reward_shaping": null,
      "score": null,
      "step": 3,
      "team0_centroid": [
        7.357451915740967,
        -0.20537632703781128
      ],
      "team0_step_reward": 0.0,
      "team1_centroid": [
        -4.246761083602905,
        1.3449207246303558
      ],
      "team1_step_reward": 0.0,
      "winner": null
    },
    {
      "ball_pos": [
        0.03603489324450493,
        1.4011955261230469
      ],
      "reward_shaping": null,
      "score": null,
      "step": 4,
      "team0_centroid": [
        6.190743505954742,
        -0.1569097638130188
      ],
      "team0_step_reward": 0.0,
      "team1_centroid": [
        -3.3373427391052246,
        1.6389815211296082
      ],
      "team1_step_reward": 0.0,
      "winner": null
    },
    {
      "ball_pos": [
        2.1714534759521484,
        3.5124242305755615
      ],
      "reward_shaping": null,
      "score": null,
      "step": 5,
      "team0_centroid": [
        5.184639751911163,
        -0.07000577449798584
      ],
      "team0_step_reward": 0.0,
      "team1_centroid": [
        -2.6920823454856873,
        1.9806458353996277
      ],
      "team1_step_reward": 0.0,
      "winner": null
    },
    {
      "ball_pos": [
        5.280818462371826,
        6.092263698577881
      ],
      "reward_shaping": null,
      "score": null,
      "step": 6,
      "team0_centroid": [
        4.950328901410103,
        0.08713263273239136
      ],
      "team0_step_reward": 0.0,
      "team1_centroid": [
        -2.575813591480255,
        2.3354867696762085
      ],
      "team1_step_reward": 0.0,
      "winner": null
    },
    {
      "ball_pos": [
        7.301999568939209,
        5.966794490814209
      ],
      "reward_shaping": null,
      "score": null,
      "step": 7,
      "team0_centroid": [
        4.73006546497345,
        0.2921631932258606
      ],
      "team0_step_reward": 0.0,
      "team1_centroid": [
        -2.653067171573639,
        2.668789267539978
      ],
      "team1_step_reward": 0.0,
      "winner": null
    },
    {
      "ball_pos": [
        8.599903106689453,
        4.3837385177612305
      ],
      "reward_shaping": null,
      "score": null,
      "step": 8,
      "team0_centroid": [
        4.5521804094314575,
        0.515579879283905
      ],
      "team0_step_reward": 0.0,
      "team1_centroid": [
        -2.484734058380127,
        2.965815544128418
      ],
      "team1_step_reward": 0.0,
      "winner": null
    },
    {
      "ball_pos": [
        9.742090225219727,
        2.9907572269439697
      ],
      "reward_shaping": null,
      "score": null,
      "step": 9,
      "team0_centroid": [
        4.740683734416962,
        0.8112502694129944
      ],
      "team0_step_reward": 0.0,
      "team1_centroid": [
        -1.8741829320788383,
        3.183818817138672
      ],
      "team1_step_reward": 0.0,
      "winner": null
    },
    {
      "ball_pos": [
        10.743449211120605,
        1.769527792930603
      ],
      "reward_shaping": null,
      "score": null,
      "step": 10,
      "team0_centroid": [
        5.315479315817356,
        1.2242695577442646
      ],
      "team0_step_reward": 0.0,
      "team1_centroid": [
        -1.3467921316623688,
        3.0607149600982666
      ],
      "team1_step_reward": 0.0,
      "winner": null
    },
    {
      "ball_pos": [
        11.8363676071167,
        1.4906072616577148
      ],
      "reward_shaping": null,
      "score": null,
      "step": 11,
      "team0_centroid": [
        5.918137043714523,
        1.552547886967659
      ],
      "team0_step_reward": 0.0,
      "team1_centroid": [
        -0.9918854832649231,
        2.7395090460777283
      ],
      "team1_step_reward": 0.0,
      "winner": null
    },
    {
      "ball_pos": [
        13.044677734375,
        2.3221628665924072
      ],
      "reward_shaping": null,
      "score": null,
      "step": 12,
      "team0_centroid": [
        6.12336802482605,
        1.8169521689414978
      ],
      "team0_step_reward": 0.0,
      "team1_centroid": [
        -0.6702628135681152,
        2.4181635975837708
      ],
      "team1_step_reward": 0.0,
      "winner": null
    },
    {
      "ball_pos": [
        14.099156379699707,
        3.042107343673706
      ],
      "reward_shaping": null,
      "score": null,
      "step": 13,
      "team0_centroid": [
        6.118499130010605,
        1.917611002922058
      ],
      "team0_step_reward": 0.0,
      "team1_centroid": [
        -0.4530816078186035,
        2.2307372987270355
      ],
      "team1_step_reward": 0.0,
      "winner": null
    },
    {
      "ball_pos": [
        15.011914253234863,
        3.6651041507720947
      ],
      "reward_shaping": null,
      "score": null,
      "step": 14,
      "team0_centroid": [
        6.079600840806961,
        1.8426192998886108
      ],
      "team0_step_reward": 0.0,