{
  "classification": {
    "labels": [
      "unclear_loss"
    ],
    "primary_label": "unclear_loss"
  },
  "cumulative_team0_reward": -2.0,
  "cumulative_team1_reward": 1.919600009918213,
  "episode_index": 191,
  "final_score": null,
  "final_team0_step_reward": -2.0,
  "final_team1_step_reward": 1.919600009918213,
  "final_winner": null,
  "metrics": {
    "mean_ball_x": 6.793793982639909,
    "tail_mean_ball_x": 8.966492048899333,
    "team0_possession_ratio": null,
    "team0_progress_toward_goal": 0.0,
    "team0_shaping_reward_sum": 0.0,
    "team1_possession_ratio": null,
    "team1_progress_toward_goal": 0.0,
    "team1_shaping_reward_sum": 0.0
  },
  "outcome": "team1_win",
  "sampled_trace": [
    {
      "ball_pos": [
        -0.19086861610412598,
        2.476461410522461
      ],
      "reward_shaping": null,
      "score": null,
      "step": 0,
      "team0_centroid": [
        8.835705280303955,
        0.04667717218399048
      ],
      "team0_step_reward": 0.0,
      "team1_centroid": [
        -9.503939151763916,
        0.06645292043685913
      ],
      "team1_step_reward": 0.0,
      "winner": null
    },
    {
      "ball_pos": [
        2.958970069885254,
        6.748013973236084
      ],
      "reward_shaping": null,
      "score": null,
      "step": 10,
      "team0_centroid": [
        7.595347285270691,
        0.8270457983016968
      ],
      "team0_step_reward": 0.0,
      "team1_centroid": [
        -1.989831566810608,
        2.8470922708511353
      ],
      "team1_step_reward": 0.0,
      "winner": null
    },
    {
      "ball_pos": [
        8.443069458007812,
        4.718856334686279
      ],
      "reward_shaping": null,
      "score": null,
      "step": 20,
      "team0_centroid": [
        8.379625797271729,
        1.6793162822723389
      ],
      "team0_step_reward": 0.0,
      "team1_centroid": [
        -0.7117915153503418,
        4.416835427284241
      ],
      "team1_step_reward": 0.0,
      "winner": null
    },
    {
      "ball_pos": [
        10.131675720214844,
        3.3309831619262695
      ],
      "reward_shaping": null,
      "score": null,
      "step": 30,
      "team0_centroid": [
        6.373581141233444,
        -0.12082493305206299
      ],
      "team0_step_reward": 0.0,
      "team1_centroid": [
        4.466409802436829,
        1.1407875716686249
      ],
      "team1_step_reward": 0.0,
      "winner": null
    }
  ],
  "steps": 40,
  "tail_trace": [
    {
      "ball_pos": [
        2.958970069885254,
        6.748013973236084
      ],
      "reward_shaping": null,
      "score": null,
      "step": 10,
      "team0_centroid": [
        7.595347285270691,
        0.8270457983016968
      ],
      "team0_step_reward": 0.0,
      "team1_centroid": [
        -1.989831566810608,
        2.8470922708511353
      ],
      "team1_step_reward": 0.0,
      "winner": null
    },
    {
      "ball_pos": [
        3.4641432762145996,
        6.047276496887207
      ],
      "reward_shaping": null,
      "score": null,
      "step": 11,
      "team0_centroid": [
        7.4824970960617065,
        1.1585638523101807
      ],
      "team0_step_reward": 0.0,
      "team1_centroid": [
        -2.0614899396896362,
        3.2598942518234253
      ],
      "team1_step_reward": 0.0,
      "winner": null
    },
    {
      "ball_pos": [
        3.8767848014831543,
        6.570147514343262
      ],
      "reward_shaping": null,
      "score": null,
      "step": 12,
      "team0_centroid": [
        7.395763039588928,
        1.3347653150558472
      ],
      "team0_step_reward": 0.0,
      "team1_centroid": [
        -2.1885635256767273,
        3.567514419555664
      ],
      "team1_step_reward": 0.0,
      "winner": null
    },
    {
      "ball_pos": [
        4.891201972961426,
        6.505114555358887
      ],
      "reward_shaping": null,
      "score": null,
      "step": 13,
      "team0_centroid": [
        7.513882994651794,
        1.448508620262146
      ],
      "team0_step_reward": 0.0,
      "team1_centroid": [
        -1.9139462113380432,
        4.073075532913208
      ],
      "team1_step_reward": 0.0,
      "winner": null
    },
    {
      "ball_pos": [
        5.985080718994141,
        6.739344120025635
      ],
      "reward_shaping": null,
      "score": null,
      "step": 14,
      "team0_centroid": [
        7.9400975704193115,
        1.5948526859283447
      ],
      "team0_step_reward": 0.0,
      "team1_centroid": [
        -1.3625367879867554,
        4.876363277435303
      ],
      "team1_step_reward": 0.0,
      "winner": null
    },
    {
      "ball_pos": [
        6.5819807052612305,
        6.248492240905762
      ],
      "reward_shaping": null,
      "score": null,
      "step": 15,
      "team0_centroid": [
        8.324309587478638,
        1.8851779699325562
      ],
      "team0_step_reward": 0.0,
      "team1_centroid": [
        -1.097901463508606,
        5.035799503326416
      ],
      "team1_step_reward": 0.0,
      "winner": null
    },
    {
      "ball_pos": [
        7.083765506744385,
        5.8360724449157715
      ],
      "reward_shaping": null,
      "score": null,
      "step": 16,
      "team0_centroid": [
        8.432522535324097,
        2.0569616556167603
      ],
      "team0_step_reward": 0.0,
      "team1_centroid": [
        -1.1592415571212769,
        4.968737363815308
      ],
      "team1_step_reward": 0.0,
      "winner": null
    },
    {
      "ball_pos": [
        7.499460697174072,
        5.494411468505859
      ],
      "reward_shaping": null,
      "score": null,
      "step": 17,
      "team0_centroid": [
        8.486310720443726,
        2.023118257522583
      ],
      "team0_step_reward": 0.0,
      "team1_centroid": [
        -1.1154648065567017,
        4.963947296142578
      ],
      "team1_step_reward": 0.0,
      "winner": null
    },
    {
      "ball_pos": [
        7.847350120544434,
        5.208480358123779
      ],
      "reward_shaping": null,
      "score": null,
      "step": 18,
      "team0_centroid": [
        8.476335287094116,
        1.9168556928634644
      ],
      "team0_step_reward": 0.0,
      "team1_centroid": [
        -0.8808271884918213,
        4.891332387924194
      ],
      "team1_step_reward": 0.0,
      "winner": null
    },
    {
      "ball_pos": [
        8.160343170166016,
        4.951229572296143
      ],
      "reward_shaping": null,
      "score": null,
      "step": 19,
      "team0_centroid": [
        8.407258987426758,
        1.758621335029602
      ],
      "team0_step_reward": 0.0,
      "team1_centroid": [
        -0.8911734819412231,
        4.67038369178772
      ],
      "team1_step_reward": 0.0,
      "winner": null
    },
    {
      "ball_pos": [
        8.443069458007812,
        4.718856334686279
      ],
      "reward_shaping": null,
      "score": null,
      "step": 20,
      "team0_centroid": [
        8.379625797271729,
        1.6793162822723389
      ],
      "team0_step_reward": 0.0,
      "team1_centroid": [
        -0.7117915153503418,
        4.416835427284241
      ],
      "team1_step_reward": 0.0,
      "winner": null
    },
    {
      "ball_pos": [
        8.698434829711914,
        4.508970260620117
      ],
      "reward_shaping": null,
      "score": null,
      "step": 21,
      "team0_centroid": [
        8.450122833251953,
        1.674269437789917
      ],
      "team0_step_reward": 0.0,
      "team1_centroid": [
        -0.3522505760192871,
        4.08536958694458
      ],
      "team1_step_reward": 0.0,
      "winner": null
    },
    {
      "ball_pos": [
        8.929083824157715,
        4.319399356842041
      ],
      "reward_shaping": null,
      "score": null,
      "step": 22,
      "team0_centroid": [
        8.502466440200806,
        1.615646243095398
      ],
      "team0_step_reward": 0.0,
      "team1_centroid": [
        0.07425522804260254,
        3.5667465329170227
      ],