{
  "classification": {
    "labels": [
      "win"
    ],
    "primary_label": "win"
  },
  "cumulative_team0_reward": 1.9747999906539917,
  "cumulative_team1_reward": -2.0,
  "episode_index": 256,
  "final_score": null,
  "final_team0_step_reward": 1.9747999906539917,
  "final_team1_step_reward": -2.0,
  "final_winner": null,
  "metrics": {
    "mean_ball_x": 5.789307465920081,
    "tail_mean_ball_x": 5.789307465920081,
    "team0_possession_ratio": null,
    "team0_progress_toward_goal": 0.0,
    "team0_shaping_reward_sum": 0.0,
    "team1_possession_ratio": null,
    "team1_progress_toward_goal": 0.0,
    "team1_shaping_reward_sum": 0.0
  },
  "outcome": "team0_win",
  "sampled_trace": [
    {
      "ball_pos": [
        1.0470592975616455,
        -2.055532932281494
      ],
      "reward_shaping": null,
      "score": null,
      "step": 0,
      "team0_centroid": [
        -10.266568183898926,
        -0.02337801456451416
      ],
      "team0_step_reward": 0.0,
      "team1_centroid": [
        7.932221174240112,
        0.061715781688690186
      ],
      "team1_step_reward": 0.0,
      "winner": null
    },
    {
      "ball_pos": [
        12.97608470916748,
        -2.0018656253814697
      ],
      "reward_shaping": null,
      "score": null,
      "step": 10,
      "team0_centroid": [
        -5.866119146347046,
        0.20327210426330566
      ],
      "team0_step_reward": 0.0,
      "team1_centroid": [
        3.938398003578186,
        -0.21987104415893555
      ],
      "team1_step_reward": 0.0,
      "winner": null
    }
  ],
  "steps": 13,
  "tail_trace": [
    {
      "ball_pos": [
        1.0470592975616455,
        -2.055532932281494
      ],
      "reward_shaping": null,
      "score": null,
      "step": 0,
      "team0_centroid": [
        -10.266568183898926,
        -0.02337801456451416
      ],
      "team0_step_reward": 0.0,
      "team1_centroid": [
        7.932221174240112,
        0.061715781688690186
      ],
      "team1_step_reward": 0.0,
      "winner": null
    },
    {
      "ball_pos": [
        1.0470592975616455,
        -2.055532932281494
      ],
      "reward_shaping": null,
      "score": null,
      "step": 1,
      "team0_centroid": [
        -9.686755895614624,
        0.059031933546066284
      ],
      "team0_step_reward": 0.0,
      "team1_centroid": [
        7.032583713531494,
        0.18168514966964722
      ],
      "team1_step_reward": 0.0,
      "winner": null
    },
    {
      "ball_pos": [
        1.0470592975616455,
        -2.055532932281494
      ],
      "reward_shaping": null,
      "score": null,
      "step": 2,
      "team0_centroid": [
        -9.107518196105957,
        0.24173986911773682
      ],
      "team0_step_reward": 0.0,
      "team1_centroid": [
        5.985530138015747,
        0.2908000648021698
      ],
      "team1_step_reward": 0.0,
      "winner": null
    },
    {
      "ball_pos": [
        1.0470592975616455,
        -2.055532932281494
      ],
      "reward_shaping": null,
      "score": null,
      "step": 3,
      "team0_centroid": [
        -8.691551208496094,
        0.34095311164855957
      ],
      "team0_step_reward": 0.0,
      "team1_centroid": [
        4.836932301521301,
        0.24618080258369446
      ],
      "team1_step_reward": 0.0,
      "winner": null
    },
    {
      "ball_pos": [
        1.0470592975616455,
        -2.055532932281494
      ],
      "reward_shaping": null,
      "score": null,
      "step": 4,
      "team0_centroid": [
        -8.154326558113098,
        0.3780340850353241
      ],
      "team0_step_reward": 0.0,
      "team1_centroid": [
        3.8898893892765045,
        -0.008015215396881104
      ],
      "team1_step_reward": 0.0,
      "winner": null
    },
    {
      "ball_pos": [
        1.0470592975616455,
        -2.055532932281494
      ],
      "reward_shaping": null,
      "score": null,
      "step": 5,
      "team0_centroid": [
        -7.53984135389328,
        0.37245744466781616
      ],
      "team0_step_reward": 0.0,
      "team1_centroid": [
        3.8351500183343887,
        -0.1000569611787796
      ],
      "team1_step_reward": 0.0,
      "winner": null
    },
    {
      "ball_pos": [
        1.588878870010376,
        -2.168229579925537
      ],
      "reward_shaping": null,
      "score": null,
      "step": 6,
      "team0_centroid": [
        -7.092227637767792,
        0.27452927827835083
      ],
      "team0_step_reward": 0.0,
      "team1_centroid": [
        4.171075478196144,
        -0.15644217282533646
      ],
      "team1_step_reward": 0.0,
      "winner": null
    },
    {
      "ball_pos": [
        4.960097312927246,
        -2.1184141635894775
      ],
      "reward_shaping": null,
      "score": null,
      "step": 7,
      "team0_centroid": [
        -6.672489166259766,
        0.30795156955718994
      ],
      "team0_step_reward": 0.0,
      "team1_centroid": [
        4.033634006977081,
        -0.29566474817693233
      ],
      "team1_step_reward": 0.0,
      "winner": null
    },
    {
      "ball_pos": [
        7.958397388458252,
        -2.074817180633545
      ],
      "reward_shaping": null,
      "score": null,
      "step": 8,
      "team0_centroid": [
        -6.124578952789307,
        0.28140711784362793
      ],
      "team0_step_reward": 0.0,
      "team1_centroid": [
        3.9494314193725586,
        -0.28693265467882156
      ],
      "team1_step_reward": 0.0,
      "winner": null
    },
    {
      "ball_pos": [
        10.619597434997559,
        -2.0361266136169434
      ],
      "reward_shaping": null,
      "score": null,
      "step": 9,
      "team0_centroid": [
        -5.759032130241394,
        0.1788177490234375
      ],
      "team0_step_reward": 0.0,
      "team1_centroid": [
        3.963834822177887,
        -0.22265756130218506
      ],
      "team1_step_reward": 0.0,
      "winner": null
    },
    {
      "ball_pos": [
        12.97608470916748,
        -2.0018656253814697
      ],
      "reward_shaping": null,
      "score": null,
      "step": 10,
      "team0_centroid": [
        -5.866119146347046,
        0.20327210426330566
      ],
      "team0_step_reward": 0.0,
      "team1_centroid": [
        3.938398003578186,
        -0.21987104415893555
      ],
      "team1_step_reward": 0.0,
      "winner": null
    },
    {
      "ball_pos": [
        15.057135581970215,
        -1.9716097116470337
      ],
      "reward_shaping": null,
      "score": null,
      "step": 11,
      "team0_centroid": [
        -6.340985059738159,
        0.28706252574920654
      ],
      "team0_step_reward": 0.0,
      "team1_centroid": [
        3.59714812040329,
        -0.6314796805381775
      ],
      "team1_step_reward": 0.0,
      "winner": null
    },
    {
      "ball_pos": [
        15.818449974060059,
        -1.9605411291122437
      ],
      "reward_shaping": null,
      "score": null,
      "step": 12,
      "team0_centroid": [
        -6.557213187217712,
        0.3012748956680298
      ],
      "team0_step_reward": 1.9747999906539917,
      "team1_centroid": [
        3.4102559089660645,
        -0.8630150556564331
      ],
      "team1_step_reward": -2.0,
      "winner": null
    }
  ],
  "team0_module": "ceia_baseline_agent",
  "team1_module": "ceia_baseline_agent"
}