{
  "classification": {
    "labels": [
      "win"
    ],
    "primary_label": "win"
  },
  "cumulative_team0_reward": 1.9479999542236328,
  "cumulative_team1_reward": -2.0,
  "episode_index": 140,
  "final_score": null,
  "final_team0_step_reward": 1.9479999542236328,
  "final_team1_step_reward": -2.0,
  "final_winner": null,
  "metrics": {
    "mean_ball_x": 4.595565618230746,
    "tail_mean_ball_x": 4.595565618230746,
    "team0_possession_ratio": null,
    "team0_progress_toward_goal": 0.0,
    "team0_shaping_reward_sum": 0.0,
    "team1_possession_ratio": null,
    "team1_progress_toward_goal": 0.0,
    "team1_shaping_reward_sum": 0.0
  },
  "outcome": "team0_win",
  "sampled_trace": [
    {
      "ball_pos": [
        -1.0287675857543945,
        -0.20176076889038086
      ],
      "reward_shaping": null,
      "score": null,
      "step": 0,
      "team0_centroid": [
        -7.9628846645355225,
        -0.06180918216705322
      ],
      "team0_step_reward": 0.0,
      "team1_centroid": [
        9.044801712036133,
        -0.05928456783294678
      ],
      "team1_step_reward": 0.0,
      "winner": null
    },
    {
      "ball_pos": [
        4.003062725067139,
        -2.988436222076416
      ],
      "reward_shaping": null,
      "score": null,
      "step": 10,
      "team0_centroid": [
        -6.920575842261314,
        -1.3442163467407227
      ],
      "team0_step_reward": 0.0,
      "team1_centroid": [
        1.9682030379772186,
        -3.2299163937568665
      ],
      "team1_step_reward": 0.0,
      "winner": null
    },
    {
      "ball_pos": [
        5.334214210510254,
        0.22799253463745117
      ],
      "reward_shaping": null,
      "score": null,
      "step": 20,
      "team0_centroid": [
        -3.8402281999588013,
        2.598810113966465
      ],
      "team0_step_reward": 0.0,
      "team1_centroid": [
        3.8248655796051025,
        -1.1423305869102478
      ],
      "team1_step_reward": 0.0,
      "winner": null
    }
  ],
  "steps": 26,
  "tail_trace": [
    {
      "ball_pos": [
        -1.0287675857543945,
        -0.20176076889038086
      ],
      "reward_shaping": null,
      "score": null,
      "step": 0,
      "team0_centroid": [
        -7.9628846645355225,
        -0.06180918216705322
      ],
      "team0_step_reward": 0.0,
      "team1_centroid": [
        9.044801712036133,
        -0.05928456783294678
      ],
      "team1_step_reward": 0.0,
      "winner": null
    },
    {
      "ball_pos": [
        -1.0287675857543945,
        -0.20176076889038086
      ],
      "reward_shaping": null,
      "score": null,
      "step": 1,
      "team0_centroid": [
        -7.393177390098572,
        -0.17741435766220093
      ],
      "team0_step_reward": 0.0,
      "team1_centroid": [
        8.149142503738403,
        -0.12998229265213013
      ],
      "team1_step_reward": 0.0,
      "winner": null
    },
    {
      "ball_pos": [
        -0.39019080996513367,
        -0.9942013621330261
      ],
      "reward_shaping": null,
      "score": null,
      "step": 2,
      "team0_centroid": [
        -6.614145815372467,
        -0.2792973741889
      ],
      "team0_step_reward": 0.0,
      "team1_centroid": [
        7.1231369972229,
        -0.35159288346767426
      ],
      "team1_step_reward": 0.0,
      "winner": null
    },
    {
      "ball_pos": [
        0.5854707956314087,
        -3.156290054321289
      ],
      "reward_shaping": null,
      "score": null,
      "step": 3,
      "team0_centroid": [
        -5.950433351099491,
        -0.3469769209623337
      ],
      "team0_step_reward": 0.0,
      "team1_centroid": [
        5.992707014083862,
        -0.7208555489778519
      ],
      "team1_step_reward": 0.0,
      "winner": null
    },
    {
      "ball_pos": [
        1.4471495151519775,
        -5.065989017486572
      ],
      "reward_shaping": null,
      "score": null,
      "step": 4,
      "team0_centroid": [
        -6.372593536973,
        -0.39932291954755783
      ],
      "team0_step_reward": 0.0,
      "team1_centroid": [
        5.919363379478455,
        -1.1248503029346466
      ],
      "team1_step_reward": 0.0,
      "winner": null
    },
    {
      "ball_pos": [
        2.2058727741241455,
        -6.747513294219971
      ],
      "reward_shaping": null,
      "score": null,
      "step": 5,
      "team0_centroid": [
        -6.855519652366638,
        -0.4365083575248718
      ],
      "team0_step_reward": 0.0,
      "team1_centroid": [
        5.545081794261932,
        -1.5941376090049744
      ],
      "team1_step_reward": 0.0,
      "winner": null
    },
    {
      "ball_pos": [
        2.6991021633148193,
        -6.140480041503906
      ],
      "reward_shaping": null,
      "score": null,
      "step": 6,
      "team0_centroid": [
        -6.995971381664276,
        -0.5640035271644592
      ],
      "team0_step_reward": 0.0,
      "team1_centroid": [
        4.760985851287842,
        -2.112472355365753
      ],
      "team1_step_reward": 0.0,
      "winner": null
    },
    {
      "ball_pos": [
        3.106175184249878,
        -5.15557336807251
      ],
      "reward_shaping": null,
      "score": null,
      "step": 7,
      "team0_centroid": [
        -6.827201768755913,
        -0.997368335723877
      ],
      "team0_step_reward": 0.0,
      "team1_centroid": [
        3.8452379144728184,
        -2.61697581410408
      ],
      "team1_step_reward": 0.0,
      "winner": null
    },
    {
      "ball_pos": [
        3.4558017253875732,
        -4.310771942138672
      ],
      "reward_shaping": null,
      "score": null,
      "step": 8,
      "team0_centroid": [
        -6.624720066785812,
        -1.4584373831748962
      ],
      "team0_step_reward": 0.0,
      "team1_centroid": [
        3.0175787210464478,
        -2.9602481722831726
      ],
      "team1_step_reward": 0.0,
      "winner": null
    },
    {
      "ball_pos": [
        3.75308895111084,
        -3.5924434661865234
      ],
      "reward_shaping": null,
      "score": null,
      "step": 9,
      "team0_centroid": [
        -6.641093894839287,
        -1.5667181015014648
      ],
      "team0_step_reward": 0.0,
      "team1_centroid": [
        2.410293400287628,
        -3.1666799187660217
      ],
      "team1_step_reward": 0.0,
      "winner": null
    },
    {
      "ball_pos": [
        4.003062725067139,
        -2.988436222076416
      ],
      "reward_shaping": null,
      "score": null,
      "step": 10,
      "team0_centroid": [
        -6.920575842261314,
        -1.3442163467407227
      ],
      "team0_step_reward": 0.0,
      "team1_centroid": [
        1.9682030379772186,
        -3.2299163937568665
      ],
      "team1_step_reward": 0.0,
      "winner": null
    },
    {
      "ball_pos": [
        4.2105255126953125,
        -2.4871485233306885
      ],
      "reward_shaping": null,
      "score": null,
      "step": 11,
      "team0_centroid": [
        -7.430582702159882,
        -0.9460171461105347
      ],
      "team0_step_reward": 0.0,
      "team1_centroid": [
        1.4258519411087036,
        -3.3558103442192078
      ],
      "team1_step_reward": 0.0,
      "winner": null
    },
    {
      "ball_pos": [
        4.391621112823486,
        -2.049572706222534
      ],
      "reward_shaping": null,
      "score": null,
      "step": 12,
      "team0_centroid": [
        -7.723195433616638,
        -0.6910642385482788
      ],
      "team0_step_reward": 0.0,
      "team1_centroid": [
        1.1469011902809143,
        -3.388007164001465
      ],
      "team1_step_reward": 0.0,
      "winner": null
    },
    {
      "ball_pos": [
        4.555219650268555,
        -1.6542731523513794
      ],
      "reward_shaping": null,
      "score": null,
      "step": 13,
      "team0_centroid": [
        -7.770596146583557,
        -0.5115710496902466
      ],
      "team0_step_reward": 0.0,