{
  "classification": {
    "labels": [
      "win"
    ],
    "primary_label": "win"
  },
  "cumulative_team0_reward": 1.9456000328063965,
  "cumulative_team1_reward": -2.0,
  "episode_index": 11,
  "final_score": null,
  "final_team0_step_reward": 1.9456000328063965,
  "final_team1_step_reward": -2.0,
  "final_winner": null,
  "metrics": {
    "mean_ball_x": -9.244233953732031,
    "tail_mean_ball_x": -9.244233953732031,
    "team0_possession_ratio": null,
    "team0_progress_toward_goal": 0.0,
    "team0_shaping_reward_sum": 0.0,
    "team1_possession_ratio": null,
    "team1_progress_toward_goal": 0.0,
    "team1_shaping_reward_sum": 0.0
  },
  "outcome": "team0_win",
  "sampled_trace": [
    {
      "ball_pos": [
        0.1788778007030487,
        -2.0076851844787598
      ],
      "reward_shaping": null,
      "score": null,
      "step": 0,
      "team0_centroid": [
        8.527296304702759,
        -0.05602455139160156
      ],
      "team0_step_reward": 0.0,
      "team1_centroid": [
        -7.164100885391235,
        -0.10809677839279175
      ],
      "team1_step_reward": 0.0,
      "winner": null
    },
    {
      "ball_pos": [
        -8.801090240478516,
        -5.914314270019531
      ],
      "reward_shaping": null,
      "score": null,
      "step": 10,
      "team0_centroid": [
        -1.3793280124664307,
        -2.003876656293869
      ],
      "team0_step_reward": 0.0,
      "team1_centroid": [
        -1.0445582270622253,
        -0.31078170239925385
      ],
      "team1_step_reward": 0.0,
      "winner": null
    },
    {
      "ball_pos": [
        -14.342339515686035,
        -2.4747214317321777
      ],
      "reward_shaping": null,
      "score": null,
      "step": 20,
      "team0_centroid": [
        -10.052064418792725,
        -2.407625660300255
      ],
      "team0_step_reward": 0.0,
      "team1_centroid": [
        -7.518683433532715,
        1.272888422012329
      ],
      "team1_step_reward": 0.0,
      "winner": null
    }
  ],
  "steps": 27,
  "tail_trace": [
    {
      "ball_pos": [
        0.1788778007030487,
        -2.0076851844787598
      ],
      "reward_shaping": null,
      "score": null,
      "step": 0,
      "team0_centroid": [
        8.527296304702759,
        -0.05602455139160156
      ],
      "team0_step_reward": 0.0,
      "team1_centroid": [
        -7.164100885391235,
        -0.10809677839279175
      ],
      "team1_step_reward": 0.0,
      "winner": null
    },
    {
      "ball_pos": [
        0.1788775771856308,
        -2.0076851844787598
      ],
      "reward_shaping": null,
      "score": null,
      "step": 1,
      "team0_centroid": [
        7.65531063079834,
        -0.2711191475391388
      ],
      "team0_step_reward": 0.0,
      "team1_centroid": [
        -6.352872729301453,
        -0.3570570945739746
      ],
      "team1_step_reward": 0.0,
      "winner": null
    },
    {
      "ball_pos": [
        0.1788773536682129,
        -2.0076851844787598
      ],
      "reward_shaping": null,
      "score": null,
      "step": 2,
      "team0_centroid": [
        6.691702365875244,
        -0.6456848829984665
      ],
      "team0_step_reward": 0.0,
      "team1_centroid": [
        -4.983673691749573,
        -0.7508549392223358
      ],
      "team1_step_reward": 0.0,
      "winner": null
    },
    {
      "ball_pos": [
        0.17887713015079498,
        -2.0076851844787598
      ],
      "reward_shaping": null,
      "score": null,
      "step": 3,
      "team0_centroid": [
        5.856367707252502,
        -0.9598252847790718
      ],
      "team0_step_reward": 0.0,
      "team1_centroid": [
        -3.4268744587898254,
        -1.104955792427063
      ],
      "team1_step_reward": 0.0,
      "winner": null
    },
    {
      "ball_pos": [
        0.1788768768310547,
        -2.0076851844787598
      ],
      "reward_shaping": null,
      "score": null,
      "step": 4,
      "team0_centroid": [
        4.980546832084656,
        -1.1201454512774944
      ],
      "team0_step_reward": 0.0,
      "team1_centroid": [
        -2.1402793526649475,
        -1.3526203632354736
      ],
      "team1_step_reward": 0.0,
      "winner": null
    },
    {
      "ball_pos": [
        -2.5095160007476807,
        -2.279632806777954
      ],
      "reward_shaping": null,
      "score": null,
      "step": 5,
      "team0_centroid": [
        4.389677941799164,
        -1.2781215086579323
      ],
      "team0_step_reward": 0.0,
      "team1_centroid": [
        -1.357635736465454,
        -1.333213746547699
      ],
      "team1_step_reward": 0.0,
      "winner": null
    },
    {
      "ball_pos": [
        -4.260453224182129,
        -3.063647985458374
      ],
      "reward_shaping": null,
      "score": null,
      "step": 6,
      "team0_centroid": [
        3.4817806482315063,
        -1.3179476745426655
      ],
      "team0_step_reward": 0.0,
      "team1_centroid": [
        -0.8300830721855164,
        -1.2839195728302002
      ],
      "team1_step_reward": 0.0,
      "winner": null
    },
    {
      "ball_pos": [
        -5.640458106994629,
        -3.930034637451172
      ],
      "reward_shaping": null,
      "score": null,
      "step": 7,
      "team0_centroid": [
        2.2708587646484375,
        -1.4088597227819264
      ],
      "team0_step_reward": 0.0,
      "team1_centroid": [
        -0.1553998589515686,
        -1.182235062122345
      ],
      "team1_step_reward": 0.0,
      "winner": null
    },
    {
      "ball_pos": [
        -6.846348762512207,
        -4.687105655670166
      ],
      "reward_shaping": null,
      "score": null,
      "step": 8,
      "team0_centroid": [
        1.0082571506500244,
        -1.6154036819934845
      ],
      "team0_step_reward": 0.0,
      "team1_centroid": [
        -0.0006247758865356445,
        -0.9644320011138916
      ],
      "team1_step_reward": 0.0,
      "winner": null
    },
    {
      "ball_pos": [
        -7.894852161407471,
        -5.345367431640625
      ],
      "reward_shaping": null,
      "score": null,
      "step": 9,
      "team0_centroid": [
        -0.3093373775482178,
        -1.8018115758895874
      ],
      "team0_step_reward": 0.0,
      "team1_centroid": [
        -0.40157198905944824,
        -0.6468876600265503
      ],
      "team1_step_reward": 0.0,
      "winner": null
    },
    {
      "ball_pos": [
        -8.801090240478516,
        -5.914314270019531
      ],
      "reward_shaping": null,
      "score": null,
      "step": 10,
      "team0_centroid": [
        -1.3793280124664307,
        -2.003876656293869
      ],
      "team0_step_reward": 0.0,
      "team1_centroid": [
        -1.0445582270622253,
        -0.31078170239925385
      ],
      "team1_step_reward": 0.0,
      "winner": null
    },
    {
      "ball_pos": [
        -9.578731536865234,
        -6.402526378631592
      ],
      "reward_shaping": null,
      "score": null,
      "step": 11,
      "team0_centroid": [
        -2.0759164094924927,
        -2.2559621147811413
      ],
      "team0_step_reward": 0.0,
      "team1_centroid": [
        -1.8689762353897095,
        0.0286981463432312
      ],
      "team1_step_reward": 0.0,
      "winner": null
    },
    {
      "ball_pos": [
        -10.240132331848145,
        -6.817760944366455
      ],
      "reward_shaping": null,
      "score": null,
      "step": 12,
      "team0_centroid": [
        -2.9864985942840576,
        -2.668853774666786
      ],
      "team0_step_reward": 0.0,
      "team1_centroid": [
        -2.368155598640442,
        0.2362007200717926
      ],
      "team1_step_reward": 0.0,
      "winner": null
    },
    {
      "ball_pos": [
        -10.656001091003418,
        -6.7063374519348145
      ],
      "reward_shaping": null,
      "score": null,
      "step": 13,
      "team0_centroid": [
        -4.216848909854889,
        -3.0345743149518967
      ],
      "team0_step_reward": 0.0,