{
  "classification": {
    "labels": [
      "win"
    ],
    "primary_label": "win"
  },
  "cumulative_team0_reward": 1.9515999555587769,
  "cumulative_team1_reward": -2.0,
  "episode_index": 81,
  "final_score": null,
  "final_team0_step_reward": 1.9515999555587769,
  "final_team1_step_reward": -2.0,
  "final_winner": null,
  "metrics": {
    "mean_ball_x": -9.6487788160642,
    "tail_mean_ball_x": -9.6487788160642,
    "team0_possession_ratio": null,
    "team0_progress_toward_goal": 0.0,
    "team0_shaping_reward_sum": 0.0,
    "team1_possession_ratio": null,
    "team1_progress_toward_goal": 0.0,
    "team1_shaping_reward_sum": 0.0
  },
  "outcome": "team0_win",
  "sampled_trace": [
    {
      "ball_pos": [
        0.3911616802215576,
        -1.0811946392059326
      ],
      "reward_shaping": null,
      "score": null,
      "step": 0,
      "team0_centroid": [
        8.279975891113281,
        0.030569255352020264
      ],
      "team0_step_reward": 0.0,
      "team1_centroid": [
        -9.706758737564087,
        -0.03316390514373779
      ],
      "team1_step_reward": 0.0,
      "winner": null
    },
    {
      "ball_pos": [
        -10.279122352600098,
        -3.431833267211914
      ],
      "reward_shaping": null,
      "score": null,
      "step": 10,
      "team0_centroid": [
        5.537377715110779,
        -0.6483412384986877
      ],
      "team0_step_reward": 0.0,
      "team1_centroid": [
        -10.437272310256958,
        -0.5603482127189636
      ],
      "team1_step_reward": 0.0,
      "winner": null
    },
    {
      "ball_pos": [
        -10.705343246459961,
        -3.097316026687622
      ],
      "reward_shaping": null,
      "score": null,
      "step": 20,
      "team0_centroid": [
        5.111439943313599,
        0.15568560361862183
      ],
      "team0_step_reward": 0.0,
      "team1_centroid": [
        -12.90590238571167,
        0.7111396938562393
      ],
      "team1_step_reward": 0.0,
      "winner": null
    }
  ],
  "steps": 24,
  "tail_trace": [
    {
      "ball_pos": [
        0.3911616802215576,
        -1.0811946392059326
      ],
      "reward_shaping": null,
      "score": null,
      "step": 0,
      "team0_centroid": [
        8.279975891113281,
        0.030569255352020264
      ],
      "team0_step_reward": 0.0,
      "team1_centroid": [
        -9.706758737564087,
        -0.03316390514373779
      ],
      "team1_step_reward": 0.0,
      "winner": null
    },
    {
      "ball_pos": [
        0.3911616802215576,
        -1.0811946392059326
      ],
      "reward_shaping": null,
      "score": null,
      "step": 1,
      "team0_centroid": [
        7.69526481628418,
        0.07352286577224731
      ],
      "team0_step_reward": 0.0,
      "team1_centroid": [
        -9.382605075836182,
        0.0029952526092529297
      ],
      "team1_step_reward": 0.0,
      "winner": null
    },
    {
      "ball_pos": [
        0.3911616802215576,
        -1.0811946392059326
      ],
      "reward_shaping": null,
      "score": null,
      "step": 2,
      "team0_centroid": [
        7.110524654388428,
        0.211968332529068
      ],
      "team0_step_reward": 0.0,
      "team1_centroid": [
        -8.890442132949829,
        0.14496976137161255
      ],
      "team1_step_reward": 0.0,
      "winner": null
    },
    {
      "ball_pos": [
        -2.4858720302581787,
        -1.96526038646698
      ],
      "reward_shaping": null,
      "score": null,
      "step": 3,
      "team0_centroid": [
        6.234912768006325,
        0.3250444531440735
      ],
      "team0_step_reward": 0.0,
      "team1_centroid": [
        -8.380837678909302,
        0.13992959260940552
      ],
      "team1_step_reward": 0.0,
      "winner": null
    },
    {
      "ball_pos": [
        -5.89749813079834,
        -3.21415114402771
      ],
      "reward_shaping": null,
      "score": null,
      "step": 4,
      "team0_centroid": [
        5.312100410461426,
        0.29884710907936096
      ],
      "team0_step_reward": 0.0,
      "team1_centroid": [
        -8.014530181884766,
        0.1147850751876831
      ],
      "team1_step_reward": 0.0,
      "winner": null
    },
    {
      "ball_pos": [
        -8.935279846191406,
        -4.326234340667725
      ],
      "reward_shaping": null,
      "score": null,
      "step": 5,
      "team0_centroid": [
        4.926070213317871,
        0.12101167440414429
      ],
      "team0_step_reward": 0.0,
      "team1_centroid": [
        -8.265374660491943,
        0.13621479272842407
      ],
      "team1_step_reward": 0.0,
      "winner": null
    },
    {
      "ball_pos": [
        -11.635150909423828,
        -5.314614295959473
      ],
      "reward_shaping": null,
      "score": null,
      "step": 6,
      "team0_centroid": [
        5.273646354675293,
        -0.15504980087280273
      ],
      "team0_step_reward": 0.0,
      "team1_centroid": [
        -8.656853199005127,
        0.0332033634185791
      ],
      "team1_step_reward": 0.0,
      "winner": null
    },
    {
      "ball_pos": [
        -14.029579162597656,
        -6.191176414489746
      ],
      "reward_shaping": null,
      "score": null,
      "step": 7,
      "team0_centroid": [
        5.780491828918457,
        -0.5369002819061279
      ],
      "team0_step_reward": 0.0,
      "team1_centroid": [
        -9.067902326583862,
        0.026839852333068848
      ],
      "team1_step_reward": 0.0,
      "winner": null
    },
    {
      "ball_pos": [
        -12.579876899719238,
        -5.150136470794678
      ],
      "reward_shaping": null,
      "score": null,
      "step": 8,
      "team0_centroid": [
        5.879144072532654,
        -0.6962370276451111
      ],
      "team0_step_reward": 0.0,
      "team1_centroid": [
        -9.529132604598999,
        -0.03293102979660034
      ],
      "team1_step_reward": 0.0,
      "winner": null
    },
    {
      "ball_pos": [
        -11.349753379821777,
        -4.233633518218994
      ],
      "reward_shaping": null,
      "score": null,
      "step": 9,
      "team0_centroid": [
        5.734959721565247,
        -0.6830499023199081
      ],
      "team0_step_reward": 0.0,
      "team1_centroid": [
        -9.906997203826904,
        -0.3059275150299072
      ],
      "team1_step_reward": 0.0,
      "winner": null
    },
    {
      "ball_pos": [
        -10.279122352600098,
        -3.431833267211914
      ],
      "reward_shaping": null,
      "score": null,
      "step": 10,
      "team0_centroid": [
        5.537377715110779,
        -0.6483412384986877
      ],
      "team0_step_reward": 0.0,
      "team1_centroid": [
        -10.437272310256958,
        -0.5603482127189636
      ],
      "team1_step_reward": 0.0,
      "winner": null
    },
    {
      "ball_pos": [
        -9.350635528564453,
        -2.7364158630371094
      ],
      "reward_shaping": null,
      "score": null,
      "step": 11,
      "team0_centroid": [
        5.435210227966309,
        -0.4911706680431962
      ],
      "team0_step_reward": 0.0,
      "team1_centroid": [
        -11.180737972259521,
        -0.5504090189933777
      ],
      "team1_step_reward": 0.0,
      "winner": null
    },
    {
      "ball_pos": [
        -10.60334587097168,
        -3.4382996559143066
      ],
      "reward_shaping": null,
      "score": null,
      "step": 12,
      "team0_centroid": [
        5.4798160791397095,
        -0.20108183100819588
      ],
      "team0_step_reward": 0.0,
      "team1_centroid": [
        -11.724024295806885,
        -0.2578551769256592
      ],
      "team1_step_reward": 0.0,
      "winner": null
    },
    {
      "ball_pos": [
        -12.17459774017334,
        -4.332086563110352
      ],
      "reward_shaping": null,
      "score": null,
      "step": 13,
      "team0_centroid": [
        5.484556555747986,
        0.021502189338207245
      ],
      "team0_step_reward": 0.0,