{
  "classification": {
    "labels": [
      "win"
    ],
    "primary_label": "win"
  },
  "cumulative_team0_reward": 1.9351999759674072,
  "cumulative_team1_reward": -2.0,
  "episode_index": 292,
  "final_score": null,
  "final_team0_step_reward": 1.9351999759674072,
  "final_team1_step_reward": -2.0,
  "final_winner": null,
  "metrics": {
    "mean_ball_x": 10.355040019208735,
    "tail_mean_ball_x": 11.160150611400605,
    "team0_possession_ratio": null,
    "team0_progress_toward_goal": 0.0,
    "team0_shaping_reward_sum": 0.0,
    "team1_possession_ratio": null,
    "team1_progress_toward_goal": 0.0,
    "team1_shaping_reward_sum": 0.0
  },
  "outcome": "team0_win",
  "sampled_trace": [
    {
      "ball_pos": [
        2.303934097290039,
        -0.5489713549613953
      ],
      "reward_shaping": null,
      "score": null,
      "step": 0,
      "team0_centroid": [
        -11.399306774139404,
        0.12457889318466187
      ],
      "team0_step_reward": 0.0,
      "team1_centroid": [
        9.530044078826904,
        -0.06905889511108398
      ],
      "team1_step_reward": 0.0,
      "winner": null
    },
    {
      "ball_pos": [
        8.617443084716797,
        -4.739294052124023
      ],
      "reward_shaping": null,
      "score": null,
      "step": 10,
      "team0_centroid": [
        -6.830694198608398,
        2.2552798986434937
      ],
      "team0_step_reward": 0.0,
      "team1_centroid": [
        0.6765892505645752,
        -2.064069241285324
      ],
      "team1_step_reward": 0.0,
      "winner": null
    },
    {
      "ball_pos": [
        14.591904640197754,
        -0.783958911895752
      ],
      "reward_shaping": null,
      "score": null,
      "step": 20,
      "team0_centroid": [
        -3.284388303756714,
        4.10008978843689
      ],
      "team0_step_reward": 0.0,
      "team1_centroid": [
        -2.467393636703491,
        -4.3471620082855225
      ],
      "team1_step_reward": 0.0,
      "winner": null
    },
    {
      "ball_pos": [
        15.06969165802002,
        1.6288535594940186
      ],
      "reward_shaping": null,
      "score": null,
      "step": 30,
      "team0_centroid": [
        2.1132256984710693,
        2.9737971425056458
      ],
      "team0_step_reward": 0.0,
      "team1_centroid": [
        -5.673687666654587,
        -0.8584820032119751
      ],
      "team1_step_reward": 0.0,
      "winner": null
    }
  ],
  "steps": 33,
  "tail_trace": [
    {
      "ball_pos": [
        2.303934097290039,
        -0.54897141456604
      ],
      "reward_shaping": null,
      "score": null,
      "step": 3,
      "team0_centroid": [
        -10.817634105682373,
        0.780930370092392
      ],
      "team0_step_reward": 0.0,
      "team1_centroid": [
        6.790228366851807,
        -0.8163374289870262
      ],
      "team1_step_reward": 0.0,
      "winner": null
    },
    {
      "ball_pos": [
        2.303934097290039,
        -0.54897141456604
      ],
      "reward_shaping": null,
      "score": null,
      "step": 4,
      "team0_centroid": [
        -10.414544105529785,
        1.04567089676857
      ],
      "team0_step_reward": 0.0,
      "team1_centroid": [
        5.80439829826355,
        -1.2357443869113922
      ],
      "team1_step_reward": 0.0,
      "winner": null
    },
    {
      "ball_pos": [
        1.146878719329834,
        -0.21605655550956726
      ],
      "reward_shaping": null,
      "score": null,
      "step": 5,
      "team0_centroid": [
        -9.656797885894775,
        1.3310028165578842
      ],
      "team0_step_reward": 0.0,
      "team1_centroid": [
        4.496975421905518,
        -1.7325240075588226
      ],
      "team1_step_reward": 0.0,
      "winner": null
    },
    {
      "ball_pos": [
        -1.5755666494369507,
        1.168167233467102
      ],
      "reward_shaping": null,
      "score": null,
      "step": 6,
      "team0_centroid": [
        -8.900541067123413,
        1.6176530718803406
      ],
      "team0_step_reward": 0.0,
      "team1_centroid": [
        3.3231051564216614,
        -2.161770820617676
      ],
      "team1_step_reward": 0.0,
      "winner": null
    },
    {
      "ball_pos": [
        -2.7088303565979004,
        1.8426244258880615
      ],
      "reward_shaping": null,
      "score": null,
      "step": 7,
      "team0_centroid": [
        -8.127969026565552,
        1.841618537902832
      ],
      "team0_step_reward": 0.0,
      "team1_centroid": [
        2.4509225487709045,
        -2.3173778653144836
      ],
      "team1_step_reward": 0.0,
      "winner": null
    },
    {
      "ball_pos": [
        1.498823642730713,
        -0.602845311164856
      ],
      "reward_shaping": null,
      "score": null,
      "step": 8,
      "team0_centroid": [
        -7.548455238342285,
        2.0343188047409058
      ],
      "team0_step_reward": 0.0,
      "team1_centroid": [
        1.7566336393356323,
        -2.1956388652324677
      ],
      "team1_step_reward": 0.0,
      "winner": null
    },
    {
      "ball_pos": [
        5.26001501083374,
        -2.7883801460266113
      ],
      "reward_shaping": null,
      "score": null,
      "step": 9,
      "team0_centroid": [
        -7.130327939987183,
        2.165423631668091
      ],
      "team0_step_reward": 0.0,
      "team1_centroid": [
        1.2435445189476013,
        -2.0251998007297516
      ],
      "team1_step_reward": 0.0,
      "winner": null
    },
    {
      "ball_pos": [
        8.617443084716797,
        -4.739294052124023
      ],
      "reward_shaping": null,
      "score": null,
      "step": 10,
      "team0_centroid": [
        -6.830694198608398,
        2.2552798986434937
      ],
      "team0_step_reward": 0.0,
      "team1_centroid": [
        0.6765892505645752,
        -2.064069241285324
      ],
      "team1_step_reward": 0.0,
      "winner": null
    },
    {
      "ball_pos": [
        11.609896659851074,
        -6.478132247924805
      ],
      "reward_shaping": null,
      "score": null,
      "step": 11,
      "team0_centroid": [
        -6.62641042470932,
        2.317331552505493
      ],
      "team0_step_reward": 0.0,
      "team1_centroid": [
        0.12444233894348145,
        -2.117845892906189
      ],
      "team1_step_reward": 0.0,
      "winner": null
    },
    {
      "ball_pos": [
        13.493181228637695,
        -6.415040493011475
      ],
      "reward_shaping": null,
      "score": null,
      "step": 12,
      "team0_centroid": [
        -6.224143862724304,
        2.3989887833595276
      ],
      "team0_step_reward": 0.0,
      "team1_centroid": [
        -0.32055509090423584,
        -2.054228127002716
      ],
      "team1_step_reward": 0.0,
      "winner": null
    },
    {
      "ball_pos": [
        13.701895713806152,
        -5.278500080108643
      ],
      "reward_shaping": null,
      "score": null,
      "step": 13,
      "team0_centroid": [
        -6.034330785274506,
        2.5621301531791687
      ],
      "team0_step_reward": 0.0,
      "team1_centroid": [
        -0.6347813606262207,
        -1.9517316818237305
      ],
      "team1_step_reward": 0.0,
      "winner": null
    },
    {
      "ball_pos": [
        13.896995544433594,
        -4.293231010437012
      ],
      "reward_shaping": null,
      "score": null,
      "step": 14,
      "team0_centroid": [
        -5.77363982796669,
        2.8083866834640503
      ],
      "team0_step_reward": 0.0,
      "team1_centroid": [
        -0.819495677947998,
        -1.8624641299247742
      ],
      "team1_step_reward": 0.0,
      "winner": null
    },
    {
      "ball_pos": [
        14.063830375671387,
        -3.4507241249084473
      ],
      "reward_shaping": null,
      "score": null,
      "step": 15,
      "team0_centroid": [
        -5.401662766933441,
        3.1100181341171265
      ],
      "team0_step_reward": 0.0,
      "team1_centroid": [
        -0.6568396091461182,
        -1.7739060819149017
      ],