{
  "classification": {
    "labels": [
      "win"
    ],
    "primary_label": "win"
  },
  "cumulative_team0_reward": 1.9312000274658203,
  "cumulative_team1_reward": -2.0,
  "episode_index": 233,
  "final_score": null,
  "final_team0_step_reward": 1.9312000274658203,
  "final_team1_step_reward": -2.0,
  "final_winner": null,
  "metrics": {
    "mean_ball_x": -9.527254050118582,
    "tail_mean_ball_x": -11.049466888109842,
    "team0_possession_ratio": null,
    "team0_progress_toward_goal": 0.0,
    "team0_shaping_reward_sum": 0.0,
    "team1_possession_ratio": null,
    "team1_progress_toward_goal": 0.0,
    "team1_shaping_reward_sum": 0.0
  },
  "outcome": "team0_win",
  "sampled_trace": [
    {
      "ball_pos": [
        -0.1339867115020752,
        2.0617966651916504
      ],
      "reward_shaping": null,
      "score": null,
      "step": 0,
      "team0_centroid": [
        6.514809846878052,
        -0.013159513473510742
      ],
      "team0_step_reward": 0.0,
      "team1_centroid": [
        -9.980944633483887,
        -0.050601065158843994
      ],
      "team1_step_reward": 0.0,
      "winner": null
    },
    {
      "ball_pos": [
        -8.0499267578125,
        6.277416706085205
      ],
      "reward_shaping": null,
      "score": null,
      "step": 10,
      "team0_centroid": [
        -1.073786973953247,
        0.775810718536377
      ],
      "team0_step_reward": 0.0,
      "team1_centroid": [
        -4.494524240493774,
        1.314250260591507
      ],
      "team1_step_reward": 0.0,
      "winner": null
    },
    {
      "ball_pos": [
        -12.146967887878418,
        2.758237838745117
      ],
      "reward_shaping": null,
      "score": null,
      "step": 20,
      "team0_centroid": [
        -3.4258205890655518,
        1.4572690725326538
      ],
      "team0_step_reward": 0.0,
      "team1_centroid": [
        -4.244858503341675,
        0.6671345233917236
      ],
      "team1_step_reward": 0.0,
      "winner": null
    },
    {
      "ball_pos": [
        -13.137252807617188,
        -1.0759665966033936
      ],
      "reward_shaping": null,
      "score": null,
      "step": 30,
      "team0_centroid": [
        -10.007959842681885,
        -0.47377410531044006
      ],
      "team0_step_reward": 0.0,
      "team1_centroid": [
        -2.920387387275696,
        3.6255897283554077
      ],
      "team1_step_reward": 0.0,
      "winner": null
    }
  ],
  "steps": 35,
  "tail_trace": [
    {
      "ball_pos": [
        -2.9518887996673584,
        3.4118921756744385
      ],
      "reward_shaping": null,
      "score": null,
      "step": 5,
      "team0_centroid": [
        2.047093629837036,
        -0.18309545516967773
      ],
      "team0_step_reward": 0.0,
      "team1_centroid": [
        -6.413940191268921,
        1.076515719294548
      ],
      "team1_step_reward": 0.0,
      "winner": null
    },
    {
      "ball_pos": [
        -4.281208515167236,
        4.159080505371094
      ],
      "reward_shaping": null,
      "score": null,
      "step": 6,
      "team0_centroid": [
        1.1091196537017822,
        -0.04342389106750488
      ],
      "team0_step_reward": 0.0,
      "team1_centroid": [
        -5.476683855056763,
        1.2735075950622559
      ],
      "team1_step_reward": 0.0,
      "winner": null
    },
    {
      "ball_pos": [
        -5.440065383911133,
        4.810455322265625
      ],
      "reward_shaping": null,
      "score": null,
      "step": 7,
      "team0_centroid": [
        0.45408332347869873,
        0.14953207969665527
      ],
      "team0_step_reward": 0.0,
      "team1_centroid": [
        -4.781271696090698,
        1.3521365821361542
      ],
      "team1_step_reward": 0.0,
      "winner": null
    },
    {
      "ball_pos": [
        -6.444838523864746,
        5.375222682952881
      ],
      "reward_shaping": null,
      "score": null,
      "step": 8,
      "team0_centroid": [
        -0.2351388931274414,
        0.24764323234558105
      ],
      "team0_step_reward": 0.0,
      "team1_centroid": [
        -4.54015851020813,
        1.3599133379757404
      ],
      "team1_step_reward": 0.0,
      "winner": null
    },
    {
      "ball_pos": [
        -7.31033182144165,
        5.861701965332031
      ],
      "reward_shaping": null,
      "score": null,
      "step": 9,
      "team0_centroid": [
        -0.8811461925506592,
        0.4414104223251343
      ],
      "team0_step_reward": 0.0,
      "team1_centroid": [
        -4.515953302383423,
        1.3315075933933258
      ],
      "team1_step_reward": 0.0,
      "winner": null
    },
    {
      "ball_pos": [
        -8.0499267578125,
        6.277416706085205
      ],
      "reward_shaping": null,
      "score": null,
      "step": 10,
      "team0_centroid": [
        -1.073786973953247,
        0.775810718536377
      ],
      "team0_step_reward": 0.0,
      "team1_centroid": [
        -4.494524240493774,
        1.314250260591507
      ],
      "team1_step_reward": 0.0,
      "winner": null
    },
    {
      "ball_pos": [
        -8.67572021484375,
        6.629164695739746
      ],
      "reward_shaping": null,
      "score": null,
      "step": 11,
      "team0_centroid": [
        -1.2893085479736328,
        1.2280712127685547
      ],
      "team0_step_reward": 0.0,
      "team1_centroid": [
        -4.489402770996094,
        1.2966963648796082
      ],
      "team1_step_reward": 0.0,
      "winner": null
    },
    {
      "ball_pos": [
        -9.815332412719727,
        6.784425735473633
      ],
      "reward_shaping": null,
      "score": null,
      "step": 12,
      "team0_centroid": [
        -1.540757656097412,
        1.7905431985855103
      ],
      "team0_step_reward": 0.0,
      "team1_centroid": [
        -4.762073516845703,
        1.234759658575058
      ],
      "team1_step_reward": 0.0,
      "winner": null
    },
    {
      "ball_pos": [
        -11.520833969116211,
        6.5714826583862305
      ],
      "reward_shaping": null,
      "score": null,
      "step": 13,
      "team0_centroid": [
        -1.5579557418823242,
        1.8758724927902222
      ],
      "team0_step_reward": 0.0,
      "team1_centroid": [
        -5.107281923294067,
        1.162966012954712
      ],
      "team1_step_reward": 0.0,
      "winner": null
    },
    {
      "ball_pos": [
        -13.013833999633789,
        6.385201454162598
      ],
      "reward_shaping": null,
      "score": null,
      "step": 14,
      "team0_centroid": [
        -1.3131356239318848,
        1.7732223272323608
      ],
      "team0_step_reward": 0.0,
      "team1_centroid": [
        -5.305553674697876,
        1.0446972697973251
      ],
      "team1_step_reward": 0.0,
      "winner": null
    },
    {
      "ball_pos": [
        -13.315665245056152,
        5.740862846374512
      ],
      "reward_shaping": null,
      "score": null,
      "step": 15,
      "team0_centroid": [
        -1.2285268306732178,
        1.5505675077438354
      ],
      "team0_step_reward": 0.0,
      "team1_centroid": [
        -5.487628936767578,
        1.0558690950274467
      ],
      "team1_step_reward": 0.0,
      "winner": null
    },
    {
      "ball_pos": [
        -12.99577808380127,
        4.9262471199035645
      ],
      "reward_shaping": null,
      "score": null,
      "step": 16,
      "team0_centroid": [
        -1.53922700881958,
        1.2174322605133057
      ],
      "team0_step_reward": 0.0,
      "team1_centroid": [
        -5.6715545654296875,
        1.13515704870224
      ],
      "team1_step_reward": 0.0,
      "winner": null
    },
    {
      "ball_pos": [
        -12.725245475769043,
        4.235265254974365
      ],
      "reward_shaping": null,
      "score": null,
      "step": 17,
      "team0_centroid": [
        -1.9494712352752686,
        1.0633234977722168
      ],
      "team0_step_reward": 0.0,