{
  "classification": {
    "labels": [
      "win"
    ],
    "primary_label": "win"
  },
  "cumulative_team0_reward": 1.948799967765808,
  "cumulative_team1_reward": -2.0,
  "episode_index": 128,
  "final_score": null,
  "final_team0_step_reward": 1.948799967765808,
  "final_team1_step_reward": -2.0,
  "final_winner": null,
  "metrics": {
    "mean_ball_x": 2.4680615726571817,
    "tail_mean_ball_x": 2.4680615726571817,
    "team0_possession_ratio": null,
    "team0_progress_toward_goal": 0.0,
    "team0_shaping_reward_sum": 0.0,
    "team1_possession_ratio": null,
    "team1_progress_toward_goal": 0.0,
    "team1_shaping_reward_sum": 0.0
  },
  "outcome": "team0_win",
  "sampled_trace": [
    {
      "ball_pos": [
        0.16220664978027344,
        -1.7718373537063599
      ],
      "reward_shaping": null,
      "score": null,
      "step": 0,
      "team0_centroid": [
        -10.118863105773926,
        -0.048542678356170654
      ],
      "team0_step_reward": 0.0,
      "team1_centroid": [
        10.340410232543945,
        0.007421553134918213
      ],
      "team1_step_reward": 0.0,
      "winner": null
    },
    {
      "ball_pos": [
        -1.8879945278167725,
        -4.652616500854492
      ],
      "reward_shaping": null,
      "score": null,
      "step": 10,
      "team0_centroid": [
        -4.15818452835083,
        -2.0853874683380127
      ],
      "team0_step_reward": 0.0,
      "team1_centroid": [
        6.213476195931435,
        -3.4932256937026978
      ],
      "team1_step_reward": 0.0,
      "winner": null
    },
    {
      "ball_pos": [
        7.672672271728516,
        -2.726717233657837
      ],
      "reward_shaping": null,
      "score": null,
      "step": 20,
      "team0_centroid": [
        -1.815346360206604,
        -3.8422891497612
      ],
      "team0_step_reward": 0.0,
      "team1_centroid": [
        2.946771889925003,
        -5.582631587982178
      ],
      "team1_step_reward": 0.0,
      "winner": null
    }
  ],
  "steps": 26,
  "tail_trace": [
    {
      "ball_pos": [
        0.16220664978027344,
        -1.7718373537063599
      ],
      "reward_shaping": null,
      "score": null,
      "step": 0,
      "team0_centroid": [
        -10.118863105773926,
        -0.048542678356170654
      ],
      "team0_step_reward": 0.0,
      "team1_centroid": [
        10.340410232543945,
        0.007421553134918213
      ],
      "team1_step_reward": 0.0,
      "winner": null
    },
    {
      "ball_pos": [
        0.16220664978027344,
        -1.7718373537063599
      ],
      "reward_shaping": null,
      "score": null,
      "step": 1,
      "team0_centroid": [
        -9.320388317108154,
        -0.2041850984096527
      ],
      "team0_step_reward": 0.0,
      "team1_centroid": [
        9.787570476531982,
        -0.176315575838089
      ],
      "team1_step_reward": 0.0,
      "winner": null
    },
    {
      "ball_pos": [
        0.16220664978027344,
        -1.7718373537063599
      ],
      "reward_shaping": null,
      "score": null,
      "step": 2,
      "team0_centroid": [
        -8.209708452224731,
        -0.3396539241075516
      ],
      "team0_step_reward": 0.0,
      "team1_centroid": [
        9.249976396560669,
        -0.49114103615283966
      ],
      "team1_step_reward": 0.0,
      "winner": null
    },
    {
      "ball_pos": [
        0.16220664978027344,
        -1.7718373537063599
      ],
      "reward_shaping": null,
      "score": null,
      "step": 3,
      "team0_centroid": [
        -6.77347207069397,
        -0.5401729792356491
      ],
      "team0_step_reward": 0.0,
      "team1_centroid": [
        9.12366533279419,
        -0.7325472682714462
      ],
      "team1_step_reward": 0.0,
      "winner": null
    },
    {
      "ball_pos": [
        0.16220664978027344,
        -1.7718373537063599
      ],
      "reward_shaping": null,
      "score": null,
      "step": 4,
      "team0_centroid": [
        -5.4404942989349365,
        -0.8125648498535156
      ],
      "team0_step_reward": 0.0,
      "team1_centroid": [
        8.924495220184326,
        -0.889998335391283
      ],
      "team1_step_reward": 0.0,
      "winner": null
    },
    {
      "ball_pos": [
        0.16220664978027344,
        -1.7718373537063599
      ],
      "reward_shaping": null,
      "score": null,
      "step": 5,
      "team0_centroid": [
        -4.489039063453674,
        -1.0530664026737213
      ],
      "team0_step_reward": 0.0,
      "team1_centroid": [
        8.407414436340332,
        -1.1191224157810211
      ],
      "team1_step_reward": 0.0,
      "winner": null
    },
    {
      "ball_pos": [
        0.16220664978027344,
        -1.7718373537063599
      ],
      "reward_shaping": null,
      "score": null,
      "step": 6,
      "team0_centroid": [
        -3.7969566583633423,
        -1.1495133340358734
      ],
      "team0_step_reward": 0.0,
      "team1_centroid": [
        7.696937441825867,
        -1.524633377790451
      ],
      "team1_step_reward": 0.0,
      "winner": null
    },
    {
      "ball_pos": [
        0.16220669448375702,
        -1.7718373537063599
      ],
      "reward_shaping": null,
      "score": null,
      "step": 7,
      "team0_centroid": [
        -3.0736698508262634,
        -1.3492200076580048
      ],
      "team0_step_reward": 0.0,
      "team1_centroid": [
        6.82583749294281,
        -2.0637417435646057
      ],
      "team1_step_reward": 0.0,
      "winner": null
    },
    {
      "ball_pos": [
        -0.8898916244506836,
        -2.7196755409240723
      ],
      "reward_shaping": null,
      "score": null,
      "step": 8,
      "team0_centroid": [
        -3.132264494895935,
        -1.5057981610298157
      ],
      "team0_step_reward": 0.0,
      "team1_centroid": [
        6.34951014816761,
        -2.508641541004181
      ],
      "team1_step_reward": 0.0,
      "winner": null
    },
    {
      "ball_pos": [
        -1.4296537637710571,
        -3.7561049461364746
      ],
      "reward_shaping": null,
      "score": null,
      "step": 9,
      "team0_centroid": [
        -3.696179986000061,
        -1.7220422625541687
      ],
      "team0_step_reward": 0.0,
      "team1_centroid": [
        6.248390197753906,
        -2.9496018290519714
      ],
      "team1_step_reward": 0.0,
      "winner": null
    },
    {
      "ball_pos": [
        -1.8879945278167725,
        -4.652616500854492
      ],
      "reward_shaping": null,
      "score": null,
      "step": 10,
      "team0_centroid": [
        -4.15818452835083,
        -2.0853874683380127
      ],
      "team0_step_reward": 0.0,
      "team1_centroid": [
        6.213476195931435,
        -3.4932256937026978
      ],
      "team1_step_reward": 0.0,
      "winner": null
    },
    {
      "ball_pos": [
        -2.27691912651062,
        -5.42083215713501
      ],
      "reward_shaping": null,
      "score": null,
      "step": 11,
      "team0_centroid": [
        -4.570917844772339,
        -2.5451991260051727
      ],
      "team0_step_reward": 0.0,
      "team1_centroid": [
        6.225097507238388,
        -4.1042773723602295
      ],
      "team1_step_reward": 0.0,
      "winner": null
    },
    {
      "ball_pos": [
        -2.6062541007995605,
        -6.071531772613525
      ],
      "reward_shaping": null,
      "score": null,
      "step": 12,
      "team0_centroid": [
        -4.715475797653198,
        -3.0495373606681824
      ],
      "team0_step_reward": 0.0,
      "team1_centroid": [
        6.270508706569672,
        -4.755427956581116
      ],
      "team1_step_reward": 0.0,
      "winner": null
    },
    {
      "ball_pos": [
        -2.881805181503296,
        -6.615965366363525
      ],
      "reward_shaping": null,
      "score": null,
      "step": 13,
      "team0_centroid": [
        -4.542515277862549,
        -3.622725546360016
      ],
      "team0_step_reward": 0.0,