{
  "classification": {
    "labels": [
      "unclear_loss"
    ],
    "primary_label": "unclear_loss"
  },
  "cumulative_team0_reward": -2.0,
  "cumulative_team1_reward": 1.932800054550171,
  "episode_index": 235,
  "final_score": null,
  "final_team0_step_reward": -2.0,
  "final_team1_step_reward": 1.932800054550171,
  "final_winner": null,
  "metrics": {
    "mean_ball_x": 9.275405010756325,
    "tail_mean_ball_x": 10.585290332635244,
    "team0_possession_ratio": null,
    "team0_progress_toward_goal": 0.0,
    "team0_shaping_reward_sum": 0.0,
    "team1_possession_ratio": null,
    "team1_progress_toward_goal": 0.0,
    "team1_shaping_reward_sum": 0.0
  },
  "outcome": "team1_win",
  "sampled_trace": [
    {
      "ball_pos": [
        -0.5487349033355713,
        -0.6198515892028809
      ],
      "reward_shaping": null,
      "score": null,
      "step": 0,
      "team0_centroid": [
        8.517573356628418,
        -0.05048006772994995
      ],
      "team0_step_reward": 0.0,
      "team1_centroid": [
        -5.187137246131897,
        -0.08828091621398926
      ],
      "team1_step_reward": 0.0,
      "winner": null
    },
    {
      "ball_pos": [
        8.614944458007812,
        -4.685939788818359
      ],
      "reward_shaping": null,
      "score": null,
      "step": 10,
      "team0_centroid": [
        4.340352416038513,
        -0.4670005962252617
      ],
      "team0_step_reward": 0.0,
      "team1_centroid": [
        -0.10078561305999756,
        -3.0368809700012207
      ],
      "team1_step_reward": 0.0,
      "winner": null
    },
    {
      "ball_pos": [
        12.023244857788086,
        -1.3236855268478394
      ],
      "reward_shaping": null,
      "score": null,
      "step": 20,
      "team0_centroid": [
        4.650428652763367,
        -1.0805860757827759
      ],
      "team0_step_reward": 0.0,
      "team1_centroid": [
        2.209362506866455,
        -3.0213916301727295
      ],
      "team1_step_reward": 0.0,
      "winner": null
    },
    {
      "ball_pos": [
        13.177714347839355,
        -0.1848137378692627
      ],
      "reward_shaping": null,
      "score": null,
      "step": 30,
      "team0_centroid": [
        6.698359370231628,
        -0.47282981872558594
      ],
      "team0_step_reward": 0.0,
      "team1_centroid": [
        5.325049266219139,
        -2.7494798358529806
      ],
      "team1_step_reward": 0.0,
      "winner": null
    }
  ],
  "steps": 34,
  "tail_trace": [
    {
      "ball_pos": [
        0.9989060163497925,
        -1.9817739725112915
      ],
      "reward_shaping": null,
      "score": null,
      "step": 4,
      "team0_centroid": [
        4.393437623977661,
        -0.6216975599527359
      ],
      "team0_step_reward": 0.0,
      "team1_centroid": [
        -2.575031280517578,
        -0.6948803663253784
      ],
      "team1_step_reward": 0.0,
      "winner": null
    },
    {
      "ball_pos": [
        2.9037561416625977,
        -3.7348363399505615
      ],
      "reward_shaping": null,
      "score": null,
      "step": 5,
      "team0_centroid": [
        3.4835827350616455,
        -0.7251447141170502
      ],
      "team0_step_reward": 0.0,
      "team1_centroid": [
        -1.6133410036563873,
        -1.0245040655136108
      ],
      "team1_step_reward": 0.0,
      "winner": null
    },
    {
      "ball_pos": [
        4.589505195617676,
        -5.286269664764404
      ],
      "reward_shaping": null,
      "score": null,
      "step": 6,
      "team0_centroid": [
        3.2841005325317383,
        -0.8046709299087524
      ],
      "team0_step_reward": 0.0,
      "team1_centroid": [
        -0.799347996711731,
        -1.4250829815864563
      ],
      "team1_step_reward": 0.0,
      "winner": null
    },
    {
      "ball_pos": [
        6.077210903167725,
        -6.655439853668213
      ],
      "reward_shaping": null,
      "score": null,
      "step": 7,
      "team0_centroid": [
        3.6547685861587524,
        -0.9257224500179291
      ],
      "team0_step_reward": 0.0,
      "team1_centroid": [
        -0.32311105728149414,
        -1.8069676160812378
      ],
      "team1_step_reward": 0.0,
      "winner": null
    },
    {
      "ball_pos": [
        7.1101226806640625,
        -6.170822620391846
      ],
      "reward_shaping": null,
      "score": null,
      "step": 8,
      "team0_centroid": [
        4.044268608093262,
        -0.9184548854827881
      ],
      "team0_step_reward": 0.0,
      "team1_centroid": [
        -0.24401092529296875,
        -2.195732355117798
      ],
      "team1_step_reward": 0.0,
      "winner": null
    },
    {
      "ball_pos": [
        7.9187445640563965,
        -5.372735977172852
      ],
      "reward_shaping": null,
      "score": null,
      "step": 9,
      "team0_centroid": [
        4.241617321968079,
        -0.6944082230329514
      ],
      "team0_step_reward": 0.0,
      "team1_centroid": [
        -0.313686728477478,
        -2.6740806102752686
      ],
      "team1_step_reward": 0.0,
      "winner": null
    },
    {
      "ball_pos": [
        8.614944458007812,
        -4.685939788818359
      ],
      "reward_shaping": null,
      "score": null,
      "step": 10,
      "team0_centroid": [
        4.340352416038513,
        -0.4670005962252617
      ],
      "team0_step_reward": 0.0,
      "team1_centroid": [
        -0.10078561305999756,
        -3.0368809700012207
      ],
      "team1_step_reward": 0.0,
      "winner": null
    },
    {
      "ball_pos": [
        9.209348678588867,
        -4.099565029144287
      ],
      "reward_shaping": null,
      "score": null,
      "step": 11,
      "team0_centroid": [
        4.389652490615845,
        -0.3255070224404335
      ],
      "team0_step_reward": 0.0,
      "team1_centroid": [
        0.18018341064453125,
        -3.333036184310913
      ],
      "team1_step_reward": 0.0,
      "winner": null
    },
    {
      "ball_pos": [
        9.711737632751465,
        -3.6039626598358154
      ],
      "reward_shaping": null,
      "score": null,
      "step": 12,
      "team0_centroid": [
        4.455621242523193,
        -0.3760429807007313
      ],
      "team0_step_reward": 0.0,
      "team1_centroid": [
        0.38480961322784424,
        -3.578484058380127
      ],
      "team1_step_reward": 0.0,
      "winner": null
    },
    {
      "ball_pos": [
        10.130951881408691,
        -3.190411329269409
      ],
      "reward_shaping": null,
      "score": null,
      "step": 13,
      "team0_centroid": [
        4.740555644035339,
        -0.3967752754688263
      ],
      "team0_step_reward": 0.0,
      "team1_centroid": [
        0.548430323600769,
        -3.6010550260543823
      ],
      "team1_step_reward": 0.0,
      "winner": null
    },
    {
      "ball_pos": [
        10.492691993713379,
        -2.8335583209991455
      ],
      "reward_shaping": null,
      "score": null,
      "step": 14,
      "team0_centroid": [
        5.0781660079956055,
        -0.34751790668815374
      ],
      "team0_step_reward": 0.0,
      "team1_centroid": [
        0.6637529134750366,
        -3.5292264223098755
      ],
      "team1_step_reward": 0.0,
      "winner": null
    },
    {
      "ball_pos": [
        10.819497108459473,
        -2.51116943359375
      ],
      "reward_shaping": null,
      "score": null,
      "step": 15,
      "team0_centroid": [
        5.079607725143433,
        -0.38341043144464493
      ],
      "team0_step_reward": 0.0,
      "team1_centroid": [
        1.0071746706962585,
        -3.3876277208328247
      ],
      "team1_step_reward": 0.0,
      "winner": null
    },
    {
      "ball_pos": [
        11.11472225189209,
        -2.219933271408081
      ],
      "reward_shaping": null,
      "score": null,
      "step": 16,
      "team0_centroid": [
        4.903886556625366,
        -0.44298574328422546
      ],
      "team0_step_reward": 0.0,