{
  "classification": {
    "labels": [
      "unclear_loss"
    ],
    "primary_label": "unclear_loss"
  },
  "cumulative_team0_reward": -2.0,
  "cumulative_team1_reward": 1.9823999404907227,
  "episode_index": 177,
  "final_score": null,
  "final_team0_step_reward": -2.0,
  "final_team1_step_reward": 1.9823999404907227,
  "final_winner": null,
  "metrics": {
    "mean_ball_x": 5.440178261862861,
    "tail_mean_ball_x": 5.440178261862861,
    "team0_possession_ratio": null,
    "team0_progress_toward_goal": 0.0,
    "team0_shaping_reward_sum": 0.0,
    "team1_possession_ratio": null,
    "team1_progress_toward_goal": 0.0,
    "team1_shaping_reward_sum": 0.0
  },
  "outcome": "team1_win",
  "sampled_trace": [
    {
      "ball_pos": [
        -1.636505126953125,
        -2.2950210571289062
      ],
      "reward_shaping": null,
      "score": null,
      "step": 0,
      "team0_centroid": [
        6.7561194896698,
        0.11063641309738159
      ],
      "team0_step_reward": 0.0,
      "team1_centroid": [
        -7.941681146621704,
        -0.040752112865448
      ],
      "team1_step_reward": 0.0,
      "winner": null
    }
  ],
  "steps": 9,
  "tail_trace": [
    {
      "ball_pos": [
        -1.636505126953125,
        -2.2950210571289062
      ],
      "reward_shaping": null,
      "score": null,
      "step": 0,
      "team0_centroid": [
        6.7561194896698,
        0.11063641309738159
      ],
      "team0_step_reward": 0.0,
      "team1_centroid": [
        -7.941681146621704,
        -0.040752112865448
      ],
      "team1_step_reward": 0.0,
      "winner": null
    },
    {
      "ball_pos": [
        -1.636505126953125,
        -2.2950210571289062
      ],
      "reward_shaping": null,
      "score": null,
      "step": 1,
      "team0_centroid": [
        5.931006908416748,
        0.28740495443344116
      ],
      "team0_step_reward": 0.0,
      "team1_centroid": [
        -7.342170715332031,
        -0.082774817943573
      ],
      "team1_step_reward": 0.0,
      "winner": null
    },
    {
      "ball_pos": [
        -1.636505126953125,
        -2.2950210571289062
      ],
      "reward_shaping": null,
      "score": null,
      "step": 2,
      "team0_centroid": [
        4.786849856376648,
        0.4753502607345581
      ],
      "team0_step_reward": 0.0,
      "team1_centroid": [
        -6.507509231567383,
        -0.19473642110824585
      ],
      "team1_step_reward": 0.0,
      "winner": null
    },
    {
      "ball_pos": [
        -0.03272700309753418,
        -2.4378042221069336
      ],
      "reward_shaping": null,
      "score": null,
      "step": 3,
      "team0_centroid": [
        3.3163328170776367,
        0.6292213201522827
      ],
      "team0_step_reward": 0.0,
      "team1_centroid": [
        -5.548307657241821,
        -0.3704903721809387
      ],
      "team1_step_reward": 0.0,
      "winner": null
    },
    {
      "ball_pos": [
        4.219071388244629,
        -2.7785253524780273
      ],
      "reward_shaping": null,
      "score": null,
      "step": 4,
      "team0_centroid": [
        1.727655716240406,
        0.7544278502464294
      ],
      "team0_step_reward": 0.0,
      "team1_centroid": [
        -4.773602247238159,
        -0.5218806266784668
      ],
      "team1_step_reward": 0.0,
      "winner": null
    },
    {
      "ball_pos": [
        8.013459205627441,
        -3.0829126834869385
      ],
      "reward_shaping": null,
      "score": null,
      "step": 5,
      "team0_centroid": [
        0.4926629662513733,
        0.8431084752082825
      ],
      "team0_step_reward": 0.0,
      "team1_centroid": [
        -4.2013620138168335,
        -0.5394710302352905
      ],
      "team1_step_reward": 0.0,
      "winner": null
    },
    {
      "ball_pos": [
        11.39441204071045,
        -3.3541362285614014
      ],
      "reward_shaping": null,
      "score": null,
      "step": 6,
      "team0_centroid": [
        -0.07754349708557129,
        0.7545874118804932
      ],
      "team0_step_reward": 0.0,
      "team1_centroid": [
        -3.731729209423065,
        -0.4483899474143982
      ],
      "team1_step_reward": 0.0,
      "winner": null
    },
    {
      "ball_pos": [
        14.401650428771973,
        -3.5953800678253174
      ],
      "reward_shaping": null,
      "score": null,
      "step": 7,
      "team0_centroid": [
        -0.3019607365131378,
        0.45894408226013184
      ],
      "team0_step_reward": 0.0,
      "team1_centroid": [
        -3.1673688888549805,
        -0.39573055505752563
      ],
      "team1_step_reward": 0.0,
      "winner": null
    },
    {
      "ball_pos": [
        15.875253677368164,
        -3.6475813388824463
      ],
      "reward_shaping": null,
      "score": null,
      "step": 8,
      "team0_centroid": [
        -0.41814661026000977,
        0.27548134326934814
      ],
      "team0_step_reward": -2.0,
      "team1_centroid": [
        -2.8428359031677246,
        -0.4338268041610718
      ],
      "team1_step_reward": 1.9823999404907227,
      "winner": null
    }
  ],
  "team0_module": "ceia_baseline_agent",
  "team1_module": "ceia_baseline_agent"
}