{
  "classification": {
    "labels": [
      "win"
    ],
    "primary_label": "win"
  },
  "cumulative_team0_reward": 1.975600004196167,
  "cumulative_team1_reward": -2.0,
  "episode_index": 79,
  "final_score": null,
  "final_team0_step_reward": 1.975600004196167,
  "final_team1_step_reward": -2.0,
  "final_winner": null,
  "metrics": {
    "mean_ball_x": -6.402372360229492,
    "tail_mean_ball_x": -6.402372360229492,
    "team0_possession_ratio": null,
    "team0_progress_toward_goal": 0.0,
    "team0_shaping_reward_sum": 0.0,
    "team1_possession_ratio": null,
    "team1_progress_toward_goal": 0.0,
    "team1_shaping_reward_sum": 0.0
  },
  "outcome": "team0_win",
  "sampled_trace": [
    {
      "ball_pos": [
        -1.8244118690490723,
        -1.8855524063110352
      ],
      "reward_shaping": null,
      "score": null,
      "step": 0,
      "team0_centroid": [
        7.579500913619995,
        0.06889069080352783
      ],
      "team0_step_reward": 0.0,
      "team1_centroid": [
        -7.305823802947998,
        -0.025979459285736084
      ],
      "team1_step_reward": 0.0,
      "winner": null
    },
    {
      "ball_pos": [
        -14.064030647277832,
        -2.7795279026031494
      ],
      "reward_shaping": null,
      "score": null,
      "step": 10,
      "team0_centroid": [
        -2.8006345629692078,
        -2.1949019134044647
      ],
      "team0_step_reward": 0.0,
      "team1_centroid": [
        -3.7051947116851807,
        -0.7161561846733093
      ],
      "team1_step_reward": 0.0,
      "winner": null
    }
  ],
  "steps": 12,
  "tail_trace": [
    {
      "ball_pos": [
        -1.8244118690490723,
        -1.8855524063110352
      ],
      "reward_shaping": null,
      "score": null,
      "step": 0,
      "team0_centroid": [
        7.579500913619995,
        0.06889069080352783
      ],
      "team0_step_reward": 0.0,
      "team1_centroid": [
        -7.305823802947998,
        -0.025979459285736084
      ],
      "team1_step_reward": 0.0,
      "winner": null
    },
    {
      "ball_pos": [
        -1.8244118690490723,
        -1.8855524063110352
      ],
      "reward_shaping": null,
      "score": null,
      "step": 1,
      "team0_centroid": [
        7.092494010925293,
        0.1723545789718628
      ],
      "team0_step_reward": 0.0,
      "team1_centroid": [
        -6.994388818740845,
        -0.06149625778198242
      ],
      "team1_step_reward": 0.0,
      "winner": null
    },
    {
      "ball_pos": [
        -1.8244118690490723,
        -1.8855524063110352
      ],
      "reward_shaping": null,
      "score": null,
      "step": 2,
      "team0_centroid": [
        5.945069313049316,
        0.23045563697814941
      ],
      "team0_step_reward": 0.0,
      "team1_centroid": [
        -6.295995473861694,
        -0.14891254901885986
      ],
      "team1_step_reward": 0.0,
      "winner": null
    },
    {
      "ball_pos": [
        -1.8244118690490723,
        -1.8855524063110352
      ],
      "reward_shaping": null,
      "score": null,
      "step": 3,
      "team0_centroid": [
        4.303210616111755,
        0.23394137620925903
      ],
      "team0_step_reward": 0.0,
      "team1_centroid": [
        -5.048753261566162,
        -0.4200605973601341
      ],
      "team1_step_reward": 0.0,
      "winner": null
    },
    {
      "ball_pos": [
        -1.8244118690490723,
        -1.8855524063110352
      ],
      "reward_shaping": null,
      "score": null,
      "step": 4,
      "team0_centroid": [
        2.559617340564728,
        0.06486427783966064
      ],
      "team0_step_reward": 0.0,
      "team1_centroid": [
        -3.575256824493408,
        -0.6834855787456036
      ],
      "team1_step_reward": 0.0,
      "winner": null
    },
    {
      "ball_pos": [
        -1.5518803596496582,
        -2.9711740016937256
      ],
      "reward_shaping": null,
      "score": null,
      "step": 5,
      "team0_centroid": [
        1.163855105638504,
        -0.141288161277771
      ],
      "team0_step_reward": 0.0,
      "team1_centroid": [
        -2.4153871536254883,
        -0.964364156126976
      ],
      "team1_step_reward": 0.0,
      "winner": null
    },
    {
      "ball_pos": [
        -5.309436798095703,
        -5.268131732940674
      ],
      "reward_shaping": null,
      "score": null,
      "step": 6,
      "team0_centroid": [
        0.3913366198539734,
        -0.545258641242981
      ],
      "team0_step_reward": 0.0,
      "team1_centroid": [
        -1.9354929327964783,
        -1.133490800857544
      ],
      "team1_step_reward": 0.0,
      "winner": null
    },
    {
      "ball_pos": [
        -8.45323371887207,
        -6.599937915802002
      ],
      "reward_shaping": null,
      "score": null,
      "step": 7,
      "team0_centroid": [
        -0.38058650493621826,
        -1.150951862335205
      ],
      "team0_step_reward": 0.0,
      "team1_centroid": [
        -1.962483823299408,
        -1.1268394812941551
      ],
      "team1_step_reward": 0.0,
      "winner": null
    },
    {
      "ball_pos": [
        -10.558359146118164,
        -5.166191101074219
      ],
      "reward_shaping": null,
      "score": null,
      "step": 8,
      "team0_centroid": [
        -1.3199691772460938,
        -1.6798823177814484
      ],
      "team0_step_reward": 0.0,
      "team1_centroid": [
        -2.3823627829551697,
        -1.0573024991899729
      ],
      "team1_step_reward": 0.0,
      "winner": null
    },
    {
      "ball_pos": [
        -12.420936584472656,
        -3.8981451988220215
      ],
      "reward_shaping": null,
      "score": null,
      "step": 9,
      "team0_centroid": [
        -2.1683669984340668,
        -2.0699077248573303
      ],
      "team0_step_reward": 0.0,
      "team1_centroid": [
        -3.0750420093536377,
        -0.8928511142730713
      ],
      "team1_step_reward": 0.0,
      "winner": null
    },
    {
      "ball_pos": [
        -14.064030647277832,
        -2.7795279026031494
      ],
      "reward_shaping": null,
      "score": null,
      "step": 10,
      "team0_centroid": [
        -2.8006345629692078,
        -2.1949019134044647
      ],
      "team0_step_reward": 0.0,
      "team1_centroid": [
        -3.7051947116851807,
        -0.7161561846733093
      ],
      "team1_step_reward": 0.0,
      "winner": null
    },
    {
      "ball_pos": [
        -15.348531723022461,
        -1.8281892538070679
      ],
      "reward_shaping": null,
      "score": null,
      "step": 11,
      "team0_centroid": [
        -3.283430188894272,
        -2.0559710562229156
      ],
      "team0_step_reward": 1.975600004196167,
      "team1_centroid": [
        -3.879666566848755,
        -0.5883498936891556
      ],
      "team1_step_reward": -2.0,
      "winner": null
    }
  ],
  "team0_module": "ceia_baseline_agent",
  "team1_module": "ceia_baseline_agent"
}