{
  "classification": {
    "labels": [
      "unclear_loss"
    ],
    "primary_label": "unclear_loss"
  },
  "cumulative_team0_reward": -2.0,
  "cumulative_team1_reward": 1.983199954032898,
  "episode_index": 77,
  "final_score": null,
  "final_team0_step_reward": -2.0,
  "final_team1_step_reward": 1.983199954032898,
  "final_winner": null,
  "metrics": {
    "mean_ball_x": 7.4196965959337025,
    "tail_mean_ball_x": 7.4196965959337025,
    "team0_possession_ratio": null,
    "team0_progress_toward_goal": 0.0,
    "team0_shaping_reward_sum": 0.0,
    "team1_possession_ratio": null,
    "team1_progress_toward_goal": 0.0,
    "team1_shaping_reward_sum": 0.0
  },
  "outcome": "team1_win",
  "sampled_trace": [
    {
      "ball_pos": [
        2.205659866333008,
        -0.2808019816875458
      ],
      "reward_shaping": null,
      "score": null,
      "step": 0,
      "team0_centroid": [
        8.12669324874878,
        -0.04384499788284302
      ],
      "team0_step_reward": 0.0,
      "team1_centroid": [
        -7.930840611457825,
        -0.04196774959564209
      ],
      "team1_step_reward": 0.0,
      "winner": null
    }
  ],
  "steps": 9,
  "tail_trace": [
    {
      "ball_pos": [
        2.205659866333008,
        -0.2808019816875458
      ],
      "reward_shaping": null,
      "score": null,
      "step": 0,
      "team0_centroid": [
        8.12669324874878,
        -0.04384499788284302
      ],
      "team0_step_reward": 0.0,
      "team1_centroid": [
        -7.930840611457825,
        -0.04196774959564209
      ],
      "team1_step_reward": 0.0,
      "winner": null
    },
    {
      "ball_pos": [
        2.205659866333008,
        -0.2808019518852234
      ],
      "reward_shaping": null,
      "score": null,
      "step": 1,
      "team0_centroid": [
        7.236162900924683,
        -0.18679696321487427
      ],
      "team0_step_reward": 0.0,
      "team1_centroid": [
        -7.138992786407471,
        -0.15148383378982544
      ],
      "team1_step_reward": 0.0,
      "winner": null
    },
    {
      "ball_pos": [
        2.205659866333008,
        -0.28080180287361145
      ],
      "reward_shaping": null,
      "score": null,
      "step": 2,
      "team0_centroid": [
        5.949312448501587,
        -0.3399699479341507
      ],
      "team0_step_reward": 0.0,
      "team1_centroid": [
        -5.796330273151398,
        -0.304835207760334
      ],
      "team1_step_reward": 0.0,
      "winner": null
    },
    {
      "ball_pos": [
        2.205659866333008,
        -0.2808016538619995
      ],
      "reward_shaping": null,
      "score": null,
      "step": 3,
      "team0_centroid": [
        4.482946991920471,
        -0.6421731933951378
      ],
      "team0_step_reward": 0.0,
      "team1_centroid": [
        -4.330494314432144,
        -0.49802979826927185
      ],
      "team1_step_reward": 0.0,
      "winner": null
    },
    {
      "ball_pos": [
        5.227913856506348,
        0.6935374736785889
      ],
      "reward_shaping": null,
      "score": null,
      "step": 4,
      "team0_centroid": [
        3.931134819984436,
        -0.7834377288818359
      ],
      "team0_step_reward": 0.0,
      "team1_centroid": [
        -3.617768406867981,
        -0.6950045824050903
      ],
      "team1_step_reward": 0.0,
      "winner": null
    },
    {
      "ball_pos": [
        9.047564506530762,
        1.8290863037109375
      ],
      "reward_shaping": null,
      "score": null,
      "step": 5,
      "team0_centroid": [
        3.813778042793274,
        -0.9128986895084381
      ],
      "team0_step_reward": 0.0,
      "team1_centroid": [
        -3.2075716257095337,
        -0.7123286724090576
      ],
      "team1_step_reward": 0.0,
      "winner": null
    },
    {
      "ball_pos": [
        12.453228950500488,
        2.8415589332580566
      ],
      "reward_shaping": null,
      "score": null,
      "step": 6,
      "team0_centroid": [
        3.7930818796157837,
        -1.224323332309723
      ],
      "team0_step_reward": 0.0,
      "team1_centroid": [
        -2.652806520462036,
        -0.6480584517121315
      ],
      "team1_step_reward": 0.0,
      "winner": null
    },
    {
      "ball_pos": [
        15.48468017578125,
        3.7427818775177
      ],
      "reward_shaping": null,
      "score": null,
      "step": 7,
      "team0_centroid": [
        3.609818458557129,
        -1.6037306785583496
      ],
      "team0_step_reward": 0.0,
      "team1_centroid": [
        -1.8247789144515991,
        -0.5166232474148273
      ],
      "team1_step_reward": 0.0,
      "winner": null
    },
    {
      "ball_pos": [
        15.741242408752441,
        3.6002657413482666
      ],
      "reward_shaping": null,
      "score": null,
      "step": 8,
      "team0_centroid": [
        3.573690891265869,
        -1.6801469922065735
      ],
      "team0_step_reward": -2.0,
      "team1_centroid": [
        -1.653592586517334,
        -0.4859319943934679
      ],
      "team1_step_reward": 1.983199954032898,
      "winner": null
    }
  ],
  "team0_module": "ceia_baseline_agent",
  "team1_module": "ceia_baseline_agent"
}