{
  "classification": {
    "labels": [
      "late_defensive_collapse",
      "territory_loss"
    ],
    "primary_label": "late_defensive_collapse"
  },
  "cumulative_team0_reward": -2.0,
  "cumulative_team1_reward": 1.9248000383377075,
  "episode_index": 366,
  "final_score": null,
  "final_team0_step_reward": -2.0,
  "final_team1_step_reward": 1.9248000383377075,
  "final_winner": null,
  "metrics": {
    "mean_ball_x": -1.7452449535852985,
    "tail_mean_ball_x": -2.291964961588383,
    "team0_possession_ratio": null,
    "team0_progress_toward_goal": 0.0,
    "team0_shaping_reward_sum": 0.0,
    "team1_possession_ratio": null,
    "team1_progress_toward_goal": 0.0,
    "team1_shaping_reward_sum": 0.0
  },
  "outcome": "team1_win",
  "sampled_trace": [
    {
      "ball_pos": [
        0.2434239685535431,
        1.0087358951568604
      ],
      "reward_shaping": null,
      "score": null,
      "step": 0,
      "team0_centroid": [
        -9.127620220184326,
        0.049105167388916016
      ],
      "team0_step_reward": 0.0,
      "team1_centroid": [
        7.2470622062683105,
        0.0
      ],
      "team1_step_reward": 0.0,
      "winner": null
    },
    {
      "ball_pos": [
        2.8750247955322266,
        6.868614196777344
      ],
      "reward_shaping": null,
      "score": null,
      "step": 10,
      "team0_centroid": [
        0.9934244751930237,
        -0.920630931854248
      ],
      "team0_step_reward": 0.0,
      "team1_centroid": [
        -0.3911837339401245,
        0.28921034932136536
      ],
      "team1_step_reward": 0.0,
      "winner": null
    },
    {
      "ball_pos": [
        4.670925140380859,
        2.884317398071289
      ],
      "reward_shaping": null,
      "score": null,
      "step": 20,
      "team0_centroid": [
        1.5021511167287827,
        -0.2891271114349365
      ],
      "team0_step_reward": 0.0,
      "team1_centroid": [
        5.942777156829834,
        0.21041548252105713
      ],
      "team1_step_reward": 0.0,
      "winner": null
    },
    {
      "ball_pos": [
        -8.987215995788574,
        3.4932096004486084
      ],
      "reward_shaping": null,
      "score": null,
      "step": 30,
      "team0_centroid": [
        -3.5145521759986877,
        3.6938348412513733
      ],
      "team0_step_reward": 0.0,
      "team1_centroid": [
        3.4004407227039337,
        0.5627948045730591
      ],
      "team1_step_reward": 0.0,
      "winner": null
    }
  ],
  "steps": 38,
  "tail_trace": [
    {
      "ball_pos": [
        1.5864901542663574,
        4.489933490753174
      ],
      "reward_shaping": null,
      "score": null,
      "step": 8,
      "team0_centroid": [
        -0.5126111656427383,
        -0.9072263538837433
      ],
      "team0_step_reward": 0.0,
      "team1_centroid": [
        -0.331235833466053,
        0.3391266390681267
      ],
      "team1_step_reward": 0.0,
      "winner": null
    },
    {
      "ball_pos": [
        2.275536060333252,
        5.761936664581299
      ],
      "reward_shaping": null,
      "score": null,
      "step": 9,
      "team0_centroid": [
        0.27990972995758057,
        -0.9165760576725006
      ],
      "team0_step_reward": 0.0,
      "team1_centroid": [
        -0.5688871368765831,
        0.21644507348537445
      ],
      "team1_step_reward": 0.0,
      "winner": null
    },
    {
      "ball_pos": [
        2.8750247955322266,
        6.868614196777344
      ],
      "reward_shaping": null,
      "score": null,
      "step": 10,
      "team0_centroid": [
        0.9934244751930237,
        -0.920630931854248
      ],
      "team0_step_reward": 0.0,
      "team1_centroid": [
        -0.3911837339401245,
        0.28921034932136536
      ],
      "team1_step_reward": 0.0,
      "winner": null
    },
    {
      "ball_pos": [
        3.1863465309143066,
        6.117459297180176
      ],
      "reward_shaping": null,
      "score": null,
      "step": 11,
      "team0_centroid": [
        1.4981693625450134,
        -0.9712753593921661
      ],
      "team0_step_reward": 0.0,
      "team1_centroid": [
        0.10954529047012329,
        0.4515887498855591
      ],
      "team1_step_reward": 0.0,
      "winner": null
    },
    {
      "ball_pos": [
        3.4610159397125244,
        5.516968250274658
      ],
      "reward_shaping": null,
      "score": null,
      "step": 12,
      "team0_centroid": [
        1.8691623210906982,
        -0.9960273802280426
      ],
      "team0_step_reward": 0.0,
      "team1_centroid": [
        1.0703198909759521,
        0.7420371770858765
      ],
      "team1_step_reward": 0.0,
      "winner": null
    },
    {
      "ball_pos": [
        3.689786434173584,
        5.019175052642822
      ],
      "reward_shaping": null,
      "score": null,
      "step": 13,
      "team0_centroid": [
        2.1173882484436035,
        -0.8533291518688202
      ],
      "team0_step_reward": 0.0,
      "team1_centroid": [
        2.2002698481082916,
        1.1452234387397766
      ],
      "team1_step_reward": 0.0,
      "winner": null
    },
    {
      "ball_pos": [
        3.8784339427948,
        4.608697891235352
      ],
      "reward_shaping": null,
      "score": null,
      "step": 14,
      "team0_centroid": [
        2.542237877845764,
        -0.7429924011230469
      ],
      "team0_step_reward": 0.0,
      "team1_centroid": [
        3.1113302409648895,
        1.4365100860595703
      ],
      "team1_step_reward": 0.0,
      "winner": null
    },
    {
      "ball_pos": [
        4.04620361328125,
        4.243648529052734
      ],
      "reward_shaping": null,
      "score": null,
      "step": 15,
      "team0_centroid": [
        2.997231960296631,
        -0.8605159111320972
      ],
      "team0_step_reward": 0.0,
      "team1_centroid": [
        3.582631379365921,
        1.5257275104522705
      ],
      "team1_step_reward": 0.0,
      "winner": null
    },
    {
      "ball_pos": [
        4.197747707366943,
        3.9139037132263184
      ],
      "reward_shaping": null,
      "score": null,
      "step": 16,
      "team0_centroid": [
        3.0552412271499634,
        -0.9479541666805744
      ],
      "team0_step_reward": 0.0,
      "team1_centroid": [
        4.123515218496323,
        1.5419178009033203
      ],
      "team1_step_reward": 0.0,
      "winner": null
    },
    {
      "ball_pos": [
        4.334626197814941,
        3.61607027053833
      ],
      "reward_shaping": null,
      "score": null,
      "step": 17,
      "team0_centroid": [
        2.6858195662498474,
        -0.9203233420848846
      ],
      "team0_step_reward": 0.0,
      "team1_centroid": [
        4.77742126584053,
        1.4016854763031006
      ],
      "team1_step_reward": 0.0,
      "winner": null
    },
    {
      "ball_pos": [
        4.458247661590576,
        3.3470816612243652
      ],
      "reward_shaping": null,
      "score": null,
      "step": 18,
      "team0_centroid": [
        2.0072802305221558,
        -0.7805240750312805
      ],
      "team0_step_reward": 0.0,
      "team1_centroid": [
        5.346960783004761,
        1.0990653038024902
      ],
      "team1_step_reward": 0.0,
      "winner": null
    },
    {
      "ball_pos": [
        4.569952487945557,
        3.1040232181549072
      ],
      "reward_shaping": null,
      "score": null,
      "step": 19,
      "team0_centroid": [
        1.6190479397773743,
        -0.5581456422805786
      ],
      "team0_step_reward": 0.0,
      "team1_centroid": [
        5.821529150009155,
        0.7202547788619995
      ],
      "team1_step_reward": 0.0,
      "winner": null
    },
    {
      "ball_pos": [
        4.670925140380859,
        2.884317398071289
      ],
      "reward_shaping": null,
      "score": null,
      "step": 20,
      "team0_centroid": [
        1.5021511167287827,
        -0.2891271114349365
      ],
      "team0_step_reward": 0.0,