{
  "classification": {
    "labels": [
      "unclear_loss"
    ],
    "primary_label": "unclear_loss"
  },
  "cumulative_team0_reward": -2.0,
  "cumulative_team1_reward": 1.930799961090088,
  "episode_index": 223,
  "final_score": null,
  "final_team0_step_reward": -2.0,
  "final_team1_step_reward": 1.930799961090088,
  "final_winner": null,
  "metrics": {
    "mean_ball_x": 4.080808886672769,
    "tail_mean_ball_x": 4.6723906300961975,
    "team0_possession_ratio": null,
    "team0_progress_toward_goal": 0.0,
    "team0_shaping_reward_sum": 0.0,
    "team1_possession_ratio": null,
    "team1_progress_toward_goal": 0.0,
    "team1_shaping_reward_sum": 0.0
  },
  "outcome": "team1_win",
  "sampled_trace": [
    {
      "ball_pos": [
        0.5313184261322021,
        0.4605283737182617
      ],
      "reward_shaping": null,
      "score": null,
      "step": 0,
      "team0_centroid": [
        7.980606555938721,
        -0.05415904521942139
      ],
      "team0_step_reward": 0.0,
      "team1_centroid": [
        -10.392789363861084,
        0.09225791692733765
      ],
      "team1_step_reward": 0.0,
      "winner": null
    },
    {
      "ball_pos": [
        0.21655188500881195,
        -3.5192556381225586
      ],
      "reward_shaping": null,
      "score": null,
      "step": 10,
      "team0_centroid": [
        3.6904162168502808,
        -1.030365139245987
      ],
      "team0_step_reward": 0.0,
      "team1_centroid": [
        0.06594324856996536,
        -0.12353569269180298
      ],
      "team1_step_reward": 0.0,
      "winner": null
    },
    {
      "ball_pos": [
        0.9625198841094971,
        -2.376722574234009
      ],
      "reward_shaping": null,
      "score": null,
      "step": 20,
      "team0_centroid": [
        2.690972685813904,
        -3.4194369316101074
      ],
      "team0_step_reward": 0.0,
      "team1_centroid": [
        -2.0706021785736084,
        -3.438453286886215
      ],
      "team1_step_reward": 0.0,
      "winner": null
    },
    {
      "ball_pos": [
        13.294037818908691,
        1.7526838779449463
      ],
      "reward_shaping": null,
      "score": null,
      "step": 30,
      "team0_centroid": [
        4.701162219047546,
        1.4089568853378296
      ],
      "team0_step_reward": 0.0,
      "team1_centroid": [
        5.0034767389297485,
        -1.1306475400924683
      ],
      "team1_step_reward": 0.0,
      "winner": null
    }
  ],
  "steps": 35,
  "tail_trace": [
    {
      "ball_pos": [
        -0.5681874752044678,
        -0.043122559785842896
      ],
      "reward_shaping": null,
      "score": null,
      "step": 5,
      "team0_centroid": [
        5.234636902809143,
        -0.5544973313808441
      ],
      "team0_step_reward": 0.0,
      "team1_centroid": [
        -4.140246391296387,
        0.6110849827528
      ],
      "team1_step_reward": 0.0,
      "winner": null
    },
    {
      "ball_pos": [
        -1.5696465969085693,
        -1.0803065299987793
      ],
      "reward_shaping": null,
      "score": null,
      "step": 6,
      "team0_centroid": [
        4.685857772827148,
        -0.4227612316608429
      ],
      "team0_step_reward": 0.0,
      "team1_centroid": [
        -2.480096459388733,
        0.5431660860776901
      ],
      "team1_step_reward": 0.0,
      "winner": null
    },
    {
      "ball_pos": [
        -0.81513911485672,
        -4.405041694641113
      ],
      "reward_shaping": null,
      "score": null,
      "step": 7,
      "team0_centroid": [
        3.7229357957839966,
        -0.34599703550338745
      ],
      "team0_step_reward": 0.0,
      "team1_centroid": [
        -0.9051668047904968,
        0.3084467425942421
      ],
      "team1_step_reward": 0.0,
      "winner": null
    },
    {
      "ball_pos": [
        -0.14482322335243225,
        -7.362716197967529
      ],
      "reward_shaping": null,
      "score": null,
      "step": 8,
      "team0_centroid": [
        3.159786731004715,
        -0.36497798562049866
      ],
      "team0_step_reward": 0.0,
      "team1_centroid": [
        -0.03437101095914841,
        0.11613577604293823
      ],
      "team1_step_reward": 0.0,
      "winner": null
    },
    {
      "ball_pos": [
        0.030662529170513153,
        -5.3137030601501465
      ],
      "reward_shaping": null,
      "score": null,
      "step": 9,
      "team0_centroid": [
        3.110266387462616,
        -0.6402688026428223
      ],
      "team0_step_reward": 0.0,
      "team1_centroid": [
        0.23269270360469818,
        0.01524287462234497
      ],
      "team1_step_reward": 0.0,
      "winner": null
    },
    {
      "ball_pos": [
        0.21655188500881195,
        -3.5192556381225586
      ],
      "reward_shaping": null,
      "score": null,
      "step": 10,
      "team0_centroid": [
        3.6904162168502808,
        -1.030365139245987
      ],
      "team0_step_reward": 0.0,
      "team1_centroid": [
        0.06594324856996536,
        -0.12353569269180298
      ],
      "team1_step_reward": 0.0,
      "winner": null
    },
    {
      "ball_pos": [
        0.3504670560359955,
        -3.3732051849365234
      ],
      "reward_shaping": null,
      "score": null,
      "step": 11,
      "team0_centroid": [
        4.104860186576843,
        -1.4529944062232971
      ],
      "team0_step_reward": 0.0,
      "team1_centroid": [
        -0.15310531854629517,
        -0.2603874206542969
      ],
      "team1_step_reward": 0.0,
      "winner": null
    },
    {
      "ball_pos": [
        0.4652743339538574,
        -5.1895365715026855
      ],
      "reward_shaping": null,
      "score": null,
      "step": 12,
      "team0_centroid": [
        4.242651104927063,
        -1.9618428349494934
      ],
      "team0_step_reward": 0.0,
      "team1_centroid": [
        -0.5041414797306061,
        -0.3406432271003723
      ],
      "team1_step_reward": 0.0,
      "winner": null
    },
    {
      "ball_pos": [
        0.5747811794281006,
        -6.781732559204102
      ],
      "reward_shaping": null,
      "score": null,
      "step": 13,
      "team0_centroid": [
        4.376728773117065,
        -2.470667064189911
      ],
      "team0_step_reward": 0.0,
      "team1_centroid": [
        -1.0720213651657104,
        -0.42160189151763916
      ],
      "team1_step_reward": 0.0,
      "winner": null
    },
    {
      "ball_pos": [
        0.6548786759376526,
        -6.199581623077393
      ],
      "reward_shaping": null,
      "score": null,
      "step": 14,
      "team0_centroid": [
        4.496304988861084,
        -2.9377806186676025
      ],
      "team0_step_reward": 0.0,
      "team1_centroid": [
        -1.6001484990119934,
        -0.6355882883071899
      ],
      "team1_step_reward": 0.0,
      "winner": null
    },
    {
      "ball_pos": [
        0.7295795679092407,
        -5.271157741546631
      ],
      "reward_shaping": null,
      "score": null,
      "step": 15,
      "team0_centroid": [
        4.348916172981262,
        -3.388434648513794
      ],
      "team0_step_reward": 0.0,
      "team1_centroid": [
        -2.211219847202301,
        -1.0919510126113892
      ],
      "team1_step_reward": 0.0,
      "winner": null
    },
    {
      "ball_pos": [
        0.7931855320930481,
        -4.480810642242432
      ],
      "reward_shaping": null,
      "score": null,
      "step": 16,
      "team0_centroid": [
        4.064875364303589,
        -3.6901806592941284
      ],
      "team0_step_reward": 0.0,
      "team1_centroid": [
        -2.7510958313941956,
        -1.6808746457099915
      ],
      "team1_step_reward": 0.0,
      "winner": null
    },
    {
      "ball_pos": [
        0.846747100353241,
        -3.815272569656372
      ],
      "reward_shaping": null,
      "score": null,
      "step": 17,
      "team0_centroid": [
        3.82157301902771,
        -3.865471124649048
      ],
      "team0_step_reward": 0.0,