{
  "classification": {
    "labels": [
      "win"
    ],
    "primary_label": "win"
  },
  "cumulative_team0_reward": 1.9711999893188477,
  "cumulative_team1_reward": -2.0,
  "episode_index": 122,
  "final_score": null,
  "final_team0_step_reward": 1.9711999893188477,
  "final_team1_step_reward": -2.0,
  "final_winner": null,
  "metrics": {
    "mean_ball_x": 7.987204678853353,
    "tail_mean_ball_x": 7.987204678853353,
    "team0_possession_ratio": null,
    "team0_progress_toward_goal": 0.0,
    "team0_shaping_reward_sum": 0.0,
    "team1_possession_ratio": null,
    "team1_progress_toward_goal": 0.0,
    "team1_shaping_reward_sum": 0.0
  },
  "outcome": "team0_win",
  "sampled_trace": [
    {
      "ball_pos": [
        2.2610278129577637,
        -1.676774024963379
      ],
      "reward_shaping": null,
      "score": null,
      "step": 0,
      "team0_centroid": [
        -6.906914949417114,
        0.0028812289237976074
      ],
      "team0_step_reward": 0.0,
      "team1_centroid": [
        10.328152656555176,
        -0.015132129192352295
      ],
      "team1_step_reward": 0.0,
      "winner": null
    },
    {
      "ball_pos": [
        11.293489456176758,
        -2.1763665676116943
      ],
      "reward_shaping": null,
      "score": null,
      "step": 10,
      "team0_centroid": [
        4.6590657234191895,
        -4.284988164901733
      ],
      "team0_step_reward": 0.0,
      "team1_centroid": [
        4.193318128585815,
        -1.0628868788480759
      ],
      "team1_step_reward": 0.0,
      "winner": null
    }
  ],
  "steps": 15,
  "tail_trace": [
    {
      "ball_pos": [
        2.2610278129577637,
        -1.676774024963379
      ],
      "reward_shaping": null,
      "score": null,
      "step": 0,
      "team0_centroid": [
        -6.906914949417114,
        0.0028812289237976074
      ],
      "team0_step_reward": 0.0,
      "team1_centroid": [
        10.328152656555176,
        -0.015132129192352295
      ],
      "team1_step_reward": 0.0,
      "winner": null
    },
    {
      "ball_pos": [
        2.2610278129577637,
        -1.676774024963379
      ],
      "reward_shaping": null,
      "score": null,
      "step": 1,
      "team0_centroid": [
        -6.077078819274902,
        -0.040139853954315186
      ],
      "team0_step_reward": 0.0,
      "team1_centroid": [
        9.692721366882324,
        -0.12661117315292358
      ],
      "team1_step_reward": 0.0,
      "winner": null
    },
    {
      "ball_pos": [
        2.2610278129577637,
        -1.676774024963379
      ],
      "reward_shaping": null,
      "score": null,
      "step": 2,
      "team0_centroid": [
        -4.945389986038208,
        -0.18102359771728516
      ],
      "team0_step_reward": 0.0,
      "team1_centroid": [
        9.003869533538818,
        -0.27208006381988525
      ],
      "team1_step_reward": 0.0,
      "winner": null
    },
    {
      "ball_pos": [
        2.2610278129577637,
        -1.676774024963379
      ],
      "reward_shaping": null,
      "score": null,
      "step": 3,
      "team0_centroid": [
        -3.48002552986145,
        -0.3963582515716553
      ],
      "team0_step_reward": 0.0,
      "team1_centroid": [
        8.075066089630127,
        -0.3706970810890198
      ],
      "team1_step_reward": 0.0,
      "winner": null
    },
    {
      "ball_pos": [
        2.2610278129577637,
        -1.676774024963379
      ],
      "reward_shaping": null,
      "score": null,
      "step": 4,
      "team0_centroid": [
        -1.632223665714264,
        -0.748671680688858
      ],
      "team0_step_reward": 0.0,
      "team1_centroid": [
        7.188218832015991,
        -0.30025431513786316
      ],
      "team1_step_reward": 0.0,
      "winner": null
    },
    {
      "ball_pos": [
        2.2610278129577637,
        -1.676774024963379
      ],
      "reward_shaping": null,
      "score": null,
      "step": 5,
      "team0_centroid": [
        0.47898100316524506,
        -1.2176724076271057
      ],
      "team0_step_reward": 0.0,
      "team1_centroid": [
        6.299023151397705,
        -0.255612850189209
      ],
      "team1_step_reward": 0.0,
      "winner": null
    },
    {
      "ball_pos": [
        4.902132034301758,
        -2.8866798877716064
      ],
      "reward_shaping": null,
      "score": null,
      "step": 6,
      "team0_centroid": [
        2.1886484622955322,
        -1.8906091451644897
      ],
      "team0_step_reward": 0.0,
      "team1_centroid": [
        5.539972901344299,
        -0.276170015335083
      ],
      "team1_step_reward": 0.0,
      "winner": null
    },
    {
      "ball_pos": [
        9.232054710388184,
        -4.06165885925293
      ],
      "reward_shaping": null,
      "score": null,
      "step": 7,
      "team0_centroid": [
        2.68280428647995,
        -2.726602017879486
      ],
      "team0_step_reward": 0.0,
      "team1_centroid": [
        5.445856213569641,
        -0.4292869307100773
      ],
      "team1_step_reward": 0.0,
      "winner": null
    },
    {
      "ball_pos": [
        13.098630905151367,
        -5.1109442710876465
      ],
      "reward_shaping": null,
      "score": null,
      "step": 8,
      "team0_centroid": [
        3.22525954246521,
        -3.4743008613586426
      ],
      "team0_step_reward": 0.0,
      "team1_centroid": [
        5.046120345592499,
        -0.7563522458076477
      ],
      "team1_step_reward": 0.0,
      "winner": null
    },
    {
      "ball_pos": [
        12.96372127532959,
        -4.104876518249512
      ],
      "reward_shaping": null,
      "score": null,
      "step": 9,
      "team0_centroid": [
        3.9732213020324707,
        -4.037184119224548
      ],
      "team0_step_reward": 0.0,
      "team1_centroid": [
        4.586805820465088,
        -1.0031654834747314
      ],
      "team1_step_reward": 0.0,
      "winner": null
    },
    {
      "ball_pos": [
        11.293489456176758,
        -2.1763665676116943
      ],
      "reward_shaping": null,
      "score": null,
      "step": 10,
      "team0_centroid": [
        4.6590657234191895,
        -4.284988164901733
      ],
      "team0_step_reward": 0.0,
      "team1_centroid": [
        4.193318128585815,
        -1.0628868788480759
      ],
      "team1_step_reward": 0.0,
      "winner": null
    },
    {
      "ball_pos": [
        10.41998291015625,
        -0.6494649052619934
      ],
      "reward_shaping": null,
      "score": null,
      "step": 11,
      "team0_centroid": [
        4.903245687484741,
        -4.291250109672546
      ],
      "team0_step_reward": 0.0,
      "team1_centroid": [
        3.9518020153045654,
        -1.1773236691951752
      ],
      "team1_step_reward": 0.0,
      "winner": null
    },
    {
      "ball_pos": [
        13.078211784362793,
        -0.07544177025556564
      ],
      "reward_shaping": null,
      "score": null,
      "step": 12,
      "team0_centroid": [
        4.668854594230652,
        -4.292444586753845
      ],
      "team0_step_reward": 0.0,
      "team1_centroid": [
        3.806359112262726,
        -1.2828527688980103
      ],
      "team1_step_reward": 0.0,
      "winner": null
    },
    {
      "ball_pos": [
        15.433035850524902,
        0.43343573808670044
      ],
      "reward_shaping": null,
      "score": null,
      "step": 13,
      "team0_centroid": [
        4.091057538986206,
        -4.253124475479126
      ],
      "team0_step_reward": 0.0,
      "team1_centroid": [
        3.9916235208511353,
        -1.2784912139177322
      ],
      "team1_step_reward": 0.0,
      "winner": null
    },
    {
      "ball_pos": [
        15.82064437866211,
        0.51743483543396
      ],
      "reward_shaping": null,
      "score": null,
      "step": 14,
      "team0_centroid": [
        3.9632903337478638,
        -4.234502911567688
      ],
      "team0_step_reward": 1.9711999893188477,