{
  "classification": {
    "labels": [
      "unclear_loss"
    ],
    "primary_label": "unclear_loss"
  },
  "cumulative_team0_reward": -2.0,
  "cumulative_team1_reward": 1.9271999597549438,
  "episode_index": 429,
  "final_score": null,
  "final_team0_step_reward": -2.0,
  "final_team1_step_reward": 1.9271999597549438,
  "final_winner": null,
  "metrics": {
    "mean_ball_x": 9.737979109222824,
    "tail_mean_ball_x": 11.429717842737833,
    "team0_possession_ratio": null,
    "team0_progress_toward_goal": 0.0,
    "team0_shaping_reward_sum": 0.0,
    "team1_possession_ratio": null,
    "team1_progress_toward_goal": 0.0,
    "team1_shaping_reward_sum": 0.0
  },
  "outcome": "team1_win",
  "sampled_trace": [
    {
      "ball_pos": [
        -0.831202507019043,
        0.8636826276779175
      ],
      "reward_shaping": null,
      "score": null,
      "step": 0,
      "team0_centroid": [
        8.90693998336792,
        0.0
      ],
      "team0_step_reward": 0.0,
      "team1_centroid": [
        -4.142989158630371,
        -0.017841219902038574
      ],
      "team1_step_reward": 0.0,
      "winner": null
    },
    {
      "ball_pos": [
        13.219558715820312,
        3.923396110534668
      ],
      "reward_shaping": null,
      "score": null,
      "step": 10,
      "team0_centroid": [
        8.09403133392334,
        -0.03368478640913963
      ],
      "team0_step_reward": 0.0,
      "team1_centroid": [
        2.7743860483169556,
        0.17993849515914917
      ],
      "team1_step_reward": 0.0,
      "winner": null
    },
    {
      "ball_pos": [
        9.471209526062012,
        6.1029534339904785
      ],
      "reward_shaping": null,
      "score": null,
      "step": 20,
      "team0_centroid": [
        8.753214597702026,
        4.663790702819824
      ],
      "team0_step_reward": 0.0,
      "team1_centroid": [
        7.695700407028198,
        3.6427345275878906
      ],
      "team1_step_reward": 0.0,
      "winner": null
    },
    {
      "ball_pos": [
        11.759228706359863,
        -1.3756481409072876
      ],
      "reward_shaping": null,
      "score": null,
      "step": 30,
      "team0_centroid": [
        9.55176329612732,
        6.640788555145264
      ],
      "team0_step_reward": 0.0,
      "team1_centroid": [
        11.185851573944092,
        2.693909354507923
      ],
      "team1_step_reward": 0.0,
      "winner": null
    }
  ],
  "steps": 37,
  "tail_trace": [
    {
      "ball_pos": [
        9.546965599060059,
        2.739182949066162
      ],
      "reward_shaping": null,
      "score": null,
      "step": 7,
      "team0_centroid": [
        6.97011536359787,
        -0.746317595243454
      ],
      "team0_step_reward": 0.0,
      "team1_centroid": [
        1.2760467231273651,
        0.29021021723747253
      ],
      "team1_step_reward": 0.0,
      "winner": null
    },
    {
      "ball_pos": [
        10.946493148803711,
        3.1904549598693848
      ],
      "reward_shaping": null,
      "score": null,
      "step": 8,
      "team0_centroid": [
        7.552276253700256,
        -0.6602639555931091
      ],
      "team0_step_reward": 0.0,
      "team1_centroid": [
        2.045957922935486,
        0.20849664509296417
      ],
      "team1_step_reward": 0.0,
      "winner": null
    },
    {
      "ball_pos": [
        12.16489028930664,
        3.583322286605835
      ],
      "reward_shaping": null,
      "score": null,
      "step": 9,
      "team0_centroid": [
        7.945286989212036,
        -0.37097446620464325
      ],
      "team0_step_reward": 0.0,
      "team1_centroid": [
        2.5764963626861572,
        0.1125078797340393
      ],
      "team1_step_reward": 0.0,
      "winner": null
    },
    {
      "ball_pos": [
        13.219558715820312,
        3.923396110534668
      ],
      "reward_shaping": null,
      "score": null,
      "step": 10,
      "team0_centroid": [
        8.09403133392334,
        -0.03368478640913963
      ],
      "team0_step_reward": 0.0,
      "team1_centroid": [
        2.7743860483169556,
        0.17993849515914917
      ],
      "team1_step_reward": 0.0,
      "winner": null
    },
    {
      "ball_pos": [
        14.126230239868164,
        4.2157487869262695
      ],
      "reward_shaping": null,
      "score": null,
      "step": 11,
      "team0_centroid": [
        8.124929070472717,
        0.41316939890384674
      ],
      "team0_step_reward": 0.0,
      "team1_centroid": [
        2.9232605695724487,
        0.4169110059738159
      ],
      "team1_step_reward": 0.0,
      "winner": null
    },
    {
      "ball_pos": [
        14.634325981140137,
        4.347367763519287
      ],
      "reward_shaping": null,
      "score": null,
      "step": 12,
      "team0_centroid": [
        8.313461780548096,
        0.7311574071645737
      ],
      "team0_step_reward": 0.0,
      "team1_centroid": [
        3.3142560720443726,
        0.8948918581008911
      ],
      "team1_step_reward": 0.0,
      "winner": null
    },
    {
      "ball_pos": [
        14.24145793914795,
        4.034956932067871
      ],
      "reward_shaping": null,
      "score": null,
      "step": 13,
      "team0_centroid": [
        8.653800249099731,
        1.0322986096143723
      ],
      "team0_step_reward": 0.0,
      "team1_centroid": [
        3.7948607206344604,
        1.3987930119037628
      ],
      "team1_step_reward": 0.0,
      "winner": null
    },
    {
      "ball_pos": [
        13.927468299865723,
        3.7799878120422363
      ],
      "reward_shaping": null,
      "score": null,
      "step": 14,
      "team0_centroid": [
        9.207738876342773,
        1.292525202035904
      ],
      "team0_step_reward": 0.0,
      "team1_centroid": [
        4.214717626571655,
        1.648075208067894
      ],
      "team1_step_reward": 0.0,
      "winner": null
    },
    {
      "ball_pos": [
        13.587930679321289,
        3.974541425704956
      ],
      "reward_shaping": null,
      "score": null,
      "step": 15,
      "team0_centroid": [
        9.832600831985474,
        1.5835771560668945
      ],
      "team0_step_reward": 0.0,
      "team1_centroid": [
        4.545374751091003,
        1.6379518955945969
      ],
      "team1_step_reward": 0.0,
      "winner": null
    },
    {
      "ball_pos": [
        13.239712715148926,
        4.66478967666626
      ],
      "reward_shaping": null,
      "score": null,
      "step": 16,
      "team0_centroid": [
        10.094699621200562,
        1.947199434041977
      ],
      "team0_step_reward": 0.0,
      "team1_centroid": [
        5.036352634429932,
        1.7827618420124054
      ],
      "team1_step_reward": 0.0,
      "winner": null
    },
    {
      "ball_pos": [
        12.946603775024414,
        5.244726657867432
      ],
      "reward_shaping": null,
      "score": null,
      "step": 17,
      "team0_centroid": [
        9.94776463508606,
        2.4572761058807373
      ],
      "team0_step_reward": 0.0,
      "team1_centroid": [
        5.602251052856445,
        2.015468180179596
      ],
      "team1_step_reward": 0.0,
      "winner": null
    },
    {
      "ball_pos": [
        12.703771591186523,
        5.725183010101318
      ],
      "reward_shaping": null,
      "score": null,
      "step": 18,
      "team0_centroid": [
        9.492722272872925,
        3.123482882976532
      ],
      "team0_step_reward": 0.0,
      "team1_centroid": [
        6.291210293769836,
        2.3750123269855976
      ],
      "team1_step_reward": 0.0,
      "winner": null
    },
    {
      "ball_pos": [
        10.527607917785645,
        7.093402862548828
      ],
      "reward_shaping": null,
      "score": null,
      "step": 19,
      "team0_centroid": [
        9.088637828826904,
        3.836827874183655
      ],
      "team0_step_reward": 0.0,
      "team1_centroid": [
        7.160290241241455,
        2.9850619733333588
      ],
      "team1_step_reward": 0.0,