{
  "classification": {
    "labels": [
      "late_defensive_collapse",
      "territory_loss"
    ],
    "primary_label": "late_defensive_collapse"
  },
  "cumulative_team0_reward": -2.0,
  "cumulative_team1_reward": 1.8803999423980713,
  "episode_index": 70,
  "final_score": null,
  "final_team0_step_reward": -2.0,
  "final_team1_step_reward": 1.8803999423980713,
  "final_winner": null,
  "metrics": {
    "mean_ball_x": -11.035748671988646,
    "tail_mean_ball_x": -13.945541032155354,
    "team0_possession_ratio": null,
    "team0_progress_toward_goal": 0.0,
    "team0_shaping_reward_sum": 0.0,
    "team1_possession_ratio": null,
    "team1_progress_toward_goal": 0.0,
    "team1_shaping_reward_sum": 0.0
  },
  "outcome": "team1_win",
  "sampled_trace": [
    {
      "ball_pos": [
        0.8096903562545776,
        1.1288630962371826
      ],
      "reward_shaping": null,
      "score": null,
      "step": 0,
      "team0_centroid": [
        -5.44997251033783,
        -0.048657894134521484
      ],
      "team0_step_reward": 0.0,
      "team1_centroid": [
        8.121848344802856,
        0.0598750114440918
      ],
      "team1_step_reward": 0.0,
      "winner": null
    },
    {
      "ball_pos": [
        -7.518927574157715,
        2.834109306335449
      ],
      "reward_shaping": null,
      "score": null,
      "step": 10,
      "team0_centroid": [
        1.9142118096351624,
        -1.6254600435495377
      ],
      "team0_step_reward": 0.0,
      "team1_centroid": [
        4.380432963371277,
        1.6324138939380646
      ],
      "team1_step_reward": 0.0,
      "winner": null
    },
    {
      "ball_pos": [
        -12.396733283996582,
        3.0234804153442383
      ],
      "reward_shaping": null,
      "score": null,
      "step": 20,
      "team0_centroid": [
        1.7789466977119446,
        0.05017852783203125
      ],
      "team0_step_reward": 0.0,
      "team1_centroid": [
        -0.42650213837623596,
        5.214466094970703
      ],
      "team1_step_reward": 0.0,
      "winner": null
    },
    {
      "ball_pos": [
        -13.472990989685059,
        1.009237289428711
      ],
      "reward_shaping": null,
      "score": null,
      "step": 30,
      "team0_centroid": [
        0.45027685165405273,
        -0.41816794872283936
      ],
      "team0_step_reward": 0.0,
      "team1_centroid": [
        -4.192219853401184,
        5.426678419113159
      ],
      "team1_step_reward": 0.0,
      "winner": null
    },
    {
      "ball_pos": [
        -13.86486530303955,
        0.27583521604537964
      ],
      "reward_shaping": null,
      "score": null,
      "step": 40,
      "team0_centroid": [
        1.642372727394104,
        -0.6902961134910583
      ],
      "team0_step_reward": 0.0,
      "team1_centroid": [
        -9.113335847854614,
        1.9876318573951721
      ],
      "team1_step_reward": 0.0,
      "winner": null
    },
    {
      "ball_pos": [
        -14.007575988769531,
        0.008752002380788326
      ],
      "reward_shaping": null,
      "score": null,
      "step": 50,
      "team0_centroid": [
        1.1818369626998901,
        -0.9160289168357849
      ],
      "team0_step_reward": 0.0,
      "team1_centroid": [
        -8.901117324829102,
        -1.6214031726121902
      ],
      "team1_step_reward": 0.0,
      "winner": null
    }
  ],
  "steps": 60,
  "tail_trace": [
    {
      "ball_pos": [
        -13.472990989685059,
        1.009237289428711
      ],
      "reward_shaping": null,
      "score": null,
      "step": 30,
      "team0_centroid": [
        0.45027685165405273,
        -0.41816794872283936
      ],
      "team0_step_reward": 0.0,
      "team1_centroid": [
        -4.192219853401184,
        5.426678419113159
      ],
      "team1_step_reward": 0.0,
      "winner": null
    },
    {
      "ball_pos": [
        -13.532206535339355,
        0.8984142541885376
      ],
      "reward_shaping": null,
      "score": null,
      "step": 31,
      "team0_centroid": [
        0.5004138946533203,
        -0.4791419506072998
      ],
      "team0_step_reward": 0.0,
      "team1_centroid": [
        -4.501478135585785,
        5.355994701385498
      ],
      "team1_step_reward": 0.0,
      "winner": null
    },
    {
      "ball_pos": [
        -13.585732460021973,
        0.79823899269104
      ],
      "reward_shaping": null,
      "score": null,
      "step": 32,
      "team0_centroid": [
        0.8568332195281982,
        -0.6364536285400391
      ],
      "team0_step_reward": 0.0,
      "team1_centroid": [
        -4.796506762504578,
        5.355768918991089
      ],
      "team1_step_reward": 0.0,
      "winner": null
    },
    {
      "ball_pos": [
        -13.634117126464844,
        0.7076884508132935
      ],
      "reward_shaping": null,
      "score": null,
      "step": 33,
      "team0_centroid": [
        1.076625108718872,
        -0.8347992897033691
      ],
      "team0_step_reward": 0.0,
      "team1_centroid": [
        -5.33499139547348,
        5.391297340393066
      ],
      "team1_step_reward": 0.0,
      "winner": null
    },
    {
      "ball_pos": [
        -13.677851676940918,
        0.6258379817008972
      ],
      "reward_shaping": null,
      "score": null,
      "step": 34,
      "team0_centroid": [
        0.9234633445739746,
        -1.2365371584892273
      ],
      "team0_step_reward": 0.0,
      "team1_centroid": [
        -6.095265626907349,
        5.292572259902954
      ],
      "team1_step_reward": 0.0,
      "winner": null
    },
    {
      "ball_pos": [
        -13.71738338470459,
        0.5518515706062317
      ],
      "reward_shaping": null,
      "score": null,
      "step": 35,
      "team0_centroid": [
        0.9014649391174316,
        -1.561805635690689
      ],
      "team0_step_reward": 0.0,
      "team1_centroid": [
        -6.689777612686157,
        5.010753631591797
      ],
      "team1_step_reward": 0.0,
      "winner": null
    },
    {
      "ball_pos": [
        -13.753117561340332,
        0.4849737584590912
      ],
      "reward_shaping": null,
      "score": null,
      "step": 36,
      "team0_centroid": [
        1.0416014194488525,
        -1.7042678594589233
      ],
      "team0_step_reward": 0.0,
      "team1_centroid": [
        -7.262534141540527,
        4.512761354446411
      ],
      "team1_step_reward": 0.0,
      "winner": null
    },
    {
      "ball_pos": [
        -13.785417556762695,
        0.42452144622802734
      ],
      "reward_shaping": null,
      "score": null,
      "step": 37,
      "team0_centroid": [
        1.1960915327072144,
        -1.7769750356674194
      ],
      "team0_step_reward": 0.0,
      "team1_centroid": [
        -7.718601942062378,
        3.8930972814559937
      ],
      "team1_step_reward": 0.0,
      "winner": null
    },
    {
      "ball_pos": [
        -13.814615249633789,
        0.3698773682117462
      ],
      "reward_shaping": null,
      "score": null,
      "step": 38,
      "team0_centroid": [
        1.4714165925979614,
        -1.5748475193977356
      ],
      "team0_step_reward": 0.0,
      "team1_centroid": [
        -8.205808401107788,
        3.2417091131210327
      ],
      "team1_step_reward": 0.0,
      "winner": null
    },
    {
      "ball_pos": [
        -13.841009140014648,
        0.32048341631889343
      ],
      "reward_shaping": null,
      "score": null,
      "step": 39,
      "team0_centroid": [
        1.657921552658081,
        -1.1654072403907776
      ],
      "team0_step_reward": 0.0,
      "team1_centroid": [
        -8.629382610321045,
        2.6298105716705322
      ],
      "team1_step_reward": 0.0,
      "winner": null
    },
    {
      "ball_pos": [
        -13.86486530303955,
        0.27583521604537964
      ],
      "reward_shaping": null,
      "score": null,
      "step": 40,
      "team0_centroid": [
        1.642372727394104,
        -0.6902961134910583
      ],