{
  "classification": {
    "labels": [
      "late_defensive_collapse",
      "territory_loss"
    ],
    "primary_label": "late_defensive_collapse"
  },
  "cumulative_team0_reward": -2.0,
  "cumulative_team1_reward": 1.9764000177383423,
  "episode_index": 130,
  "final_score": null,
  "final_team0_step_reward": -2.0,
  "final_team1_step_reward": 1.9764000177383423,
  "final_winner": null,
  "metrics": {
    "mean_ball_x": -7.874428947766622,
    "tail_mean_ball_x": -7.874428947766622,
    "team0_possession_ratio": null,
    "team0_progress_toward_goal": 0.0,
    "team0_shaping_reward_sum": 0.0,
    "team1_possession_ratio": null,
    "team1_progress_toward_goal": 0.0,
    "team1_shaping_reward_sum": 0.0
  },
  "outcome": "team1_win",
  "sampled_trace": [
    {
      "ball_pos": [
        -0.7089552879333496,
        -0.16388674080371857
      ],
      "reward_shaping": null,
      "score": null,
      "step": 0,
      "team0_centroid": [
        -9.738966464996338,
        -0.046054959297180176
      ],
      "team0_step_reward": 0.0,
      "team1_centroid": [
        7.663254976272583,
        -0.0744544267654419
      ],
      "team1_step_reward": 0.0,
      "winner": null
    },
    {
      "ball_pos": [
        -14.934676170349121,
        -3.3239142894744873
      ],
      "reward_shaping": null,
      "score": null,
      "step": 10,
      "team0_centroid": [
        -7.4076855182647705,
        -0.5485751628875732
      ],
      "team0_step_reward": 0.0,
      "team1_centroid": [
        0.3261730670928955,
        -5.728664398193359
      ],
      "team1_step_reward": 0.0,
      "winner": null
    }
  ],
  "steps": 12,
  "tail_trace": [
    {
      "ball_pos": [
        -0.7089552879333496,
        -0.16388674080371857
      ],
      "reward_shaping": null,
      "score": null,
      "step": 0,
      "team0_centroid": [
        -9.738966464996338,
        -0.046054959297180176
      ],
      "team0_step_reward": 0.0,
      "team1_centroid": [
        7.663254976272583,
        -0.0744544267654419
      ],
      "team1_step_reward": 0.0,
      "winner": null
    },
    {
      "ball_pos": [
        -0.7089552879333496,
        -0.16388674080371857
      ],
      "reward_shaping": null,
      "score": null,
      "step": 1,
      "team0_centroid": [
        -9.416731357574463,
        -0.09738719463348389
      ],
      "team0_step_reward": 0.0,
      "team1_centroid": [
        7.030773997306824,
        -0.2988264560699463
      ],
      "team1_step_reward": 0.0,
      "winner": null
    },
    {
      "ball_pos": [
        -0.7089552879333496,
        -0.16388674080371857
      ],
      "reward_shaping": null,
      "score": null,
      "step": 2,
      "team0_centroid": [
        -9.194958925247192,
        0.009776771068572998
      ],
      "team0_step_reward": 0.0,
      "team1_centroid": [
        6.149342179298401,
        -0.6808878183364868
      ],
      "team1_step_reward": 0.0,
      "winner": null
    },
    {
      "ball_pos": [
        -0.7089552879333496,
        -0.16388674080371857
      ],
      "reward_shaping": null,
      "score": null,
      "step": 3,
      "team0_centroid": [
        -8.799770832061768,
        0.1400219202041626
      ],
      "team0_step_reward": 0.0,
      "team1_centroid": [
        5.071411639451981,
        -1.1505072861909866
      ],
      "team1_step_reward": 0.0,
      "winner": null
    },
    {
      "ball_pos": [
        -4.233675956726074,
        -2.3358347415924072
      ],
      "reward_shaping": null,
      "score": null,
      "step": 4,
      "team0_centroid": [
        -8.395959615707397,
        0.127932608127594
      ],
      "team0_step_reward": 0.0,
      "team1_centroid": [
        3.9579291343688965,
        -1.687170721590519
      ],
      "team1_step_reward": 0.0,
      "winner": null
    },
    {
      "ball_pos": [
        -7.454845905303955,
        -4.499798774719238
      ],
      "reward_shaping": null,
      "score": null,
      "step": 5,
      "team0_centroid": [
        -8.138248205184937,
        -0.005394279956817627
      ],
      "team0_step_reward": 0.0,
      "team1_centroid": [
        2.982835292816162,
        -2.30502450466156
      ],
      "team1_step_reward": 0.0,
      "winner": null
    },
    {
      "ball_pos": [
        -10.325822830200195,
        -6.428518772125244
      ],
      "reward_shaping": null,
      "score": null,
      "step": 6,
      "team0_centroid": [
        -7.959378480911255,
        -0.139116108417511
      ],
      "team0_step_reward": 0.0,
      "team1_centroid": [
        2.242260217666626,
        -2.97072833776474
      ],
      "team1_step_reward": 0.0,
      "winner": null
    },
    {
      "ball_pos": [
        -12.112215995788574,
        -6.361032009124756
      ],
      "reward_shaping": null,
      "score": null,
      "step": 7,
      "team0_centroid": [
        -7.833809852600098,
        -0.24087142944335938
      ],
      "team0_step_reward": 0.0,
      "team1_centroid": [
        1.6618125438690186,
        -3.6747655868530273
      ],
      "team1_step_reward": 0.0,
      "winner": null
    },
    {
      "ball_pos": [
        -13.185028076171875,
        -5.206428527832031
      ],
      "reward_shaping": null,
      "score": null,
      "step": 8,
      "team0_centroid": [
        -7.230830907821655,
        -0.29140669107437134
      ],
      "team0_step_reward": 0.0,
      "team1_centroid": [
        1.1910099983215332,
        -4.401331543922424
      ],
      "team1_step_reward": 0.0,
      "winner": null
    },
    {
      "ball_pos": [
        -14.121530532836914,
        -4.198808193206787
      ],
      "reward_shaping": null,
      "score": null,
      "step": 9,
      "team0_centroid": [
        -6.999446868896484,
        -0.40445083379745483
      ],
      "team0_step_reward": 0.0,
      "team1_centroid": [
        0.8202452659606934,
        -5.145422577857971
      ],
      "team1_step_reward": 0.0,
      "winner": null
    },
    {
      "ball_pos": [
        -14.934676170349121,
        -3.3239142894744873
      ],
      "reward_shaping": null,
      "score": null,
      "step": 10,
      "team0_centroid": [
        -7.4076855182647705,
        -0.5485751628875732
      ],
      "team0_step_reward": 0.0,
      "team1_centroid": [
        0.3261730670928955,
        -5.728664398193359
      ],
      "team1_step_reward": 0.0,
      "winner": null
    },
    {
      "ball_pos": [
        -15.289530754089355,
        -2.8713936805725098
      ],
      "reward_shaping": null,
      "score": null,
      "step": 11,
      "team0_centroid": [
        -7.717102527618408,
        -0.5809451341629028
      ],
      "team0_step_reward": -2.0,
      "team1_centroid": [
        0.04481840133666992,
        -5.895021438598633
      ],
      "team1_step_reward": 1.9764000177383423,
      "winner": null
    }
  ],
  "team0_module": "ceia_baseline_agent",
  "team1_module": "ceia_baseline_agent"
}