{
  "classification": {
    "labels": [
      "win"
    ],
    "primary_label": "win"
  },
  "cumulative_team0_reward": 1.9423999786376953,
  "cumulative_team1_reward": -2.0,
  "episode_index": 210,
  "final_score": null,
  "final_team0_step_reward": 1.9423999786376953,
  "final_team1_step_reward": -2.0,
  "final_winner": null,
  "metrics": {
    "mean_ball_x": 9.727699361998459,
    "tail_mean_ball_x": 9.727699361998459,
    "team0_possession_ratio": null,
    "team0_progress_toward_goal": 0.0,
    "team0_shaping_reward_sum": 0.0,
    "team1_possession_ratio": null,
    "team1_progress_toward_goal": 0.0,
    "team1_shaping_reward_sum": 0.0
  },
  "outcome": "team0_win",
  "sampled_trace": [
    {
      "ball_pos": [
        -2.3297576904296875,
        -1.6068315505981445
      ],
      "reward_shaping": null,
      "score": null,
      "step": 0,
      "team0_centroid": [
        -4.113197565078735,
        -0.06304216384887695
      ],
      "team0_step_reward": 0.0,
      "team1_centroid": [
        5.418630123138428,
        0.017332911491394043
      ],
      "team1_step_reward": 0.0,
      "winner": null
    },
    {
      "ball_pos": [
        10.053028106689453,
        -4.7233734130859375
      ],
      "reward_shaping": null,
      "score": null,
      "step": 10,
      "team0_centroid": [
        -2.2131916284561157,
        -0.8467843532562256
      ],
      "team0_step_reward": 0.0,
      "team1_centroid": [
        3.822761118412018,
        0.22629529237747192
      ],
      "team1_step_reward": 0.0,
      "winner": null
    },
    {
      "ball_pos": [
        12.677225112915039,
        -2.839768648147583
      ],
      "reward_shaping": null,
      "score": null,
      "step": 20,
      "team0_centroid": [
        -2.593385934829712,
        -0.4142584204673767
      ],
      "team0_step_reward": 0.0,
      "team1_centroid": [
        2.775746762752533,
        1.5268262028694153
      ],
      "team1_step_reward": 0.0,
      "winner": null
    }
  ],
  "steps": 29,
  "tail_trace": [
    {
      "ball_pos": [
        -2.3297576904296875,
        -1.6068315505981445
      ],
      "reward_shaping": null,
      "score": null,
      "step": 0,
      "team0_centroid": [
        -4.113197565078735,
        -0.06304216384887695
      ],
      "team0_step_reward": 0.0,
      "team1_centroid": [
        5.418630123138428,
        0.017332911491394043
      ],
      "team1_step_reward": 0.0,
      "winner": null
    },
    {
      "ball_pos": [
        -1.4441884756088257,
        -2.0185766220092773
      ],
      "reward_shaping": null,
      "score": null,
      "step": 1,
      "team0_centroid": [
        -3.5809956789016724,
        -0.19919848442077637
      ],
      "team0_step_reward": 0.0,
      "team1_centroid": [
        4.8412134647369385,
        0.11054360866546631
      ],
      "team1_step_reward": 0.0,
      "winner": null
    },
    {
      "ball_pos": [
        0.9376267194747925,
        -3.4529824256896973
      ],
      "reward_shaping": null,
      "score": null,
      "step": 2,
      "team0_centroid": [
        -3.060472249984741,
        -0.3231300413608551
      ],
      "team0_step_reward": 0.0,
      "team1_centroid": [
        4.224655628204346,
        0.21312791109085083
      ],
      "team1_step_reward": 0.0,
      "winner": null
    },
    {
      "ball_pos": [
        3.048485279083252,
        -4.724461555480957
      ],
      "reward_shaping": null,
      "score": null,
      "step": 3,
      "team0_centroid": [
        -2.663074314594269,
        -0.4187168478965759
      ],
      "team0_step_reward": 0.0,
      "team1_centroid": [
        3.9960403442382812,
        0.47485125064849854
      ],
      "team1_step_reward": 0.0,
      "winner": null
    },
    {
      "ball_pos": [
        4.9145331382751465,
        -5.848480701446533
      ],
      "reward_shaping": null,
      "score": null,
      "step": 4,
      "team0_centroid": [
        -2.391084164381027,
        -0.4919756352901459
      ],
      "team0_step_reward": 0.0,
      "team1_centroid": [
        3.9977664947509766,
        0.6207347810268402
      ],
      "team1_step_reward": 0.0,
      "winner": null
    },
    {
      "ball_pos": [
        6.559292793273926,
        -6.839206218719482
      ],
      "reward_shaping": null,
      "score": null,
      "step": 5,
      "team0_centroid": [
        -2.188433527946472,
        -0.3922376334667206
      ],
      "team0_step_reward": 0.0,
      "team1_centroid": [
        4.2804611921310425,
        0.5706247091293335
      ],
      "team1_step_reward": 0.0,
      "winner": null
    },
    {
      "ball_pos": [
        7.584136962890625,
        -6.49575138092041
      ],
      "reward_shaping": null,
      "score": null,
      "step": 6,
      "team0_centroid": [
        -1.7897440642118454,
        -0.34145382046699524
      ],
      "team0_step_reward": 0.0,
      "team1_centroid": [
        4.40805721282959,
        0.411947637796402
      ],
      "team1_step_reward": 0.0,
      "winner": null
    },
    {
      "ball_pos": [
        8.362460136413574,
        -5.9368367195129395
      ],
      "reward_shaping": null,
      "score": null,
      "step": 7,
      "team0_centroid": [
        -1.5967579185962677,
        -0.4022315740585327
      ],
      "team0_step_reward": 0.0,
      "team1_centroid": [
        4.113966464996338,
        0.13789033889770508
      ],
      "team1_step_reward": 0.0,
      "winner": null
    },
    {
      "ball_pos": [
        9.026275634765625,
        -5.460359573364258
      ],
      "reward_shaping": null,
      "score": null,
      "step": 8,
      "team0_centroid": [
        -1.8265497088432312,
        -0.5256221294403076
      ],
      "team0_step_reward": 0.0,
      "team1_centroid": [
        3.7629736065864563,
        -0.0337563157081604
      ],
      "team1_step_reward": 0.0,
      "winner": null
    },
    {
      "ball_pos": [
        9.586480140686035,
        -5.058253765106201
      ],
      "reward_shaping": null,
      "score": null,
      "step": 9,
      "team0_centroid": [
        -2.0954336524009705,
        -0.6357532739639282
      ],
      "team0_step_reward": 0.0,
      "team1_centroid": [
        3.7431129217147827,
        0.003693222999572754
      ],
      "team1_step_reward": 0.0,
      "winner": null
    },
    {
      "ball_pos": [
        10.053028106689453,
        -4.7233734130859375
      ],
      "reward_shaping": null,
      "score": null,
      "step": 10,
      "team0_centroid": [
        -2.2131916284561157,
        -0.8467843532562256
      ],
      "team0_step_reward": 0.0,
      "team1_centroid": [
        3.822761118412018,
        0.22629529237747192
      ],
      "team1_step_reward": 0.0,
      "winner": null
    },
    {
      "ball_pos": [
        10.451885223388672,
        -4.437079906463623
      ],
      "reward_shaping": null,
      "score": null,
      "step": 11,
      "team0_centroid": [
        -2.5039126873016357,
        -1.1266971230506897
      ],
      "team0_step_reward": 0.0,
      "team1_centroid": [
        3.8329295217990875,
        0.5338291227817535
      ],
      "team1_step_reward": 0.0,
      "winner": null
    },
    {
      "ball_pos": [
        10.812215805053711,
        -4.178441047668457
      ],
      "reward_shaping": null,
      "score": null,
      "step": 12,
      "team0_centroid": [
        -3.0965588092803955,
        -1.4329299330711365
      ],
      "team0_step_reward": 0.0,
      "team1_centroid": [
        3.838760882616043,
        0.7837375998497009
      ],
      "team1_step_reward": 0.0,
      "winner": null
    },
    {
      "ball_pos": [
        11.13771915435791,
        -3.9448001384735107
      ],
      "reward_shaping": null,
      "score": null,
      "step": 13,
      "team0_centroid": [
        -3.86648128926754,
        -1.859625518321991
      ],
      "team0_step_reward": 0.0,