{
  "classification": {
    "labels": [
      "win"
    ],
    "primary_label": "win"
  },
  "cumulative_team0_reward": 1.9759999513626099,
  "cumulative_team1_reward": -2.0,
  "episode_index": 78,
  "final_score": null,
  "final_team0_step_reward": 1.9759999513626099,
  "final_team1_step_reward": -2.0,
  "final_winner": null,
  "metrics": {
    "mean_ball_x": 6.6200569073359175,
    "tail_mean_ball_x": 6.6200569073359175,
    "team0_possession_ratio": null,
    "team0_progress_toward_goal": 0.0,
    "team0_shaping_reward_sum": 0.0,
    "team1_possession_ratio": null,
    "team1_progress_toward_goal": 0.0,
    "team1_shaping_reward_sum": 0.0
  },
  "outcome": "team0_win",
  "sampled_trace": [
    {
      "ball_pos": [
        1.9812440872192383,
        -2.019350528717041
      ],
      "reward_shaping": null,
      "score": null,
      "step": 0,
      "team0_centroid": [
        -7.787980556488037,
        0.0
      ],
      "team0_step_reward": 0.0,
      "team1_centroid": [
        10.726917266845703,
        -0.1114775538444519
      ],
      "team1_step_reward": 0.0,
      "winner": null
    },
    {
      "ball_pos": [
        14.420886039733887,
        1.8929274082183838
      ],
      "reward_shaping": null,
      "score": null,
      "step": 10,
      "team0_centroid": [
        -4.246201202273369,
        0.7324000597000122
      ],
      "team0_step_reward": 0.0,
      "team1_centroid": [
        5.29436182975769,
        -0.9698506072163582
      ],
      "team1_step_reward": 0.0,
      "winner": null
    }
  ],
  "steps": 12,
  "tail_trace": [
    {
      "ball_pos": [
        1.9812440872192383,
        -2.019350528717041
      ],
      "reward_shaping": null,
      "score": null,
      "step": 0,
      "team0_centroid": [
        -7.787980556488037,
        0.0
      ],
      "team0_step_reward": 0.0,
      "team1_centroid": [
        10.726917266845703,
        -0.1114775538444519
      ],
      "team1_step_reward": 0.0,
      "winner": null
    },
    {
      "ball_pos": [
        1.9812440872192383,
        -2.019350528717041
      ],
      "reward_shaping": null,
      "score": null,
      "step": 1,
      "team0_centroid": [
        -7.544555187225342,
        0.08716738224029541
      ],
      "team0_step_reward": 0.0,
      "team1_centroid": [
        10.391611576080322,
        -0.19987207651138306
      ],
      "team1_step_reward": 0.0,
      "winner": null
    },
    {
      "ball_pos": [
        1.9812440872192383,
        -2.019350528717041
      ],
      "reward_shaping": null,
      "score": null,
      "step": 2,
      "team0_centroid": [
        -7.236259460449219,
        0.20288163423538208
      ],
      "team0_step_reward": 0.0,
      "team1_centroid": [
        9.88393497467041,
        -0.2723280191421509
      ],
      "team1_step_reward": 0.0,
      "winner": null
    },
    {
      "ball_pos": [
        1.9812440872192383,
        -2.019350528717041
      ],
      "reward_shaping": null,
      "score": null,
      "step": 3,
      "team0_centroid": [
        -7.0154441595077515,
        0.21523433923721313
      ],
      "team0_step_reward": 0.0,
      "team1_centroid": [
        9.059703588485718,
        -0.2955777049064636
      ],
      "team1_step_reward": 0.0,
      "winner": null
    },
    {
      "ball_pos": [
        1.9812440872192383,
        -2.019350528717041
      ],
      "reward_shaping": null,
      "score": null,
      "step": 4,
      "team0_centroid": [
        -6.345303297042847,
        0.20450156927108765
      ],
      "team0_step_reward": 0.0,
      "team1_centroid": [
        7.799543023109436,
        -0.39916735887527466
      ],
      "team1_step_reward": 0.0,
      "winner": null
    },
    {
      "ball_pos": [
        1.6657838821411133,
        -0.9409125447273254
      ],
      "reward_shaping": null,
      "score": null,
      "step": 5,
      "team0_centroid": [
        -5.379442065954208,
        0.2289961576461792
      ],
      "team0_step_reward": 0.0,
      "team1_centroid": [
        6.664036393165588,
        -0.5431084632873535
      ],
      "team1_step_reward": 0.0,
      "winner": null
    },
    {
      "ball_pos": [
        5.381262302398682,
        2.6199188232421875
      ],
      "reward_shaping": null,
      "score": null,
      "step": 6,
      "team0_centroid": [
        -5.238740414381027,
        0.3017817735671997
      ],
      "team0_step_reward": 0.0,
      "team1_centroid": [
        6.236055314540863,
        -0.645597368478775
      ],
      "team1_step_reward": 0.0,
      "winner": null
    },
    {
      "ball_pos": [
        8.704312324523926,
        5.804754257202148
      ],
      "reward_shaping": null,
      "score": null,
      "step": 7,
      "team0_centroid": [
        -4.937133729457855,
        0.40336793661117554
      ],
      "team0_step_reward": 0.0,
      "team1_centroid": [
        5.84615957736969,
        -0.6979687511920929
      ],
      "team1_step_reward": 0.0,
      "winner": null
    },
    {
      "ball_pos": [
        11.10993766784668,
        5.641741752624512
      ],
      "reward_shaping": null,
      "score": null,
      "step": 8,
      "team0_centroid": [
        -4.7931948602199554,
        0.5766717195510864
      ],
      "team0_step_reward": 0.0,
      "team1_centroid": [
        5.50905442237854,
        -0.8273026049137115
      ],
      "team1_step_reward": 0.0,
      "winner": null
    },
    {
      "ball_pos": [
        12.865962028503418,
        3.653407573699951
      ],
      "reward_shaping": null,
      "score": null,
      "step": 9,
      "team0_centroid": [
        -4.580898202955723,
        0.6836303472518921
      ],
      "team0_step_reward": 0.0,
      "team1_centroid": [
        5.252418041229248,
        -0.9617959558963776
      ],
      "team1_step_reward": 0.0,
      "winner": null
    },
    {
      "ball_pos": [
        14.420886039733887,
        1.8929274082183838
      ],
      "reward_shaping": null,
      "score": null,
      "step": 10,
      "team0_centroid": [
        -4.246201202273369,
        0.7324000597000122
      ],
      "team0_step_reward": 0.0,
      "team1_centroid": [
        5.29436182975769,
        -0.9698506072163582
      ],
      "team1_step_reward": 0.0,
      "winner": null
    },
    {
      "ball_pos": [
        15.38631820678711,
        0.7020593285560608
      ],
      "reward_shaping": null,
      "score": null,
      "step": 11,
      "team0_centroid": [
        -4.014492988586426,
        0.7655678987503052
      ],
      "team0_step_reward": 1.9759999513626099,
      "team1_centroid": [
        5.23622053861618,
        -0.8817947246134281
      ],
      "team1_step_reward": -2.0,
      "winner": null
    }
  ],
  "team0_module": "ceia_baseline_agent",
  "team1_module": "ceia_baseline_agent"
}