{
  "classification": {
    "labels": [
      "unclear_loss"
    ],
    "primary_label": "unclear_loss"
  },
  "cumulative_team0_reward": -2.0,
  "cumulative_team1_reward": 1.9199999570846558,
  "episode_index": 447,
  "final_score": null,
  "final_team0_step_reward": -2.0,
  "final_team1_step_reward": 1.9199999570846558,
  "final_winner": null,
  "metrics": {
    "mean_ball_x": 10.405560064315797,
    "tail_mean_ball_x": 12.623849201202393,
    "team0_possession_ratio": null,
    "team0_progress_toward_goal": 0.0,
    "team0_shaping_reward_sum": 0.0,
    "team1_possession_ratio": null,
    "team1_progress_toward_goal": 0.0,
    "team1_shaping_reward_sum": 0.0
  },
  "outcome": "team1_win",
  "sampled_trace": [
    {
      "ball_pos": [
        -0.11224651336669922,
        0.7830314636230469
      ],
      "reward_shaping": null,
      "score": null,
      "step": 0,
      "team0_centroid": [
        10.82670783996582,
        0.00704038143157959
      ],
      "team0_step_reward": 0.0,
      "team1_centroid": [
        -5.95573091506958,
        0.051126062870025635
      ],
      "team1_step_reward": 0.0,
      "winner": null
    },
    {
      "ball_pos": [
        8.547810554504395,
        -1.2956050634384155
      ],
      "reward_shaping": null,
      "score": null,
      "step": 10,
      "team0_centroid": [
        6.122006416320801,
        -0.24518859386444092
      ],
      "team0_step_reward": 0.0,
      "team1_centroid": [
        5.7162370681762695,
        1.7503944784402847
      ],
      "team1_step_reward": 0.0,
      "winner": null
    },
    {
      "ball_pos": [
        11.313553810119629,
        -6.199487209320068
      ],
      "reward_shaping": null,
      "score": null,
      "step": 20,
      "team0_centroid": [
        11.450641632080078,
        -1.83510160446167
      ],
      "team0_step_reward": 0.0,
      "team1_centroid": [
        5.7890607714653015,
        -5.71917462348938
      ],
      "team1_step_reward": 0.0,
      "winner": null
    },
    {
      "ball_pos": [
        14.457411766052246,
        -3.7680933475494385
      ],
      "reward_shaping": null,
      "score": null,
      "step": 30,
      "team0_centroid": [
        11.648070335388184,
        -1.8021277487277985
      ],
      "team0_step_reward": 0.0,
      "team1_centroid": [
        7.012880325317383,
        -5.58262300491333
      ],
      "team1_step_reward": 0.0,
      "winner": null
    }
  ],
  "steps": 40,
  "tail_trace": [
    {
      "ball_pos": [
        8.547810554504395,
        -1.2956050634384155
      ],
      "reward_shaping": null,
      "score": null,
      "step": 10,
      "team0_centroid": [
        6.122006416320801,
        -0.24518859386444092
      ],
      "team0_step_reward": 0.0,
      "team1_centroid": [
        5.7162370681762695,
        1.7503944784402847
      ],
      "team1_step_reward": 0.0,
      "winner": null
    },
    {
      "ball_pos": [
        9.032483100891113,
        -2.154967784881592
      ],
      "reward_shaping": null,
      "score": null,
      "step": 11,
      "team0_centroid": [
        6.751028299331665,
        -0.09403979778289795
      ],
      "team0_step_reward": 0.0,
      "team1_centroid": [
        6.28851842880249,
        1.2251883000135422
      ],
      "team1_step_reward": 0.0,
      "winner": null
    },
    {
      "ball_pos": [
        9.446501731872559,
        -2.889056444168091
      ],
      "reward_shaping": null,
      "score": null,
      "step": 12,
      "team0_centroid": [
        7.368885040283203,
        -0.06591486930847168
      ],
      "team0_step_reward": 0.0,
      "team1_centroid": [
        6.455403447151184,
        0.3756677024066448
      ],
      "team1_step_reward": 0.0,
      "winner": null
    },
    {
      "ball_pos": [
        9.796655654907227,
        -3.5099072456359863
      ],
      "reward_shaping": null,
      "score": null,
      "step": 13,
      "team0_centroid": [
        7.8289711475372314,
        -0.1287686824798584
      ],
      "team0_step_reward": 0.0,
      "team1_centroid": [
        6.324783682823181,
        -0.7040739953517914
      ],
      "team1_step_reward": 0.0,
      "winner": null
    },
    {
      "ball_pos": [
        10.093707084655762,
        -4.03660249710083
      ],
      "reward_shaping": null,
      "score": null,
      "step": 14,
      "team0_centroid": [
        8.231900691986084,
        -0.29834532737731934
      ],
      "team0_step_reward": 0.0,
      "team1_centroid": [
        6.1507768630981445,
        -1.7690883874893188
      ],
      "team1_step_reward": 0.0,
      "winner": null
    },
    {
      "ball_pos": [
        10.358628273010254,
        -4.506328582763672
      ],
      "reward_shaping": null,
      "score": null,
      "step": 15,
      "team0_centroid": [
        8.82229232788086,
        -0.39936089515686035
      ],
      "team0_step_reward": 0.0,
      "team1_centroid": [
        6.061190724372864,
        -2.736074686050415
      ],
      "team1_step_reward": 0.0,
      "winner": null
    },
    {
      "ball_pos": [
        10.595426559448242,
        -4.926191806793213
      ],
      "reward_shaping": null,
      "score": null,
      "step": 16,
      "team0_centroid": [
        9.475709438323975,
        -0.5540163516998291
      ],
      "team0_step_reward": 0.0,
      "team1_centroid": [
        6.037570238113403,
        -3.645615577697754
      ],
      "team1_step_reward": 0.0,
      "winner": null
    },
    {
      "ball_pos": [
        10.80663776397705,
        -5.300685882568359
      ],
      "reward_shaping": null,
      "score": null,
      "step": 17,
      "team0_centroid": [
        10.073988437652588,
        -0.8615033626556396
      ],
      "team0_step_reward": 0.0,
      "team1_centroid": [
        6.002074182033539,
        -4.382465124130249
      ],
      "team1_step_reward": 0.0,
      "winner": null
    },
    {
      "ball_pos": [
        10.99459171295166,
        -5.633943557739258
      ],
      "reward_shaping": null,
      "score": null,
      "step": 18,
      "team0_centroid": [
        10.64148235321045,
        -1.2711424827575684
      ],
      "team0_step_reward": 0.0,
      "team1_centroid": [
        5.9282174706459045,
        -4.912683725357056
      ],
      "team1_step_reward": 0.0,
      "winner": null
    },
    {
      "ball_pos": [
        11.162184715270996,
        -5.9310994148254395
      ],
      "reward_shaping": null,
      "score": null,
      "step": 19,
      "team0_centroid": [
        11.106000423431396,
        -1.6172724962234497
      ],
      "team0_step_reward": 0.0,
      "team1_centroid": [
        5.825272262096405,
        -5.299508571624756
      ],
      "team1_step_reward": 0.0,
      "winner": null
    },
    {
      "ball_pos": [
        11.313553810119629,
        -6.199487209320068
      ],
      "reward_shaping": null,
      "score": null,
      "step": 20,
      "team0_centroid": [
        11.450641632080078,
        -1.83510160446167
      ],
      "team0_step_reward": 0.0,
      "team1_centroid": [
        5.7890607714653015,
        -5.71917462348938
      ],
      "team1_step_reward": 0.0,
      "winner": null
    },
    {
      "ball_pos": [
        11.466121673583984,
        -6.517829418182373
      ],
      "reward_shaping": null,
      "score": null,
      "step": 21,
      "team0_centroid": [
        11.642746925354004,
        -1.938811182975769
      ],
      "team0_step_reward": 0.0,
      "team1_centroid": [
        5.828981041908264,
        -6.073576927185059
      ],
      "team1_step_reward": 0.0,
      "winner": null
    },
    {
      "ball_pos": [
        11.612409591674805,
        -6.786710739135742
      ],
      "reward_shaping": null,
      "score": null,
      "step": 22,
      "team0_centroid": [
        11.956640243530273,
        -2.0481168031692505
      ],
      "team0_step_reward": 0.0,