{
  "classification": {
    "labels": [
      "win"
    ],
    "primary_label": "win"
  },
  "cumulative_team0_reward": 1.9235999584197998,
  "cumulative_team1_reward": -2.0,
  "episode_index": 184,
  "final_score": null,
  "final_team0_step_reward": 1.9235999584197998,
  "final_team1_step_reward": -2.0,
  "final_winner": null,
  "metrics": {
    "mean_ball_x": 6.5387650720382995,
    "tail_mean_ball_x": 8.44033161997795,
    "team0_possession_ratio": null,
    "team0_progress_toward_goal": 0.0,
    "team0_shaping_reward_sum": 0.0,
    "team1_possession_ratio": null,
    "team1_progress_toward_goal": 0.0,
    "team1_shaping_reward_sum": 0.0
  },
  "outcome": "team0_win",
  "sampled_trace": [
    {
      "ball_pos": [
        -0.3870687782764435,
        -0.9400797486305237
      ],
      "reward_shaping": null,
      "score": null,
      "step": 0,
      "team0_centroid": [
        -10.646759033203125,
        -0.012071967124938965
      ],
      "team0_step_reward": 0.0,
      "team1_centroid": [
        5.953542470932007,
        -0.1377752423286438
      ],
      "team1_step_reward": 0.0,
      "winner": null
    },
    {
      "ball_pos": [
        2.3415958881378174,
        0.891039252281189
      ],
      "reward_shaping": null,
      "score": null,
      "step": 10,
      "team0_centroid": [
        -8.350061893463135,
        0.7550985813140869
      ],
      "team0_step_reward": 0.0,
      "team1_centroid": [
        4.138072490692139,
        -2.73467880487442
      ],
      "team1_step_reward": 0.0,
      "winner": null
    },
    {
      "ball_pos": [
        5.721934795379639,
        -5.040500164031982
      ],
      "reward_shaping": null,
      "score": null,
      "step": 20,
      "team0_centroid": [
        -3.2804170846939087,
        0.9987353086471558
      ],
      "team0_step_reward": 0.0,
      "team1_centroid": [
        10.575652599334717,
        -0.5791211426258087
      ],
      "team1_step_reward": 0.0,
      "winner": null
    },
    {
      "ball_pos": [
        13.151861190795898,
        -4.924166679382324
      ],
      "reward_shaping": null,
      "score": null,
      "step": 30,
      "team0_centroid": [
        4.43803596496582,
        -0.15370798110961914
      ],
      "team0_step_reward": 0.0,
      "team1_centroid": [
        10.002391815185547,
        -1.0477926656603813
      ],
      "team1_step_reward": 0.0,
      "winner": null
    }
  ],
  "steps": 38,
  "tail_trace": [
    {
      "ball_pos": [
        0.7652649283409119,
        5.29206657409668
      ],
      "reward_shaping": null,
      "score": null,
      "step": 8,
      "team0_centroid": [
        -7.293722152709961,
        0.12035661935806274
      ],
      "team0_step_reward": 0.0,
      "team1_centroid": [
        3.450586199760437,
        -2.626822531223297
      ],
      "team1_step_reward": 0.0,
      "winner": null
    },
    {
      "ball_pos": [
        1.6018332242965698,
        2.956242084503174
      ],
      "reward_shaping": null,
      "score": null,
      "step": 9,
      "team0_centroid": [
        -7.829869031906128,
        0.4542662501335144
      ],
      "team0_step_reward": 0.0,
      "team1_centroid": [
        3.59262353181839,
        -2.705465078353882
      ],
      "team1_step_reward": 0.0,
      "winner": null
    },
    {
      "ball_pos": [
        2.3415958881378174,
        0.891039252281189
      ],
      "reward_shaping": null,
      "score": null,
      "step": 10,
      "team0_centroid": [
        -8.350061893463135,
        0.7550985813140869
      ],
      "team0_step_reward": 0.0,
      "team1_centroid": [
        4.138072490692139,
        -2.73467880487442
      ],
      "team1_step_reward": 0.0,
      "winner": null
    },
    {
      "ball_pos": [
        2.9937493801116943,
        -0.9295811653137207
      ],
      "reward_shaping": null,
      "score": null,
      "step": 11,
      "team0_centroid": [
        -8.70118236541748,
        1.1157556176185608
      ],
      "team0_step_reward": 0.0,
      "team1_centroid": [
        4.887271404266357,
        -2.5759701132774353
      ],
      "team1_step_reward": 0.0,
      "winner": null
    },
    {
      "ball_pos": [
        3.5667097568511963,
        -2.529118776321411
      ],
      "reward_shaping": null,
      "score": null,
      "step": 12,
      "team0_centroid": [
        -8.935108184814453,
        1.3791494369506836
      ],
      "team0_step_reward": 0.0,
      "team1_centroid": [
        5.739258646965027,
        -2.15951669216156
      ],
      "team1_step_reward": 0.0,
      "winner": null
    },
    {
      "ball_pos": [
        4.068086624145508,
        -3.9288148880004883
      ],
      "reward_shaping": null,
      "score": null,
      "step": 13,
      "team0_centroid": [
        -8.83857774734497,
        1.4458230435848236
      ],
      "team0_step_reward": 0.0,
      "team1_centroid": [
        6.663092136383057,
        -1.6328076422214508
      ],
      "team1_step_reward": 0.0,
      "winner": null
    },
    {
      "ball_pos": [
        4.504756927490234,
        -5.147870063781738
      ],
      "reward_shaping": null,
      "score": null,
      "step": 14,
      "team0_centroid": [
        -8.629177331924438,
        1.5091229677200317
      ],
      "team0_step_reward": 0.0,
      "team1_centroid": [
        7.64682149887085,
        -1.0780046582221985
      ],
      "team1_step_reward": 0.0,
      "winner": null
    },
    {
      "ball_pos": [
        4.882937431335449,
        -6.203639984130859
      ],
      "reward_shaping": null,
      "score": null,
      "step": 15,
      "team0_centroid": [
        -7.985859394073486,
        1.549545168876648
      ],
      "team0_step_reward": 0.0,
      "team1_centroid": [
        8.281083106994629,
        -0.8287471309304237
      ],
      "team1_step_reward": 0.0,
      "winner": null
    },
    {
      "ball_pos": [
        5.16019344329834,
        -6.786651611328125
      ],
      "reward_shaping": null,
      "score": null,
      "step": 16,
      "team0_centroid": [
        -7.251999616622925,
        1.568220853805542
      ],
      "team0_step_reward": 0.0,
      "team1_centroid": [
        8.92242693901062,
        -0.7405364401638508
      ],
      "team1_step_reward": 0.0,
      "winner": null
    },
    {
      "ball_pos": [
        5.337741851806641,
        -6.215237617492676
      ],
      "reward_shaping": null,
      "score": null,
      "step": 17,
      "team0_centroid": [
        -6.503740310668945,
        1.4984102249145508
      ],
      "team0_step_reward": 0.0,
      "team1_centroid": [
        9.982296466827393,
        -0.37077492475509644
      ],
      "team1_step_reward": 0.0,
      "winner": null
    },
    {
      "ball_pos": [
        5.489264488220215,
        -5.747923374176025
      ],
      "reward_shaping": null,
      "score": null,
      "step": 18,
      "team0_centroid": [
        -5.543655872344971,
        1.426665186882019
      ],
      "team0_step_reward": 0.0,
      "team1_centroid": [
        10.818599224090576,
        -0.14239129424095154
      ],
      "team1_step_reward": 0.0,
      "winner": null
    },
    {
      "ball_pos": [
        5.61333703994751,
        -5.370657920837402
      ],
      "reward_shaping": null,
      "score": null,
      "step": 19,
      "team0_centroid": [
        -4.454724907875061,
        1.2297947406768799
      ],
      "team0_step_reward": 0.0,
      "team1_centroid": [
        10.85119342803955,
        -0.3225547671318054
      ],
      "team1_step_reward": 0.0,
      "winner": null
    },
    {
      "ball_pos": [
        5.721934795379639,
        -5.040500164031982
      ],
      "reward_shaping": null,
      "score": null,
      "step": 20,
      "team0_centroid": [
        -3.2804170846939087,
        0.9987353086471558
      ],
      "team0_step_reward": 0.0,
      "team1_centroid": [
        10.575652599334717,
        -0.5791211426258087
      ],