{
  "classification": {
    "labels": [
      "unclear_loss"
    ],
    "primary_label": "unclear_loss"
  },
  "cumulative_team0_reward": -2.0,
  "cumulative_team1_reward": 1.9656000137329102,
  "episode_index": 309,
  "final_score": null,
  "final_team0_step_reward": -2.0,
  "final_team1_step_reward": 1.9656000137329102,
  "final_winner": null,
  "metrics": {
    "mean_ball_x": 9.75566059701583,
    "tail_mean_ball_x": 9.75566059701583,
    "team0_possession_ratio": null,
    "team0_progress_toward_goal": 0.0,
    "team0_shaping_reward_sum": 0.0,
    "team1_possession_ratio": null,
    "team1_progress_toward_goal": 0.0,
    "team1_shaping_reward_sum": 0.0
  },
  "outcome": "team1_win",
  "sampled_trace": [
    {
      "ball_pos": [
        -1.6344748735427856,
        1.4736175537109375
      ],
      "reward_shaping": null,
      "score": null,
      "step": 0,
      "team0_centroid": [
        11.130387306213379,
        0.027549684047698975
      ],
      "team0_step_reward": 0.0,
      "team1_centroid": [
        -6.563002109527588,
        -0.06540423631668091
      ],
      "team1_step_reward": 0.0,
      "winner": null
    },
    {
      "ball_pos": [
        14.002697944641113,
        4.6990156173706055
      ],
      "reward_shaping": null,
      "score": null,
      "step": 10,
      "team0_centroid": [
        4.8270343542099,
        1.6464723348617554
      ],
      "team0_step_reward": 0.0,
      "team1_centroid": [
        8.127271890640259,
        0.08442544937133789
      ],
      "team1_step_reward": 0.0,
      "winner": null
    }
  ],
  "steps": 17,
  "tail_trace": [
    {
      "ball_pos": [
        -1.6344748735427856,
        1.4736175537109375
      ],
      "reward_shaping": null,
      "score": null,
      "step": 0,
      "team0_centroid": [
        11.130387306213379,
        0.027549684047698975
      ],
      "team0_step_reward": 0.0,
      "team1_centroid": [
        -6.563002109527588,
        -0.06540423631668091
      ],
      "team1_step_reward": 0.0,
      "winner": null
    },
    {
      "ball_pos": [
        -1.6344748735427856,
        1.4736175537109375
      ],
      "reward_shaping": null,
      "score": null,
      "step": 1,
      "team0_centroid": [
        10.546875476837158,
        0.0077574849128723145
      ],
      "team0_step_reward": 0.0,
      "team1_centroid": [
        -5.401200890541077,
        -0.16479003429412842
      ],
      "team1_step_reward": 0.0,
      "winner": null
    },
    {
      "ball_pos": [
        0.7473999261856079,
        2.474311113357544
      ],
      "reward_shaping": null,
      "score": null,
      "step": 2,
      "team0_centroid": [
        9.734761714935303,
        -0.06365668773651123
      ],
      "team0_step_reward": 0.0,
      "team1_centroid": [
        -3.819745659828186,
        -0.23224884271621704
      ],
      "team1_step_reward": 0.0,
      "winner": null
    },
    {
      "ball_pos": [
        3.5917985439300537,
        3.8528966903686523
      ],
      "reward_shaping": null,
      "score": null,
      "step": 3,
      "team0_centroid": [
        9.010850429534912,
        -0.1407199501991272
      ],
      "team0_step_reward": 0.0,
      "team1_centroid": [
        -1.8966905027627945,
        -0.22010421752929688
      ],
      "team1_step_reward": 0.0,
      "winner": null
    },
    {
      "ball_pos": [
        6.118771076202393,
        5.077678680419922
      ],
      "reward_shaping": null,
      "score": null,
      "step": 4,
      "team0_centroid": [
        8.519451379776001,
        -0.18665966391563416
      ],
      "team0_step_reward": 0.0,
      "team1_centroid": [
        0.026852846145629883,
        -0.15679657459259033
      ],
      "team1_step_reward": 0.0,
      "winner": null
    },
    {
      "ball_pos": [
        8.358832359313965,
        6.163399696350098
      ],
      "reward_shaping": null,
      "score": null,
      "step": 5,
      "team0_centroid": [
        8.18362307548523,
        -0.07075825333595276
      ],
      "team0_step_reward": 0.0,
      "team1_centroid": [
        2.0557099729776382,
        -0.007665872573852539
      ],
      "team1_step_reward": 0.0,
      "winner": null
    },
    {
      "ball_pos": [
        10.202170372009277,
        6.782237529754639
      ],
      "reward_shaping": null,
      "score": null,
      "step": 6,
      "team0_centroid": [
        7.701087236404419,
        0.22982627153396606
      ],
      "team0_step_reward": 0.0,
      "team1_centroid": [
        4.086575627326965,
        0.2606372833251953
      ],
      "team1_step_reward": 0.0,
      "winner": null
    },
    {
      "ball_pos": [
        11.37009334564209,
        6.140768051147461
      ],
      "reward_shaping": null,
      "score": null,
      "step": 7,
      "team0_centroid": [
        7.223328590393066,
        0.603324294090271
      ],
      "team0_step_reward": 0.0,
      "team1_centroid": [
        5.72917914390564,
        0.38313794136047363
      ],
      "team1_step_reward": 0.0,
      "winner": null
    },
    {
      "ball_pos": [
        12.383502006530762,
        5.5857648849487305
      ],
      "reward_shaping": null,
      "score": null,
      "step": 8,
      "team0_centroid": [
        6.637072563171387,
        0.873868178576231
      ],
      "team0_step_reward": 0.0,
      "team1_centroid": [
        7.177328824996948,
        0.4185976982116699
      ],
      "team1_step_reward": 0.0,
      "winner": null
    },
    {
      "ball_pos": [
        13.256543159484863,
        5.1076459884643555
      ],
      "reward_shaping": null,
      "score": null,
      "step": 9,
      "team0_centroid": [
        5.810538053512573,
        1.16924849152565
      ],
      "team0_step_reward": 0.0,
      "team1_centroid": [
        7.890537977218628,
        0.27541017532348633
      ],
      "team1_step_reward": 0.0,
      "winner": null
    },
    {
      "ball_pos": [
        14.002697944641113,
        4.6990156173706055
      ],
      "reward_shaping": null,
      "score": null,
      "step": 10,
      "team0_centroid": [
        4.8270343542099,
        1.6464723348617554
      ],
      "team0_step_reward": 0.0,
      "team1_centroid": [
        8.127271890640259,
        0.08442544937133789
      ],
      "team1_step_reward": 0.0,
      "winner": null
    },
    {
      "ball_pos": [
        14.634157180786133,
        4.353198051452637
      ],
      "reward_shaping": null,
      "score": null,
      "step": 11,
      "team0_centroid": [
        3.9426485300064087,
        2.034503996372223
      ],
      "team0_step_reward": 0.0,
      "team1_centroid": [
        8.328688859939575,
        -0.03252673149108887
      ],
      "team1_step_reward": 0.0,
      "winner": null
    },
    {
      "ball_pos": [
        14.765128135681152,
        3.9145781993865967
      ],
      "reward_shaping": null,
      "score": null,
      "step": 12,
      "team0_centroid": [
        3.467086434364319,
        2.169962227344513
      ],
      "team0_step_reward": 0.0,
      "team1_centroid": [
        8.511363744735718,
        -0.09825265407562256
      ],
      "team1_step_reward": 0.0,
      "winner": null
    },
    {
      "ball_pos": [
        14.785802841186523,
        3.5257863998413086
      ],
      "reward_shaping": null,
      "score": null,
      "step": 13,
      "team0_centroid": [
        3.414401054382324,
        1.92515367269516
      ],
      "team0_step_reward": 0.0,
      "team1_centroid": [
        8.842284202575684,
        0.030701041221618652
      ],
      "team1_step_reward": 0.0,
      "winner": null
    },
    {
      "ball_pos": [
        14.804569244384766,
        3.174605369567871
      ],
      "reward_shaping": null,
      "score": null,
      "step": 14,
      "team0_centroid": [
        3.690526008605957,
        1.3246280550956726
      ],
      "team0_step_reward": 0.0,