{
  "classification": {
    "labels": [
      "late_defensive_collapse",
      "territory_loss"
    ],
    "primary_label": "late_defensive_collapse"
  },
  "cumulative_team0_reward": -2.0,
  "cumulative_team1_reward": 1.9515999555587769,
  "episode_index": 20,
  "final_score": null,
  "final_team0_step_reward": -2.0,
  "final_team1_step_reward": 1.9515999555587769,
  "final_winner": null,
  "metrics": {
    "mean_ball_x": -8.449220420171818,
    "tail_mean_ball_x": -8.449220420171818,
    "team0_possession_ratio": null,
    "team0_progress_toward_goal": 0.0,
    "team0_shaping_reward_sum": 0.0,
    "team1_possession_ratio": null,
    "team1_progress_toward_goal": 0.0,
    "team1_shaping_reward_sum": 0.0
  },
  "outcome": "team1_win",
  "sampled_trace": [
    {
      "ball_pos": [
        0.9212517142295837,
        1.6591519117355347
      ],
      "reward_shaping": null,
      "score": null,
      "step": 0,
      "team0_centroid": [
        -8.4142587184906,
        -0.03351485729217529
      ],
      "team0_step_reward": 0.0,
      "team1_centroid": [
        8.835505962371826,
        0.02468937635421753
      ],
      "team1_step_reward": 0.0,
      "winner": null
    },
    {
      "ball_pos": [
        -9.803787231445312,
        6.568930625915527
      ],
      "reward_shaping": null,
      "score": null,
      "step": 10,
      "team0_centroid": [
        -1.0950961485505104,
        0.8406907171010971
      ],
      "team0_step_reward": 0.0,
      "team1_centroid": [
        5.1683977246284485,
        -1.0545734167099
      ],
      "team1_step_reward": 0.0,
      "winner": null
    },
    {
      "ball_pos": [
        -14.533778190612793,
        3.165074110031128
      ],
      "reward_shaping": null,
      "score": null,
      "step": 20,
      "team0_centroid": [
        -1.4615662693977356,
        -1.0275312662124634
      ],
      "team0_step_reward": 0.0,
      "team1_centroid": [
        5.604675769805908,
        1.0736950039863586
      ],
      "team1_step_reward": 0.0,
      "winner": null
    }
  ],
  "steps": 24,
  "tail_trace": [
    {
      "ball_pos": [
        0.9212517142295837,
        1.6591519117355347
      ],
      "reward_shaping": null,
      "score": null,
      "step": 0,
      "team0_centroid": [
        -8.4142587184906,
        -0.03351485729217529
      ],
      "team0_step_reward": 0.0,
      "team1_centroid": [
        8.835505962371826,
        0.02468937635421753
      ],
      "team1_step_reward": 0.0,
      "winner": null
    },
    {
      "ball_pos": [
        0.9212517142295837,
        1.6591519117355347
      ],
      "reward_shaping": null,
      "score": null,
      "step": 1,
      "team0_centroid": [
        -7.502257823944092,
        -0.06359469890594482
      ],
      "team0_step_reward": 0.0,
      "team1_centroid": [
        7.913879156112671,
        0.04086589813232422
      ],
      "team1_step_reward": 0.0,
      "winner": null
    },
    {
      "ball_pos": [
        0.9212517142295837,
        1.6591519117355347
      ],
      "reward_shaping": null,
      "score": null,
      "step": 2,
      "team0_centroid": [
        -6.19544243812561,
        0.026358366012573242
      ],
      "team0_step_reward": 0.0,
      "team1_centroid": [
        6.818227291107178,
        -0.02561163902282715
      ],
      "team1_step_reward": 0.0,
      "winner": null
    },
    {
      "ball_pos": [
        -0.2607223093509674,
        1.7000725269317627
      ],
      "reward_shaping": null,
      "score": null,
      "step": 3,
      "team0_centroid": [
        -4.729779481887817,
        0.28123047947883606
      ],
      "team0_step_reward": 0.0,
      "team1_centroid": [
        5.873103857040405,
        -0.24255996942520142
      ],
      "team1_step_reward": 0.0,
      "winner": null
    },
    {
      "ball_pos": [
        -0.13066762685775757,
        5.083432674407959
      ],
      "reward_shaping": null,
      "score": null,
      "step": 4,
      "team0_centroid": [
        -3.6673558056354523,
        0.5565710365772247
      ],
      "team0_step_reward": 0.0,
      "team1_centroid": [
        5.2002445459365845,
        -0.5138587951660156
      ],
      "team1_step_reward": 0.0,
      "winner": null
    },
    {
      "ball_pos": [
        -0.44589662551879883,
        4.638387680053711
      ],
      "reward_shaping": null,
      "score": null,
      "step": 5,
      "team0_centroid": [
        -3.3533621430397034,
        0.7335553616285324
      ],
      "team0_step_reward": 0.0,
      "team1_centroid": [
        5.177184998989105,
        -0.6891524791717529
      ],
      "team1_step_reward": 0.0,
      "winner": null
    },
    {
      "ball_pos": [
        -1.5704853534698486,
        2.960315465927124
      ],
      "reward_shaping": null,
      "score": null,
      "step": 6,
      "team0_centroid": [
        -2.9607983455061913,
        0.9821371957659721
      ],
      "team0_step_reward": 0.0,
      "team1_centroid": [
        5.252407044172287,
        -0.8270719051361084
      ],
      "team1_step_reward": 0.0,
      "winner": null
    },
    {
      "ball_pos": [
        -4.159231662750244,
        4.327173233032227
      ],
      "reward_shaping": null,
      "score": null,
      "step": 7,
      "team0_centroid": [
        -2.5772504210472107,
        1.1604247391223907
      ],
      "team0_step_reward": 0.0,
      "team1_centroid": [
        5.390996992588043,
        -0.9273080825805664
      ],
      "team1_step_reward": 0.0,
      "winner": null
    },
    {
      "ball_pos": [
        -6.455936431884766,
        5.539732456207275
      ],
      "reward_shaping": null,
      "score": null,
      "step": 8,
      "team0_centroid": [
        -1.9831675440073013,
        1.236964762210846
      ],
      "team0_step_reward": 0.0,
      "team1_centroid": [
        5.503551661968231,
        -1.073595643043518
      ],
      "team1_step_reward": 0.0,
      "winner": null
    },
    {
      "ball_pos": [
        -8.488616943359375,
        6.612898349761963
      ],
      "reward_shaping": null,
      "score": null,
      "step": 9,
      "team0_centroid": [
        -1.3376635760068893,
        1.1457646787166595
      ],
      "team0_step_reward": 0.0,
      "team1_centroid": [
        5.290771484375,
        -1.1348596811294556
      ],
      "team1_step_reward": 0.0,
      "winner": null
    },
    {
      "ball_pos": [
        -9.803787231445312,
        6.568930625915527
      ],
      "reward_shaping": null,
      "score": null,
      "step": 10,
      "team0_centroid": [
        -1.0950961485505104,
        0.8406907171010971
      ],
      "team0_step_reward": 0.0,
      "team1_centroid": [
        5.1683977246284485,
        -1.0545734167099
      ],
      "team1_step_reward": 0.0,
      "winner": null
    },
    {
      "ball_pos": [
        -10.653253555297852,
        5.957266330718994
      ],
      "reward_shaping": null,
      "score": null,
      "step": 11,
      "team0_centroid": [
        -1.3324222564697266,
        0.535916268825531
      ],
      "team0_step_reward": 0.0,
      "team1_centroid": [
        5.436324313282967,
        -0.7503982782363892
      ],
      "team1_step_reward": 0.0,
      "winner": null
    },
    {
      "ball_pos": [
        -11.381492614746094,
        5.433268070220947
      ],
      "reward_shaping": null,
      "score": null,
      "step": 12,
      "team0_centroid": [
        -1.4511795043945312,
        0.5076862573623657
      ],
      "team0_step_reward": 0.0,
      "team1_centroid": [
        5.991828002035618,
        -0.27243757247924805
      ],
      "team1_step_reward": 0.0,
      "winner": null
    },
    {
      "ball_pos": [
        -11.999964714050293,
        4.988253116607666
      ],
      "reward_shaping": null,
      "score": null,
      "step": 13,
      "team0_centroid": [
        -1.4776434861123562,
        0.6153488159179688
      ],
      "team0_step_reward": 0.0,