{
  "classification": {
    "labels": [
      "win"
    ],
    "primary_label": "win"
  },
  "cumulative_team0_reward": 1.934399962425232,
  "cumulative_team1_reward": -2.0,
  "episode_index": 194,
  "final_score": null,
  "final_team0_step_reward": 1.934399962425232,
  "final_team1_step_reward": -2.0,
  "final_winner": null,
  "metrics": {
    "mean_ball_x": 9.284641721031882,
    "tail_mean_ball_x": 10.305753461519878,
    "team0_possession_ratio": null,
    "team0_progress_toward_goal": 0.0,
    "team0_shaping_reward_sum": 0.0,
    "team1_possession_ratio": null,
    "team1_progress_toward_goal": 0.0,
    "team1_shaping_reward_sum": 0.0
  },
  "outcome": "team0_win",
  "sampled_trace": [
    {
      "ball_pos": [
        -1.9178385734558105,
        0.41756176948547363
      ],
      "reward_shaping": null,
      "score": null,
      "step": 0,
      "team0_centroid": [
        -7.8834980726242065,
        -0.02533125877380371
      ],
      "team0_step_reward": 0.0,
      "team1_centroid": [
        12.506217956542969,
        -0.052558302879333496
      ],
      "team1_step_reward": 0.0,
      "winner": null
    },
    {
      "ball_pos": [
        9.18644905090332,
        -3.9526402950286865
      ],
      "reward_shaping": null,
      "score": null,
      "step": 10,
      "team0_centroid": [
        -5.238621830940247,
        0.7083813548088074
      ],
      "team0_step_reward": 0.0,
      "team1_centroid": [
        6.462607383728027,
        -3.3187100887298584
      ],
      "team1_step_reward": 0.0,
      "winner": null
    },
    {
      "ball_pos": [
        11.44269847869873,
        -1.310452938079834
      ],
      "reward_shaping": null,
      "score": null,
      "step": 20,
      "team0_centroid": [
        -0.3540077209472656,
        -0.4956209063529968
      ],
      "team0_step_reward": 0.0,
      "team1_centroid": [
        5.4131879806518555,
        -3.995276689529419
      ],
      "team1_step_reward": 0.0,
      "winner": null
    },
    {
      "ball_pos": [
        12.256351470947266,
        -0.3576250970363617
      ],
      "reward_shaping": null,
      "score": null,
      "step": 30,
      "team0_centroid": [
        3.3514034748077393,
        -0.8827782571315765
      ],
      "team0_step_reward": 0.0,
      "team1_centroid": [
        3.1111135482788086,
        -4.2037293910980225
      ],
      "team1_step_reward": 0.0,
      "winner": null
    }
  ],
  "steps": 33,
  "tail_trace": [
    {
      "ball_pos": [
        2.6514885425567627,
        -3.582472324371338
      ],
      "reward_shaping": null,
      "score": null,
      "step": 3,
      "team0_centroid": [
        -7.228279620409012,
        0.001886896789073944
      ],
      "team0_step_reward": 0.0,
      "team1_centroid": [
        11.669345617294312,
        -0.7175559848546982
      ],
      "team1_step_reward": 0.0,
      "winner": null
    },
    {
      "ball_pos": [
        4.397266864776611,
        -5.166037082672119
      ],
      "reward_shaping": null,
      "score": null,
      "step": 4,
      "team0_centroid": [
        -6.875977098941803,
        0.10917086154222488
      ],
      "team0_step_reward": 0.0,
      "team1_centroid": [
        10.786994457244873,
        -1.200031965970993
      ],
      "team1_step_reward": 0.0,
      "winner": null
    },
    {
      "ball_pos": [
        5.938995361328125,
        -6.564511775970459
      ],
      "reward_shaping": null,
      "score": null,
      "step": 5,
      "team0_centroid": [
        -6.492575265467167,
        0.2527976632118225
      ],
      "team0_step_reward": 0.0,
      "team1_centroid": [
        9.579176664352417,
        -1.6256895661354065
      ],
      "team1_step_reward": 0.0,
      "winner": null
    },
    {
      "ball_pos": [
        6.989741325378418,
        -6.526896953582764
      ],
      "reward_shaping": null,
      "score": null,
      "step": 6,
      "team0_centroid": [
        -6.264292387291789,
        0.3186313807964325
      ],
      "team0_step_reward": 0.0,
      "team1_centroid": [
        8.311642691493034,
        -2.115198493003845
      ],
      "team1_step_reward": 0.0,
      "winner": null
    },
    {
      "ball_pos": [
        7.675851345062256,
        -5.721639633178711
      ],
      "reward_shaping": null,
      "score": null,
      "step": 7,
      "team0_centroid": [
        -6.170997904613614,
        0.4704876244068146
      ],
      "team0_step_reward": 0.0,
      "team1_centroid": [
        7.29381251335144,
        -2.7353116273880005
      ],
      "team1_step_reward": 0.0,
      "winner": null
    },
    {
      "ball_pos": [
        8.264992713928223,
        -5.031713962554932
      ],
      "reward_shaping": null,
      "score": null,
      "step": 8,
      "team0_centroid": [
        -5.854655295610428,
        0.5966267883777618
      ],
      "team0_step_reward": 0.0,
      "team1_centroid": [
        6.769364833831787,
        -3.2585359811782837
      ],
      "team1_step_reward": 0.0,
      "winner": null
    },
    {
      "ball_pos": [
        8.765694618225098,
        -4.445365905761719
      ],
      "reward_shaping": null,
      "score": null,
      "step": 9,
      "team0_centroid": [
        -5.488454461097717,
        0.6676756143569946
      ],
      "team0_step_reward": 0.0,
      "team1_centroid": [
        6.565381765365601,
        -3.435509443283081
      ],
      "team1_step_reward": 0.0,
      "winner": null
    },
    {
      "ball_pos": [
        9.18644905090332,
        -3.9526402950286865
      ],
      "reward_shaping": null,
      "score": null,
      "step": 10,
      "team0_centroid": [
        -5.238621830940247,
        0.7083813548088074
      ],
      "team0_step_reward": 0.0,
      "team1_centroid": [
        6.462607383728027,
        -3.3187100887298584
      ],
      "team1_step_reward": 0.0,
      "winner": null
    },
    {
      "ball_pos": [
        9.536202430725098,
        -3.543060779571533
      ],
      "reward_shaping": null,
      "score": null,
      "step": 11,
      "team0_centroid": [
        -4.784348726272583,
        0.6860538125038147
      ],
      "team0_step_reward": 0.0,
      "team1_centroid": [
        6.109217405319214,
        -3.327675223350525
      ],
      "team1_step_reward": 0.0,
      "winner": null
    },
    {
      "ball_pos": [
        9.844584465026855,
        -3.1819303035736084
      ],
      "reward_shaping": null,
      "score": null,
      "step": 12,
      "team0_centroid": [
        -4.321601033210754,
        0.7282547354698181
      ],
      "team0_step_reward": 0.0,
      "team1_centroid": [
        5.405672788619995,
        -3.5724565982818604
      ],
      "team1_step_reward": 0.0,
      "winner": null
    },
    {
      "ball_pos": [
        10.12317180633545,
        -2.855689287185669
      ],
      "reward_shaping": null,
      "score": null,
      "step": 13,
      "team0_centroid": [
        -4.073792815208435,
        0.9459306001663208
      ],
      "team0_step_reward": 0.0,
      "team1_centroid": [
        5.050806045532227,
        -3.6413321495056152
      ],
      "team1_step_reward": 0.0,
      "winner": null
    },
    {
      "ball_pos": [
        10.374829292297363,
        -2.560986042022705
      ],
      "reward_shaping": null,
      "score": null,
      "step": 14,
      "team0_centroid": [
        -3.651918411254883,
        1.1759615540504456
      ],
      "team0_step_reward": 0.0,
      "team1_centroid": [
        5.0633180141448975,
        -3.6218252182006836
      ],
      "team1_step_reward": 0.0,
      "winner": null
    },
    {
      "ball_pos": [
        10.60183334350586,
        -2.295151948928833
      ],
      "reward_shaping": null,
      "score": null,
      "step": 15,
      "team0_centroid": [
        -3.1311917304992676,
        1.192643642425537
      ],
      "team0_step_reward": 0.0,
      "team1_centroid": [
        5.229203462600708,
        -3.6482731103897095
      ],