{
  "classification": {
    "labels": [
      "win"
    ],
    "primary_label": "win"
  },
  "cumulative_team0_reward": 1.924399971961975,
  "cumulative_team1_reward": -2.0,
  "episode_index": 129,
  "final_score": null,
  "final_team0_step_reward": 1.924399971961975,
  "final_team1_step_reward": -2.0,
  "final_winner": null,
  "metrics": {
    "mean_ball_x": -5.975721814522617,
    "tail_mean_ball_x": -7.542501444121202,
    "team0_possession_ratio": null,
    "team0_progress_toward_goal": 0.0,
    "team0_shaping_reward_sum": 0.0,
    "team1_possession_ratio": null,
    "team1_progress_toward_goal": 0.0,
    "team1_shaping_reward_sum": 0.0
  },
  "outcome": "team0_win",
  "sampled_trace": [
    {
      "ball_pos": [
        -0.08104546368122101,
        -1.882772445678711
      ],
      "reward_shaping": null,
      "score": null,
      "step": 0,
      "team0_centroid": [
        7.649513244628906,
        -0.06725448369979858
      ],
      "team0_step_reward": 0.0,
      "team1_centroid": [
        -8.454675912857056,
        -0.08786147832870483
      ],
      "team1_step_reward": 0.0,
      "winner": null
    },
    {
      "ball_pos": [
        -0.3582099676132202,
        -2.9237232208251953
      ],
      "reward_shaping": null,
      "score": null,
      "step": 10,
      "team0_centroid": [
        0.2455577850341797,
        -2.0763270258903503
      ],
      "team0_step_reward": 0.0,
      "team1_centroid": [
        -0.2979696989059448,
        -3.1111021041870117
      ],
      "team1_step_reward": 0.0,
      "winner": null
    },
    {
      "ball_pos": [
        -4.939725875854492,
        2.2995200157165527
      ],
      "reward_shaping": null,
      "score": null,
      "step": 20,
      "team0_centroid": [
        0.8547778725624084,
        1.514339953660965
      ],
      "team0_step_reward": 0.0,
      "team1_centroid": [
        5.773233413696289,
        -2.9532336592674255
      ],
      "team1_step_reward": 0.0,
      "winner": null
    },
    {
      "ball_pos": [
        -14.36513614654541,
        4.711490154266357
      ],
      "reward_shaping": null,
      "score": null,
      "step": 30,
      "team0_centroid": [
        1.3722286224365234,
        4.024304091930389
      ],
      "team0_step_reward": 0.0,
      "team1_centroid": [
        8.901344060897827,
        -0.783674955368042
      ],
      "team1_step_reward": 0.0,
      "winner": null
    }
  ],
  "steps": 38,
  "tail_trace": [
    {
      "ball_pos": [
        -0.2281416803598404,
        -5.045212745666504
      ],
      "reward_shaping": null,
      "score": null,
      "step": 8,
      "team0_centroid": [
        0.2633640766143799,
        -1.8372278213500977
      ],
      "team0_step_reward": 0.0,
      "team1_centroid": [
        -1.8712550550699234,
        -2.4663033485412598
      ],
      "team1_step_reward": 0.0,
      "winner": null
    },
    {
      "ball_pos": [
        -0.29803359508514404,
        -3.9052343368530273
      ],
      "reward_shaping": null,
      "score": null,
      "step": 9,
      "team0_centroid": [
        0.12091934680938721,
        -1.9874933958053589
      ],
      "team0_step_reward": 0.0,
      "team1_centroid": [
        -1.1219133138656616,
        -2.798555016517639
      ],
      "team1_step_reward": 0.0,
      "winner": null
    },
    {
      "ball_pos": [
        -0.3582099676132202,
        -2.9237232208251953
      ],
      "reward_shaping": null,
      "score": null,
      "step": 10,
      "team0_centroid": [
        0.2455577850341797,
        -2.0763270258903503
      ],
      "team0_step_reward": 0.0,
      "team1_centroid": [
        -0.2979696989059448,
        -3.1111021041870117
      ],
      "team1_step_reward": 0.0,
      "winner": null
    },
    {
      "ball_pos": [
        -0.40960419178009033,
        -2.085454225540161
      ],
      "reward_shaping": null,
      "score": null,
      "step": 11,
      "team0_centroid": [
        0.4942493438720703,
        -2.0118282437324524
      ],
      "team0_step_reward": 0.0,
      "team1_centroid": [
        0.11491894721984863,
        -3.3178155422210693
      ],
      "team1_step_reward": 0.0,
      "winner": null
    },
    {
      "ball_pos": [
        -0.45305997133255005,
        -1.3766649961471558
      ],
      "reward_shaping": null,
      "score": null,
      "step": 12,
      "team0_centroid": [
        0.5961126089096069,
        -1.826219916343689
      ],
      "team0_step_reward": 0.0,
      "team1_centroid": [
        0.23931574821472168,
        -3.462130129337311
      ],
      "team1_step_reward": 0.0,
      "winner": null
    },
    {
      "ball_pos": [
        -0.4893399477005005,
        -0.784915030002594
      ],
      "reward_shaping": null,
      "score": null,
      "step": 13,
      "team0_centroid": [
        0.6613719463348389,
        -1.6611476838588715
      ],
      "team0_step_reward": 0.0,
      "team1_centroid": [
        0.5911862552165985,
        -3.6256948709487915
      ],
      "team1_step_reward": 0.0,
      "winner": null
    },
    {
      "ball_pos": [
        -0.5203440189361572,
        -0.27921736240386963
      ],
      "reward_shaping": null,
      "score": null,
      "step": 14,
      "team0_centroid": [
        0.9102752208709717,
        -1.319418653845787
      ],
      "team0_step_reward": 0.0,
      "team1_centroid": [
        1.0106435120105743,
        -3.780351758003235
      ],
      "team1_step_reward": 0.0,
      "winner": null
    },
    {
      "ball_pos": [
        -0.5483520030975342,
        0.1776103377342224
      ],
      "reward_shaping": null,
      "score": null,
      "step": 15,
      "team0_centroid": [
        1.184683382511139,
        -0.8345723208039999
      ],
      "team0_step_reward": 0.0,
      "team1_centroid": [
        1.303859293460846,
        -3.883062481880188
      ],
      "team1_step_reward": 0.0,
      "winner": null
    },
    {
      "ball_pos": [
        -0.573653519153595,
        0.5902933478355408
      ],
      "reward_shaping": null,
      "score": null,
      "step": 16,
      "team0_centroid": [
        1.1138464137911797,
        -0.41229259967803955
      ],
      "team0_step_reward": 0.0,
      "team1_centroid": [
        1.7277414798736572,
        -3.789785861968994
      ],
      "team1_step_reward": 0.0,
      "winner": null
    },
    {
      "ball_pos": [
        -0.5965085625648499,
        0.9630730152130127
      ],
      "reward_shaping": null,
      "score": null,
      "step": 17,
      "team0_centroid": [
        0.895999938249588,
        0.05537128448486328
      ],
      "team0_step_reward": 0.0,
      "team1_centroid": [
        2.6533572673797607,
        -3.494874060153961
      ],
      "team1_step_reward": 0.0,
      "winner": null
    },
    {
      "ball_pos": [
        -0.8463106155395508,
        1.3231501579284668
      ],
      "reward_shaping": null,
      "score": null,
      "step": 18,
      "team0_centroid": [
        0.7275655567646027,
        0.6273206919431686
      ],
      "team0_step_reward": 0.0,
      "team1_centroid": [
        3.632205009460449,
        -3.270504117012024
      ],
      "team1_step_reward": 0.0,
      "winner": null
    },
    {
      "ball_pos": [
        -3.0232369899749756,
        1.8359408378601074
      ],
      "reward_shaping": null,
      "score": null,
      "step": 19,
      "team0_centroid": [
        0.8669996112585068,
        1.1903776228427887
      ],
      "team0_step_reward": 0.0,
      "team1_centroid": [
        4.843707323074341,
        -3.035002887248993
      ],
      "team1_step_reward": 0.0,
      "winner": null
    },
    {
      "ball_pos": [
        -4.939725875854492,
        2.2995200157165527
      ],
      "reward_shaping": null,
      "score": null,
      "step": 20,
      "team0_centroid": [
        0.8547778725624084,
        1.514339953660965
      ],
      "team0_step_reward": 0.0,