{
  "classification": {
    "labels": [
      "win"
    ],
    "primary_label": "win"
  },
  "cumulative_team0_reward": 1.9764000177383423,
  "cumulative_team1_reward": -2.0,
  "episode_index": 112,
  "final_score": null,
  "final_team0_step_reward": 1.9764000177383423,
  "final_team1_step_reward": -2.0,
  "final_winner": null,
  "metrics": {
    "mean_ball_x": 6.340741594632466,
    "tail_mean_ball_x": 6.340741594632466,
    "team0_possession_ratio": null,
    "team0_progress_toward_goal": 0.0,
    "team0_shaping_reward_sum": 0.0,
    "team1_possession_ratio": null,
    "team1_progress_toward_goal": 0.0,
    "team1_shaping_reward_sum": 0.0
  },
  "outcome": "team0_win",
  "sampled_trace": [
    {
      "ball_pos": [
        0.34446096420288086,
        0.28041815757751465
      ],
      "reward_shaping": null,
      "score": null,
      "step": 0,
      "team0_centroid": [
        -8.550329804420471,
        -0.062191545963287354
      ],
      "team0_step_reward": 0.0,
      "team1_centroid": [
        8.792715787887573,
        0.081479012966156
      ],
      "team1_step_reward": 0.0,
      "winner": null
    },
    {
      "ball_pos": [
        14.462644577026367,
        -0.18548017740249634
      ],
      "reward_shaping": null,
      "score": null,
      "step": 10,
      "team0_centroid": [
        -4.369261741638184,
        -0.036038242280483246
      ],
      "team0_step_reward": 0.0,
      "team1_centroid": [
        4.355415225028992,
        1.3079984188079834
      ],
      "team1_step_reward": 0.0,
      "winner": null
    }
  ],
  "steps": 12,
  "tail_trace": [
    {
      "ball_pos": [
        0.34446096420288086,
        0.28041815757751465
      ],
      "reward_shaping": null,
      "score": null,
      "step": 0,
      "team0_centroid": [
        -8.550329804420471,
        -0.062191545963287354
      ],
      "team0_step_reward": 0.0,
      "team1_centroid": [
        8.792715787887573,
        0.081479012966156
      ],
      "team1_step_reward": 0.0,
      "winner": null
    },
    {
      "ball_pos": [
        0.34446096420288086,
        0.28041815757751465
      ],
      "reward_shaping": null,
      "score": null,
      "step": 1,
      "team0_centroid": [
        -8.300195693969727,
        -0.11548152565956116
      ],
      "team0_step_reward": 0.0,
      "team1_centroid": [
        8.200963258743286,
        0.1410844326019287
      ],
      "team1_step_reward": 0.0,
      "winner": null
    },
    {
      "ball_pos": [
        0.34446096420288086,
        0.28041815757751465
      ],
      "reward_shaping": null,
      "score": null,
      "step": 2,
      "team0_centroid": [
        -7.7247894406318665,
        -0.13768821954727173
      ],
      "team0_step_reward": 0.0,
      "team1_centroid": [
        7.124364852905273,
        0.14404255151748657
      ],
      "team1_step_reward": 0.0,
      "winner": null
    },
    {
      "ball_pos": [
        3.1047356128692627,
        0.2039225846529007
      ],
      "reward_shaping": null,
      "score": null,
      "step": 3,
      "team0_centroid": [
        -7.213301032781601,
        -0.009707123041152954
      ],
      "team0_step_reward": 0.0,
      "team1_centroid": [
        6.033803224563599,
        0.15075832605361938
      ],
      "team1_step_reward": 0.0,
      "winner": null
    },
    {
      "ball_pos": [
        4.76053524017334,
        0.04447939246892929
      ],
      "reward_shaping": null,
      "score": null,
      "step": 4,
      "team0_centroid": [
        -7.068264842033386,
        0.21788079291582108
      ],
      "team0_step_reward": 0.0,
      "team1_centroid": [
        5.0554468631744385,
        0.18985646963119507
      ],
      "team1_step_reward": 0.0,
      "winner": null
    },
    {
      "ball_pos": [
        4.334165573120117,
        -0.037949323654174805
      ],
      "reward_shaping": null,
      "score": null,
      "step": 5,
      "team0_centroid": [
        -7.131596088409424,
        0.41574791073799133
      ],
      "team0_step_reward": 0.0,
      "team1_centroid": [
        4.272018074989319,
        0.41104763746261597
      ],
      "team1_step_reward": 0.0,
      "winner": null
    },
    {
      "ball_pos": [
        3.99328875541687,
        -0.10393964499235153
      ],
      "reward_shaping": null,
      "score": null,
      "step": 6,
      "team0_centroid": [
        -6.891509771347046,
        0.5136466771364212
      ],
      "team0_step_reward": 0.0,
      "team1_centroid": [
        3.9755736589431763,
        0.7754039168357849
      ],
      "team1_step_reward": 0.0,
      "winner": null
    },
    {
      "ball_pos": [
        6.936161041259766,
        -0.1568048745393753
      ],
      "reward_shaping": null,
      "score": null,
      "step": 7,
      "team0_centroid": [
        -6.262958884239197,
        0.3058408051729202
      ],
      "team0_step_reward": 0.0,
      "team1_centroid": [
        3.7009514570236206,
        1.0972629189491272
      ],
      "team1_step_reward": 0.0,
      "winner": null
    },
    {
      "ball_pos": [
        9.754568099975586,
        -0.16752652823925018
      ],
      "reward_shaping": null,
      "score": null,
      "step": 8,
      "team0_centroid": [
        -5.481140613555908,
        0.01838374137878418
      ],
      "team0_step_reward": 0.0,
      "team1_centroid": [
        3.651922345161438,
        1.1616080403327942
      ],
      "team1_step_reward": 0.0,
      "winner": null
    },
    {
      "ball_pos": [
        12.253153800964355,
        -0.17705465853214264
      ],
      "reward_shaping": null,
      "score": null,
      "step": 9,
      "team0_centroid": [
        -4.809403657913208,
        -0.07263065874576569
      ],
      "team0_step_reward": 0.0,
      "team1_centroid": [
        4.0064332485198975,
        1.1535531878471375
      ],
      "team1_step_reward": 0.0,
      "winner": null
    },
    {
      "ball_pos": [
        14.462644577026367,
        -0.18548017740249634
      ],
      "reward_shaping": null,
      "score": null,
      "step": 10,
      "team0_centroid": [
        -4.369261741638184,
        -0.036038242280483246
      ],
      "team0_step_reward": 0.0,
      "team1_centroid": [
        4.355415225028992,
        1.3079984188079834
      ],
      "team1_step_reward": 0.0,
      "winner": null
    },
    {
      "ball_pos": [
        15.456263542175293,
        -0.19190727174282074
      ],
      "reward_shaping": null,
      "score": null,
      "step": 11,
      "team0_centroid": [
        -4.11858344078064,
        -0.016094349324703217
      ],
      "team0_step_reward": 1.9764000177383423,
      "team1_centroid": [
        4.5120216608047485,
        1.4010497331619263
      ],
      "team1_step_reward": -2.0,
      "winner": null
    }
  ],
  "team0_module": "ceia_baseline_agent",
  "team1_module": "ceia_baseline_agent"
}