{
  "classification": {
    "labels": [
      "win"
    ],
    "primary_label": "win"
  },
  "cumulative_team0_reward": 1.979200005531311,
  "cumulative_team1_reward": -2.0,
  "episode_index": 198,
  "final_score": null,
  "final_team0_step_reward": 1.979200005531311,
  "final_team1_step_reward": -2.0,
  "final_winner": null,
  "metrics": {
    "mean_ball_x": 7.2810897556218235,
    "tail_mean_ball_x": 7.2810897556218235,
    "team0_possession_ratio": null,
    "team0_progress_toward_goal": 0.0,
    "team0_shaping_reward_sum": 0.0,
    "team1_possession_ratio": null,
    "team1_progress_toward_goal": 0.0,
    "team1_shaping_reward_sum": 0.0
  },
  "outcome": "team0_win",
  "sampled_trace": [
    {
      "ball_pos": [
        2.152280330657959,
        2.3787736892700195
      ],
      "reward_shaping": null,
      "score": null,
      "step": 0,
      "team0_centroid": [
        -7.620614528656006,
        0.040329933166503906
      ],
      "team0_step_reward": 0.0,
      "team1_centroid": [
        10.779211521148682,
        0.08779162168502808
      ],
      "team1_step_reward": 0.0,
      "winner": null
    },
    {
      "ball_pos": [
        15.57419490814209,
        0.3383042514324188
      ],
      "reward_shaping": null,
      "score": null,
      "step": 10,
      "team0_centroid": [
        0.34781956672668457,
        0.5782137364149094
      ],
      "team0_step_reward": 1.979200005531311,
      "team1_centroid": [
        5.686692535877228,
        1.0425758957862854
      ],
      "team1_step_reward": -2.0,
      "winner": null
    }
  ],
  "steps": 11,
  "tail_trace": [
    {
      "ball_pos": [
        2.152280330657959,
        2.3787736892700195
      ],
      "reward_shaping": null,
      "score": null,
      "step": 0,
      "team0_centroid": [
        -7.620614528656006,
        0.040329933166503906
      ],
      "team0_step_reward": 0.0,
      "team1_centroid": [
        10.779211521148682,
        0.08779162168502808
      ],
      "team1_step_reward": 0.0,
      "winner": null
    },
    {
      "ball_pos": [
        2.152280330657959,
        2.3787736892700195
      ],
      "reward_shaping": null,
      "score": null,
      "step": 1,
      "team0_centroid": [
        -7.325170516967773,
        0.1732768416404724
      ],
      "team0_step_reward": 0.0,
      "team1_centroid": [
        9.858137607574463,
        0.15223437547683716
      ],
      "team1_step_reward": 0.0,
      "winner": null
    },
    {
      "ball_pos": [
        2.152280330657959,
        2.3787736892700195
      ],
      "reward_shaping": null,
      "score": null,
      "step": 2,
      "team0_centroid": [
        -6.65251898765564,
        0.45437735319137573
      ],
      "team0_step_reward": 0.0,
      "team1_centroid": [
        8.795511484146118,
        0.2459673285484314
      ],
      "team1_step_reward": 0.0,
      "winner": null
    },
    {
      "ball_pos": [
        2.152280330657959,
        2.3787736892700195
      ],
      "reward_shaping": null,
      "score": null,
      "step": 3,
      "team0_centroid": [
        -5.608760118484497,
        0.6902633011341095
      ],
      "team0_step_reward": 0.0,
      "team1_centroid": [
        7.668767690658569,
        0.5377253293991089
      ],
      "team1_step_reward": 0.0,
      "winner": null
    },
    {
      "ball_pos": [
        0.9057835936546326,
        2.180039882659912
      ],
      "reward_shaping": null,
      "score": null,
      "step": 4,
      "team0_centroid": [
        -4.1892595291137695,
        0.8640367314219475
      ],
      "team0_step_reward": 0.0,
      "team1_centroid": [
        6.715009570121765,
        0.7051370739936829
      ],
      "team1_step_reward": 0.0,
      "winner": null
    },
    {
      "ball_pos": [
        3.4077327251434326,
        2.398775815963745
      ],
      "reward_shaping": null,
      "score": null,
      "step": 5,
      "team0_centroid": [
        -2.740688145160675,
        0.9356044009327888
      ],
      "team0_step_reward": 0.0,
      "team1_centroid": [
        5.993480801582336,
        0.6014496684074402
      ],
      "team1_step_reward": 0.0,
      "winner": null
    },
    {
      "ball_pos": [
        10.885855674743652,
        3.6253581047058105
      ],
      "reward_shaping": null,
      "score": null,
      "step": 6,
      "team0_centroid": [
        -1.505313217639923,
        0.8934740945696831
      ],
      "team0_step_reward": 0.0,
      "team1_centroid": [
        5.609869301319122,
        0.6115372180938721
      ],
      "team1_step_reward": 0.0,
      "winner": null
    },
    {
      "ball_pos": [
        13.493072509765625,
        2.4680380821228027
      ],
      "reward_shaping": null,
      "score": null,
      "step": 7,
      "team0_centroid": [
        -0.6542818546295166,
        0.7743892297148705
      ],
      "team0_step_reward": 0.0,
      "team1_centroid": [
        5.549787610769272,
        0.8894577622413635
      ],
      "team1_step_reward": 0.0,
      "winner": null
    },
    {
      "ball_pos": [
        11.929545402526855,
        -0.6667256951332092
      ],
      "reward_shaping": null,
      "score": null,
      "step": 8,
      "team0_centroid": [
        -0.10825693607330322,
        0.7481385767459869
      ],
      "team0_step_reward": 0.0,
      "team1_centroid": [
        5.539496093988419,
        1.1065210700035095
      ],
      "team1_step_reward": 0.0,
      "winner": null
    },
    {
      "ball_pos": [
        15.286681175231934,
        0.21421104669570923
      ],
      "reward_shaping": null,
      "score": null,
      "step": 9,
      "team0_centroid": [
        0.2839176654815674,
        0.6195087134838104
      ],
      "team0_step_reward": 0.0,
      "team1_centroid": [
        5.63952311873436,
        1.0624061226844788
      ],
      "team1_step_reward": 0.0,
      "winner": null
    },
    {
      "ball_pos": [
        15.57419490814209,
        0.3383042514324188
      ],
      "reward_shaping": null,
      "score": null,
      "step": 10,
      "team0_centroid": [
        0.34781956672668457,
        0.5782137364149094
      ],
      "team0_step_reward": 1.979200005531311,
      "team1_centroid": [
        5.686692535877228,
        1.0425758957862854
      ],
      "team1_step_reward": -2.0,
      "winner": null
    }
  ],
  "team0_module": "ceia_baseline_agent",
  "team1_module": "ceia_baseline_agent"
}