{
  "classification": {
    "labels": [
      "unclear_loss"
    ],
    "primary_label": "unclear_loss"
  },
  "cumulative_team0_reward": -2.0,
  "cumulative_team1_reward": 1.9788000583648682,
  "episode_index": 227,
  "final_score": null,
  "final_team0_step_reward": -2.0,
  "final_team1_step_reward": 1.9788000583648682,
  "final_winner": null,
  "metrics": {
    "mean_ball_x": 6.526296858083118,
    "tail_mean_ball_x": 6.526296858083118,
    "team0_possession_ratio": null,
    "team0_progress_toward_goal": 0.0,
    "team0_shaping_reward_sum": 0.0,
    "team1_possession_ratio": null,
    "team1_progress_toward_goal": 0.0,
    "team1_shaping_reward_sum": 0.0
  },
  "outcome": "team1_win",
  "sampled_trace": [
    {
      "ball_pos": [
        -0.14674410223960876,
        -1.7056517601013184
      ],
      "reward_shaping": null,
      "score": null,
      "step": 0,
      "team0_centroid": [
        9.935477018356323,
        0.00383758544921875
      ],
      "team0_step_reward": 0.0,
      "team1_centroid": [
        -8.755089521408081,
        -0.12243503332138062
      ],
      "team1_step_reward": 0.0,
      "winner": null
    },
    {
      "ball_pos": [
        15.511222839355469,
        0.717627763748169
      ],
      "reward_shaping": null,
      "score": null,
      "step": 10,
      "team0_centroid": [
        5.9666473269462585,
        -1.3847021607216448
      ],
      "team0_step_reward": -2.0,
      "team1_centroid": [
        -0.34275126457214355,
        1.1550222635269165
      ],
      "team1_step_reward": 1.9788000583648682,
      "winner": null
    }
  ],
  "steps": 11,
  "tail_trace": [
    {
      "ball_pos": [
        -0.14674410223960876,
        -1.7056517601013184
      ],
      "reward_shaping": null,
      "score": null,
      "step": 0,
      "team0_centroid": [
        9.935477018356323,
        0.00383758544921875
      ],
      "team0_step_reward": 0.0,
      "team1_centroid": [
        -8.755089521408081,
        -0.12243503332138062
      ],
      "team1_step_reward": 0.0,
      "winner": null
    },
    {
      "ball_pos": [
        -0.14674417674541473,
        -1.7056517601013184
      ],
      "reward_shaping": null,
      "score": null,
      "step": 1,
      "team0_centroid": [
        9.289174318313599,
        -0.06750202178955078
      ],
      "team0_step_reward": 0.0,
      "team1_centroid": [
        -8.184114217758179,
        -0.31787899136543274
      ],
      "team1_step_reward": 0.0,
      "winner": null
    },
    {
      "ball_pos": [
        -0.1467442661523819,
        -1.7056517601013184
      ],
      "reward_shaping": null,
      "score": null,
      "step": 2,
      "team0_centroid": [
        8.870233535766602,
        -0.31051206588745117
      ],
      "team0_step_reward": 0.0,
      "team1_centroid": [
        -7.112443208694458,
        -0.49761441349983215
      ],
      "team1_step_reward": 0.0,
      "winner": null
    },
    {
      "ball_pos": [
        -0.14674441516399384,
        -1.7056517601013184
      ],
      "reward_shaping": null,
      "score": null,
      "step": 3,
      "team0_centroid": [
        8.364384412765503,
        -0.6396280229091644
      ],
      "team0_step_reward": 0.0,
      "team1_centroid": [
        -6.030890464782715,
        -0.5847562253475189
      ],
      "team1_step_reward": 0.0,
      "winner": null
    },
    {
      "ball_pos": [
        3.0037362575531006,
        -1.2541027069091797
      ],
      "reward_shaping": null,
      "score": null,
      "step": 4,
      "team0_centroid": [
        7.8683648109436035,
        -0.9197887778282166
      ],
      "team0_step_reward": 0.0,
      "team1_centroid": [
        -5.044238641858101,
        -0.529933750629425
      ],
      "team1_step_reward": 0.0,
      "winner": null
    },
    {
      "ball_pos": [
        6.012007713317871,
        -0.7820498943328857
      ],
      "reward_shaping": null,
      "score": null,
      "step": 5,
      "team0_centroid": [
        7.572593688964844,
        -1.2534383907914162
      ],
      "team0_step_reward": 0.0,
      "team1_centroid": [
        -4.1746644377708435,
        -0.28657734394073486
      ],
      "team1_step_reward": 0.0,
      "winner": null
    },
    {
      "ball_pos": [
        8.682806015014648,
        -0.3629366159439087
      ],
      "reward_shaping": null,
      "score": null,
      "step": 6,
      "team0_centroid": [
        7.117886662483215,
        -1.561856985092163
      ],
      "team0_step_reward": 0.0,
      "team1_centroid": [
        -3.2699689865112305,
        0.09054815769195557
      ],
      "team1_step_reward": 0.0,
      "winner": null
    },
    {
      "ball_pos": [
        11.04855728149414,
        0.008307576179504395
      ],
      "reward_shaping": null,
      "score": null,
      "step": 7,
      "team0_centroid": [
        6.778521656990051,
        -1.5836405083537102
      ],
      "team0_step_reward": 0.0,
      "team1_centroid": [
        -2.5407450199127197,
        0.27577823400497437
      ],
      "team1_step_reward": 0.0,
      "winner": null
    },
    {
      "ball_pos": [
        13.138571739196777,
        0.3362816274166107
      ],
      "reward_shaping": null,
      "score": null,
      "step": 8,
      "team0_centroid": [
        6.352413177490234,
        -1.5269567631185055
      ],
      "team0_step_reward": 0.0,
      "team1_centroid": [
        -1.566802740097046,
        0.5709300637245178
      ],
      "team1_step_reward": 0.0,
      "winner": null
    },
    {
      "ball_pos": [
        14.979340553283691,
        0.6251431703567505
      ],
      "reward_shaping": null,
      "score": null,
      "step": 9,
      "team0_centroid": [
        6.011224031448364,
        -1.4174581789411604
      ],
      "team0_step_reward": 0.0,
      "team1_centroid": [
        -0.6532037258148193,
        0.9658271074295044
      ],
      "team1_step_reward": 0.0,
      "winner": null
    },
    {
      "ball_pos": [
        15.511222839355469,
        0.717627763748169
      ],
      "reward_shaping": null,
      "score": null,
      "step": 10,
      "team0_centroid": [
        5.9666473269462585,
        -1.3847021607216448
      ],
      "team0_step_reward": -2.0,
      "team1_centroid": [
        -0.34275126457214355,
        1.1550222635269165
      ],
      "team1_step_reward": 1.9788000583648682,
      "winner": null
    }
  ],
  "team0_module": "ceia_baseline_agent",
  "team1_module": "ceia_baseline_agent"
}