{
  "classification": {
    "labels": [
      "win"
    ],
    "primary_label": "win"
  },
  "cumulative_team0_reward": 1.9404000043869019,
  "cumulative_team1_reward": -2.0,
  "episode_index": 307,
  "final_score": null,
  "final_team0_step_reward": 1.9404000043869019,
  "final_team1_step_reward": -2.0,
  "final_winner": null,
  "metrics": {
    "mean_ball_x": -8.65179529984792,
    "tail_mean_ball_x": -8.65179529984792,
    "team0_possession_ratio": null,
    "team0_progress_toward_goal": 0.0,
    "team0_shaping_reward_sum": 0.0,
    "team1_possession_ratio": null,
    "team1_progress_toward_goal": 0.0,
    "team1_shaping_reward_sum": 0.0
  },
  "outcome": "team0_win",
  "sampled_trace": [
    {
      "ball_pos": [
        -1.1494932174682617,
        -2.3565568923950195
      ],
      "reward_shaping": null,
      "score": null,
      "step": 0,
      "team0_centroid": [
        8.73900556564331,
        0.03630167245864868
      ],
      "team0_step_reward": 0.0,
      "team1_centroid": [
        -8.748836517333984,
        -0.06634396314620972
      ],
      "team1_step_reward": 0.0,
      "winner": null
    },
    {
      "ball_pos": [
        -6.609820365905762,
        -6.135322570800781
      ],
      "reward_shaping": null,
      "score": null,
      "step": 10,
      "team0_centroid": [
        4.2348092794418335,
        -3.9971967935562134
      ],
      "team0_step_reward": 0.0,
      "team1_centroid": [
        -6.126723527908325,
        -2.028416521847248
      ],
      "team1_step_reward": 0.0,
      "winner": null
    },
    {
      "ball_pos": [
        -12.56144905090332,
        -0.12412324547767639
      ],
      "reward_shaping": null,
      "score": null,
      "step": 20,
      "team0_centroid": [
        2.5348594188690186,
        -5.618139266967773
      ],
      "team0_step_reward": 0.0,
      "team1_centroid": [
        -9.690950870513916,
        -1.8024512454867363
      ],
      "team1_step_reward": 0.0,
      "winner": null
    }
  ],
  "steps": 30,
  "tail_trace": [
    {
      "ball_pos": [
        -1.1494932174682617,
        -2.3565568923950195
      ],
      "reward_shaping": null,
      "score": null,
      "step": 0,
      "team0_centroid": [
        8.73900556564331,
        0.03630167245864868
      ],
      "team0_step_reward": 0.0,
      "team1_centroid": [
        -8.748836517333984,
        -0.06634396314620972
      ],
      "team1_step_reward": 0.0,
      "winner": null
    },
    {
      "ball_pos": [
        -1.1494932174682617,
        -2.3565568923950195
      ],
      "reward_shaping": null,
      "score": null,
      "step": 1,
      "team0_centroid": [
        8.138351202011108,
        0.0007769465446472168
      ],
      "team0_step_reward": 0.0,
      "team1_centroid": [
        -7.89845609664917,
        -0.1808319389820099
      ],
      "team1_step_reward": 0.0,
      "winner": null
    },
    {
      "ball_pos": [
        -1.1494932174682617,
        -2.3565568923950195
      ],
      "reward_shaping": null,
      "score": null,
      "step": 2,
      "team0_centroid": [
        7.5408453941345215,
        -0.14876288175582886
      ],
      "team0_step_reward": 0.0,
      "team1_centroid": [
        -6.990234136581421,
        -0.27369415760040283
      ],
      "team1_step_reward": 0.0,
      "winner": null
    },
    {
      "ball_pos": [
        -1.1494932174682617,
        -2.3565568923950195
      ],
      "reward_shaping": null,
      "score": null,
      "step": 3,
      "team0_centroid": [
        6.8503429889678955,
        -0.4395637810230255
      ],
      "team0_step_reward": 0.0,
      "team1_centroid": [
        -6.351232290267944,
        -0.48847027122974396
      ],
      "team1_step_reward": 0.0,
      "winner": null
    },
    {
      "ball_pos": [
        -1.1494932174682617,
        -2.3565568923950195
      ],
      "reward_shaping": null,
      "score": null,
      "step": 4,
      "team0_centroid": [
        6.187003247439861,
        -0.866680771112442
      ],
      "team0_step_reward": 0.0,
      "team1_centroid": [
        -5.665371656417847,
        -0.8058579377830029
      ],
      "team1_step_reward": 0.0,
      "winner": null
    },
    {
      "ball_pos": [
        -2.0343971252441406,
        -3.6526987552642822
      ],
      "reward_shaping": null,
      "score": null,
      "step": 5,
      "team0_centroid": [
        5.466767966747284,
        -1.3922965824604034
      ],
      "team0_step_reward": 0.0,
      "team1_centroid": [
        -5.266757965087891,
        -1.0800865590572357
      ],
      "team1_step_reward": 0.0,
      "winner": null
    },
    {
      "ball_pos": [
        -3.3481342792510986,
        -5.9912638664245605
      ],
      "reward_shaping": null,
      "score": null,
      "step": 6,
      "team0_centroid": [
        4.850481986999512,
        -1.9249699115753174
      ],
      "team0_step_reward": 0.0,
      "team1_centroid": [
        -4.844362735748291,
        -1.3717598170042038
      ],
      "team1_step_reward": 0.0,
      "winner": null
    },
    {
      "ball_pos": [
        -4.209326267242432,
        -6.645196914672852
      ],
      "reward_shaping": null,
      "score": null,
      "step": 7,
      "team0_centroid": [
        4.439222574234009,
        -2.4760865569114685
      ],
      "team0_step_reward": 0.0,
      "team1_centroid": [
        -4.624648571014404,
        -1.7039027214050293
      ],
      "team1_step_reward": 0.0,
      "winner": null
    },
    {
      "ball_pos": [
        -4.577622890472412,
        -5.2335381507873535
      ],
      "reward_shaping": null,
      "score": null,
      "step": 8,
      "team0_centroid": [
        4.36691427230835,
        -2.977832078933716
      ],
      "team0_step_reward": 0.0,
      "team1_centroid": [
        -4.813684940338135,
        -1.864427000284195
      ],
      "team1_step_reward": 0.0,
      "winner": null
    },
    {
      "ball_pos": [
        -5.344431400299072,
        -4.9933180809021
      ],
      "reward_shaping": null,
      "score": null,
      "step": 9,
      "team0_centroid": [
        4.317843556404114,
        -3.4963440895080566
      ],
      "team0_step_reward": 0.0,
      "team1_centroid": [
        -5.415375471115112,
        -1.9792206585407257
      ],
      "team1_step_reward": 0.0,
      "winner": null
    },
    {
      "ball_pos": [
        -6.609820365905762,
        -6.135322570800781
      ],
      "reward_shaping": null,
      "score": null,
      "step": 10,
      "team0_centroid": [
        4.2348092794418335,
        -3.9971967935562134
      ],
      "team0_step_reward": 0.0,
      "team1_centroid": [
        -6.126723527908325,
        -2.028416521847248
      ],
      "team1_step_reward": 0.0,
      "winner": null
    },
    {
      "ball_pos": [
        -7.660660266876221,
        -6.792696952819824
      ],
      "reward_shaping": null,
      "score": null,
      "step": 11,
      "team0_centroid": [
        3.870113968849182,
        -4.479230165481567
      ],
      "team0_step_reward": 0.0,
      "team1_centroid": [
        -6.863291501998901,
        -2.095417156815529
      ],
      "team1_step_reward": 0.0,
      "winner": null
    },
    {
      "ball_pos": [
        -8.238430976867676,
        -6.148637771606445
      ],
      "reward_shaping": null,
      "score": null,
      "step": 12,
      "team0_centroid": [
        3.6894521713256836,
        -5.028545618057251
      ],
      "team0_step_reward": 0.0,
      "team1_centroid": [
        -7.704280853271484,
        -2.3361579328775406
      ],
      "team1_step_reward": 0.0,
      "winner": null
    },
    {
      "ball_pos": [
        -8.729327201843262,
        -5.604210376739502
      ],
      "reward_shaping": null,
      "score": null,
      "step": 13,
      "team0_centroid": [
        3.684390068054199,
        -5.660691261291504
      ],
      "team0_step_reward": 0.0,