{
  "classification": {
    "labels": [
      "win"
    ],
    "primary_label": "win"
  },
  "cumulative_team0_reward": 1.9531999826431274,
  "cumulative_team1_reward": -2.0,
  "episode_index": 153,
  "final_score": null,
  "final_team0_step_reward": 1.9531999826431274,
  "final_team1_step_reward": -2.0,
  "final_winner": null,
  "metrics": {
    "mean_ball_x": -9.711583783229193,
    "tail_mean_ball_x": -9.711583783229193,
    "team0_possession_ratio": null,
    "team0_progress_toward_goal": 0.0,
    "team0_shaping_reward_sum": 0.0,
    "team1_possession_ratio": null,
    "team1_progress_toward_goal": 0.0,
    "team1_shaping_reward_sum": 0.0
  },
  "outcome": "team0_win",
  "sampled_trace": [
    {
      "ball_pos": [
        1.2439936399459839,
        -0.7337965965270996
      ],
      "reward_shaping": null,
      "score": null,
      "step": 0,
      "team0_centroid": [
        5.745282411575317,
        -0.005309641361236572
      ],
      "team0_step_reward": 0.0,
      "team1_centroid": [
        -8.54832911491394,
        -0.10898327827453613
      ],
      "team1_step_reward": 0.0,
      "winner": null
    },
    {
      "ball_pos": [
        -10.864216804504395,
        4.8132476806640625
      ],
      "reward_shaping": null,
      "score": null,
      "step": 10,
      "team0_centroid": [
        -3.559578061103821,
        0.6805395483970642
      ],
      "team0_step_reward": 0.0,
      "team1_centroid": [
        -2.184207856655121,
        -1.3888356983661652
      ],
      "team1_step_reward": 0.0,
      "winner": null
    },
    {
      "ball_pos": [
        -14.297042846679688,
        1.60761296749115
      ],
      "reward_shaping": null,
      "score": null,
      "step": 20,
      "team0_centroid": [
        -6.512214057147503,
        0.3233409523963928
      ],
      "team0_step_reward": 0.0,
      "team1_centroid": [
        -4.3789805471897125,
        -1.9204928278923035
      ],
      "team1_step_reward": 0.0,
      "winner": null
    }
  ],
  "steps": 24,
  "tail_trace": [
    {
      "ball_pos": [
        1.2439936399459839,
        -0.7337965965270996
      ],
      "reward_shaping": null,
      "score": null,
      "step": 0,
      "team0_centroid": [
        5.745282411575317,
        -0.005309641361236572
      ],
      "team0_step_reward": 0.0,
      "team1_centroid": [
        -8.54832911491394,
        -0.10898327827453613
      ],
      "team1_step_reward": 0.0,
      "winner": null
    },
    {
      "ball_pos": [
        1.2439936399459839,
        -0.7337965965270996
      ],
      "reward_shaping": null,
      "score": null,
      "step": 1,
      "team0_centroid": [
        5.158274531364441,
        -0.017705857753753662
      ],
      "team0_step_reward": 0.0,
      "team1_centroid": [
        -7.7131335735321045,
        -0.27474352717399597
      ],
      "team1_step_reward": 0.0,
      "winner": null
    },
    {
      "ball_pos": [
        -1.0006184577941895,
        0.9148329496383667
      ],
      "reward_shaping": null,
      "score": null,
      "step": 2,
      "team0_centroid": [
        4.130004107952118,
        -0.0772942304611206
      ],
      "team0_step_reward": 0.0,
      "team1_centroid": [
        -6.297051191329956,
        -0.4472189247608185
      ],
      "team1_step_reward": 0.0,
      "winner": null
    },
    {
      "ball_pos": [
        -3.067707061767578,
        2.5976901054382324
      ],
      "reward_shaping": null,
      "score": null,
      "step": 3,
      "team0_centroid": [
        2.828562945127487,
        -0.03539818525314331
      ],
      "team0_step_reward": 0.0,
      "team1_centroid": [
        -4.7025439739227295,
        -0.5084448307752609
      ],
      "team1_step_reward": 0.0,
      "winner": null
    },
    {
      "ball_pos": [
        -4.898162364959717,
        4.087910175323486
      ],
      "reward_shaping": null,
      "score": null,
      "step": 4,
      "team0_centroid": [
        1.4800301790237427,
        0.1493462324142456
      ],
      "team0_step_reward": 0.0,
      "team1_centroid": [
        -3.1356394290924072,
        -0.4304899275302887
      ],
      "team1_step_reward": 0.0,
      "winner": null
    },
    {
      "ball_pos": [
        -6.514725208282471,
        5.403995037078857
      ],
      "reward_shaping": null,
      "score": null,
      "step": 5,
      "team0_centroid": [
        0.2975512742996216,
        0.3695773184299469
      ],
      "team0_step_reward": 0.0,
      "team1_centroid": [
        -2.028570771217346,
        -0.3423924148082733
      ],
      "team1_step_reward": 0.0,
      "winner": null
    },
    {
      "ball_pos": [
        -7.937946796417236,
        6.5626749992370605
      ],
      "reward_shaping": null,
      "score": null,
      "step": 6,
      "team0_centroid": [
        -0.49929285049438477,
        0.4157485365867615
      ],
      "team0_step_reward": 0.0,
      "team1_centroid": [
        -1.6683614552021027,
        -0.4576722979545593
      ],
      "team1_step_reward": 0.0,
      "winner": null
    },
    {
      "ball_pos": [
        -8.967079162597656,
        6.510343074798584
      ],
      "reward_shaping": null,
      "score": null,
      "step": 7,
      "team0_centroid": [
        -1.353145956993103,
        0.5046398043632507
      ],
      "team0_step_reward": 0.0,
      "team1_centroid": [
        -1.7802894115447998,
        -0.7387054264545441
      ],
      "team1_step_reward": 0.0,
      "winner": null
    },
    {
      "ball_pos": [
        -9.702698707580566,
        5.85107421875
      ],
      "reward_shaping": null,
      "score": null,
      "step": 8,
      "team0_centroid": [
        -2.3334450721740723,
        0.6265853643417358
      ],
      "team0_step_reward": 0.0,
      "team1_centroid": [
        -1.9662242531776428,
        -0.9869310110807419
      ],
      "team1_step_reward": 0.0,
      "winner": null
    },
    {
      "ball_pos": [
        -10.331966400146484,
        5.288812637329102
      ],
      "reward_shaping": null,
      "score": null,
      "step": 9,
      "team0_centroid": [
        -3.0877243280410767,
        0.6955981850624084
      ],
      "team0_step_reward": 0.0,
      "team1_centroid": [
        -2.0304607152938843,
        -1.135435700416565
      ],
      "team1_step_reward": 0.0,
      "winner": null
    },
    {
      "ball_pos": [
        -10.864216804504395,
        4.8132476806640625
      ],
      "reward_shaping": null,
      "score": null,
      "step": 10,
      "team0_centroid": [
        -3.559578061103821,
        0.6805395483970642
      ],
      "team0_step_reward": 0.0,
      "team1_centroid": [
        -2.184207856655121,
        -1.3888356983661652
      ],
      "team1_step_reward": 0.0,
      "winner": null
    },
    {
      "ball_pos": [
        -11.30876636505127,
        4.416042327880859
      ],
      "reward_shaping": null,
      "score": null,
      "step": 11,
      "team0_centroid": [
        -3.7215638160705566,
        0.7566401958465576
      ],
      "team0_step_reward": 0.0,
      "team1_centroid": [
        -2.276040732860565,
        -1.569986343383789
      ],
      "team1_step_reward": 0.0,
      "winner": null
    },
    {
      "ball_pos": [
        -11.68366813659668,
        4.0810675621032715
      ],
      "reward_shaping": null,
      "score": null,
      "step": 12,
      "team0_centroid": [
        -3.740583896636963,
        0.9569557905197144
      ],
      "team0_step_reward": 0.0,
      "team1_centroid": [
        -2.2884130477905273,
        -1.5645905137062073
      ],
      "team1_step_reward": 0.0,
      "winner": null
    },
    {
      "ball_pos": [
        -12.02112102508545,
        3.7795534133911133
      ],
      "reward_shaping": null,
      "score": null,
      "step": 13,
      "team0_centroid": [
        -3.85305392742157,
        1.114171028137207
      ],
      "team0_step_reward": 0.0,