{
  "classification": {
    "labels": [
      "unclear_loss"
    ],
    "primary_label": "unclear_loss"
  },
  "cumulative_team0_reward": -2.0,
  "cumulative_team1_reward": 1.9248000383377075,
  "episode_index": 143,
  "final_score": null,
  "final_team0_step_reward": -2.0,
  "final_team1_step_reward": 1.9248000383377075,
  "final_winner": null,
  "metrics": {
    "mean_ball_x": 8.85858882257813,
    "tail_mean_ball_x": 10.54775538444519,
    "team0_possession_ratio": null,
    "team0_progress_toward_goal": 0.0,
    "team0_shaping_reward_sum": 0.0,
    "team1_possession_ratio": null,
    "team1_progress_toward_goal": 0.0,
    "team1_shaping_reward_sum": 0.0
  },
  "outcome": "team1_win",
  "sampled_trace": [
    {
      "ball_pos": [
        -2.1265792846679688,
        0.8525842428207397
      ],
      "reward_shaping": null,
      "score": null,
      "step": 0,
      "team0_centroid": [
        8.804458141326904,
        0.06611239910125732
      ],
      "team0_step_reward": 0.0,
      "team1_centroid": [
        -5.590384483337402,
        0.06508529186248779
      ],
      "team1_step_reward": 0.0,
      "winner": null
    },
    {
      "ball_pos": [
        12.582062721252441,
        -5.879060745239258
      ],
      "reward_shaping": null,
      "score": null,
      "step": 10,
      "team0_centroid": [
        4.832890212535858,
        -1.851703681051731
      ],
      "team0_step_reward": 0.0,
      "team1_centroid": [
        -3.9838249683380127,
        0.08375918865203857
      ],
      "team1_step_reward": 0.0,
      "winner": null
    },
    {
      "ball_pos": [
        8.464485168457031,
        -1.5893888473510742
      ],
      "reward_shaping": null,
      "score": null,
      "step": 20,
      "team0_centroid": [
        6.463576532900333,
        -3.0821589827537537
      ],
      "team0_step_reward": 0.0,
      "team1_centroid": [
        -4.076178312301636,
        2.112100839614868
      ],
      "team1_step_reward": 0.0,
      "winner": null
    },
    {
      "ball_pos": [
        10.981189727783203,
        4.065697193145752
      ],
      "reward_shaping": null,
      "score": null,
      "step": 30,
      "team0_centroid": [
        0.6119005680084229,
        -2.0692132711410522
      ],
      "team0_step_reward": 0.0,
      "team1_centroid": [
        -1.032437801361084,
        4.513953447341919
      ],
      "team1_step_reward": 0.0,
      "winner": null
    }
  ],
  "steps": 38,
  "tail_trace": [
    {
      "ball_pos": [
        11.99612808227539,
        -5.785336971282959
      ],
      "reward_shaping": null,
      "score": null,
      "step": 8,
      "team0_centroid": [
        5.350160166621208,
        -1.1977028846740723
      ],
      "team0_step_reward": 0.0,
      "team1_centroid": [
        -3.654563009738922,
        0.3155337870121002
      ],
      "team1_step_reward": 0.0,
      "winner": null
    },
    {
      "ball_pos": [
        13.67191219329834,
        -6.618072032928467
      ],
      "reward_shaping": null,
      "score": null,
      "step": 9,
      "team0_centroid": [
        5.032722055912018,
        -1.515365868806839
      ],
      "team0_step_reward": 0.0,
      "team1_centroid": [
        -3.869781732559204,
        0.23463302850723267
      ],
      "team1_step_reward": 0.0,
      "winner": null
    },
    {
      "ball_pos": [
        12.582062721252441,
        -5.879060745239258
      ],
      "reward_shaping": null,
      "score": null,
      "step": 10,
      "team0_centroid": [
        4.832890212535858,
        -1.851703681051731
      ],
      "team0_step_reward": 0.0,
      "team1_centroid": [
        -3.9838249683380127,
        0.08375918865203857
      ],
      "team1_step_reward": 0.0,
      "winner": null
    },
    {
      "ball_pos": [
        11.669318199157715,
        -5.246764183044434
      ],
      "reward_shaping": null,
      "score": null,
      "step": 11,
      "team0_centroid": [
        4.985358238220215,
        -2.2111423686146736
      ],
      "team0_step_reward": 0.0,
      "team1_centroid": [
        -3.959131360054016,
        -0.03879344463348389
      ],
      "team1_step_reward": 0.0,
      "winner": null
    },
    {
      "ball_pos": [
        11.603388786315918,
        -6.629793643951416
      ],
      "reward_shaping": null,
      "score": null,
      "step": 12,
      "team0_centroid": [
        5.278801321983337,
        -2.4501123279333115
      ],
      "team0_step_reward": 0.0,
      "team1_centroid": [
        -3.928228259086609,
        -0.2747284173965454
      ],
      "team1_step_reward": 0.0,
      "winner": null
    },
    {
      "ball_pos": [
        11.633322715759277,
        -6.129220008850098
      ],
      "reward_shaping": null,
      "score": null,
      "step": 13,
      "team0_centroid": [
        5.502492725849152,
        -2.6081143766641617
      ],
      "team0_step_reward": 0.0,
      "team1_centroid": [
        -3.86983859539032,
        -0.32652366161346436
      ],
      "team1_step_reward": 0.0,
      "winner": null
    },
    {
      "ball_pos": [
        11.601387977600098,
        -6.761653423309326
      ],
      "reward_shaping": null,
      "score": null,
      "step": 14,
      "team0_centroid": [
        5.686293765902519,
        -2.72888470441103
      ],
      "team0_step_reward": 0.0,
      "team1_centroid": [
        -3.4979676008224487,
        -0.14119601249694824
      ],
      "team1_step_reward": 0.0,
      "winner": null
    },
    {
      "ball_pos": [
        10.724065780639648,
        -7.155496597290039
      ],
      "reward_shaping": null,
      "score": null,
      "step": 15,
      "team0_centroid": [
        5.87964828312397,
        -2.9217165261507034
      ],
      "team0_step_reward": 0.0,
      "team1_centroid": [
        -2.763141840696335,
        0.1636521816253662
      ],
      "team1_step_reward": 0.0,
      "winner": null
    },
    {
      "ball_pos": [
        10.132218360900879,
        -5.705178737640381
      ],
      "reward_shaping": null,
      "score": null,
      "step": 16,
      "team0_centroid": [
        6.0735605508089066,
        -3.1666700541973114
      ],
      "team0_step_reward": 0.0,
      "team1_centroid": [
        -2.3164525032043457,
        0.5995234251022339
      ],
      "team1_step_reward": 0.0,
      "winner": null
    },
    {
      "ball_pos": [
        9.620243072509766,
        -4.441596984863281
      ],
      "reward_shaping": null,
      "score": null,
      "step": 17,
      "team0_centroid": [
        6.194580256938934,
        -3.2923055291175842
      ],
      "team0_step_reward": 0.0,
      "team1_centroid": [
        -2.654408812522888,
        1.0686304569244385
      ],
      "team1_step_reward": 0.0,
      "winner": null
    },
    {
      "ball_pos": [
        9.175835609436035,
        -3.344876766204834
      ],
      "reward_shaping": null,
      "score": null,
      "step": 18,
      "team0_centroid": [
        6.2345569133758545,
        -3.2546616792678833
      ],
      "team0_step_reward": 0.0,
      "team1_centroid": [
        -3.197717308998108,
        1.4309169054031372
      ],
      "team1_step_reward": 0.0,
      "winner": null
    },
    {
      "ball_pos": [
        8.792540550231934,
        -2.398970603942871
      ],
      "reward_shaping": null,
      "score": null,
      "step": 19,
      "team0_centroid": [
        6.24197905510664,
        -3.183859884738922
      ],
      "team0_step_reward": 0.0,
      "team1_centroid": [
        -3.8039848804473877,
        1.7543920278549194
      ],
      "team1_step_reward": 0.0,
      "winner": null
    },
    {
      "ball_pos": [
        8.464485168457031,
        -1.5893888473510742
      ],
      "reward_shaping": null,
      "score": null,
      "step": 20,
      "team0_centroid": [
        6.463576532900333,
        -3.0821589827537537
      ],
      "team0_step_reward": 0.0,