{
  "classification": {
    "labels": [
      "unclear_loss"
    ],
    "primary_label": "unclear_loss"
  },
  "cumulative_team0_reward": -2.0,
  "cumulative_team1_reward": 1.9515999555587769,
  "episode_index": 291,
  "final_score": null,
  "final_team0_step_reward": -2.0,
  "final_team1_step_reward": 1.9515999555587769,
  "final_winner": null,
  "metrics": {
    "mean_ball_x": 7.782695767780145,
    "tail_mean_ball_x": 7.782695767780145,
    "team0_possession_ratio": null,
    "team0_progress_toward_goal": 0.0,
    "team0_shaping_reward_sum": 0.0,
    "team1_possession_ratio": null,
    "team1_progress_toward_goal": 0.0,
    "team1_shaping_reward_sum": 0.0
  },
  "outcome": "team1_win",
  "sampled_trace": [
    {
      "ball_pos": [
        -0.5146786570549011,
        -1.6215581893920898
      ],
      "reward_shaping": null,
      "score": null,
      "step": 0,
      "team0_centroid": [
        7.522617340087891,
        0.036362648010253906
      ],
      "team0_step_reward": 0.0,
      "team1_centroid": [
        -4.998810887336731,
        0.037979304790496826
      ],
      "team1_step_reward": 0.0,
      "winner": null
    },
    {
      "ball_pos": [
        8.3623685836792,
        -4.816629409790039
      ],
      "reward_shaping": null,
      "score": null,
      "step": 10,
      "team0_centroid": [
        -3.4799633026123047,
        -1.0708888471126556
      ],
      "team0_step_reward": 0.0,
      "team1_centroid": [
        -3.386036992073059,
        -0.9170622825622559
      ],
      "team1_step_reward": 0.0,
      "winner": null
    },
    {
      "ball_pos": [
        11.474624633789062,
        -2.131518602371216
      ],
      "reward_shaping": null,
      "score": null,
      "step": 20,
      "team0_centroid": [
        -4.728654146194458,
        -2.715357184410095
      ],
      "team0_step_reward": 0.0,
      "team1_centroid": [
        4.919534265995026,
        -1.820476233959198
      ],
      "team1_step_reward": 0.0,
      "winner": null
    }
  ],
  "steps": 24,
  "tail_trace": [
    {
      "ball_pos": [
        -0.5146786570549011,
        -1.6215581893920898
      ],
      "reward_shaping": null,
      "score": null,
      "step": 0,
      "team0_centroid": [
        7.522617340087891,
        0.036362648010253906
      ],
      "team0_step_reward": 0.0,
      "team1_centroid": [
        -4.998810887336731,
        0.037979304790496826
      ],
      "team1_step_reward": 0.0,
      "winner": null
    },
    {
      "ball_pos": [
        -0.5146786570549011,
        -1.6215581893920898
      ],
      "reward_shaping": null,
      "score": null,
      "step": 1,
      "team0_centroid": [
        6.950059175491333,
        -0.016631364822387695
      ],
      "team0_step_reward": 0.0,
      "team1_centroid": [
        -4.088895797729492,
        0.1070241928100586
      ],
      "team1_step_reward": 0.0,
      "winner": null
    },
    {
      "ball_pos": [
        -0.24603766202926636,
        -1.7557544708251953
      ],
      "reward_shaping": null,
      "score": null,
      "step": 2,
      "team0_centroid": [
        5.89421272277832,
        -0.20427295565605164
      ],
      "team0_step_reward": 0.0,
      "team1_centroid": [
        -3.301722228527069,
        0.17760103940963745
      ],
      "team1_step_reward": 0.0,
      "winner": null
    },
    {
      "ball_pos": [
        1.6778514385223389,
        -3.341660976409912
      ],
      "reward_shaping": null,
      "score": null,
      "step": 3,
      "team0_centroid": [
        4.330511808395386,
        -0.4528684914112091
      ],
      "team0_step_reward": 0.0,
      "team1_centroid": [
        -3.0432874858379364,
        0.28614771366119385
      ],
      "team1_step_reward": 0.0,
      "winner": null
    },
    {
      "ball_pos": [
        3.3788506984710693,
        -4.744261264801025
      ],
      "reward_shaping": null,
      "score": null,
      "step": 4,
      "team0_centroid": [
        2.902884006500244,
        -0.5935209691524506
      ],
      "team0_step_reward": 0.0,
      "team1_centroid": [
        -3.2554988265037537,
        0.2497786283493042
      ],
      "team1_step_reward": 0.0,
      "winner": null
    },
    {
      "ball_pos": [
        4.878588676452637,
        -5.980909824371338
      ],
      "reward_shaping": null,
      "score": null,
      "step": 5,
      "team0_centroid": [
        1.3630215972661972,
        -0.6984613481909037
      ],
      "team0_step_reward": 0.0,
      "team1_centroid": [
        -3.2935826778411865,
        0.14474189281463623
      ],
      "team1_step_reward": 0.0,
      "winner": null
    },
    {
      "ball_pos": [
        6.196403503417969,
        -7.067548751831055
      ],
      "reward_shaping": null,
      "score": null,
      "step": 6,
      "team0_centroid": [
        -0.001857459545135498,
        -0.7417507395148277
      ],
      "team0_step_reward": 0.0,
      "team1_centroid": [
        -3.5042353868484497,
        -0.015862703323364258
      ],
      "team1_step_reward": 0.0,
      "winner": null
    },
    {
      "ball_pos": [
        6.891544818878174,
        -6.352267742156982
      ],
      "reward_shaping": null,
      "score": null,
      "step": 7,
      "team0_centroid": [
        -1.07317466288805,
        -0.7284998223185539
      ],
      "team0_step_reward": 0.0,
      "team1_centroid": [
        -3.726619243621826,
        -0.19570159912109375
      ],
      "team1_step_reward": 0.0,
      "winner": null
    },
    {
      "ball_pos": [
        7.4682230949401855,
        -5.750050067901611
      ],
      "reward_shaping": null,
      "score": null,
      "step": 8,
      "team0_centroid": [
        -1.7902266085147858,
        -0.7843727990984917
      ],
      "team0_step_reward": 0.0,
      "team1_centroid": [
        -4.111307144165039,
        -0.5044500827789307
      ],
      "team1_step_reward": 0.0,
      "winner": null
    },
    {
      "ball_pos": [
        7.955671310424805,
        -5.241190433502197
      ],
      "reward_shaping": null,
      "score": null,
      "step": 9,
      "team0_centroid": [
        -2.560345232486725,
        -0.8657551310025156
      ],
      "team0_step_reward": 0.0,
      "team1_centroid": [
        -4.010423898696899,
        -0.7338275909423828
      ],
      "team1_step_reward": 0.0,
      "winner": null
    },
    {
      "ball_pos": [
        8.3623685836792,
        -4.816629409790039
      ],
      "reward_shaping": null,
      "score": null,
      "step": 10,
      "team0_centroid": [
        -3.4799633026123047,
        -1.0708888471126556
      ],
      "team0_step_reward": 0.0,
      "team1_centroid": [
        -3.386036992073059,
        -0.9170622825622559
      ],
      "team1_step_reward": 0.0,
      "winner": null
    },
    {
      "ball_pos": [
        8.701784133911133,
        -4.462306022644043
      ],
      "reward_shaping": null,
      "score": null,
      "step": 11,
      "team0_centroid": [
        -3.770546317100525,
        -1.1597297489643097
      ],
      "team0_step_reward": 0.0,
      "team1_centroid": [
        -2.810016542673111,
        -1.2388908863067627
      ],
      "team1_step_reward": 0.0,
      "winner": null
    },
    {
      "ball_pos": [
        9.005463600158691,
        -4.145286560058594
      ],
      "reward_shaping": null,
      "score": null,
      "step": 12,
      "team0_centroid": [
        -3.9105418920516968,
        -1.1955743879079819
      ],
      "team0_step_reward": 0.0,
      "team1_centroid": [
        -2.4300462007522583,
        -1.5469145774841309
      ],
      "team1_step_reward": 0.0,
      "winner": null
    },
    {
      "ball_pos": [
        9.279791831970215,
        -3.8589086532592773
      ],
      "reward_shaping": null,
      "score": null,
      "step": 13,
      "team0_centroid": [
        -4.175798654556274,
        -1.1718569993972778
      ],
      "team0_step_reward": 0.0,