{
  "classification": {
    "labels": [
      "win"
    ],
    "primary_label": "win"
  },
  "cumulative_team0_reward": 1.923200011253357,
  "cumulative_team1_reward": -2.0,
  "episode_index": 404,
  "final_score": null,
  "final_team0_step_reward": 1.923200011253357,
  "final_team1_step_reward": -2.0,
  "final_winner": null,
  "metrics": {
    "mean_ball_x": 10.295927429046387,
    "tail_mean_ball_x": 12.97550597190857,
    "team0_possession_ratio": null,
    "team0_progress_toward_goal": 0.0,
    "team0_shaping_reward_sum": 0.0,
    "team1_possession_ratio": null,
    "team1_progress_toward_goal": 0.0,
    "team1_shaping_reward_sum": 0.0
  },
  "outcome": "team0_win",
  "sampled_trace": [
    {
      "ball_pos": [
        0.24909986555576324,
        1.6095852851867676
      ],
      "reward_shaping": null,
      "score": null,
      "step": 0,
      "team0_centroid": [
        -8.56501841545105,
        0.0525478720664978
      ],
      "team0_step_reward": 0.0,
      "team1_centroid": [
        10.450756549835205,
        -0.06804412603378296
      ],
      "team1_step_reward": 0.0,
      "winner": null
    },
    {
      "ball_pos": [
        8.054471969604492,
        5.465646743774414
      ],
      "reward_shaping": null,
      "score": null,
      "step": 10,
      "team0_centroid": [
        1.929134488105774,
        2.860015392303467
      ],
      "team0_step_reward": 0.0,
      "team1_centroid": [
        3.166777014732361,
        1.6473184823989868
      ],
      "team1_step_reward": 0.0,
      "winner": null
    },
    {
      "ball_pos": [
        13.389253616333008,
        5.6220197677612305
      ],
      "reward_shaping": null,
      "score": null,
      "step": 20,
      "team0_centroid": [
        5.541020631790161,
        4.773455619812012
      ],
      "team0_step_reward": 0.0,
      "team1_centroid": [
        5.52224338054657,
        0.5158430933952332
      ],
      "team1_step_reward": 0.0,
      "winner": null
    },
    {
      "ball_pos": [
        14.166933059692383,
        4.293779373168945
      ],
      "reward_shaping": null,
      "score": null,
      "step": 30,
      "team0_centroid": [
        7.747521877288818,
        3.853087902069092
      ],
      "team0_step_reward": 0.0,
      "team1_centroid": [
        4.7166116535663605,
        0.9568839073181152
      ],
      "team1_step_reward": 0.0,
      "winner": null
    }
  ],
  "steps": 39,
  "tail_trace": [
    {
      "ball_pos": [
        6.782290935516357,
        4.800155162811279
      ],
      "reward_shaping": null,
      "score": null,
      "step": 9,
      "team0_centroid": [
        1.3104921579360962,
        2.3328636288642883
      ],
      "team0_step_reward": 0.0,
      "team1_centroid": [
        3.2937155216932297,
        1.4038804173469543
      ],
      "team1_step_reward": 0.0,
      "winner": null
    },
    {
      "ball_pos": [
        8.054471969604492,
        5.465646743774414
      ],
      "reward_shaping": null,
      "score": null,
      "step": 10,
      "team0_centroid": [
        1.929134488105774,
        2.860015392303467
      ],
      "team0_step_reward": 0.0,
      "team1_centroid": [
        3.166777014732361,
        1.6473184823989868
      ],
      "team1_step_reward": 0.0,
      "winner": null
    },
    {
      "ball_pos": [
        9.160977363586426,
        6.044471263885498
      ],
      "reward_shaping": null,
      "score": null,
      "step": 11,
      "team0_centroid": [
        2.1915721893310547,
        3.338401675224304
      ],
      "team0_step_reward": 0.0,
      "team1_centroid": [
        3.10520601272583,
        1.7566887140274048
      ],
      "team1_step_reward": 0.0,
      "winner": null
    },
    {
      "ball_pos": [
        10.117725372314453,
        6.544955253601074
      ],
      "reward_shaping": null,
      "score": null,
      "step": 12,
      "team0_centroid": [
        2.83843494951725,
        3.836723804473877
      ],
      "team0_step_reward": 0.0,
      "team1_centroid": [
        2.8812108039855957,
        1.7918242812156677
      ],
      "team1_step_reward": 0.0,
      "winner": null
    },
    {
      "ball_pos": [
        10.911128997802734,
        6.8161444664001465
      ],
      "reward_shaping": null,
      "score": null,
      "step": 13,
      "team0_centroid": [
        3.8716976642608643,
        4.246924638748169
      ],
      "team0_step_reward": 0.0,
      "team1_centroid": [
        2.935373306274414,
        1.684613585472107
      ],
      "team1_step_reward": 0.0,
      "winner": null
    },
    {
      "ball_pos": [
        11.419073104858398,
        6.569143295288086
      ],
      "reward_shaping": null,
      "score": null,
      "step": 14,
      "team0_centroid": [
        4.73395836353302,
        4.601379990577698
      ],
      "team0_step_reward": 0.0,
      "team1_centroid": [
        3.575744092464447,
        1.3522372841835022
      ],
      "team1_step_reward": 0.0,
      "winner": null
    },
    {
      "ball_pos": [
        11.840457916259766,
        6.366511344909668
      ],
      "reward_shaping": null,
      "score": null,
      "step": 15,
      "team0_centroid": [
        5.520410537719727,
        4.996354818344116
      ],
      "team0_step_reward": 0.0,
      "team1_centroid": [
        4.274330735206604,
        0.9159122556447983
      ],
      "team1_step_reward": 0.0,
      "winner": null
    },
    {
      "ball_pos": [
        12.216191291809082,
        6.18589973449707
      ],
      "reward_shaping": null,
      "score": null,
      "step": 16,
      "team0_centroid": [
        6.015426158905029,
        5.199957609176636
      ],
      "team0_step_reward": 0.0,
      "team1_centroid": [
        4.76661878824234,
        0.5974873155355453
      ],
      "team1_step_reward": 0.0,
      "winner": null
    },
    {
      "ball_pos": [
        12.555595397949219,
        6.022751331329346
      ],
      "reward_shaping": null,
      "score": null,
      "step": 17,
      "team0_centroid": [
        5.96340537071228,
        5.17623496055603
      ],
      "team0_step_reward": 0.0,
      "team1_centroid": [
        5.373118162155151,
        0.28063642978668213
      ],
      "team1_step_reward": 0.0,
      "winner": null
    },
    {
      "ball_pos": [
        12.862162590026855,
        5.875387668609619
      ],
      "reward_shaping": null,
      "score": null,
      "step": 18,
      "team0_centroid": [
        5.8122111558914185,
        5.075679659843445
      ],
      "team0_step_reward": 0.0,
      "team1_centroid": [
        5.991180777549744,
        0.061000823974609375
      ],
      "team1_step_reward": 0.0,
      "winner": null
    },
    {
      "ball_pos": [
        13.139049530029297,
        5.74229097366333
      ],
      "reward_shaping": null,
      "score": null,
      "step": 19,
      "team0_centroid": [
        5.756955027580261,
        4.994537830352783
      ],
      "team0_step_reward": 0.0,
      "team1_centroid": [
        6.006736993789673,
        0.18638813495635986
      ],
      "team1_step_reward": 0.0,
      "winner": null
    },
    {
      "ball_pos": [
        13.389253616333008,
        5.6220197677612305
      ],
      "reward_shaping": null,
      "score": null,
      "step": 20,
      "team0_centroid": [
        5.541020631790161,
        4.773455619812012
      ],
      "team0_step_reward": 0.0,
      "team1_centroid": [
        5.52224338054657,
        0.5158430933952332
      ],
      "team1_step_reward": 0.0,
      "winner": null
    },
    {
      "ball_pos": [
        13.615418434143066,
        5.513304710388184
      ],
      "reward_shaping": null,
      "score": null,
      "step": 21,
      "team0_centroid": [
        5.302819550037384,
        4.455397605895996
      ],
      "team0_step_reward": 0.0,
      "team1_centroid": [
        5.341901779174805,
        0.7531120777130127
      ],
      "team1_step_reward": 0.0,