{
  "classification": {
    "labels": [
      "unclear_loss"
    ],
    "primary_label": "unclear_loss"
  },
  "cumulative_team0_reward": -2.0,
  "cumulative_team1_reward": 1.9428000450134277,
  "episode_index": 457,
  "final_score": null,
  "final_team0_step_reward": -2.0,
  "final_team1_step_reward": 1.9428000450134277,
  "final_winner": null,
  "metrics": {
    "mean_ball_x": 9.223210532089759,
    "tail_mean_ball_x": 9.223210532089759,
    "team0_possession_ratio": null,
    "team0_progress_toward_goal": 0.0,
    "team0_shaping_reward_sum": 0.0,
    "team1_possession_ratio": null,
    "team1_progress_toward_goal": 0.0,
    "team1_shaping_reward_sum": 0.0
  },
  "outcome": "team1_win",
  "sampled_trace": [
    {
      "ball_pos": [
        -1.6148686408996582,
        2.429372787475586
      ],
      "reward_shaping": null,
      "score": null,
      "step": 0,
      "team0_centroid": [
        11.708837985992432,
        0.06894129514694214
      ],
      "team0_step_reward": 0.0,
      "team1_centroid": [
        -3.760865569114685,
        0.10910028219223022
      ],
      "team1_step_reward": 0.0,
      "winner": null
    },
    {
      "ball_pos": [
        8.989514350891113,
        2.63657546043396
      ],
      "reward_shaping": null,
      "score": null,
      "step": 10,
      "team0_centroid": [
        9.059698820114136,
        -1.5686066299676895
      ],
      "team0_step_reward": 0.0,
      "team1_centroid": [
        -2.377388298511505,
        1.3402630686759949
      ],
      "team1_step_reward": 0.0,
      "winner": null
    },
    {
      "ball_pos": [
        13.52348518371582,
        2.720205307006836
      ],
      "reward_shaping": null,
      "score": null,
      "step": 20,
      "team0_centroid": [
        13.726632118225098,
        -2.368865430355072
      ],
      "team0_step_reward": 0.0,
      "team1_centroid": [
        1.4051101207733154,
        1.835330307483673
      ],
      "team1_step_reward": 0.0,
      "winner": null
    }
  ],
  "steps": 29,
  "tail_trace": [
    {
      "ball_pos": [
        -1.6148686408996582,
        2.429372787475586
      ],
      "reward_shaping": null,
      "score": null,
      "step": 0,
      "team0_centroid": [
        11.708837985992432,
        0.06894129514694214
      ],
      "team0_step_reward": 0.0,
      "team1_centroid": [
        -3.760865569114685,
        0.10910028219223022
      ],
      "team1_step_reward": 0.0,
      "winner": null
    },
    {
      "ball_pos": [
        -1.6148686408996582,
        2.429372787475586
      ],
      "reward_shaping": null,
      "score": null,
      "step": 1,
      "team0_centroid": [
        11.7017240524292,
        0.12065750360488892
      ],
      "team0_step_reward": 0.0,
      "team1_centroid": [
        -3.4529290199279785,
        0.32991641759872437
      ],
      "team1_step_reward": 0.0,
      "winner": null
    },
    {
      "ball_pos": [
        -1.6148686408996582,
        2.429372787475586
      ],
      "reward_shaping": null,
      "score": null,
      "step": 2,
      "team0_centroid": [
        11.692863941192627,
        -0.01662975549697876
      ],
      "team0_step_reward": 0.0,
      "team1_centroid": [
        -3.0172641277313232,
        0.6827302277088165
      ],
      "team1_step_reward": 0.0,
      "winner": null
    },
    {
      "ball_pos": [
        -0.9588463306427002,
        2.453413724899292
      ],
      "reward_shaping": null,
      "score": null,
      "step": 3,
      "team0_centroid": [
        11.656595706939697,
        -0.20206695795059204
      ],
      "team0_step_reward": 0.0,
      "team1_centroid": [
        -2.5711220502853394,
        1.0346013009548187
      ],
      "team1_step_reward": 0.0,
      "winner": null
    },
    {
      "ball_pos": [
        1.0934135913848877,
        2.490934133529663
      ],
      "reward_shaping": null,
      "score": null,
      "step": 4,
      "team0_centroid": [
        11.355003356933594,
        -0.5080870985984802
      ],
      "team0_step_reward": 0.0,
      "team1_centroid": [
        -2.254846215248108,
        1.2826144695281982
      ],
      "team1_step_reward": 0.0,
      "winner": null
    },
    {
      "ball_pos": [
        2.899466037750244,
        2.524244546890259
      ],
      "reward_shaping": null,
      "score": null,
      "step": 5,
      "team0_centroid": [
        10.702268838882446,
        -0.7272987365722656
      ],
      "team0_step_reward": 0.0,
      "team1_centroid": [
        -2.2083963751792908,
        1.2697348892688751
      ],
      "team1_step_reward": 0.0,
      "winner": null
    },
    {
      "ball_pos": [
        4.48297119140625,
        2.553452253341675
      ],
      "reward_shaping": null,
      "score": null,
      "step": 6,
      "team0_centroid": [
        10.018450021743774,
        -0.7524099946022034
      ],
      "team0_step_reward": 0.0,
      "team1_centroid": [
        -2.289740204811096,
        1.1582563817501068
      ],
      "team1_step_reward": 0.0,
      "winner": null
    },
    {
      "ball_pos": [
        5.865311622619629,
        2.5789496898651123
      ],
      "reward_shaping": null,
      "score": null,
      "step": 7,
      "team0_centroid": [
        9.532342672348022,
        -0.8616704940795898
      ],
      "team0_step_reward": 0.0,
      "team1_centroid": [
        -2.3543903827667236,
        1.0679452419281006
      ],
      "team1_step_reward": 0.0,
      "winner": null
    },
    {
      "ball_pos": [
        7.065814971923828,
        2.60109281539917
      ],
      "reward_shaping": null,
      "score": null,
      "step": 8,
      "team0_centroid": [
        9.24250054359436,
        -1.143705129623413
      ],
      "team0_step_reward": 0.0,
      "team1_centroid": [
        -2.407685875892639,
        1.0042799711227417
      ],
      "team1_step_reward": 0.0,
      "winner": null
    },
    {
      "ball_pos": [
        8.101951599121094,
        2.620204210281372
      ],
      "reward_shaping": null,
      "score": null,
      "step": 9,
      "team0_centroid": [
        9.105104684829712,
        -1.4030374586582184
      ],
      "team0_step_reward": 0.0,
      "team1_centroid": [
        -2.5002684593200684,
        1.0967280864715576
      ],
      "team1_step_reward": 0.0,
      "winner": null
    },
    {
      "ball_pos": [
        8.989514350891113,
        2.63657546043396
      ],
      "reward_shaping": null,
      "score": null,
      "step": 10,
      "team0_centroid": [
        9.059698820114136,
        -1.5686066299676895
      ],
      "team0_step_reward": 0.0,
      "team1_centroid": [
        -2.377388298511505,
        1.3402630686759949
      ],
      "team1_step_reward": 0.0,
      "winner": null
    },
    {
      "ball_pos": [
        9.742776870727539,
        2.6504693031311035
      ],
      "reward_shaping": null,
      "score": null,
      "step": 11,
      "team0_centroid": [
        9.106018304824829,
        -1.8200321272015572
      ],
      "team0_step_reward": 0.0,
      "team1_centroid": [
        -1.9610667377710342,
        1.6969478130340576
      ],
      "team1_step_reward": 0.0,
      "winner": null
    },
    {
      "ball_pos": [
        10.37630844116211,
        2.6621549129486084
      ],
      "reward_shaping": null,
      "score": null,
      "step": 12,
      "team0_centroid": [
        9.237966060638428,
        -2.20757994055748
      ],
      "team0_step_reward": 0.0,
      "team1_centroid": [
        -1.3377977013587952,
        2.100766181945801
      ],
      "team1_step_reward": 0.0,
      "winner": null
    },
    {
      "ball_pos": [
        10.935942649841309,
        2.6724774837493896
      ],
      "reward_shaping": null,
      "score": null,
      "step": 13,
      "team0_centroid": [
        9.364784717559814,
        -2.5544403791427612
      ],
      "team0_step_reward": 0.0,