{
  "classification": {
    "labels": [
      "win"
    ],
    "primary_label": "win"
  },
  "cumulative_team0_reward": 1.9199999570846558,
  "cumulative_team1_reward": -2.0,
  "episode_index": 478,
  "final_score": null,
  "final_team0_step_reward": 1.9199999570846558,
  "final_team1_step_reward": -2.0,
  "final_winner": null,
  "metrics": {
    "mean_ball_x": 10.812440267205238,
    "tail_mean_ball_x": 12.924533557891845,
    "team0_possession_ratio": null,
    "team0_progress_toward_goal": 0.0,
    "team0_shaping_reward_sum": 0.0,
    "team1_possession_ratio": null,
    "team1_progress_toward_goal": 0.0,
    "team1_shaping_reward_sum": 0.0
  },
  "outcome": "team0_win",
  "sampled_trace": [
    {
      "ball_pos": [
        0.9355863332748413,
        0.7302975058555603
      ],
      "reward_shaping": null,
      "score": null,
      "step": 0,
      "team0_centroid": [
        -9.313314199447632,
        -0.009771168231964111
      ],
      "team0_step_reward": 0.0,
      "team1_centroid": [
        12.82381534576416,
        -0.07799512147903442
      ],
      "team1_step_reward": 0.0,
      "winner": null
    },
    {
      "ball_pos": [
        13.326372146606445,
        5.696664810180664
      ],
      "reward_shaping": null,
      "score": null,
      "step": 10,
      "team0_centroid": [
        -1.1726385354995728,
        1.2845450416207314
      ],
      "team0_step_reward": 0.0,
      "team1_centroid": [
        9.763629913330078,
        -0.4660731554031372
      ],
      "team1_step_reward": 0.0,
      "winner": null
    },
    {
      "ball_pos": [
        13.083379745483398,
        -0.298636257648468
      ],
      "reward_shaping": null,
      "score": null,
      "step": 20,
      "team0_centroid": [
        5.343255460262299,
        0.6651785876601934
      ],
      "team0_step_reward": 0.0,
      "team1_centroid": [
        11.144195079803467,
        -0.6964625678956509
      ],
      "team1_step_reward": 0.0,
      "winner": null
    },
    {
      "ball_pos": [
        13.626093864440918,
        -5.9040913581848145
      ],
      "reward_shaping": null,
      "score": null,
      "step": 30,
      "team0_centroid": [
        8.529353857040405,
        -1.000907987356186
      ],
      "team0_step_reward": 0.0,
      "team1_centroid": [
        10.614104270935059,
        -5.480827331542969
      ],
      "team1_step_reward": 0.0,
      "winner": null
    }
  ],
  "steps": 40,
  "tail_trace": [
    {
      "ball_pos": [
        13.326372146606445,
        5.696664810180664
      ],
      "reward_shaping": null,
      "score": null,
      "step": 10,
      "team0_centroid": [
        -1.1726385354995728,
        1.2845450416207314
      ],
      "team0_step_reward": 0.0,
      "team1_centroid": [
        9.763629913330078,
        -0.4660731554031372
      ],
      "team1_step_reward": 0.0,
      "winner": null
    },
    {
      "ball_pos": [
        13.282625198364258,
        4.6174540519714355
      ],
      "reward_shaping": null,
      "score": null,
      "step": 11,
      "team0_centroid": [
        -0.2698526382446289,
        1.3373083472251892
      ],
      "team0_step_reward": 0.0,
      "team1_centroid": [
        10.0634605884552,
        -0.5266687273979187
      ],
      "team1_step_reward": 0.0,
      "winner": null
    },
    {
      "ball_pos": [
        13.245074272155762,
        3.6909236907958984
      ],
      "reward_shaping": null,
      "score": null,
      "step": 12,
      "team0_centroid": [
        0.5403025150299072,
        1.3709257245063782
      ],
      "team0_step_reward": 0.0,
      "team1_centroid": [
        10.304078102111816,
        -0.5411516427993774
      ],
      "team1_step_reward": 0.0,
      "winner": null
    },
    {
      "ball_pos": [
        13.213115692138672,
        2.902405261993408
      ],
      "reward_shaping": null,
      "score": null,
      "step": 13,
      "team0_centroid": [
        1.1239440441131592,
        1.3979822993278503
      ],
      "team0_step_reward": 0.0,
      "team1_centroid": [
        10.337841749191284,
        -0.34054577350616455
      ],
      "team1_step_reward": 0.0,
      "winner": null
    },
    {
      "ball_pos": [
        13.186213493347168,
        2.238638401031494
      ],
      "reward_shaping": null,
      "score": null,
      "step": 14,
      "team0_centroid": [
        2.031104803085327,
        1.532618761062622
      ],
      "team0_step_reward": 0.0,
      "team1_centroid": [
        10.52884578704834,
        -0.196504145860672
      ],
      "team1_step_reward": 0.0,
      "winner": null
    },
    {
      "ball_pos": [
        13.163851737976074,
        1.6869007349014282
      ],
      "reward_shaping": null,
      "score": null,
      "step": 15,
      "team0_centroid": [
        3.268973469734192,
        1.6110512912273407
      ],
      "team0_step_reward": 0.0,
      "team1_centroid": [
        10.767478466033936,
        -0.23693566024303436
      ],
      "team1_step_reward": 0.0,
      "winner": null
    },
    {
      "ball_pos": [
        13.144309997558594,
        1.2047280073165894
      ],
      "reward_shaping": null,
      "score": null,
      "step": 16,
      "team0_centroid": [
        4.121456861495972,
        1.5860078036785126
      ],
      "team0_step_reward": 0.0,
      "team1_centroid": [
        11.116385698318481,
        -0.4391803964972496
      ],
      "team1_step_reward": 0.0,
      "winner": null
    },
    {
      "ball_pos": [
        13.126656532287598,
        0.769135057926178
      ],
      "reward_shaping": null,
      "score": null,
      "step": 17,
      "team0_centroid": [
        4.640060782432556,
        1.4879842698574066
      ],
      "team0_step_reward": 0.0,
      "team1_centroid": [
        11.332021951675415,
        -0.45745475590229034
      ],
      "team1_step_reward": 0.0,
      "winner": null
    },
    {
      "ball_pos": [
        13.110708236694336,
        0.3756466507911682
      ],
      "reward_shaping": null,
      "score": null,
      "step": 18,
      "team0_centroid": [
        5.053581729531288,
        1.2502762526273727
      ],
      "team0_step_reward": 0.0,
      "team1_centroid": [
        11.347733736038208,
        -0.4114453196525574
      ],
      "team1_step_reward": 0.0,
      "winner": null
    },
    {
      "ball_pos": [
        13.096312522888184,
        0.020469576120376587
      ],
      "reward_shaping": null,
      "score": null,
      "step": 19,
      "team0_centroid": [
        5.139657199382782,
        0.9754846934229136
      ],
      "team0_step_reward": 0.0,
      "team1_centroid": [
        11.250712394714355,
        -0.5307044014334679
      ],
      "team1_step_reward": 0.0,
      "winner": null
    },
    {
      "ball_pos": [
        13.083379745483398,
        -0.298636257648468
      ],
      "reward_shaping": null,
      "score": null,
      "step": 20,
      "team0_centroid": [
        5.343255460262299,
        0.6651785876601934
      ],
      "team0_step_reward": 0.0,
      "team1_centroid": [
        11.144195079803467,
        -0.6964625678956509
      ],
      "team1_step_reward": 0.0,
      "winner": null
    },
    {
      "ball_pos": [
        11.869256019592285,
        -0.8936317563056946
      ],
      "reward_shaping": null,
      "score": null,
      "step": 21,
      "team0_centroid": [
        5.90006685256958,
        0.2584616243839264
      ],
      "team0_step_reward": 0.0,
      "team1_centroid": [
        11.134804725646973,
        -0.8395064473152161
      ],
      "team1_step_reward": 0.0,
      "winner": null
    },
    {
      "ball_pos": [
        10.272804260253906,
        -1.5976779460906982
      ],
      "reward_shaping": null,
      "score": null,
      "step": 22,
      "team0_centroid": [
        6.436894536018372,
        -0.17929454147815704
      ],
      "team0_step_reward": 0.0,