{
  "classification": {
    "labels": [
      "win"
    ],
    "primary_label": "win"
  },
  "cumulative_team0_reward": 1.9603999853134155,
  "cumulative_team1_reward": -2.0,
  "episode_index": 258,
  "final_score": null,
  "final_team0_step_reward": 1.9603999853134155,
  "final_team1_step_reward": -2.0,
  "final_winner": null,
  "metrics": {
    "mean_ball_x": 8.423272788524628,
    "tail_mean_ball_x": 8.423272788524628,
    "team0_possession_ratio": null,
    "team0_progress_toward_goal": 0.0,
    "team0_shaping_reward_sum": 0.0,
    "team1_possession_ratio": null,
    "team1_progress_toward_goal": 0.0,
    "team1_shaping_reward_sum": 0.0
  },
  "outcome": "team0_win",
  "sampled_trace": [
    {
      "ball_pos": [
        -1.9179940223693848,
        -2.1111907958984375
      ],
      "reward_shaping": null,
      "score": null,
      "step": 0,
      "team0_centroid": [
        -5.660567283630371,
        -0.001857161521911621
      ],
      "team0_step_reward": 0.0,
      "team1_centroid": [
        10.377613067626953,
        -0.048979341983795166
      ],
      "team1_step_reward": 0.0,
      "winner": null
    },
    {
      "ball_pos": [
        13.756216049194336,
        4.8595709800720215
      ],
      "reward_shaping": null,
      "score": null,
      "step": 10,
      "team0_centroid": [
        -2.4948408007621765,
        0.12217622995376587
      ],
      "team0_step_reward": 0.0,
      "team1_centroid": [
        3.8043189644813538,
        0.2055967152118683
      ],
      "team1_step_reward": 0.0,
      "winner": null
    }
  ],
  "steps": 20,
  "tail_trace": [
    {
      "ball_pos": [
        -1.9179940223693848,
        -2.1111907958984375
      ],
      "reward_shaping": null,
      "score": null,
      "step": 0,
      "team0_centroid": [
        -5.660567283630371,
        -0.001857161521911621
      ],
      "team0_step_reward": 0.0,
      "team1_centroid": [
        10.377613067626953,
        -0.048979341983795166
      ],
      "team1_step_reward": 0.0,
      "winner": null
    },
    {
      "ball_pos": [
        -1.9179940223693848,
        -2.1111907958984375
      ],
      "reward_shaping": null,
      "score": null,
      "step": 1,
      "team0_centroid": [
        -5.392786383628845,
        -0.053532958030700684
      ],
      "team0_step_reward": 0.0,
      "team1_centroid": [
        9.469885349273682,
        -0.20153817534446716
      ],
      "team1_step_reward": 0.0,
      "winner": null
    },
    {
      "ball_pos": [
        -1.9179940223693848,
        -2.1111907958984375
      ],
      "reward_shaping": null,
      "score": null,
      "step": 2,
      "team0_centroid": [
        -4.570857882499695,
        -0.2834586501121521
      ],
      "team0_step_reward": 0.0,
      "team1_centroid": [
        8.432834386825562,
        -0.47443872690200806
      ],
      "team1_step_reward": 0.0,
      "winner": null
    },
    {
      "ball_pos": [
        0.5176146030426025,
        -1.5754395723342896
      ],
      "reward_shaping": null,
      "score": null,
      "step": 3,
      "team0_centroid": [
        -3.7716516852378845,
        -0.5935608744621277
      ],
      "team0_step_reward": 0.0,
      "team1_centroid": [
        7.309451580047607,
        -0.8663927242159843
      ],
      "team1_step_reward": 0.0,
      "winner": null
    },
    {
      "ball_pos": [
        2.7674241065979004,
        -0.9256365895271301
      ],
      "reward_shaping": null,
      "score": null,
      "step": 4,
      "team0_centroid": [
        -2.9605466723442078,
        -0.8389853239059448
      ],
      "team0_step_reward": 0.0,
      "team1_centroid": [
        6.081238508224487,
        -1.1419653743505478
      ],
      "team1_step_reward": 0.0,
      "winner": null
    },
    {
      "ball_pos": [
        5.407966136932373,
        0.3996436595916748
      ],
      "reward_shaping": null,
      "score": null,
      "step": 5,
      "team0_centroid": [
        -2.493967980146408,
        -0.8560754060745239
      ],
      "team0_step_reward": 0.0,
      "team1_centroid": [
        5.045156180858612,
        -1.2068994492292404
      ],
      "team1_step_reward": 0.0,
      "winner": null
    },
    {
      "ball_pos": [
        7.9073944091796875,
        1.7525115013122559
      ],
      "reward_shaping": null,
      "score": null,
      "step": 6,
      "team0_centroid": [
        -2.465212106704712,
        -0.770865797996521
      ],
      "team0_step_reward": 0.0,
      "team1_centroid": [
        4.456805124878883,
        -1.0697603970766068
      ],
      "team1_step_reward": 0.0,
      "winner": null
    },
    {
      "ball_pos": [
        10.123570442199707,
        2.9520387649536133
      ],
      "reward_shaping": null,
      "score": null,
      "step": 7,
      "team0_centroid": [
        -2.5445872843265533,
        -0.5707988142967224
      ],
      "team0_step_reward": 0.0,
      "team1_centroid": [
        4.170472174882889,
        -0.8146930187940598
      ],
      "team1_step_reward": 0.0,
      "winner": null
    },
    {
      "ball_pos": [
        12.083697319030762,
        4.012977123260498
      ],
      "reward_shaping": null,
      "score": null,
      "step": 8,
      "team0_centroid": [
        -2.6152284145355225,
        -0.28198909759521484
      ],
      "team0_step_reward": 0.0,
      "team1_centroid": [
        3.9766417741775513,
        -0.5271015390753746
      ],
      "team1_step_reward": 0.0,
      "winner": null
    },
    {
      "ball_pos": [
        13.812376976013184,
        4.948642253875732
      ],
      "reward_shaping": null,
      "score": null,
      "step": 9,
      "team0_centroid": [
        -2.6919204592704773,
        -0.044291794300079346
      ],
      "team0_step_reward": 0.0,
      "team1_centroid": [
        3.875525951385498,
        -0.14445988833904266
      ],
      "team1_step_reward": 0.0,
      "winner": null
    },
    {
      "ball_pos": [
        13.756216049194336,
        4.8595709800720215
      ],
      "reward_shaping": null,
      "score": null,
      "step": 10,
      "team0_centroid": [
        -2.4948408007621765,
        0.12217622995376587
      ],
      "team0_step_reward": 0.0,
      "team1_centroid": [
        3.8043189644813538,
        0.2055967152118683
      ],
      "team1_step_reward": 0.0,
      "winner": null
    },
    {
      "ball_pos": [
        12.766155242919922,
        4.22796630859375
      ],
      "reward_shaping": null,
      "score": null,
      "step": 11,
      "team0_centroid": [
        -1.9498883485794067,
        0.26525241136550903
      ],
      "team0_step_reward": 0.0,
      "team1_centroid": [
        3.7669299244880676,
        0.4358810558915138
      ],
      "team1_step_reward": 0.0,
      "winner": null
    },
    {
      "ball_pos": [
        11.912613868713379,
        3.6833226680755615
      ],
      "reward_shaping": null,
      "score": null,
      "step": 12,
      "team0_centroid": [
        -1.1472994089126587,
        0.36844587326049805
      ],
      "team0_step_reward": 0.0,
      "team1_centroid": [
        3.798340916633606,
        0.5673567056655884
      ],
      "team1_step_reward": 0.0,
      "winner": null
    },
    {
      "ball_pos": [
        11.182413101196289,
        3.2173819541931152
      ],
      "reward_shaping": null,
      "score": null,
      "step": 13,
      "team0_centroid": [
        -0.13678455352783203,
        0.3804686963558197
      ],
      "team0_step_reward": 0.0,
      "team1_centroid": [
        3.7916314601898193,
        0.6628911793231964
      ],
      "team1_step_reward": 0.0,
      "winner": null
    },
    {
      "ball_pos": [
        10.563704490661621,
        2.8225834369659424
      ],
      "reward_shaping": null,
      "score": null,
      "step": 14,
      "team0_centroid": [
        1.2569442987442017,
        0.44607970118522644
      ],
      "team0_step_reward": 0.0,