{
  "classification": {
    "labels": [
      "late_defensive_collapse",
      "territory_loss"
    ],
    "primary_label": "late_defensive_collapse"
  },
  "cumulative_team0_reward": -2.0,
  "cumulative_team1_reward": 1.960800051689148,
  "episode_index": 136,
  "final_score": null,
  "final_team0_step_reward": -2.0,
  "final_team1_step_reward": 1.960800051689148,
  "final_winner": null,
  "metrics": {
    "mean_ball_x": -7.145805430412293,
    "tail_mean_ball_x": -7.145805430412293,
    "team0_possession_ratio": null,
    "team0_progress_toward_goal": 0.0,
    "team0_shaping_reward_sum": 0.0,
    "team1_possession_ratio": null,
    "team1_progress_toward_goal": 0.0,
    "team1_shaping_reward_sum": 0.0
  },
  "outcome": "team1_win",
  "sampled_trace": [
    {
      "ball_pos": [
        -2.101929187774658,
        0.4367510676383972
      ],
      "reward_shaping": null,
      "score": null,
      "step": 0,
      "team0_centroid": [
        -10.69105339050293,
        0.06808304786682129
      ],
      "team0_step_reward": 0.0,
      "team1_centroid": [
        10.068959712982178,
        -0.004043281078338623
      ],
      "team1_step_reward": 0.0,
      "winner": null
    },
    {
      "ball_pos": [
        -7.060383319854736,
        6.245120048522949
      ],
      "reward_shaping": null,
      "score": null,
      "step": 10,
      "team0_centroid": [
        -4.4355058670043945,
        2.04168763756752
      ],
      "team0_step_reward": 0.0,
      "team1_centroid": [
        2.257655680179596,
        2.4316341876983643
      ],
      "team1_step_reward": 0.0,
      "winner": null
    }
  ],
  "steps": 20,
  "tail_trace": [
    {
      "ball_pos": [
        -2.101929187774658,
        0.4367510676383972
      ],
      "reward_shaping": null,
      "score": null,
      "step": 0,
      "team0_centroid": [
        -10.69105339050293,
        0.06808304786682129
      ],
      "team0_step_reward": 0.0,
      "team1_centroid": [
        10.068959712982178,
        -0.004043281078338623
      ],
      "team1_step_reward": 0.0,
      "winner": null
    },
    {
      "ball_pos": [
        -2.101929187774658,
        0.4367511570453644
      ],
      "reward_shaping": null,
      "score": null,
      "step": 1,
      "team0_centroid": [
        -10.71384859085083,
        0.19470548629760742
      ],
      "team0_step_reward": 0.0,
      "team1_centroid": [
        9.757497787475586,
        -0.017129063606262207
      ],
      "team1_step_reward": 0.0,
      "winner": null
    },
    {
      "ball_pos": [
        -2.101929187774658,
        0.4367511570453644
      ],
      "reward_shaping": null,
      "score": null,
      "step": 2,
      "team0_centroid": [
        -10.223125457763672,
        0.3876893073320389
      ],
      "team0_step_reward": 0.0,
      "team1_centroid": [
        9.303426265716553,
        0.007300376892089844
      ],
      "team1_step_reward": 0.0,
      "winner": null
    },
    {
      "ball_pos": [
        -2.101929187774658,
        0.43675121665000916
      ],
      "reward_shaping": null,
      "score": null,
      "step": 3,
      "team0_centroid": [
        -9.850837707519531,
        0.5956635475158691
      ],
      "team0_step_reward": 0.0,
      "team1_centroid": [
        8.59388780593872,
        0.10722145438194275
      ],
      "team1_step_reward": 0.0,
      "winner": null
    },
    {
      "ball_pos": [
        -2.101929187774658,
        0.4367513060569763
      ],
      "reward_shaping": null,
      "score": null,
      "step": 4,
      "team0_centroid": [
        -9.532247304916382,
        0.8367547951638699
      ],
      "team0_step_reward": 0.0,
      "team1_centroid": [
        7.950151205062866,
        0.27998140826821327
      ],
      "team1_step_reward": 0.0,
      "winner": null
    },
    {
      "ball_pos": [
        -2.101929187774658,
        0.4367513954639435
      ],
      "reward_shaping": null,
      "score": null,
      "step": 5,
      "team0_centroid": [
        -8.93835973739624,
        1.116631168872118
      ],
      "team0_step_reward": 0.0,
      "team1_centroid": [
        7.227347373962402,
        0.47296077013015747
      ],
      "team1_step_reward": 0.0,
      "winner": null
    },
    {
      "ball_pos": [
        -2.101929187774658,
        0.43675145506858826
      ],
      "reward_shaping": null,
      "score": null,
      "step": 6,
      "team0_centroid": [
        -8.128055095672607,
        1.4560653828084469
      ],
      "team0_step_reward": 0.0,
      "team1_centroid": [
        6.044076561927795,
        0.6678242087364197
      ],
      "team1_step_reward": 0.0,
      "winner": null
    },
    {
      "ball_pos": [
        -1.107492208480835,
        0.8887633085250854
      ],
      "reward_shaping": null,
      "score": null,
      "step": 7,
      "team0_centroid": [
        -7.193604826927185,
        1.7886424288153648
      ],
      "team0_step_reward": 0.0,
      "team1_centroid": [
        4.65028178691864,
        0.9278888404369354
      ],
      "team1_step_reward": 0.0,
      "winner": null
    },
    {
      "ball_pos": [
        -2.0496904850006104,
        2.9831974506378174
      ],
      "reward_shaping": null,
      "score": null,
      "step": 8,
      "team0_centroid": [
        -6.1780646443367,
        2.09320617467165
      ],
      "team0_step_reward": 0.0,
      "team1_centroid": [
        3.5885429829359055,
        1.2946140766143799
      ],
      "team1_step_reward": 0.0,
      "winner": null
    },
    {
      "ball_pos": [
        -4.853272914886475,
        5.558177947998047
      ],
      "reward_shaping": null,
      "score": null,
      "step": 9,
      "team0_centroid": [
        -5.304310619831085,
        2.1737650632858276
      ],
      "team0_step_reward": 0.0,
      "team1_centroid": [
        2.9113067984580994,
        1.772767186164856
      ],
      "team1_step_reward": 0.0,
      "winner": null
    },
    {
      "ball_pos": [
        -7.060383319854736,
        6.245120048522949
      ],
      "reward_shaping": null,
      "score": null,
      "step": 10,
      "team0_centroid": [
        -4.4355058670043945,
        2.04168763756752
      ],
      "team0_step_reward": 0.0,
      "team1_centroid": [
        2.257655680179596,
        2.4316341876983643
      ],
      "team1_step_reward": 0.0,
      "winner": null
    },
    {
      "ball_pos": [
        -8.576634407043457,
        4.650643348693848
      ],
      "reward_shaping": null,
      "score": null,
      "step": 11,
      "team0_centroid": [
        -3.614452362060547,
        1.9002512991428375
      ],
      "team0_step_reward": 0.0,
      "team1_centroid": [
        1.4967740178108215,
        3.289795398712158
      ],
      "team1_step_reward": 0.0,
      "winner": null
    },
    {
      "ball_pos": [
        -9.91360092163086,
        3.245067596435547
      ],
      "reward_shaping": null,
      "score": null,
      "step": 12,
      "team0_centroid": [
        -2.7092878818511963,
        1.6869707703590393
      ],
      "team0_step_reward": 0.0,
      "team1_centroid": [
        0.7849186658859253,
        3.9241185188293457
      ],
      "team1_step_reward": 0.0,
      "winner": null
    },
    {
      "ball_pos": [
        -11.0883207321167,
        2.010066270828247
      ],
      "reward_shaping": null,
      "score": null,
      "step": 13,
      "team0_centroid": [
        -1.8425636291503906,
        1.4723252654075623
      ],
      "team0_step_reward": 0.0,
      "team1_centroid": [
        0.44904017448425293,
        4.064339637756348
      ],
      "team1_step_reward": 0.0,
      "winner": null
    },
    {
      "ball_pos": [
        -12.116381645202637,
        0.9292495846748352
      ],
      "reward_shaping": null,
      "score": null,
      "step": 14,
      "team0_centroid": [
        -1.2561745643615723,
        1.3207148313522339
      ],
      "team0_step_reward": 0.0,