{
  "classification": {
    "labels": [
      "late_defensive_collapse",
      "territory_loss"
    ],
    "primary_label": "late_defensive_collapse"
  },
  "cumulative_team0_reward": -2.0,
  "cumulative_team1_reward": 1.885200023651123,
  "episode_index": 430,
  "final_score": null,
  "final_team0_step_reward": -2.0,
  "final_team1_step_reward": 1.885200023651123,
  "final_winner": null,
  "metrics": {
    "mean_ball_x": -10.620493733677371,
    "tail_mean_ball_x": -12.997296396891276,
    "team0_possession_ratio": null,
    "team0_progress_toward_goal": 0.0,
    "team0_shaping_reward_sum": 0.0,
    "team1_possession_ratio": null,
    "team1_progress_toward_goal": 0.0,
    "team1_shaping_reward_sum": 0.0
  },
  "outcome": "team1_win",
  "sampled_trace": [
    {
      "ball_pos": [
        -1.433741569519043,
        -0.12799039483070374
      ],
      "reward_shaping": null,
      "score": null,
      "step": 0,
      "team0_centroid": [
        -7.522745370864868,
        -0.0004760622978210449
      ],
      "team0_step_reward": 0.0,
      "team1_centroid": [
        10.049854755401611,
        -0.010137379169464111
      ],
      "team1_step_reward": 0.0,
      "winner": null
    },
    {
      "ball_pos": [
        -7.183939456939697,
        -5.7337646484375
      ],
      "reward_shaping": null,
      "score": null,
      "step": 10,
      "team0_centroid": [
        -2.7020360231399536,
        0.06376272439956665
      ],
      "team0_step_reward": 0.0,
      "team1_centroid": [
        4.6242982149124146,
        -0.6087088324129581
      ],
      "team1_step_reward": 0.0,
      "winner": null
    },
    {
      "ball_pos": [
        -13.466039657592773,
        -1.6499439477920532
      ],
      "reward_shaping": null,
      "score": null,
      "step": 20,
      "team0_centroid": [
        -4.824316382408142,
        -2.0468910485506058
      ],
      "team0_step_reward": 0.0,
      "team1_centroid": [
        -5.409667253494263,
        -1.90417224727571
      ],
      "team1_step_reward": 0.0,
      "winner": null
    },
    {
      "ball_pos": [
        -12.991097450256348,
        0.6956068277359009
      ],
      "reward_shaping": null,
      "score": null,
      "step": 30,
      "team0_centroid": [
        -7.678280591964722,
        -3.145793318748474
      ],
      "team0_step_reward": 0.0,
      "team1_centroid": [
        -7.07322096824646,
        -1.231807291507721
      ],
      "team1_step_reward": 0.0,
      "winner": null
    },
    {
      "ball_pos": [
        -12.818185806274414,
        1.5495542287826538
      ],
      "reward_shaping": null,
      "score": null,
      "step": 40,
      "team0_centroid": [
        -4.013445198535919,
        -1.1576306223869324
      ],
      "team0_step_reward": 0.0,
      "team1_centroid": [
        -5.70181131362915,
        1.4787068963050842
      ],
      "team1_step_reward": 0.0,
      "winner": null
    },
    {
      "ball_pos": [
        -12.755212783813477,
        1.8605363368988037
      ],
      "reward_shaping": null,
      "score": null,
      "step": 50,
      "team0_centroid": [
        -4.97841477394104,
        -1.297615647315979
      ],
      "team0_step_reward": 0.0,
      "team1_centroid": [
        -6.958509206771851,
        1.4712983965873718
      ],
      "team1_step_reward": 0.0,
      "winner": null
    }
  ],
  "steps": 58,
  "tail_trace": [
    {
      "ball_pos": [
        -13.051981925964355,
        0.3949250876903534
      ],
      "reward_shaping": null,
      "score": null,
      "step": 28,
      "team0_centroid": [
        -9.055717945098877,
        -3.869518756866455
      ],
      "team0_step_reward": 0.0,
      "team1_centroid": [
        -6.98917818069458,
        -2.1912065148353577
      ],
      "team1_step_reward": 0.0,
      "winner": null
    },
    {
      "ball_pos": [
        -13.020003318786621,
        0.5528527498245239
      ],
      "reward_shaping": null,
      "score": null,
      "step": 29,
      "team0_centroid": [
        -8.435298204421997,
        -3.5086379051208496
      ],
      "team0_step_reward": 0.0,
      "team1_centroid": [
        -7.0493223667144775,
        -1.7478022575378418
      ],
      "team1_step_reward": 0.0,
      "winner": null
    },
    {
      "ball_pos": [
        -12.991097450256348,
        0.6956068277359009
      ],
      "reward_shaping": null,
      "score": null,
      "step": 30,
      "team0_centroid": [
        -7.678280591964722,
        -3.145793318748474
      ],
      "team0_step_reward": 0.0,
      "team1_centroid": [
        -7.07322096824646,
        -1.231807291507721
      ],
      "team1_step_reward": 0.0,
      "winner": null
    },
    {
      "ball_pos": [
        -12.964969635009766,
        0.8246452212333679
      ],
      "reward_shaping": null,
      "score": null,
      "step": 31,
      "team0_centroid": [
        -7.2510340213775635,
        -3.057037830352783
      ],
      "team0_step_reward": 0.0,
      "team1_centroid": [
        -7.21375036239624,
        -0.6777166575193405
      ],
      "team1_step_reward": 0.0,
      "winner": null
    },
    {
      "ball_pos": [
        -12.941351890563965,
        0.9412856101989746
      ],
      "reward_shaping": null,
      "score": null,
      "step": 32,
      "team0_centroid": [
        -7.099448919296265,
        -2.9783719778060913
      ],
      "team0_step_reward": 0.0,
      "team1_centroid": [
        -7.405325412750244,
        -0.32773880660533905
      ],
      "team1_step_reward": 0.0,
      "winner": null
    },
    {
      "ball_pos": [
        -12.920002937316895,
        1.0467194318771362
      ],
      "reward_shaping": null,
      "score": null,
      "step": 33,
      "team0_centroid": [
        -6.936625242233276,
        -2.8475147485733032
      ],
      "team0_step_reward": 0.0,
      "team1_centroid": [
        -7.407888889312744,
        -0.26400473713874817
      ],
      "team1_step_reward": 0.0,
      "winner": null
    },
    {
      "ball_pos": [
        -12.90070629119873,
        1.1420233249664307
      ],
      "reward_shaping": null,
      "score": null,
      "step": 34,
      "team0_centroid": [
        -6.532647490501404,
        -2.5929545164108276
      ],
      "team0_step_reward": 0.0,
      "team1_centroid": [
        -7.1753013134002686,
        -0.17382041364908218
      ],
      "team1_step_reward": 0.0,
      "winner": null
    },
    {
      "ball_pos": [
        -12.883262634277344,
        1.2281705141067505
      ],
      "reward_shaping": null,
      "score": null,
      "step": 35,
      "team0_centroid": [
        -5.834407210350037,
        -2.1120240688323975
      ],
      "team0_step_reward": 0.0,
      "team1_centroid": [
        -6.724361419677734,
        0.12489236891269684
      ],
      "team1_step_reward": 0.0,
      "winner": null
    },
    {
      "ball_pos": [
        -12.8674955368042,
        1.306040644645691
      ],
      "reward_shaping": null,
      "score": null,
      "step": 36,
      "team0_centroid": [
        -5.223237693309784,
        -1.7251472473144531
      ],
      "team0_step_reward": 0.0,
      "team1_centroid": [
        -6.3000876903533936,
        0.5772400200366974
      ],
      "team1_step_reward": 0.0,
      "winner": null
    },
    {
      "ball_pos": [
        -12.853242874145508,
        1.3764290809631348
      ],
      "reward_shaping": null,
      "score": null,
      "step": 37,
      "team0_centroid": [
        -4.812689617276192,
        -1.3694656491279602
      ],
      "team0_step_reward": 0.0,
      "team1_centroid": [
        -6.039379715919495,
        0.9133429825305939
      ],
      "team1_step_reward": 0.0,
      "winner": null
    },
    {
      "ball_pos": [
        -12.84035873413086,
        1.4400547742843628
      ],
      "reward_shaping": null,
      "score": null,
      "step": 38,
      "team0_centroid": [
        -4.455907791852951,
        -1.0491433441638947
      ],