{
  "classification": {
    "labels": [
      "win"
    ],
    "primary_label": "win"
  },
  "cumulative_team0_reward": 1.9248000383377075,
  "cumulative_team1_reward": -2.0,
  "episode_index": 266,
  "final_score": null,
  "final_team0_step_reward": 1.9248000383377075,
  "final_team1_step_reward": -2.0,
  "final_winner": null,
  "metrics": {
    "mean_ball_x": 7.526795556670741,
    "tail_mean_ball_x": 9.677815532684326,
    "team0_possession_ratio": null,
    "team0_progress_toward_goal": 0.0,
    "team0_shaping_reward_sum": 0.0,
    "team1_possession_ratio": null,
    "team1_progress_toward_goal": 0.0,
    "team1_shaping_reward_sum": 0.0
  },
  "outcome": "team0_win",
  "sampled_trace": [
    {
      "ball_pos": [
        -2.011878490447998,
        -2.094193458557129
      ],
      "reward_shaping": null,
      "score": null,
      "step": 0,
      "team0_centroid": [
        -7.692498683929443,
        -0.06793004274368286
      ],
      "team0_step_reward": 0.0,
      "team1_centroid": [
        7.856039524078369,
        0.06905186176300049
      ],
      "team1_step_reward": 0.0,
      "winner": null
    },
    {
      "ball_pos": [
        5.991037368774414,
        -4.749948978424072
      ],
      "reward_shaping": null,
      "score": null,
      "step": 10,
      "team0_centroid": [
        0.8505091518163681,
        -1.7319485545158386
      ],
      "team0_step_reward": 0.0,
      "team1_centroid": [
        6.789979696273804,
        -1.2650448083877563
      ],
      "team1_step_reward": 0.0,
      "winner": null
    },
    {
      "ball_pos": [
        8.965950965881348,
        -0.5489116907119751
      ],
      "reward_shaping": null,
      "score": null,
      "step": 20,
      "team0_centroid": [
        1.2852869033813477,
        0.6781011819839478
      ],
      "team0_step_reward": 0.0,
      "team1_centroid": [
        5.300076752901077,
        -1.1384837627410889
      ],
      "team1_step_reward": 0.0,
      "winner": null
    },
    {
      "ball_pos": [
        11.380412101745605,
        6.6775593757629395
      ],
      "reward_shaping": null,
      "score": null,
      "step": 30,
      "team0_centroid": [
        7.984357833862305,
        3.153018891811371
      ],
      "team0_step_reward": 0.0,
      "team1_centroid": [
        8.9209885597229,
        -1.1554982662200928
      ],
      "team1_step_reward": 0.0,
      "winner": null
    }
  ],
  "steps": 38,
  "tail_trace": [
    {
      "ball_pos": [
        4.687483310699463,
        -6.335982799530029
      ],
      "reward_shaping": null,
      "score": null,
      "step": 8,
      "team0_centroid": [
        0.14763304591178894,
        -1.5610472410917282
      ],
      "team0_step_reward": 0.0,
      "team1_centroid": [
        6.253620088100433,
        -1.1525379121303558
      ],
      "team1_step_reward": 0.0,
      "winner": null
    },
    {
      "ball_pos": [
        5.388416290283203,
        -5.482979774475098
      ],
      "reward_shaping": null,
      "score": null,
      "step": 9,
      "team0_centroid": [
        0.5328782983124256,
        -1.6567570269107819
      ],
      "team0_step_reward": 0.0,
      "team1_centroid": [
        6.623165607452393,
        -1.2961149215698242
      ],
      "team1_step_reward": 0.0,
      "winner": null
    },
    {
      "ball_pos": [
        5.991037368774414,
        -4.749948978424072
      ],
      "reward_shaping": null,
      "score": null,
      "step": 10,
      "team0_centroid": [
        0.8505091518163681,
        -1.7319485545158386
      ],
      "team0_step_reward": 0.0,
      "team1_centroid": [
        6.789979696273804,
        -1.2650448083877563
      ],
      "team1_step_reward": 0.0,
      "winner": null
    },
    {
      "ball_pos": [
        6.504622936248779,
        -4.125222682952881
      ],
      "reward_shaping": null,
      "score": null,
      "step": 11,
      "team0_centroid": [
        1.3445058166980743,
        -1.7758477330207825
      ],
      "team0_step_reward": 0.0,
      "team1_centroid": [
        7.04704225063324,
        -1.0207307040691376
      ],
      "team1_step_reward": 0.0,
      "winner": null
    },
    {
      "ball_pos": [
        6.9377264976501465,
        -3.598395347595215
      ],
      "reward_shaping": null,
      "score": null,
      "step": 12,
      "team0_centroid": [
        2.089601218700409,
        -1.7816218733787537
      ],
      "team0_step_reward": 0.0,
      "team1_centroid": [
        6.883333325386047,
        -0.9596092700958252
      ],
      "team1_step_reward": 0.0,
      "winner": null
    },
    {
      "ball_pos": [
        7.298079967498779,
        -3.160060405731201
      ],
      "reward_shaping": null,
      "score": null,
      "step": 13,
      "team0_centroid": [
        2.5058172941207886,
        -1.6309760212898254
      ],
      "team0_step_reward": 0.0,
      "team1_centroid": [
        6.513115286827087,
        -1.014668382704258
      ],
      "team1_step_reward": 0.0,
      "winner": null
    },
    {
      "ball_pos": [
        7.609755992889404,
        -2.780937671661377
      ],
      "reward_shaping": null,
      "score": null,
      "step": 14,
      "team0_centroid": [
        2.4129486083984375,
        -1.2618290185928345
      ],
      "team0_step_reward": 0.0,
      "team1_centroid": [
        6.292926549911499,
        -1.2081975527107716
      ],
      "team1_step_reward": 0.0,
      "winner": null
    },
    {
      "ball_pos": [
        7.8913254737854,
        -2.438436508178711
      ],
      "reward_shaping": null,
      "score": null,
      "step": 15,
      "team0_centroid": [
        1.9809404835104942,
        -0.7130895853042603
      ],
      "team0_step_reward": 0.0,
      "team1_centroid": [
        6.162085294723511,
        -1.4392391853034496
      ],
      "team1_step_reward": 0.0,
      "winner": null
    },
    {
      "ball_pos": [
        8.145681381225586,
        -2.1290385723114014
      ],
      "reward_shaping": null,
      "score": null,
      "step": 16,
      "team0_centroid": [
        1.5035658478736877,
        -0.19379949569702148
      ],
      "team0_step_reward": 0.0,
      "team1_centroid": [
        6.06374454498291,
        -1.6075456999242306
      ],
      "team1_step_reward": 0.0,
      "winner": null
    },
    {
      "ball_pos": [
        8.375365257263184,
        -1.8496516942977905
      ],
      "reward_shaping": null,
      "score": null,
      "step": 17,
      "team0_centroid": [
        1.3441206216812134,
        0.10408627986907959
      ],
      "team0_step_reward": 0.0,
      "team1_centroid": [
        5.706363677978516,
        -1.6723480029031634
      ],
      "team1_step_reward": 0.0,
      "winner": null
    },
    {
      "ball_pos": [
        8.581472396850586,
        -1.5989423990249634
      ],
      "reward_shaping": null,
      "score": null,
      "step": 18,
      "team0_centroid": [
        1.313990831375122,
        0.28636491298675537
      ],
      "team0_step_reward": 0.0,
      "team1_centroid": [
        4.9976248145103455,
        -1.6332502514123917
      ],
      "team1_step_reward": 0.0,
      "winner": null
    },
    {
      "ball_pos": [
        8.767646789550781,
        -1.3724786043167114
      ],
      "reward_shaping": null,
      "score": null,
      "step": 19,
      "team0_centroid": [
        1.2976298332214355,
        0.49131011962890625
      ],
      "team0_step_reward": 0.0,
      "team1_centroid": [
        4.775438964366913,
        -1.4464116394519806
      ],
      "team1_step_reward": 0.0,
      "winner": null
    },
    {
      "ball_pos": [
        8.965950965881348,
        -0.5489116907119751
      ],
      "reward_shaping": null,
      "score": null,
      "step": 20,
      "team0_centroid": [
        1.2852869033813477,
        0.6781011819839478
      ],
      "team0_step_reward": 0.0,
      "team1_centroid": [
        5.300076752901077,
        -1.1384837627410889
      ],