{
  "classification": {
    "labels": [
      "win"
    ],
    "primary_label": "win"
  },
  "cumulative_team0_reward": 1.940000057220459,
  "cumulative_team1_reward": -2.0,
  "episode_index": 471,
  "final_score": null,
  "final_team0_step_reward": 1.940000057220459,
  "final_team1_step_reward": -2.0,
  "final_winner": null,
  "metrics": {
    "mean_ball_x": -9.611133583386739,
    "tail_mean_ball_x": -9.611133583386739,
    "team0_possession_ratio": null,
    "team0_progress_toward_goal": 0.0,
    "team0_shaping_reward_sum": 0.0,
    "team1_possession_ratio": null,
    "team1_progress_toward_goal": 0.0,
    "team1_shaping_reward_sum": 0.0
  },
  "outcome": "team0_win",
  "sampled_trace": [
    {
      "ball_pos": [
        -0.2915654182434082,
        1.8839751482009888
      ],
      "reward_shaping": null,
      "score": null,
      "step": 0,
      "team0_centroid": [
        6.556339740753174,
        0.07103854417800903
      ],
      "team0_step_reward": 0.0,
      "team1_centroid": [
        -7.580396413803101,
        0.055939555168151855
      ],
      "team1_step_reward": 0.0,
      "winner": null
    },
    {
      "ball_pos": [
        -9.555713653564453,
        4.029914379119873
      ],
      "reward_shaping": null,
      "score": null,
      "step": 10,
      "team0_centroid": [
        -1.1315687894821167,
        1.326489269733429
      ],
      "team0_step_reward": 0.0,
      "team1_centroid": [
        -3.609155595302582,
        2.709372818470001
      ],
      "team1_step_reward": 0.0,
      "winner": null
    },
    {
      "ball_pos": [
        -12.910476684570312,
        0.7638263702392578
      ],
      "reward_shaping": null,
      "score": null,
      "step": 20,
      "team0_centroid": [
        0.28890174627304077,
        1.4575886130332947
      ],
      "team0_step_reward": 0.0,
      "team1_centroid": [
        -4.366301476955414,
        1.589775025844574
      ],
      "team1_step_reward": 0.0,
      "winner": null
    }
  ],
  "steps": 30,
  "tail_trace": [
    {
      "ball_pos": [
        -0.2915654182434082,
        1.8839751482009888
      ],
      "reward_shaping": null,
      "score": null,
      "step": 0,
      "team0_centroid": [
        6.556339740753174,
        0.07103854417800903
      ],
      "team0_step_reward": 0.0,
      "team1_centroid": [
        -7.580396413803101,
        0.055939555168151855
      ],
      "team1_step_reward": 0.0,
      "winner": null
    },
    {
      "ball_pos": [
        -0.2915654182434082,
        1.8839751482009888
      ],
      "reward_shaping": null,
      "score": null,
      "step": 1,
      "team0_centroid": [
        5.705630302429199,
        0.1940603256225586
      ],
      "team0_step_reward": 0.0,
      "team1_centroid": [
        -7.2699151039123535,
        0.2841130495071411
      ],
      "team1_step_reward": 0.0,
      "winner": null
    },
    {
      "ball_pos": [
        -0.2915654182434082,
        1.8839751482009888
      ],
      "reward_shaping": null,
      "score": null,
      "step": 2,
      "team0_centroid": [
        4.2776947021484375,
        0.3183688819408417
      ],
      "team0_step_reward": 0.0,
      "team1_centroid": [
        -7.085246801376343,
        0.5991707742214203
      ],
      "team1_step_reward": 0.0,
      "winner": null
    },
    {
      "ball_pos": [
        -0.2915654182434082,
        1.8839751482009888
      ],
      "reward_shaping": null,
      "score": null,
      "step": 3,
      "team0_centroid": [
        2.6878767013549805,
        0.379635751247406
      ],
      "team0_step_reward": 0.0,
      "team1_centroid": [
        -6.724789381027222,
        0.9820646643638611
      ],
      "team1_step_reward": 0.0,
      "winner": null
    },
    {
      "ball_pos": [
        -2.25581955909729,
        3.2246603965759277
      ],
      "reward_shaping": null,
      "score": null,
      "step": 4,
      "team0_centroid": [
        1.2039230465888977,
        0.3317207396030426
      ],
      "team0_step_reward": 0.0,
      "team1_centroid": [
        -6.073897361755371,
        1.3428931757807732
      ],
      "team1_step_reward": 0.0,
      "winner": null
    },
    {
      "ball_pos": [
        -4.1978631019592285,
        4.923096179962158
      ],
      "reward_shaping": null,
      "score": null,
      "step": 5,
      "team0_centroid": [
        0.018833398818969727,
        0.2715964913368225
      ],
      "team0_step_reward": 0.0,
      "team1_centroid": [
        -5.475863695144653,
        1.6122494041919708
      ],
      "team1_step_reward": 0.0,
      "winner": null
    },
    {
      "ball_pos": [
        -5.916389465332031,
        6.426091194152832
      ],
      "reward_shaping": null,
      "score": null,
      "step": 6,
      "team0_centroid": [
        -0.822283148765564,
        0.385725736618042
      ],
      "team0_step_reward": 0.0,
      "team1_centroid": [
        -4.878143072128296,
        2.022172451019287
      ],
      "team1_step_reward": 0.0,
      "winner": null
    },
    {
      "ball_pos": [
        -7.170663356781006,
        6.352341175079346
      ],
      "reward_shaping": null,
      "score": null,
      "step": 7,
      "team0_centroid": [
        -1.2991336584091187,
        0.6476885080337524
      ],
      "team0_step_reward": 0.0,
      "team1_centroid": [
        -4.417708158493042,
        2.382809102535248
      ],
      "team1_step_reward": 0.0,
      "winner": null
    },
    {
      "ball_pos": [
        -8.084561347961426,
        5.46218204498291
      ],
      "reward_shaping": null,
      "score": null,
      "step": 8,
      "team0_centroid": [
        -1.4176965355873108,
        0.8188530802726746
      ],
      "team0_step_reward": 0.0,
      "team1_centroid": [
        -4.160667777061462,
        2.511929988861084
      ],
      "team1_step_reward": 0.0,
      "winner": null
    },
    {
      "ball_pos": [
        -8.875709533691406,
        4.691944122314453
      ],
      "reward_shaping": null,
      "score": null,
      "step": 9,
      "team0_centroid": [
        -1.2070642709732056,
        1.0631479024887085
      ],
      "team0_step_reward": 0.0,
      "team1_centroid": [
        -3.940004348754883,
        2.51800674200058
      ],
      "team1_step_reward": 0.0,
      "winner": null
    },
    {
      "ball_pos": [
        -9.555713653564453,
        4.029914379119873
      ],
      "reward_shaping": null,
      "score": null,
      "step": 10,
      "team0_centroid": [
        -1.1315687894821167,
        1.326489269733429
      ],
      "team0_step_reward": 0.0,
      "team1_centroid": [
        -3.609155595302582,
        2.709372818470001
      ],
      "team1_step_reward": 0.0,
      "winner": null
    },
    {
      "ball_pos": [
        -10.135251998901367,
        3.4656949043273926
      ],
      "reward_shaping": null,
      "score": null,
      "step": 11,
      "team0_centroid": [
        -0.9447580575942993,
        1.4276341795921326
      ],
      "team0_step_reward": 0.0,
      "team1_centroid": [
        -3.4459381699562073,
        2.7698171138763428
      ],
      "team1_step_reward": 0.0,
      "winner": null
    },
    {
      "ball_pos": [
        -10.623976707458496,
        2.9898881912231445
      ],
      "reward_shaping": null,
      "score": null,
      "step": 12,
      "team0_centroid": [
        -0.3943455219268799,
        1.3783873319625854
      ],
      "team0_step_reward": 0.0,
      "team1_centroid": [
        -3.428395092487335,
        2.7022523283958435
      ],
      "team1_step_reward": 0.0,
      "winner": null
    },
    {
      "ball_pos": [
        -11.031997680664062,
        2.5926527976989746
      ],
      "reward_shaping": null,
      "score": null,
      "step": 13,
      "team0_centroid": [
        0.1384410858154297,
        1.43937087059021
      ],
      "team0_step_reward": 0.0,
      "team1_centroid": [
        -3.4839813709259033,
        2.7896807193756104
      ],