{
  "classification": {
    "labels": [
      "unclear_loss"
    ],
    "primary_label": "unclear_loss"
  },
  "cumulative_team0_reward": -2.0,
  "cumulative_team1_reward": 1.930799961090088,
  "episode_index": 41,
  "final_score": null,
  "final_team0_step_reward": -2.0,
  "final_team1_step_reward": 1.930799961090088,
  "final_winner": null,
  "metrics": {
    "mean_ball_x": 11.847873938083648,
    "tail_mean_ball_x": 13.819277366002401,
    "team0_possession_ratio": null,
    "team0_progress_toward_goal": 0.0,
    "team0_shaping_reward_sum": 0.0,
    "team1_possession_ratio": null,
    "team1_progress_toward_goal": 0.0,
    "team1_shaping_reward_sum": 0.0
  },
  "outcome": "team1_win",
  "sampled_trace": [
    {
      "ball_pos": [
        -1.566946029663086,
        -0.4561135768890381
      ],
      "reward_shaping": null,
      "score": null,
      "step": 0,
      "team0_centroid": [
        5.983567476272583,
        0.01909935474395752
      ],
      "team0_step_reward": 0.0,
      "team1_centroid": [
        -5.1604228019714355,
        -0.06641614437103271
      ],
      "team1_step_reward": 0.0,
      "winner": null
    },
    {
      "ball_pos": [
        14.316651344299316,
        -4.994502067565918
      ],
      "reward_shaping": null,
      "score": null,
      "step": 10,
      "team0_centroid": [
        -0.8126196265220642,
        -2.6933143734931946
      ],
      "team0_step_reward": 0.0,
      "team1_centroid": [
        -0.16472315788269043,
        -4.386830925941467
      ],
      "team1_step_reward": 0.0,
      "winner": null
    },
    {
      "ball_pos": [
        14.401240348815918,
        -0.9553140997886658
      ],
      "reward_shaping": null,
      "score": null,
      "step": 20,
      "team0_centroid": [
        -4.687286913394928,
        -0.7124689221382141
      ],
      "team0_step_reward": 0.0,
      "team1_centroid": [
        -0.23929071426391602,
        -3.264292538166046
      ],
      "team1_step_reward": 0.0,
      "winner": null
    },
    {
      "ball_pos": [
        14.625304222106934,
        -0.03291986137628555
      ],
      "reward_shaping": null,
      "score": null,
      "step": 30,
      "team0_centroid": [
        1.4067761898040771,
        0.7778334021568298
      ],
      "team0_step_reward": 0.0,
      "team1_centroid": [
        6.724542438983917,
        -2.0355746150016785
      ],
      "team1_step_reward": 0.0,
      "winner": null
    }
  ],
  "steps": 35,
  "tail_trace": [
    {
      "ball_pos": [
        6.576727390289307,
        -4.6138834953308105
      ],
      "reward_shaping": null,
      "score": null,
      "step": 5,
      "team0_centroid": [
        0.6739768832921982,
        -0.8957472592592239
      ],
      "team0_step_reward": 0.0,
      "team1_centroid": [
        -2.4881286025047302,
        -2.222052752971649
      ],
      "team1_step_reward": 0.0,
      "winner": null
    },
    {
      "ball_pos": [
        8.950469970703125,
        -5.835299968719482
      ],
      "reward_shaping": null,
      "score": null,
      "step": 6,
      "team0_centroid": [
        0.07208991050720215,
        -1.324035882949829
      ],
      "team0_step_reward": 0.0,
      "team1_centroid": [
        -2.0584720373153687,
        -2.7519103288650513
      ],
      "team1_step_reward": 0.0,
      "winner": null
    },
    {
      "ball_pos": [
        11.052547454833984,
        -6.916929721832275
      ],
      "reward_shaping": null,
      "score": null,
      "step": 7,
      "team0_centroid": [
        -0.3412094712257385,
        -1.820242702960968
      ],
      "team0_step_reward": 0.0,
      "team1_centroid": [
        -1.6587609648704529,
        -3.1718329191207886
      ],
      "team1_step_reward": 0.0,
      "winner": null
    },
    {
      "ball_pos": [
        12.288046836853027,
        -6.17292594909668
      ],
      "reward_shaping": null,
      "score": null,
      "step": 8,
      "team0_centroid": [
        -0.5926327109336853,
        -2.406282067298889
      ],
      "team0_step_reward": 0.0,
      "team1_centroid": [
        -1.1820942163467407,
        -3.5516726970672607
      ],
      "team1_step_reward": 0.0,
      "winner": null
    },
    {
      "ball_pos": [
        13.375794410705566,
        -5.541029930114746
      ],
      "reward_shaping": null,
      "score": null,
      "step": 9,
      "team0_centroid": [
        -0.5870494246482849,
        -2.5926339626312256
      ],
      "team0_step_reward": 0.0,
      "team1_centroid": [
        -0.6856321096420288,
        -4.091519236564636
      ],
      "team1_step_reward": 0.0,
      "winner": null
    },
    {
      "ball_pos": [
        14.316651344299316,
        -4.994502067565918
      ],
      "reward_shaping": null,
      "score": null,
      "step": 10,
      "team0_centroid": [
        -0.8126196265220642,
        -2.6933143734931946
      ],
      "team0_step_reward": 0.0,
      "team1_centroid": [
        -0.16472315788269043,
        -4.386830925941467
      ],
      "team1_step_reward": 0.0,
      "winner": null
    },
    {
      "ball_pos": [
        14.317386627197266,
        -4.27078914642334
      ],
      "reward_shaping": null,
      "score": null,
      "step": 11,
      "team0_centroid": [
        -1.1563096046447754,
        -2.6595977544784546
      ],
      "team0_step_reward": 0.0,
      "team1_centroid": [
        0.44225645065307617,
        -4.585124611854553
      ],
      "team1_step_reward": 0.0,
      "winner": null
    },
    {
      "ball_pos": [
        14.332308769226074,
        -3.6795151233673096
      ],
      "reward_shaping": null,
      "score": null,
      "step": 12,
      "team0_centroid": [
        -1.4789287149906158,
        -2.416355848312378
      ],
      "team0_step_reward": 0.0,
      "team1_centroid": [
        0.7170917987823486,
        -4.394905507564545
      ],
      "team1_step_reward": 0.0,
      "winner": null
    },
    {
      "ball_pos": [
        14.344621658325195,
        -3.1929337978363037
      ],
      "reward_shaping": null,
      "score": null,
      "step": 13,
      "team0_centroid": [
        -1.606071576476097,
        -2.0726097524166107
      ],
      "team0_step_reward": 0.0,
      "team1_centroid": [
        0.44225478172302246,
        -4.138549208641052
      ],
      "team1_step_reward": 0.0,
      "winner": null
    },
    {
      "ball_pos": [
        14.355369567871094,
        -2.7681567668914795
      ],
      "reward_shaping": null,
      "score": null,
      "step": 14,
      "team0_centroid": [
        -1.7639521956443787,
        -1.7044111639261246
      ],
      "team0_step_reward": 0.0,
      "team1_centroid": [
        -0.34848451614379883,
        -3.9321746826171875
      ],
      "team1_step_reward": 0.0,
      "winner": null
    },
    {
      "ball_pos": [
        14.36507797241211,
        -2.3844454288482666
      ],
      "reward_shaping": null,
      "score": null,
      "step": 15,
      "team0_centroid": [
        -1.9722079634666443,
        -1.4057561717927456
      ],
      "team0_step_reward": 0.0,
      "team1_centroid": [
        -1.1377438306808472,
        -3.8678301572799683
      ],
      "team1_step_reward": 0.0,
      "winner": null
    },
    {
      "ball_pos": [
        14.373847007751465,
        -2.0378541946411133
      ],
      "reward_shaping": null,
      "score": null,
      "step": 16,
      "team0_centroid": [
        -2.1568829119205475,
        -1.199189454317093
      ],
      "team0_step_reward": 0.0,
      "team1_centroid": [
        -1.4456126689910889,
        -3.8595295548439026
      ],
      "team1_step_reward": 0.0,
      "winner": null
    },
    {
      "ball_pos": [
        14.381768226623535,
        -1.7248164415359497
      ],
      "reward_shaping": null,
      "score": null,
      "step": 17,
      "team0_centroid": [
        -2.5627083778381348,
        -0.9944848418235779
      ],
      "team0_step_reward": 0.0,