{
  "classification": {
    "labels": [
      "late_defensive_collapse",
      "territory_loss"
    ],
    "primary_label": "late_defensive_collapse"
  },
  "cumulative_team0_reward": -2.0,
  "cumulative_team1_reward": 1.9279999732971191,
  "episode_index": 126,
  "final_score": null,
  "final_team0_step_reward": -2.0,
  "final_team1_step_reward": 1.9279999732971191,
  "final_winner": null,
  "metrics": {
    "mean_ball_x": -9.830426388316685,
    "tail_mean_ball_x": -11.632058874766033,
    "team0_possession_ratio": null,
    "team0_progress_toward_goal": 0.0,
    "team0_shaping_reward_sum": 0.0,
    "team1_possession_ratio": null,
    "team1_progress_toward_goal": 0.0,
    "team1_shaping_reward_sum": 0.0
  },
  "outcome": "team1_win",
  "sampled_trace": [
    {
      "ball_pos": [
        2.35434627532959,
        -0.11818742752075195
      ],
      "reward_shaping": null,
      "score": null,
      "step": 0,
      "team0_centroid": [
        -6.735964059829712,
        -0.08593195676803589
      ],
      "team0_step_reward": 0.0,
      "team1_centroid": [
        5.590793609619141,
        0.06641644239425659
      ],
      "team1_step_reward": 0.0,
      "winner": null
    },
    {
      "ball_pos": [
        -9.493118286132812,
        6.0497565269470215
      ],
      "reward_shaping": null,
      "score": null,
      "step": 10,
      "team0_centroid": [
        -0.1816408634185791,
        2.6778430342674255
      ],
      "team0_step_reward": 0.0,
      "team1_centroid": [
        -1.2309913635253906,
        0.7651994675397873
      ],
      "team1_step_reward": 0.0,
      "winner": null
    },
    {
      "ball_pos": [
        -12.117666244506836,
        4.2151103019714355
      ],
      "reward_shaping": null,
      "score": null,
      "step": 20,
      "team0_centroid": [
        -2.5913741886615753,
        4.408994555473328
      ],
      "team0_step_reward": 0.0,
      "team1_centroid": [
        -0.3193688988685608,
        0.360335111618042
      ],
      "team1_step_reward": 0.0,
      "winner": null
    },
    {
      "ball_pos": [
        -13.068612098693848,
        3.5503664016723633
      ],
      "reward_shaping": null,
      "score": null,
      "step": 30,
      "team0_centroid": [
        -1.9859869480133057,
        1.587344080209732
      ],
      "team0_step_reward": 0.0,
      "team1_centroid": [
        -8.347312688827515,
        -2.0167064666748047
      ],
      "team1_step_reward": 0.0,
      "winner": null
    }
  ],
  "steps": 36,
  "tail_trace": [
    {
      "ball_pos": [
        -6.270150184631348,
        5.5943074226379395
      ],
      "reward_shaping": null,
      "score": null,
      "step": 6,
      "team0_centroid": [
        -1.0634284615516663,
        0.8974317722022533
      ],
      "team0_step_reward": 0.0,
      "team1_centroid": [
        2.42570698261261,
        0.6853301227092743
      ],
      "team1_step_reward": 0.0,
      "winner": null
    },
    {
      "ball_pos": [
        -7.445494651794434,
        6.375901699066162
      ],
      "reward_shaping": null,
      "score": null,
      "step": 7,
      "team0_centroid": [
        -0.6843146085739136,
        1.4193669259548187
      ],
      "team0_step_reward": 0.0,
      "team1_centroid": [
        1.6470078229904175,
        0.6562125533819199
      ],
      "team1_step_reward": 0.0,
      "winner": null
    },
    {
      "ball_pos": [
        -8.416604042053223,
        6.808536052703857
      ],
      "reward_shaping": null,
      "score": null,
      "step": 8,
      "team0_centroid": [
        -0.17923450469970703,
        1.920736700296402
      ],
      "team0_step_reward": 0.0,
      "team1_centroid": [
        0.5945912599563599,
        0.6696733981370926
      ],
      "team1_step_reward": 0.0,
      "winner": null
    },
    {
      "ball_pos": [
        -9.001983642578125,
        6.393449783325195
      ],
      "reward_shaping": null,
      "score": null,
      "step": 9,
      "team0_centroid": [
        0.1599104404449463,
        2.359847366809845
      ],
      "team0_step_reward": 0.0,
      "team1_centroid": [
        -0.5716149285435677,
        0.6970309503376484
      ],
      "team1_step_reward": 0.0,
      "winner": null
    },
    {
      "ball_pos": [
        -9.493118286132812,
        6.0497565269470215
      ],
      "reward_shaping": null,
      "score": null,
      "step": 10,
      "team0_centroid": [
        -0.1816408634185791,
        2.6778430342674255
      ],
      "team0_step_reward": 0.0,
      "team1_centroid": [
        -1.2309913635253906,
        0.7651994675397873
      ],
      "team1_step_reward": 0.0,
      "winner": null
    },
    {
      "ball_pos": [
        -9.898930549621582,
        5.766079902648926
      ],
      "reward_shaping": null,
      "score": null,
      "step": 11,
      "team0_centroid": [
        -0.8785560727119446,
        2.871712565422058
      ],
      "team0_step_reward": 0.0,
      "team1_centroid": [
        -1.9273743033409119,
        0.7834181189537048
      ],
      "team1_step_reward": 0.0,
      "winner": null
    },
    {
      "ball_pos": [
        -10.2565336227417,
        5.516103267669678
      ],
      "reward_shaping": null,
      "score": null,
      "step": 12,
      "team0_centroid": [
        -1.6027591824531555,
        2.974693536758423
      ],
      "team0_step_reward": 0.0,
      "team1_centroid": [
        -2.2609176635742188,
        0.6940628290176392
      ],
      "team1_step_reward": 0.0,
      "winner": null
    },
    {
      "ball_pos": [
        -10.579570770263672,
        5.290289878845215
      ],
      "reward_shaping": null,
      "score": null,
      "step": 13,
      "team0_centroid": [
        -1.9373995065689087,
        3.262853980064392
      ],
      "team0_step_reward": 0.0,
      "team1_centroid": [
        -2.100601077079773,
        0.46468544006347656
      ],
      "team1_step_reward": 0.0,
      "winner": null
    },
    {
      "ball_pos": [
        -10.871363639831543,
        5.086317539215088
      ],
      "reward_shaping": null,
      "score": null,
      "step": 14,
      "team0_centroid": [
        -2.039090633392334,
        3.614081621170044
      ],
      "team0_step_reward": 0.0,
      "team1_centroid": [
        -1.5980685651302338,
        0.2101372480392456
      ],
      "team1_step_reward": 0.0,
      "winner": null
    },
    {
      "ball_pos": [
        -11.134913444519043,
        4.902087688446045
      ],
      "reward_shaping": null,
      "score": null,
      "step": 15,
      "team0_centroid": [
        -2.147635817527771,
        3.9983946084976196
      ],
      "team0_step_reward": 0.0,
      "team1_centroid": [
        -1.3122660219669342,
        0.18510079383850098
      ],
      "team1_step_reward": 0.0,
      "winner": null
    },
    {
      "ball_pos": [
        -11.373031616210938,
        4.735635280609131
      ],
      "reward_shaping": null,
      "score": null,
      "step": 16,
      "team0_centroid": [
        -2.2975745499134064,
        4.314451575279236
      ],
      "team0_step_reward": 0.0,
      "team1_centroid": [
        -0.9948593936860561,
        0.2106560468673706
      ],
      "team1_step_reward": 0.0,
      "winner": null
    },
    {
      "ball_pos": [
        -11.588271141052246,
        4.585175037384033
      ],
      "reward_shaping": null,
      "score": null,
      "step": 17,
      "team0_centroid": [
        -2.45975798368454,
        4.486912727355957
      ],
      "team0_step_reward": 0.0,
      "team1_centroid": [
        -0.6589353680610657,
        0.19334900379180908
      ],
      "team1_step_reward": 0.0,
      "winner": null
    },
    {
      "ball_pos": [
        -11.782830238342285,
        4.44917106628418
      ],
      "reward_shaping": null,
      "score": null,
      "step": 18,
      "team0_centroid": [
        -2.5288901329040527,
        4.471964955329895
      ],
      "team0_step_reward": 0.0,