{
  "classification": {
    "labels": [
      "late_defensive_collapse",
      "territory_loss"
    ],
    "primary_label": "late_defensive_collapse"
  },
  "cumulative_team0_reward": -2.0,
  "cumulative_team1_reward": 1.9292000532150269,
  "episode_index": 294,
  "final_score": null,
  "final_team0_step_reward": -2.0,
  "final_team1_step_reward": 1.9292000532150269,
  "final_winner": null,
  "metrics": {
    "mean_ball_x": -5.4711039910713835,
    "tail_mean_ball_x": -6.8494066298007965,
    "team0_possession_ratio": null,
    "team0_progress_toward_goal": 0.0,
    "team0_shaping_reward_sum": 0.0,
    "team1_possession_ratio": null,
    "team1_progress_toward_goal": 0.0,
    "team1_shaping_reward_sum": 0.0
  },
  "outcome": "team1_win",
  "sampled_trace": [
    {
      "ball_pos": [
        2.170238971710205,
        1.2234644889831543
      ],
      "reward_shaping": null,
      "score": null,
      "step": 0,
      "team0_centroid": [
        -7.905366659164429,
        0.03383839130401611
      ],
      "team0_step_reward": 0.0,
      "team1_centroid": [
        6.27943754196167,
        -0.0012357234954833984
      ],
      "team1_step_reward": 0.0,
      "winner": null
    },
    {
      "ball_pos": [
        0.805763840675354,
        6.464409828186035
      ],
      "reward_shaping": null,
      "score": null,
      "step": 10,
      "team0_centroid": [
        -8.088833570480347,
        2.744207262992859
      ],
      "team0_step_reward": 0.0,
      "team1_centroid": [
        -1.9183262586593628,
        5.2143296003341675
      ],
      "team1_step_reward": 0.0,
      "winner": null
    },
    {
      "ball_pos": [
        -4.389665603637695,
        -0.24764758348464966
      ],
      "reward_shaping": null,
      "score": null,
      "step": 20,
      "team0_centroid": [
        -8.872814178466797,
        3.696814477443695
      ],
      "team0_step_reward": 0.0,
      "team1_centroid": [
        -6.736244797706604,
        3.109157055616379
      ],
      "team1_step_reward": 0.0,
      "winner": null
    },
    {
      "ball_pos": [
        -13.882791519165039,
        -3.7332358360290527
      ],
      "reward_shaping": null,
      "score": null,
      "step": 30,
      "team0_centroid": [
        -11.486309051513672,
        0.5449965596199036
      ],
      "team0_step_reward": 0.0,
      "team1_centroid": [
        -8.74216890335083,
        -1.313900351524353
      ],
      "team1_step_reward": 0.0,
      "winner": null
    }
  ],
  "steps": 36,
  "tail_trace": [
    {
      "ball_pos": [
        0.7575352787971497,
        4.9117021560668945
      ],
      "reward_shaping": null,
      "score": null,
      "step": 6,
      "team0_centroid": [
        -7.774112582206726,
        0.7858044803142548
      ],
      "team0_step_reward": 0.0,
      "team1_centroid": [
        -0.3583531379699707,
        3.27951717376709
      ],
      "team1_step_reward": 0.0,
      "winner": null
    },
    {
      "ball_pos": [
        0.7912931442260742,
        5.7465901374816895
      ],
      "reward_shaping": null,
      "score": null,
      "step": 7,
      "team0_centroid": [
        -8.040789127349854,
        1.1479290872812271
      ],
      "team0_step_reward": 0.0,
      "team1_centroid": [
        -0.8665984869003296,
        3.87437641620636
      ],
      "team1_step_reward": 0.0,
      "winner": null
    },
    {
      "ball_pos": [
        0.8198267817497253,
        6.452270984649658
      ],
      "reward_shaping": null,
      "score": null,
      "step": 8,
      "team0_centroid": [
        -8.195174217224121,
        1.636453241109848
      ],
      "team0_step_reward": 0.0,
      "team1_centroid": [
        -1.2241193056106567,
        4.439262866973877
      ],
      "team1_step_reward": 0.0,
      "winner": null
    },
    {
      "ball_pos": [
        0.8313940167427063,
        6.818061828613281
      ],
      "reward_shaping": null,
      "score": null,
      "step": 9,
      "team0_centroid": [
        -8.282387256622314,
        2.213459700345993
      ],
      "team0_step_reward": 0.0,
      "team1_centroid": [
        -1.4938052892684937,
        4.853744268417358
      ],
      "team1_step_reward": 0.0,
      "winner": null
    },
    {
      "ball_pos": [
        0.805763840675354,
        6.464409828186035
      ],
      "reward_shaping": null,
      "score": null,
      "step": 10,
      "team0_centroid": [
        -8.088833570480347,
        2.744207262992859
      ],
      "team0_step_reward": 0.0,
      "team1_centroid": [
        -1.9183262586593628,
        5.2143296003341675
      ],
      "team1_step_reward": 0.0,
      "winner": null
    },
    {
      "ball_pos": [
        0.32646429538726807,
        5.792290687561035
      ],
      "reward_shaping": null,
      "score": null,
      "step": 11,
      "team0_centroid": [
        -7.821268081665039,
        3.2103195190429688
      ],
      "team0_step_reward": 0.0,
      "team1_centroid": [
        -2.307017147541046,
        5.511378288269043
      ],
      "team1_step_reward": 0.0,
      "winner": null
    },
    {
      "ball_pos": [
        -0.5582835674285889,
        4.659224033355713
      ],
      "reward_shaping": null,
      "score": null,
      "step": 12,
      "team0_centroid": [
        -7.690109968185425,
        3.720542788505554
      ],
      "team0_step_reward": 0.0,
      "team1_centroid": [
        -2.4972569346427917,
        5.669383525848389
      ],
      "team1_step_reward": 0.0,
      "winner": null
    },
    {
      "ball_pos": [
        -1.3278347253799438,
        3.6736557483673096
      ],
      "reward_shaping": null,
      "score": null,
      "step": 13,
      "team0_centroid": [
        -7.6853437423706055,
        4.299922704696655
      ],
      "team0_step_reward": 0.0,
      "team1_centroid": [
        -2.587499976158142,
        5.782299518585205
      ],
      "team1_step_reward": 0.0,
      "winner": null
    },
    {
      "ball_pos": [
        -1.9932724237442017,
        2.8214259147644043
      ],
      "reward_shaping": null,
      "score": null,
      "step": 14,
      "team0_centroid": [
        -7.729962229728699,
        4.77656614780426
      ],
      "team0_step_reward": 0.0,
      "team1_centroid": [
        -2.6136013865470886,
        5.717476844787598
      ],
      "team1_step_reward": 0.0,
      "winner": null
    },
    {
      "ball_pos": [
        -2.5645997524261475,
        2.089723825454712
      ],
      "reward_shaping": null,
      "score": null,
      "step": 15,
      "team0_centroid": [
        -7.698017358779907,
        4.967676162719727
      ],
      "team0_step_reward": 0.0,
      "team1_centroid": [
        -2.5702735781669617,
        5.593928337097168
      ],
      "team1_step_reward": 0.0,
      "winner": null
    },
    {
      "ball_pos": [
        -3.050858974456787,
        1.4669691324234009
      ],
      "reward_shaping": null,
      "score": null,
      "step": 16,
      "team0_centroid": [
        -7.5525431632995605,
        4.906121492385864
      ],
      "team0_step_reward": 0.0,
      "team1_centroid": [
        -2.949668228626251,
        5.345102071762085
      ],
      "team1_step_reward": 0.0,
      "winner": null
    },
    {
      "ball_pos": [
        -3.4602231979370117,
        0.9426943063735962
      ],
      "reward_shaping": null,
      "score": null,
      "step": 17,
      "team0_centroid": [
        -7.386454105377197,
        4.820456266403198
      ],
      "team0_step_reward": 0.0,
      "team1_centroid": [
        -3.8971516638994217,
        4.828414797782898
      ],
      "team1_step_reward": 0.0,
      "winner": null
    },
    {
      "ball_pos": [
        -3.804222583770752,
        0.5021323561668396
      ],
      "reward_shaping": null,
      "score": null,
      "step": 18,
      "team0_centroid": [
        -7.434479475021362,
        4.6322914361953735
      ],
      "team0_step_reward": 0.0,