{
  "classification": {
    "labels": [
      "unclear_loss"
    ],
    "primary_label": "unclear_loss"
  },
  "cumulative_team0_reward": -2.0,
  "cumulative_team1_reward": 1.9531999826431274,
  "episode_index": 185,
  "final_score": null,
  "final_team0_step_reward": -2.0,
  "final_team1_step_reward": 1.9531999826431274,
  "final_winner": null,
  "metrics": {
    "mean_ball_x": 7.9476728066802025,
    "tail_mean_ball_x": 7.9476728066802025,
    "team0_possession_ratio": null,
    "team0_progress_toward_goal": 0.0,
    "team0_shaping_reward_sum": 0.0,
    "team1_possession_ratio": null,
    "team1_progress_toward_goal": 0.0,
    "team1_shaping_reward_sum": 0.0
  },
  "outcome": "team1_win",
  "sampled_trace": [
    {
      "ball_pos": [
        1.2052464485168457,
        0.48198601603507996
      ],
      "reward_shaping": null,
      "score": null,
      "step": 0,
      "team0_centroid": [
        6.714132308959961,
        0.02408015727996826
      ],
      "team0_step_reward": 0.0,
      "team1_centroid": [
        -7.874565601348877,
        0.0
      ],
      "team1_step_reward": 0.0,
      "winner": null
    },
    {
      "ball_pos": [
        7.058863639831543,
        -4.894303798675537
      ],
      "reward_shaping": null,
      "score": null,
      "step": 10,
      "team0_centroid": [
        5.723179578781128,
        0.7686784267425537
      ],
      "team0_step_reward": 0.0,
      "team1_centroid": [
        2.478956937789917,
        0.5219883322715759
      ],
      "team1_step_reward": 0.0,
      "winner": null
    },
    {
      "ball_pos": [
        13.72188663482666,
        1.29911470413208
      ],
      "reward_shaping": null,
      "score": null,
      "step": 20,
      "team0_centroid": [
        9.30965805053711,
        1.6647355407476425
      ],
      "team0_step_reward": 0.0,
      "team1_centroid": [
        2.769824743270874,
        0.32825422286987305
      ],
      "team1_step_reward": 0.0,
      "winner": null
    }
  ],
  "steps": 24,
  "tail_trace": [
    {
      "ball_pos": [
        1.2052464485168457,
        0.48198601603507996
      ],
      "reward_shaping": null,
      "score": null,
      "step": 0,
      "team0_centroid": [
        6.714132308959961,
        0.02408015727996826
      ],
      "team0_step_reward": 0.0,
      "team1_centroid": [
        -7.874565601348877,
        0.0
      ],
      "team1_step_reward": 0.0,
      "winner": null
    },
    {
      "ball_pos": [
        1.2052464485168457,
        0.48198601603507996
      ],
      "reward_shaping": null,
      "score": null,
      "step": 1,
      "team0_centroid": [
        6.129004240036011,
        0.10907191038131714
      ],
      "team0_step_reward": 0.0,
      "team1_centroid": [
        -7.37443995475769,
        0.042608678340911865
      ],
      "team1_step_reward": 0.0,
      "winner": null
    },
    {
      "ball_pos": [
        1.2052464485168457,
        0.48198601603507996
      ],
      "reward_shaping": null,
      "score": null,
      "step": 2,
      "team0_centroid": [
        5.316251039505005,
        0.18837633728981018
      ],
      "team0_step_reward": 0.0,
      "team1_centroid": [
        -6.206820726394653,
        0.1420850157737732
      ],
      "team1_step_reward": 0.0,
      "winner": null
    },
    {
      "ball_pos": [
        1.2052464485168457,
        0.48198601603507996
      ],
      "reward_shaping": null,
      "score": null,
      "step": 3,
      "team0_centroid": [
        4.553359746932983,
        0.22583438456058502
      ],
      "team0_step_reward": 0.0,
      "team1_centroid": [
        -4.548316717147827,
        0.2584437429904938
      ],
      "team1_step_reward": 0.0,
      "winner": null
    },
    {
      "ball_pos": [
        1.2052464485168457,
        0.48198601603507996
      ],
      "reward_shaping": null,
      "score": null,
      "step": 4,
      "team0_centroid": [
        3.976001024246216,
        0.24731869995594025
      ],
      "team0_step_reward": 0.0,
      "team1_centroid": [
        -2.79442298412323,
        0.36117997765541077
      ],
      "team1_step_reward": 0.0,
      "winner": null
    },
    {
      "ball_pos": [
        -0.4733507037162781,
        0.0344320684671402
      ],
      "reward_shaping": null,
      "score": null,
      "step": 5,
      "team0_centroid": [
        3.588358759880066,
        0.27390456199645996
      ],
      "team0_step_reward": 0.0,
      "team1_centroid": [
        -0.8827673196792603,
        0.4201039634644985
      ],
      "team1_step_reward": 0.0,
      "winner": null
    },
    {
      "ball_pos": [
        2.3418190479278564,
        -0.5566078424453735
      ],
      "reward_shaping": null,
      "score": null,
      "step": 6,
      "team0_centroid": [
        3.5703824758529663,
        0.18325486779212952
      ],
      "team0_step_reward": 0.0,
      "team1_centroid": [
        0.14578747749328613,
        0.2802032604813576
      ],
      "team1_step_reward": 0.0,
      "winner": null
    },
    {
      "ball_pos": [
        4.587671279907227,
        -1.0701560974121094
      ],
      "reward_shaping": null,
      "score": null,
      "step": 7,
      "team0_centroid": [
        4.007096886634827,
        0.05622565746307373
      ],
      "team0_step_reward": 0.0,
      "team1_centroid": [
        0.8308161199092865,
        0.19699414260685444
      ],
      "team1_step_reward": 0.0,
      "winner": null
    },
    {
      "ball_pos": [
        3.486703395843506,
        -0.5854572057723999
      ],
      "reward_shaping": null,
      "score": null,
      "step": 8,
      "team0_centroid": [
        4.483249664306641,
        0.09863144159317017
      ],
      "team0_step_reward": 0.0,
      "team1_centroid": [
        1.4766905307769775,
        0.3635972775518894
      ],
      "team1_step_reward": 0.0,
      "winner": null
    },
    {
      "ball_pos": [
        4.949774742126465,
        -2.3786520957946777
      ],
      "reward_shaping": null,
      "score": null,
      "step": 9,
      "team0_centroid": [
        4.987161040306091,
        0.4143872857093811
      ],
      "team0_step_reward": 0.0,
      "team1_centroid": [
        2.031326413154602,
        0.5584356859326363
      ],
      "team1_step_reward": 0.0,
      "winner": null
    },
    {
      "ball_pos": [
        7.058863639831543,
        -4.894303798675537
      ],
      "reward_shaping": null,
      "score": null,
      "step": 10,
      "team0_centroid": [
        5.723179578781128,
        0.7686784267425537
      ],
      "team0_step_reward": 0.0,
      "team1_centroid": [
        2.478956937789917,
        0.5219883322715759
      ],
      "team1_step_reward": 0.0,
      "winner": null
    },
    {
      "ball_pos": [
        8.933795928955078,
        -7.1306939125061035
      ],
      "reward_shaping": null,
      "score": null,
      "step": 11,
      "team0_centroid": [
        6.640717029571533,
        1.1497474908828735
      ],
      "team0_step_reward": 0.0,
      "team1_centroid": [
        2.7266135215759277,
        0.41744574904441833
      ],
      "team1_step_reward": 0.0,
      "winner": null
    },
    {
      "ball_pos": [
        9.820234298706055,
        -5.574615478515625
      ],
      "reward_shaping": null,
      "score": null,
      "step": 12,
      "team0_centroid": [
        7.455481052398682,
        1.47227543592453
      ],
      "team0_step_reward": 0.0,
      "team1_centroid": [
        2.857813596725464,
        0.3475487232208252
      ],
      "team1_step_reward": 0.0,
      "winner": null
    },
    {
      "ball_pos": [
        10.59145736694336,
        -4.215799331665039
      ],
      "reward_shaping": null,
      "score": null,
      "step": 13,
      "team0_centroid": [
        8.328121900558472,
        1.8394954800605774
      ],
      "team0_step_reward": 0.0,
      "team1_centroid": [
        2.9141398668289185,
        0.46747177839279175
      ],