{
  "classification": {
    "labels": [
      "unclear_loss"
    ],
    "primary_label": "unclear_loss"
  },
  "cumulative_team0_reward": -2.0,
  "cumulative_team1_reward": 1.94760000705719,
  "episode_index": 267,
  "final_score": null,
  "final_team0_step_reward": -2.0,
  "final_team1_step_reward": 1.94760000705719,
  "final_winner": null,
  "metrics": {
    "mean_ball_x": 7.9353465758837185,
    "tail_mean_ball_x": 7.9353465758837185,
    "team0_possession_ratio": null,
    "team0_progress_toward_goal": 0.0,
    "team0_shaping_reward_sum": 0.0,
    "team1_possession_ratio": null,
    "team1_progress_toward_goal": 0.0,
    "team1_shaping_reward_sum": 0.0
  },
  "outcome": "team1_win",
  "sampled_trace": [
    {
      "ball_pos": [
        -1.0497245788574219,
        0.5470066070556641
      ],
      "reward_shaping": null,
      "score": null,
      "step": 0,
      "team0_centroid": [
        8.960701942443848,
        0.0003171563148498535
      ],
      "team0_step_reward": 0.0,
      "team1_centroid": [
        -10.846075534820557,
        -0.028892934322357178
      ],
      "team1_step_reward": 0.0,
      "winner": null
    },
    {
      "ball_pos": [
        8.410036087036133,
        -6.319319248199463
      ],
      "reward_shaping": null,
      "score": null,
      "step": 10,
      "team0_centroid": [
        6.019435524940491,
        -1.3491133004426956
      ],
      "team0_step_reward": 0.0,
      "team1_centroid": [
        -3.467547357082367,
        -0.36772453784942627
      ],
      "team1_step_reward": 0.0,
      "winner": null
    },
    {
      "ball_pos": [
        12.565491676330566,
        -4.427711009979248
      ],
      "reward_shaping": null,
      "score": null,
      "step": 20,
      "team0_centroid": [
        4.183086693286896,
        -3.1773383021354675
      ],
      "team0_step_reward": 0.0,
      "team1_centroid": [
        0.7287290096282959,
        -0.21899878978729248
      ],
      "team1_step_reward": 0.0,
      "winner": null
    }
  ],
  "steps": 26,
  "tail_trace": [
    {
      "ball_pos": [
        -1.0497245788574219,
        0.5470066070556641
      ],
      "reward_shaping": null,
      "score": null,
      "step": 0,
      "team0_centroid": [
        8.960701942443848,
        0.0003171563148498535
      ],
      "team0_step_reward": 0.0,
      "team1_centroid": [
        -10.846075534820557,
        -0.028892934322357178
      ],
      "team1_step_reward": 0.0,
      "winner": null
    },
    {
      "ball_pos": [
        -1.0497245788574219,
        0.5470066070556641
      ],
      "reward_shaping": null,
      "score": null,
      "step": 1,
      "team0_centroid": [
        8.94066572189331,
        0.07393375039100647
      ],
      "team0_step_reward": 0.0,
      "team1_centroid": [
        -10.263593673706055,
        -0.014848589897155762
      ],
      "team1_step_reward": 0.0,
      "winner": null
    },
    {
      "ball_pos": [
        -1.0497245788574219,
        0.5470066070556641
      ],
      "reward_shaping": null,
      "score": null,
      "step": 2,
      "team0_centroid": [
        8.66448163986206,
        0.18995025753974915
      ],
      "team0_step_reward": 0.0,
      "team1_centroid": [
        -9.451853513717651,
        0.11932456493377686
      ],
      "team1_step_reward": 0.0,
      "winner": null
    },
    {
      "ball_pos": [
        -1.0497245788574219,
        0.5470066070556641
      ],
      "reward_shaping": null,
      "score": null,
      "step": 3,
      "team0_centroid": [
        8.082289695739746,
        0.13560378551483154
      ],
      "team0_step_reward": 0.0,
      "team1_centroid": [
        -8.219579458236694,
        0.3334988057613373
      ],
      "team1_step_reward": 0.0,
      "winner": null
    },
    {
      "ball_pos": [
        -1.0497245788574219,
        0.5470066070556641
      ],
      "reward_shaping": null,
      "score": null,
      "step": 4,
      "team0_centroid": [
        7.5092432498931885,
        0.06004829704761505
      ],
      "team0_step_reward": 0.0,
      "team1_centroid": [
        -6.775672495365143,
        0.4670390449464321
      ],
      "team1_step_reward": 0.0,
      "winner": null
    },
    {
      "ball_pos": [
        1.2645797729492188,
        -0.8778302073478699
      ],
      "reward_shaping": null,
      "score": null,
      "step": 5,
      "team0_centroid": [
        6.811400413513184,
        0.043080538511276245
      ],
      "team0_step_reward": 0.0,
      "team1_centroid": [
        -5.450106129050255,
        0.4744405597448349
      ],
      "team1_step_reward": 0.0,
      "winner": null
    },
    {
      "ball_pos": [
        3.081768751144409,
        -2.2616636753082275
      ],
      "reward_shaping": null,
      "score": null,
      "step": 6,
      "team0_centroid": [
        5.903466582298279,
        -0.09113101661205292
      ],
      "team0_step_reward": 0.0,
      "team1_centroid": [
        -4.397512763738632,
        0.36090072989463806
      ],
      "team1_step_reward": 0.0,
      "winner": null
    },
    {
      "ball_pos": [
        4.685348033905029,
        -3.4828431606292725
      ],
      "reward_shaping": null,
      "score": null,
      "step": 7,
      "team0_centroid": [
        5.721492767333984,
        -0.3481476716697216
      ],
      "team0_step_reward": 0.0,
      "team1_centroid": [
        -4.044138580560684,
        0.30946580320596695
      ],
      "team1_step_reward": 0.0,
      "winner": null
    },
    {
      "ball_pos": [
        6.095848560333252,
        -4.556987285614014
      ],
      "reward_shaping": null,
      "score": null,
      "step": 8,
      "team0_centroid": [
        5.809916853904724,
        -0.6274396441876888
      ],
      "team0_step_reward": 0.0,
      "team1_centroid": [
        -3.8964114487171173,
        0.14346137642860413
      ],
      "team1_step_reward": 0.0,
      "winner": null
    },
    {
      "ball_pos": [
        7.331821918487549,
        -5.498222827911377
      ],
      "reward_shaping": null,
      "score": null,
      "step": 9,
      "team0_centroid": [
        5.908919811248779,
        -1.008290022611618
      ],
      "team0_step_reward": 0.0,
      "team1_centroid": [
        -3.7977786362171173,
        -0.0630185604095459
      ],
      "team1_step_reward": 0.0,
      "winner": null
    },
    {
      "ball_pos": [
        8.410036087036133,
        -6.319319248199463
      ],
      "reward_shaping": null,
      "score": null,
      "step": 10,
      "team0_centroid": [
        6.019435524940491,
        -1.3491133004426956
      ],
      "team0_step_reward": 0.0,
      "team1_centroid": [
        -3.467547357082367,
        -0.36772453784942627
      ],
      "team1_step_reward": 0.0,
      "winner": null
    },
    {
      "ball_pos": [
        9.322577476501465,
        -6.785273551940918
      ],
      "reward_shaping": null,
      "score": null,
      "step": 11,
      "team0_centroid": [
        6.145890831947327,
        -1.6497702598571777
      ],
      "team0_step_reward": 0.0,
      "team1_centroid": [
        -3.0390405505895615,
        -0.6648370027542114
      ],
      "team1_step_reward": 0.0,
      "winner": null
    },
    {
      "ball_pos": [
        9.923916816711426,
        -6.342872142791748
      ],
      "reward_shaping": null,
      "score": null,
      "step": 12,
      "team0_centroid": [
        6.285504937171936,
        -1.8943450897932053
      ],
      "team0_step_reward": 0.0,
      "team1_centroid": [
        -2.6496672332286835,
        -0.874025285243988
      ],
      "team1_step_reward": 0.0,
      "winner": null
    },
    {
      "ball_pos": [
        10.430216789245605,
        -5.975409030914307
      ],
      "reward_shaping": null,
      "score": null,
      "step": 13,
      "team0_centroid": [
        6.343826532363892,
        -1.9274982661008835
      ],
      "team0_step_reward": 0.0,