{
  "classification": {
    "labels": [
      "unclear_loss"
    ],
    "primary_label": "unclear_loss"
  },
  "cumulative_team0_reward": -2.0,
  "cumulative_team1_reward": 1.962399959564209,
  "episode_index": 33,
  "final_score": null,
  "final_team0_step_reward": -2.0,
  "final_team1_step_reward": 1.962399959564209,
  "final_winner": null,
  "metrics": {
    "mean_ball_x": 7.792080240422173,
    "tail_mean_ball_x": 7.792080240422173,
    "team0_possession_ratio": null,
    "team0_progress_toward_goal": 0.0,
    "team0_shaping_reward_sum": 0.0,
    "team1_possession_ratio": null,
    "team1_progress_toward_goal": 0.0,
    "team1_shaping_reward_sum": 0.0
  },
  "outcome": "team1_win",
  "sampled_trace": [
    {
      "ball_pos": [
        -0.08875393122434616,
        0.8258759379386902
      ],
      "reward_shaping": null,
      "score": null,
      "step": 0,
      "team0_centroid": [
        9.159393310546875,
        0.0038967132568359375
      ],
      "team0_step_reward": 0.0,
      "team1_centroid": [
        -8.248440742492676,
        0.02070838212966919
      ],
      "team1_step_reward": 0.0,
      "winner": null
    },
    {
      "ball_pos": [
        10.693614959716797,
        5.281983375549316
      ],
      "reward_shaping": null,
      "score": null,
      "step": 10,
      "team0_centroid": [
        3.8597678542137146,
        -1.2171338200569153
      ],
      "team0_step_reward": 0.0,
      "team1_centroid": [
        -0.784977912902832,
        1.803583338856697
      ],
      "team1_step_reward": 0.0,
      "winner": null
    }
  ],
  "steps": 19,
  "tail_trace": [
    {
      "ball_pos": [
        -0.08875393122434616,
        0.8258759379386902
      ],
      "reward_shaping": null,
      "score": null,
      "step": 0,
      "team0_centroid": [
        9.159393310546875,
        0.0038967132568359375
      ],
      "team0_step_reward": 0.0,
      "team1_centroid": [
        -8.248440742492676,
        0.02070838212966919
      ],
      "team1_step_reward": 0.0,
      "winner": null
    },
    {
      "ball_pos": [
        -0.08875395357608795,
        0.8258759379386902
      ],
      "reward_shaping": null,
      "score": null,
      "step": 1,
      "team0_centroid": [
        8.644887447357178,
        -0.04577505588531494
      ],
      "team0_step_reward": 0.0,
      "team1_centroid": [
        -7.354255676269531,
        0.1804986596107483
      ],
      "team1_step_reward": 0.0,
      "winner": null
    },
    {
      "ball_pos": [
        -0.08875398337841034,
        0.8258759379386902
      ],
      "reward_shaping": null,
      "score": null,
      "step": 2,
      "team0_centroid": [
        7.734851002693176,
        -0.20772862434387207
      ],
      "team0_step_reward": 0.0,
      "team1_centroid": [
        -6.077028036117554,
        0.461860716342926
      ],
      "team1_step_reward": 0.0,
      "winner": null
    },
    {
      "ball_pos": [
        -0.08875398337841034,
        0.8258759379386902
      ],
      "reward_shaping": null,
      "score": null,
      "step": 3,
      "team0_centroid": [
        6.6976258754730225,
        -0.40955838561058044
      ],
      "team0_step_reward": 0.0,
      "team1_centroid": [
        -4.619832277297974,
        0.776352696120739
      ],
      "team1_step_reward": 0.0,
      "winner": null
    },
    {
      "ball_pos": [
        -1.760257363319397,
        0.9136025309562683
      ],
      "reward_shaping": null,
      "score": null,
      "step": 4,
      "team0_centroid": [
        5.389420926570892,
        -0.6120040118694305
      ],
      "team0_step_reward": 0.0,
      "team1_centroid": [
        -2.915619373321533,
        1.0734878778457642
      ],
      "team1_step_reward": 0.0,
      "winner": null
    },
    {
      "ball_pos": [
        1.2698872089385986,
        3.1506705284118652
      ],
      "reward_shaping": null,
      "score": null,
      "step": 5,
      "team0_centroid": [
        4.873555779457092,
        -0.8582738637924194
      ],
      "team0_step_reward": 0.0,
      "team1_centroid": [
        -2.439574360847473,
        1.1689365208148956
      ],
      "team1_step_reward": 0.0,
      "winner": null
    },
    {
      "ball_pos": [
        3.9834635257720947,
        4.670898914337158
      ],
      "reward_shaping": null,
      "score": null,
      "step": 6,
      "team0_centroid": [
        4.675376772880554,
        -1.0270709991455078
      ],
      "team0_step_reward": 0.0,
      "team1_centroid": [
        -2.44137966632843,
        1.2852496802806854
      ],
      "team1_step_reward": 0.0,
      "winner": null
    },
    {
      "ball_pos": [
        6.393538951873779,
        6.02111291885376
      ],
      "reward_shaping": null,
      "score": null,
      "step": 7,
      "team0_centroid": [
        4.477706968784332,
        -1.0733039379119873
      ],
      "team0_step_reward": 0.0,
      "team1_centroid": [
        -2.2076507806777954,
        1.4339662492275238
      ],
      "team1_step_reward": 0.0,
      "winner": null
    },
    {
      "ball_pos": [
        8.379812240600586,
        6.793583869934082
      ],
      "reward_shaping": null,
      "score": null,
      "step": 8,
      "team0_centroid": [
        4.359938204288483,
        -1.0777215957641602
      ],
      "team0_step_reward": 0.0,
      "team1_centroid": [
        -1.6971434950828552,
        1.608209103345871
      ],
      "team1_step_reward": 0.0,
      "winner": null
    },
    {
      "ball_pos": [
        9.616314888000488,
        5.985038757324219
      ],
      "reward_shaping": null,
      "score": null,
      "step": 9,
      "team0_centroid": [
        4.1221407651901245,
        -1.16787451505661
      ],
      "team0_step_reward": 0.0,
      "team1_centroid": [
        -1.2587323561310768,
        1.7108675837516785
      ],
      "team1_step_reward": 0.0,
      "winner": null
    },
    {
      "ball_pos": [
        10.693614959716797,
        5.281983375549316
      ],
      "reward_shaping": null,
      "score": null,
      "step": 10,
      "team0_centroid": [
        3.8597678542137146,
        -1.2171338200569153
      ],
      "team0_step_reward": 0.0,
      "team1_centroid": [
        -0.784977912902832,
        1.803583338856697
      ],
      "team1_step_reward": 0.0,
      "winner": null
    },
    {
      "ball_pos": [
        11.626351356506348,
        4.673280715942383
      ],
      "reward_shaping": null,
      "score": null,
      "step": 11,
      "team0_centroid": [
        3.673864960670471,
        -1.288956642150879
      ],
      "team0_step_reward": 0.0,
      "team1_centroid": [
        -0.08097684383392334,
        1.7056321501731873
      ],
      "team1_step_reward": 0.0,
      "winner": null
    },
    {
      "ball_pos": [
        12.428409576416016,
        4.149858474731445
      ],
      "reward_shaping": null,
      "score": null,
      "step": 12,
      "team0_centroid": [
        3.721142828464508,
        -1.29169362783432
      ],
      "team0_step_reward": 0.0,
      "team1_centroid": [
        0.5921465158462524,
        1.4430509209632874
      ],
      "team1_step_reward": 0.0,
      "winner": null
    },
    {
      "ball_pos": [
        13.112345695495605,
        3.7035226821899414
      ],
      "reward_shaping": null,
      "score": null,
      "step": 13,
      "team0_centroid": [
        4.0579752922058105,
        -1.1418885588645935
      ],
      "team0_step_reward": 0.0,
      "team1_centroid": [
        1.2912331223487854,
        1.2049015164375305
      ],
      "team1_step_reward": 0.0,
      "winner": null
    },
    {
      "ball_pos": [
        13.689508438110352,
        3.32686710357666
      ],
      "reward_shaping": null,
      "score": null,
      "step": 14,
      "team0_centroid": [
        4.6267924308776855,
        -0.8801196813583374
      ],
      "team0_step_reward": 0.0,