{
  "classification": {
    "labels": [
      "win"
    ],
    "primary_label": "win"
  },
  "cumulative_team0_reward": 1.9620000123977661,
  "cumulative_team1_reward": -2.0,
  "episode_index": 334,
  "final_score": null,
  "final_team0_step_reward": 1.9620000123977661,
  "final_team1_step_reward": -2.0,
  "final_winner": null,
  "metrics": {
    "mean_ball_x": 7.569417404501062,
    "tail_mean_ball_x": 7.569417404501062,
    "team0_possession_ratio": null,
    "team0_progress_toward_goal": 0.0,
    "team0_shaping_reward_sum": 0.0,
    "team1_possession_ratio": null,
    "team1_progress_toward_goal": 0.0,
    "team1_shaping_reward_sum": 0.0
  },
  "outcome": "team0_win",
  "sampled_trace": [
    {
      "ball_pos": [
        2.027008533477783,
        -0.37586894631385803
      ],
      "reward_shaping": null,
      "score": null,
      "step": 0,
      "team0_centroid": [
        -7.566675662994385,
        -0.030277013778686523
      ],
      "team0_step_reward": 0.0,
      "team1_centroid": [
        5.409709215164185,
        -0.05940598249435425
      ],
      "team1_step_reward": 0.0,
      "winner": null
    },
    {
      "ball_pos": [
        8.888944625854492,
        1.1427202224731445
      ],
      "reward_shaping": null,
      "score": null,
      "step": 10,
      "team0_centroid": [
        1.6284160017967224,
        0.6294898390769958
      ],
      "team0_step_reward": 0.0,
      "team1_centroid": [
        4.647818326950073,
        0.1513298749923706
      ],
      "team1_step_reward": 0.0,
      "winner": null
    }
  ],
  "steps": 19,
  "tail_trace": [
    {
      "ball_pos": [
        2.027008533477783,
        -0.37586894631385803
      ],
      "reward_shaping": null,
      "score": null,
      "step": 0,
      "team0_centroid": [
        -7.566675662994385,
        -0.030277013778686523
      ],
      "team0_step_reward": 0.0,
      "team1_centroid": [
        5.409709215164185,
        -0.05940598249435425
      ],
      "team1_step_reward": 0.0,
      "winner": null
    },
    {
      "ball_pos": [
        2.027008533477783,
        -0.3758687973022461
      ],
      "reward_shaping": null,
      "score": null,
      "step": 1,
      "team0_centroid": [
        -6.397242546081543,
        -0.07639801502227783
      ],
      "team0_step_reward": 0.0,
      "team1_centroid": [
        4.841027498245239,
        -0.22521743178367615
      ],
      "team1_step_reward": 0.0,
      "winner": null
    },
    {
      "ball_pos": [
        2.027008533477783,
        -0.37586864829063416
      ],
      "reward_shaping": null,
      "score": null,
      "step": 2,
      "team0_centroid": [
        -4.737201690673828,
        -0.049351513385772705
      ],
      "team0_step_reward": 0.0,
      "team1_centroid": [
        3.786803722381592,
        -0.4225625842809677
      ],
      "team1_step_reward": 0.0,
      "winner": null
    },
    {
      "ball_pos": [
        1.1180834770202637,
        0.25226953625679016
      ],
      "reward_shaping": null,
      "score": null,
      "step": 3,
      "team0_centroid": [
        -2.7182555198669434,
        0.0026114583015441895
      ],
      "team0_step_reward": 0.0,
      "team1_centroid": [
        2.7644165754318237,
        -0.6702205836772919
      ],
      "team1_step_reward": 0.0,
      "winner": null
    },
    {
      "ball_pos": [
        0.13705331087112427,
        0.9362793564796448
      ],
      "reward_shaping": null,
      "score": null,
      "step": 4,
      "team0_centroid": [
        -0.7079006731510162,
        0.01793050765991211
      ],
      "team0_step_reward": 0.0,
      "team1_centroid": [
        2.0349196195602417,
        -0.7508134692907333
      ],
      "team1_step_reward": 0.0,
      "winner": null
    },
    {
      "ball_pos": [
        2.3269312381744385,
        0.9138903021812439
      ],
      "reward_shaping": null,
      "score": null,
      "step": 5,
      "team0_centroid": [
        0.6673550754785538,
        -0.09599468111991882
      ],
      "team0_step_reward": 0.0,
      "team1_centroid": [
        1.6003896594047546,
        -0.5895317420363426
      ],
      "team1_step_reward": 0.0,
      "winner": null
    },
    {
      "ball_pos": [
        4.024733543395996,
        0.9734191298484802
      ],
      "reward_shaping": null,
      "score": null,
      "step": 6,
      "team0_centroid": [
        1.0560273677110672,
        0.043171852827072144
      ],
      "team0_step_reward": 0.0,
      "team1_centroid": [
        1.8156969547271729,
        -0.5817705485969782
      ],
      "team1_step_reward": 0.0,
      "winner": null
    },
    {
      "ball_pos": [
        5.510425090789795,
        1.0251309871673584
      ],
      "reward_shaping": null,
      "score": null,
      "step": 7,
      "team0_centroid": [
        1.0707580260932446,
        0.15831202268600464
      ],
      "team0_step_reward": 0.0,
      "team1_centroid": [
        2.0251243710517883,
        -0.6885101571679115
      ],
      "team1_step_reward": 0.0,
      "winner": null
    },
    {
      "ball_pos": [
        6.804370880126953,
        1.0701667070388794
      ],
      "reward_shaping": null,
      "score": null,
      "step": 8,
      "team0_centroid": [
        1.1967240273952484,
        0.4097936749458313
      ],
      "team0_step_reward": 0.0,
      "team1_centroid": [
        2.6540584564208984,
        -0.5913303643465042
      ],
      "team1_step_reward": 0.0,
      "winner": null
    },
    {
      "ball_pos": [
        7.92499303817749,
        1.1091699600219727
      ],
      "reward_shaping": null,
      "score": null,
      "step": 9,
      "team0_centroid": [
        1.4521924704313278,
        0.5803074538707733
      ],
      "team0_step_reward": 0.0,
      "team1_centroid": [
        3.6042420864105225,
        -0.27983175218105316
      ],
      "team1_step_reward": 0.0,
      "winner": null
    },
    {
      "ball_pos": [
        8.888944625854492,
        1.1427202224731445
      ],
      "reward_shaping": null,
      "score": null,
      "step": 10,
      "team0_centroid": [
        1.6284160017967224,
        0.6294898390769958
      ],
      "team0_step_reward": 0.0,
      "team1_centroid": [
        4.647818326950073,
        0.1513298749923706
      ],
      "team1_step_reward": 0.0,
      "winner": null
    },
    {
      "ball_pos": [
        9.711278915405273,
        1.1713416576385498
      ],
      "reward_shaping": null,
      "score": null,
      "step": 11,
      "team0_centroid": [
        1.9785392880439758,
        0.6578769683837891
      ],
      "team0_step_reward": 0.0,
      "team1_centroid": [
        5.765622854232788,
        0.6013501659035683
      ],
      "team1_step_reward": 0.0,
      "winner": null
    },
    {
      "ball_pos": [
        10.405603408813477,
        1.1955076456069946
      ],
      "reward_shaping": null,
      "score": null,
      "step": 12,
      "team0_centroid": [
        2.8663993179798126,
        0.7907483875751495
      ],
      "team0_step_reward": 0.0,
      "team1_centroid": [
        6.7539777755737305,
        0.8193734437227249
      ],
      "team1_step_reward": 0.0,
      "winner": null
    },
    {
      "ball_pos": [
        11.153170585632324,
        1.260641098022461
      ],
      "reward_shaping": null,
      "score": null,
      "step": 13,
      "team0_centroid": [
        3.8173824846744537,
        0.888773363083601
      ],
      "team0_step_reward": 0.0,
      "team1_centroid": [
        7.795255661010742,
        0.819438248872757
      ],
      "team1_step_reward": 0.0,
      "winner": null
    },
    {
      "ball_pos": [
        12.28961181640625,
        1.5235878229141235
      ],
      "reward_shaping": null,
      "score": null,
      "step": 14,
      "team0_centroid": [
        4.556200742721558,
        0.7721049636602402
      ],
      "team0_step_reward": 0.0,