{
  "classification": {
    "labels": [
      "win"
    ],
    "primary_label": "win"
  },
  "cumulative_team0_reward": 1.9543999433517456,
  "cumulative_team1_reward": -2.0,
  "episode_index": 418,
  "final_score": null,
  "final_team0_step_reward": 1.9543999433517456,
  "final_team1_step_reward": -2.0,
  "final_winner": null,
  "metrics": {
    "mean_ball_x": 7.155706861744756,
    "tail_mean_ball_x": 7.155706861744756,
    "team0_possession_ratio": null,
    "team0_progress_toward_goal": 0.0,
    "team0_shaping_reward_sum": 0.0,
    "team1_possession_ratio": null,
    "team1_progress_toward_goal": 0.0,
    "team1_shaping_reward_sum": 0.0
  },
  "outcome": "team0_win",
  "sampled_trace": [
    {
      "ball_pos": [
        2.447714328765869,
        -1.2485406398773193
      ],
      "reward_shaping": null,
      "score": null,
      "step": 0,
      "team0_centroid": [
        -6.25285267829895,
        -0.0024691224098205566
      ],
      "team0_step_reward": 0.0,
      "team1_centroid": [
        7.756372690200806,
        0.0
      ],
      "team1_step_reward": 0.0,
      "winner": null
    },
    {
      "ball_pos": [
        5.316440105438232,
        -4.417168617248535
      ],
      "reward_shaping": null,
      "score": null,
      "step": 10,
      "team0_centroid": [
        3.190668821334839,
        -2.071724519133568
      ],
      "team0_step_reward": 0.0,
      "team1_centroid": [
        6.05841863155365,
        -1.3507116734981537
      ],
      "team1_step_reward": 0.0,
      "winner": null
    },
    {
      "ball_pos": [
        14.274785041809082,
        -0.8296144008636475
      ],
      "reward_shaping": null,
      "score": null,
      "step": 20,
      "team0_centroid": [
        7.865198135375977,
        -3.2648341059684753
      ],
      "team0_step_reward": 0.0,
      "team1_centroid": [
        3.65734601020813,
        -1.4341562986373901
      ],
      "team1_step_reward": 0.0,
      "winner": null
    }
  ],
  "steps": 23,
  "tail_trace": [
    {
      "ball_pos": [
        2.447714328765869,
        -1.2485406398773193
      ],
      "reward_shaping": null,
      "score": null,
      "step": 0,
      "team0_centroid": [
        -6.25285267829895,
        -0.0024691224098205566
      ],
      "team0_step_reward": 0.0,
      "team1_centroid": [
        7.756372690200806,
        0.0
      ],
      "team1_step_reward": 0.0,
      "winner": null
    },
    {
      "ball_pos": [
        2.447714328765869,
        -1.2485406398773193
      ],
      "reward_shaping": null,
      "score": null,
      "step": 1,
      "team0_centroid": [
        -5.089012622833252,
        0.04842185974121094
      ],
      "team0_step_reward": 0.0,
      "team1_centroid": [
        7.532940626144409,
        -0.14125001430511475
      ],
      "team1_step_reward": 0.0,
      "winner": null
    },
    {
      "ball_pos": [
        2.447714328765869,
        -1.2485406398773193
      ],
      "reward_shaping": null,
      "score": null,
      "step": 2,
      "team0_centroid": [
        -3.4385496377944946,
        0.049604326486587524
      ],
      "team0_step_reward": 0.0,
      "team1_centroid": [
        6.997573137283325,
        -0.3410005569458008
      ],
      "team1_step_reward": 0.0,
      "winner": null
    },
    {
      "ball_pos": [
        2.447714328765869,
        -1.2485406398773193
      ],
      "reward_shaping": null,
      "score": null,
      "step": 3,
      "team0_centroid": [
        -1.6990177631378174,
        -0.13441884517669678
      ],
      "team0_step_reward": 0.0,
      "team1_centroid": [
        6.432731628417969,
        -0.3631882816553116
      ],
      "team1_step_reward": 0.0,
      "winner": null
    },
    {
      "ball_pos": [
        2.447714328765869,
        -1.2485406398773193
      ],
      "reward_shaping": null,
      "score": null,
      "step": 4,
      "team0_centroid": [
        0.21423062682151794,
        -0.42244333773851395
      ],
      "team0_step_reward": 0.0,
      "team1_centroid": [
        5.736645936965942,
        -0.2651062309741974
      ],
      "team1_step_reward": 0.0,
      "winner": null
    },
    {
      "ball_pos": [
        2.875302314758301,
        -1.680139422416687
      ],
      "reward_shaping": null,
      "score": null,
      "step": 5,
      "team0_centroid": [
        1.7035606503486633,
        -0.8473709523677826
      ],
      "team0_step_reward": 0.0,
      "team1_centroid": [
        5.504185318946838,
        -0.14842471480369568
      ],
      "team1_step_reward": 0.0,
      "winner": null
    },
    {
      "ball_pos": [
        3.533291816711426,
        -2.405906915664673
      ],
      "reward_shaping": null,
      "score": null,
      "step": 6,
      "team0_centroid": [
        2.26386159658432,
        -1.3926233351230621
      ],
      "team0_step_reward": 0.0,
      "team1_centroid": [
        5.928246259689331,
        -0.19411563873291016
      ],
      "team1_step_reward": 0.0,
      "winner": null
    },
    {
      "ball_pos": [
        4.089829444885254,
        -3.0290565490722656
      ],
      "reward_shaping": null,
      "score": null,
      "step": 7,
      "team0_centroid": [
        2.472806930541992,
        -1.8295799493789673
      ],
      "team0_step_reward": 0.0,
      "team1_centroid": [
        6.363845586776733,
        -0.4138049930334091
      ],
      "team1_step_reward": 0.0,
      "winner": null
    },
    {
      "ball_pos": [
        4.557425498962402,
        -3.557668924331665
      ],
      "reward_shaping": null,
      "score": null,
      "step": 8,
      "team0_centroid": [
        2.6976226568222046,
        -2.142947256565094
      ],
      "team0_step_reward": 0.0,
      "team1_centroid": [
        6.586595296859741,
        -0.6609392389655113
      ],
      "team1_step_reward": 0.0,
      "winner": null
    },
    {
      "ball_pos": [
        4.95826530456543,
        -4.011575222015381
      ],
      "reward_shaping": null,
      "score": null,
      "step": 9,
      "team0_centroid": [
        2.971184015274048,
        -2.1944815814495087
      ],
      "team0_step_reward": 0.0,
      "team1_centroid": [
        6.390711545944214,
        -1.0144657045602798
      ],
      "team1_step_reward": 0.0,
      "winner": null
    },
    {
      "ball_pos": [
        5.316440105438232,
        -4.417168617248535
      ],
      "reward_shaping": null,
      "score": null,
      "step": 10,
      "team0_centroid": [
        3.190668821334839,
        -2.071724519133568
      ],
      "team0_step_reward": 0.0,
      "team1_centroid": [
        6.05841863155365,
        -1.3507116734981537
      ],
      "team1_step_reward": 0.0,
      "winner": null
    },
    {
      "ball_pos": [
        5.63604211807251,
        -4.779082775115967
      ],
      "reward_shaping": null,
      "score": null,
      "step": 11,
      "team0_centroid": [
        3.311938762664795,
        -2.090321883559227
      ],
      "team0_step_reward": 0.0,
      "team1_centroid": [
        5.783492743968964,
        -1.587001085281372
      ],
      "team1_step_reward": 0.0,
      "winner": null
    },
    {
      "ball_pos": [
        5.920689582824707,
        -5.101414680480957
      ],
      "reward_shaping": null,
      "score": null,
      "step": 12,
      "team0_centroid": [
        3.40584135055542,
        -2.193426214158535
      ],
      "team0_step_reward": 0.0,
      "team1_centroid": [
        5.561805933713913,
        -1.5992019176483154
      ],
      "team1_step_reward": 0.0,
      "winner": null
    },
    {
      "ball_pos": [
        6.1736741065979,
        -5.38789176940918
      ],
      "reward_shaping": null,
      "score": null,
      "step": 13,
      "team0_centroid": [
        3.7278189659118652,
        -2.387571746483445
      ],
      "team0_step_reward": 0.0,
      "team1_centroid": [
        5.370256811380386,
        -1.5164223313331604
      ],
      "team1_step_reward": 0.0,