{
  "classification": {
    "labels": [
      "late_defensive_collapse",
      "territory_loss"
    ],
    "primary_label": "late_defensive_collapse"
  },
  "cumulative_team0_reward": -2.0,
  "cumulative_team1_reward": 1.9600000381469727,
  "episode_index": 118,
  "final_score": null,
  "final_team0_step_reward": -2.0,
  "final_team1_step_reward": 1.9600000381469727,
  "final_winner": null,
  "metrics": {
    "mean_ball_x": -8.171523639559746,
    "tail_mean_ball_x": -8.171523639559746,
    "team0_possession_ratio": null,
    "team0_progress_toward_goal": 0.0,
    "team0_shaping_reward_sum": 0.0,
    "team1_possession_ratio": null,
    "team1_progress_toward_goal": 0.0,
    "team1_shaping_reward_sum": 0.0
  },
  "outcome": "team1_win",
  "sampled_trace": [
    {
      "ball_pos": [
        0.29514333605766296,
        1.3574540615081787
      ],
      "reward_shaping": null,
      "score": null,
      "step": 0,
      "team0_centroid": [
        -11.213562488555908,
        0.009556591510772705
      ],
      "team0_step_reward": 0.0,
      "team1_centroid": [
        4.985909700393677,
        -0.041734516620635986
      ],
      "team1_step_reward": 0.0,
      "winner": null
    },
    {
      "ball_pos": [
        -10.908546447753906,
        5.775529384613037
      ],
      "reward_shaping": null,
      "score": null,
      "step": 10,
      "team0_centroid": [
        -5.6854013204574585,
        0.7061495184898376
      ],
      "team0_step_reward": 0.0,
      "team1_centroid": [
        3.7277628779411316,
        0.5498612523078918
      ],
      "team1_step_reward": 0.0,
      "winner": null
    }
  ],
  "steps": 20,
  "tail_trace": [
    {
      "ball_pos": [
        0.29514333605766296,
        1.3574540615081787
      ],
      "reward_shaping": null,
      "score": null,
      "step": 0,
      "team0_centroid": [
        -11.213562488555908,
        0.009556591510772705
      ],
      "team0_step_reward": 0.0,
      "team1_centroid": [
        4.985909700393677,
        -0.041734516620635986
      ],
      "team1_step_reward": 0.0,
      "winner": null
    },
    {
      "ball_pos": [
        0.2951433062553406,
        1.3574540615081787
      ],
      "reward_shaping": null,
      "score": null,
      "step": 1,
      "team0_centroid": [
        -10.919486045837402,
        0.0032995939254760742
      ],
      "team0_step_reward": 0.0,
      "team1_centroid": [
        5.273694038391113,
        -0.09591361880302429
      ],
      "team1_step_reward": 0.0,
      "winner": null
    },
    {
      "ball_pos": [
        0.2951432764530182,
        1.3574540615081787
      ],
      "reward_shaping": null,
      "score": null,
      "step": 2,
      "team0_centroid": [
        -10.490812301635742,
        0.16426244378089905
      ],
      "team0_step_reward": 0.0,
      "team1_centroid": [
        5.218624830245972,
        0.010674446821212769
      ],
      "team1_step_reward": 0.0,
      "winner": null
    },
    {
      "ball_pos": [
        0.2951432466506958,
        1.3574540615081787
      ],
      "reward_shaping": null,
      "score": null,
      "step": 3,
      "team0_centroid": [
        -10.043345928192139,
        0.44630274176597595
      ],
      "team0_step_reward": 0.0,
      "team1_centroid": [
        5.031969428062439,
        0.2106955200433731
      ],
      "team1_step_reward": 0.0,
      "winner": null
    },
    {
      "ball_pos": [
        0.2951432466506958,
        1.3574540615081787
      ],
      "reward_shaping": null,
      "score": null,
      "step": 4,
      "team0_centroid": [
        -9.452953338623047,
        0.6505874842405319
      ],
      "team0_step_reward": 0.0,
      "team1_centroid": [
        4.669950485229492,
        0.41344720497727394
      ],
      "team1_step_reward": 0.0,
      "winner": null
    },
    {
      "ball_pos": [
        -1.3502814769744873,
        2.2046525478363037
      ],
      "reward_shaping": null,
      "score": null,
      "step": 5,
      "team0_centroid": [
        -8.630574941635132,
        0.8607758581638336
      ],
      "team0_step_reward": 0.0,
      "team1_centroid": [
        4.3041888028383255,
        0.4195426106452942
      ],
      "team1_step_reward": 0.0,
      "winner": null
    },
    {
      "ball_pos": [
        -4.042622089385986,
        3.841048002243042
      ],
      "reward_shaping": null,
      "score": null,
      "step": 6,
      "team0_centroid": [
        -7.84870719909668,
        0.9267493039369583
      ],
      "team0_step_reward": 0.0,
      "team1_centroid": [
        4.110516279935837,
        0.3328014612197876
      ],
      "team1_step_reward": 0.0,
      "winner": null
    },
    {
      "ball_pos": [
        -6.43433952331543,
        5.294829368591309
      ],
      "reward_shaping": null,
      "score": null,
      "step": 7,
      "team0_centroid": [
        -7.231011390686035,
        0.7439963519573212
      ],
      "team0_step_reward": 0.0,
      "team1_centroid": [
        4.050499260425568,
        0.2705438733100891
      ],
      "team1_step_reward": 0.0,
      "winner": null
    },
    {
      "ball_pos": [
        -8.554364204406738,
        6.583465576171875
      ],
      "reward_shaping": null,
      "score": null,
      "step": 8,
      "team0_centroid": [
        -6.5381715297698975,
        0.6620931923389435
      ],
      "team0_step_reward": 0.0,
      "team1_centroid": [
        3.819100856781006,
        0.2432069182395935
      ],
      "team1_step_reward": 0.0,
      "winner": null
    },
    {
      "ball_pos": [
        -9.965840339660645,
        6.52647590637207
      ],
      "reward_shaping": null,
      "score": null,
      "step": 9,
      "team0_centroid": [
        -5.90267276763916,
        0.6809194087982178
      ],
      "team0_step_reward": 0.0,
      "team1_centroid": [
        3.5026639103889465,
        0.29633742570877075
      ],
      "team1_step_reward": 0.0,
      "winner": null
    },
    {
      "ball_pos": [
        -10.908546447753906,
        5.775529384613037
      ],
      "reward_shaping": null,
      "score": null,
      "step": 10,
      "team0_centroid": [
        -5.6854013204574585,
        0.7061495184898376
      ],
      "team0_step_reward": 0.0,
      "team1_centroid": [
        3.7277628779411316,
        0.5498612523078918
      ],
      "team1_step_reward": 0.0,
      "winner": null
    },
    {
      "ball_pos": [
        -11.722487449645996,
        5.127482891082764
      ],
      "reward_shaping": null,
      "score": null,
      "step": 11,
      "team0_centroid": [
        -5.590197682380676,
        0.8696645498275757
      ],
      "team0_step_reward": 0.0,
      "team1_centroid": [
        4.04216080904007,
        0.6977040767669678
      ],
      "team1_step_reward": 0.0,
      "winner": null
    },
    {
      "ball_pos": [
        -12.419867515563965,
        4.57224178314209
      ],
      "reward_shaping": null,
      "score": null,
      "step": 12,
      "team0_centroid": [
        -5.527551293373108,
        1.0004996061325073
      ],
      "team0_step_reward": 0.0,
      "team1_centroid": [
        4.180591464042664,
        0.7223362326622009
      ],
      "team1_step_reward": 0.0,
      "winner": null
    },
    {
      "ball_pos": [
        -13.011883735656738,
        4.100888252258301
      ],
      "reward_shaping": null,
      "score": null,
      "step": 13,
      "team0_centroid": [
        -5.476247131824493,
        1.0428850054740906
      ],
      "team0_step_reward": 0.0,
      "team1_centroid": [
        4.250741899013519,
        0.8746479153633118
      ],
      "team1_step_reward": 0.0,
      "winner": null
    },
    {
      "ball_pos": [
        -13.508662223815918,
        3.705362319946289
      ],
      "reward_shaping": null,
      "score": null,
      "step": 14,
      "team0_centroid": [
        -5.19354635477066,
        1.053496241569519
      ],
      "team0_step_reward": 0.0,