{
  "classification": {
    "labels": [
      "win"
    ],
    "primary_label": "win"
  },
  "cumulative_team0_reward": 1.9567999839782715,
  "cumulative_team1_reward": -2.0,
  "episode_index": 144,
  "final_score": null,
  "final_team0_step_reward": 1.9567999839782715,
  "final_team1_step_reward": -2.0,
  "final_winner": null,
  "metrics": {
    "mean_ball_x": 5.956270862709392,
    "tail_mean_ball_x": 5.956270862709392,
    "team0_possession_ratio": null,
    "team0_progress_toward_goal": 0.0,
    "team0_shaping_reward_sum": 0.0,
    "team1_possession_ratio": null,
    "team1_progress_toward_goal": 0.0,
    "team1_shaping_reward_sum": 0.0
  },
  "outcome": "team0_win",
  "sampled_trace": [
    {
      "ball_pos": [
        -1.7817778587341309,
        -0.020894916728138924
      ],
      "reward_shaping": null,
      "score": null,
      "step": 0,
      "team0_centroid": [
        -9.793846130371094,
        0.010101556777954102
      ],
      "team0_step_reward": 0.0,
      "team1_centroid": [
        9.936451435089111,
        -0.022954821586608887
      ],
      "team1_step_reward": 0.0,
      "winner": null
    },
    {
      "ball_pos": [
        6.532052516937256,
        -1.8228163719177246
      ],
      "reward_shaping": null,
      "score": null,
      "step": 10,
      "team0_centroid": [
        -6.4482216238975525,
        -0.6390464305877686
      ],
      "team0_step_reward": 0.0,
      "team1_centroid": [
        2.9786877036094666,
        -0.7374916076660156
      ],
      "team1_step_reward": 0.0,
      "winner": null
    },
    {
      "ball_pos": [
        14.86550521850586,
        2.967967987060547
      ],
      "reward_shaping": null,
      "score": null,
      "step": 20,
      "team0_centroid": [
        -5.608526051044464,
        1.9950886964797974
      ],
      "team0_step_reward": 0.0,
      "team1_centroid": [
        7.169788360595703,
        -1.1720331907272339
      ],
      "team1_step_reward": 0.0,
      "winner": null
    }
  ],
  "steps": 22,
  "tail_trace": [
    {
      "ball_pos": [
        -1.7817778587341309,
        -0.020894916728138924
      ],
      "reward_shaping": null,
      "score": null,
      "step": 0,
      "team0_centroid": [
        -9.793846130371094,
        0.010101556777954102
      ],
      "team0_step_reward": 0.0,
      "team1_centroid": [
        9.936451435089111,
        -0.022954821586608887
      ],
      "team1_step_reward": 0.0,
      "winner": null
    },
    {
      "ball_pos": [
        -1.7817778587341309,
        -0.02089499868452549
      ],
      "reward_shaping": null,
      "score": null,
      "step": 1,
      "team0_centroid": [
        -9.52001953125,
        0.08155551552772522
      ],
      "team0_step_reward": 0.0,
      "team1_centroid": [
        9.359400749206543,
        -0.03941154479980469
      ],
      "team1_step_reward": 0.0,
      "winner": null
    },
    {
      "ball_pos": [
        -1.7817778587341309,
        -0.020895030349493027
      ],
      "reward_shaping": null,
      "score": null,
      "step": 2,
      "team0_centroid": [
        -8.904594779014587,
        0.15722864866256714
      ],
      "team0_step_reward": 0.0,
      "team1_centroid": [
        8.290112972259521,
        -0.09151041507720947
      ],
      "team1_step_reward": 0.0,
      "winner": null
    },
    {
      "ball_pos": [
        -0.8296953439712524,
        -0.9174843430519104
      ],
      "reward_shaping": null,
      "score": null,
      "step": 3,
      "team0_centroid": [
        -8.073009729385376,
        0.20638497546315193
      ],
      "team0_step_reward": 0.0,
      "team1_centroid": [
        6.959217071533203,
        -0.13529804348945618
      ],
      "team1_step_reward": 0.0,
      "winner": null
    },
    {
      "ball_pos": [
        1.1001591682434082,
        -3.5301520824432373
      ],
      "reward_shaping": null,
      "score": null,
      "step": 4,
      "team0_centroid": [
        -7.333621591329575,
        0.24991773813962936
      ],
      "team0_step_reward": 0.0,
      "team1_centroid": [
        5.5966973304748535,
        -0.16618338227272034
      ],
      "team1_step_reward": 0.0,
      "winner": null
    },
    {
      "ball_pos": [
        2.8153886795043945,
        -5.852412700653076
      ],
      "reward_shaping": null,
      "score": null,
      "step": 5,
      "team0_centroid": [
        -6.76877897977829,
        0.25781315565109253
      ],
      "team0_step_reward": 0.0,
      "team1_centroid": [
        4.470604419708252,
        -0.20124825835227966
      ],
      "team1_step_reward": 0.0,
      "winner": null
    },
    {
      "ball_pos": [
        4.0788373947143555,
        -6.488445281982422
      ],
      "reward_shaping": null,
      "score": null,
      "step": 6,
      "team0_centroid": [
        -6.339096188545227,
        0.2409306764602661
      ],
      "team0_step_reward": 0.0,
      "team1_centroid": [
        3.64530611038208,
        -0.154396653175354
      ],
      "team1_step_reward": 0.0,
      "winner": null
    },
    {
      "ball_pos": [
        4.824195384979248,
        -5.068817138671875
      ],
      "reward_shaping": null,
      "score": null,
      "step": 7,
      "team0_centroid": [
        -6.381633818149567,
        0.17216932773590088
      ],
      "team0_step_reward": 0.0,
      "team1_centroid": [
        3.3453023433685303,
        -0.21836251020431519
      ],
      "team1_step_reward": 0.0,
      "winner": null
    },
    {
      "ball_pos": [
        5.476214408874512,
        -3.829559087753296
      ],
      "reward_shaping": null,
      "score": null,
      "step": 8,
      "team0_centroid": [
        -6.333181440830231,
        -0.02344799041748047
      ],
      "team0_step_reward": 0.0,
      "team1_centroid": [
        3.075452446937561,
        -0.48130857944488525
      ],
      "team1_step_reward": 0.0,
      "winner": null
    },
    {
      "ball_pos": [
        6.0427656173706055,
        -2.752763032913208
      ],
      "reward_shaping": null,
      "score": null,
      "step": 9,
      "team0_centroid": [
        -6.378737807273865,
        -0.3295384645462036
      ],
      "team0_step_reward": 0.0,
      "team1_centroid": [
        3.1226866245269775,
        -0.6908350586891174
      ],
      "team1_step_reward": 0.0,
      "winner": null
    },
    {
      "ball_pos": [
        6.532052516937256,
        -1.8228163719177246
      ],
      "reward_shaping": null,
      "score": null,
      "step": 10,
      "team0_centroid": [
        -6.4482216238975525,
        -0.6390464305877686
      ],
      "team0_step_reward": 0.0,
      "team1_centroid": [
        2.9786877036094666,
        -0.7374916076660156
      ],
      "team1_step_reward": 0.0,
      "winner": null
    },
    {
      "ball_pos": [
        6.951498508453369,
        -1.0256099700927734
      ],
      "reward_shaping": null,
      "score": null,
      "step": 11,
      "team0_centroid": [
        -6.502554297447205,
        -0.8591054677963257
      ],
      "team0_step_reward": 0.0,
      "team1_centroid": [
        2.7658934593200684,
        -0.7978612184524536
      ],
      "team1_step_reward": 0.0,
      "winner": null
    },
    {
      "ball_pos": [
        7.307814598083496,
        -0.34839046001434326
      ],
      "reward_shaping": null,
      "score": null,
      "step": 12,
      "team0_centroid": [
        -6.47541418671608,
        -0.8698029518127441
      ],
      "team0_step_reward": 0.0,
      "team1_centroid": [
        2.460335075855255,
        -0.9999741315841675
      ],
      "team1_step_reward": 0.0,
      "winner": null
    },
    {
      "ball_pos": [
        7.607065677642822,
        0.22037063539028168
      ],
      "reward_shaping": null,
      "score": null,
      "step": 13,
      "team0_centroid": [
        -6.622341960668564,
        -0.7036787271499634
      ],
      "team0_step_reward": 0.0,