{
  "classification": {
    "labels": [
      "late_defensive_collapse",
      "territory_loss"
    ],
    "primary_label": "late_defensive_collapse"
  },
  "cumulative_team0_reward": -2.0,
  "cumulative_team1_reward": 1.969599962234497,
  "episode_index": 68,
  "final_score": null,
  "final_team0_step_reward": -2.0,
  "final_team1_step_reward": 1.969599962234497,
  "final_winner": null,
  "metrics": {
    "mean_ball_x": -5.905525763829549,
    "tail_mean_ball_x": -5.905525763829549,
    "team0_possession_ratio": null,
    "team0_progress_toward_goal": 0.0,
    "team0_shaping_reward_sum": 0.0,
    "team1_possession_ratio": null,
    "team1_progress_toward_goal": 0.0,
    "team1_shaping_reward_sum": 0.0
  },
  "outcome": "team1_win",
  "sampled_trace": [
    {
      "ball_pos": [
        1.9812451601028442,
        -0.6132159233093262
      ],
      "reward_shaping": null,
      "score": null,
      "step": 0,
      "team0_centroid": [
        -9.109876871109009,
        0.11764085292816162
      ],
      "team0_step_reward": 0.0,
      "team1_centroid": [
        8.356589078903198,
        0.005227923393249512
      ],
      "team1_step_reward": 0.0,
      "winner": null
    },
    {
      "ball_pos": [
        -11.43586254119873,
        -3.4307641983032227
      ],
      "reward_shaping": null,
      "score": null,
      "step": 10,
      "team0_centroid": [
        -6.453764081001282,
        0.8503481149673462
      ],
      "team0_step_reward": 0.0,
      "team1_centroid": [
        0.9799598455429077,
        -0.6173323690891266
      ],
      "team1_step_reward": 0.0,
      "winner": null
    }
  ],
  "steps": 15,
  "tail_trace": [
    {
      "ball_pos": [
        1.9812451601028442,
        -0.6132159233093262
      ],
      "reward_shaping": null,
      "score": null,
      "step": 0,
      "team0_centroid": [
        -9.109876871109009,
        0.11764085292816162
      ],
      "team0_step_reward": 0.0,
      "team1_centroid": [
        8.356589078903198,
        0.005227923393249512
      ],
      "team1_step_reward": 0.0,
      "winner": null
    },
    {
      "ball_pos": [
        1.9812451601028442,
        -0.6132159233093262
      ],
      "reward_shaping": null,
      "score": null,
      "step": 1,
      "team0_centroid": [
        -9.672961473464966,
        0.2541424632072449
      ],
      "team0_step_reward": 0.0,
      "team1_centroid": [
        7.775594711303711,
        0.05577510595321655
      ],
      "team1_step_reward": 0.0,
      "winner": null
    },
    {
      "ball_pos": [
        1.9812451601028442,
        -0.6132159233093262
      ],
      "reward_shaping": null,
      "score": null,
      "step": 2,
      "team0_centroid": [
        -9.938394546508789,
        0.45064717531204224
      ],
      "team0_step_reward": 0.0,
      "team1_centroid": [
        6.711963415145874,
        0.06313920021057129
      ],
      "team1_step_reward": 0.0,
      "winner": null
    },
    {
      "ball_pos": [
        1.9812451601028442,
        -0.6132159233093262
      ],
      "reward_shaping": null,
      "score": null,
      "step": 3,
      "team0_centroid": [
        -9.653913259506226,
        0.7055456638336182
      ],
      "team0_step_reward": 0.0,
      "team1_centroid": [
        5.39547872543335,
        0.0480310320854187
      ],
      "team1_step_reward": 0.0,
      "winner": null
    },
    {
      "ball_pos": [
        1.319129467010498,
        -0.6810017824172974
      ],
      "reward_shaping": null,
      "score": null,
      "step": 4,
      "team0_centroid": [
        -9.048085689544678,
        0.8965263962745667
      ],
      "team0_step_reward": 0.0,
      "team1_centroid": [
        4.04178774356842,
        0.1326875388622284
      ],
      "team1_step_reward": 0.0,
      "winner": null
    },
    {
      "ball_pos": [
        -1.032949686050415,
        -2.220269203186035
      ],
      "reward_shaping": null,
      "score": null,
      "step": 5,
      "team0_centroid": [
        -8.15800492465496,
        1.0347188711166382
      ],
      "team0_step_reward": 0.0,
      "team1_centroid": [
        2.746273994445801,
        0.12936532497406006
      ],
      "team1_step_reward": 0.0,
      "winner": null
    },
    {
      "ball_pos": [
        -4.025965690612793,
        -4.49001407623291
      ],
      "reward_shaping": null,
      "score": null,
      "step": 6,
      "team0_centroid": [
        -7.5268056988716125,
        1.030977725982666
      ],
      "team0_step_reward": 0.0,
      "team1_centroid": [
        1.9751437306404114,
        0.2204665821045637
      ],
      "team1_step_reward": 0.0,
      "winner": null
    },
    {
      "ball_pos": [
        -6.69251012802124,
        -6.511842250823975
      ],
      "reward_shaping": null,
      "score": null,
      "step": 7,
      "team0_centroid": [
        -7.0304096937179565,
        1.038050889968872
      ],
      "team0_step_reward": 0.0,
      "team1_centroid": [
        1.247165024280548,
        0.07477027364075184
      ],
      "team1_step_reward": 0.0,
      "winner": null
    },
    {
      "ball_pos": [
        -8.558283805847168,
        -5.760754585266113
      ],
      "reward_shaping": null,
      "score": null,
      "step": 8,
      "team0_centroid": [
        -6.74277925491333,
        0.9148932695388794
      ],
      "team0_step_reward": 0.0,
      "team1_centroid": [
        0.8970163464546204,
        -0.07761748880147934
      ],
      "team1_step_reward": 0.0,
      "winner": null
    },
    {
      "ball_pos": [
        -10.089674949645996,
        -4.520740032196045
      ],
      "reward_shaping": null,
      "score": null,
      "step": 9,
      "team0_centroid": [
        -6.556097149848938,
        0.8567950129508972
      ],
      "team0_step_reward": 0.0,
      "team1_centroid": [
        0.8787182569503784,
        -0.27957162726670504
      ],
      "team1_step_reward": 0.0,
      "winner": null
    },
    {
      "ball_pos": [
        -11.43586254119873,
        -3.4307641983032227
      ],
      "reward_shaping": null,
      "score": null,
      "step": 10,
      "team0_centroid": [
        -6.453764081001282,
        0.8503481149673462
      ],
      "team0_step_reward": 0.0,
      "team1_centroid": [
        0.9799598455429077,
        -0.6173323690891266
      ],
      "team1_step_reward": 0.0,
      "winner": null
    },
    {
      "ball_pos": [
        -12.614603996276855,
        -2.4763665199279785
      ],
      "reward_shaping": null,
      "score": null,
      "step": 11,
      "team0_centroid": [
        -6.690261006355286,
        0.8928322196006775
      ],
      "team0_step_reward": 0.0,
      "team1_centroid": [
        0.806632399559021,
        -0.9514767676591873
      ],
      "team1_step_reward": 0.0,
      "winner": null
    },
    {
      "ball_pos": [
        -13.641985893249512,
        -1.6445207595825195
      ],
      "reward_shaping": null,
      "score": null,
      "step": 12,
      "team0_centroid": [
        -6.9786765575408936,
        1.022527500987053
      ],
      "team0_step_reward": 0.0,
      "team1_centroid": [
        0.5386971235275269,
        -1.1610208302736282
      ],
      "team1_step_reward": 0.0,
      "winner": null
    },
    {
      "ball_pos": [
        -14.532551765441895,
        -0.9234521985054016
      ],
      "reward_shaping": null,
      "score": null,
      "step": 13,
      "team0_centroid": [
        -7.0178526639938354,
        1.3523459732532501
      ],
      "team0_step_reward": 0.0,
      "team1_centroid": [
        0.2726597785949707,
        -1.1769091188907623
      ],
      "team1_step_reward": 0.0,
      "winner": null
    },
    {
      "ball_pos": [
        -15.202608108520508,
        -0.30373647809028625
      ],
      "reward_shaping": null,
      "score": null,
      "step": 14,
      "team0_centroid": [
        -6.818557143211365,
        1.5808449387550354
      ],
      "team0_step_reward": -2.0,