{
  "classification": {
    "labels": [
      "late_defensive_collapse",
      "territory_loss"
    ],
    "primary_label": "late_defensive_collapse"
  },
  "cumulative_team0_reward": -2.0,
  "cumulative_team1_reward": 1.8932000398635864,
  "episode_index": 134,
  "final_score": null,
  "final_team0_step_reward": -2.0,
  "final_team1_step_reward": 1.8932000398635864,
  "final_winner": null,
  "metrics": {
    "mean_ball_x": -8.654704367672956,
    "tail_mean_ball_x": -13.155359713236491,
    "team0_possession_ratio": null,
    "team0_progress_toward_goal": 0.0,
    "team0_shaping_reward_sum": 0.0,
    "team1_possession_ratio": null,
    "team1_progress_toward_goal": 0.0,
    "team1_shaping_reward_sum": 0.0
  },
  "outcome": "team1_win",
  "sampled_trace": [
    {
      "ball_pos": [
        -1.473311185836792,
        0.2608988285064697
      ],
      "reward_shaping": null,
      "score": null,
      "step": 0,
      "team0_centroid": [
        -7.22300112247467,
        -0.000992119312286377
      ],
      "team0_step_reward": 0.0,
      "team1_centroid": [
        10.493716716766357,
        0.0349082350730896
      ],
      "team1_step_reward": 0.0,
      "winner": null
    },
    {
      "ball_pos": [
        -2.4350836277008057,
        -1.4821557998657227
      ],
      "reward_shaping": null,
      "score": null,
      "step": 10,
      "team0_centroid": [
        -8.615559697151184,
        1.9808246493339539
      ],
      "team0_step_reward": 0.0,
      "team1_centroid": [
        -0.5323362350463867,
        -1.4202168136835098
      ],
      "team1_step_reward": 0.0,
      "winner": null
    },
    {
      "ball_pos": [
        -5.7711100578308105,
        -7.098512172698975
      ],
      "reward_shaping": null,
      "score": null,
      "step": 20,
      "team0_centroid": [
        -5.210137844085693,
        -0.6128462851047516
      ],
      "team0_step_reward": 0.0,
      "team1_centroid": [
        -1.696877360343933,
        -2.2680916786193848
      ],
      "team1_step_reward": 0.0,
      "winner": null
    },
    {
      "ball_pos": [
        -13.629755973815918,
        3.7306876182556152
      ],
      "reward_shaping": null,
      "score": null,
      "step": 30,
      "team0_centroid": [
        -4.422961711883545,
        -1.5149092078208923
      ],
      "team0_step_reward": 0.0,
      "team1_centroid": [
        -1.2936808317899704,
        -0.5113774836063385
      ],
      "team1_step_reward": 0.0,
      "winner": null
    },
    {
      "ball_pos": [
        -13.147895812988281,
        4.943815231323242
      ],
      "reward_shaping": null,
      "score": null,
      "step": 40,
      "team0_centroid": [
        -4.500328540802002,
        -2.182304263114929
      ],
      "team0_step_reward": 0.0,
      "team1_centroid": [
        1.5298101902008057,
        4.770968914031982
      ],
      "team1_step_reward": 0.0,
      "winner": null
    },
    {
      "ball_pos": [
        -12.9826078414917,
        4.905287265777588
      ],
      "reward_shaping": null,
      "score": null,
      "step": 50,
      "team0_centroid": [
        -0.20491944253444672,
        -1.7413838803768158
      ],
      "team0_step_reward": 0.0,
      "team1_centroid": [
        -1.883535385131836,
        5.172043800354004
      ],
      "team1_step_reward": 0.0,
      "winner": null
    }
  ],
  "steps": 54,
  "tail_trace": [
    {
      "ball_pos": [
        -10.22597885131836,
        -0.8576975464820862
      ],
      "reward_shaping": null,
      "score": null,
      "step": 24,
      "team0_centroid": [
        -4.699333310127258,
        -1.8232756853103638
      ],
      "team0_step_reward": 0.0,
      "team1_centroid": [
        -3.0223755836486816,
        -3.714634418487549
      ],
      "team1_step_reward": 0.0,
      "winner": null
    },
    {
      "ball_pos": [
        -11.026205062866211,
        0.2209983766078949
      ],
      "reward_shaping": null,
      "score": null,
      "step": 25,
      "team0_centroid": [
        -4.620230138301849,
        -1.8278398513793945
      ],
      "team0_step_reward": 0.0,
      "team1_centroid": [
        -3.0095654726028442,
        -3.6531479358673096
      ],
      "team1_step_reward": 0.0,
      "winner": null
    },
    {
      "ball_pos": [
        -11.720315933227539,
        1.1566880941390991
      ],
      "reward_shaping": null,
      "score": null,
      "step": 26,
      "team0_centroid": [
        -4.5829634964466095,
        -1.7772814631462097
      ],
      "team0_step_reward": 0.0,
      "team1_centroid": [
        -2.946281909942627,
        -3.375551223754883
      ],
      "team1_step_reward": 0.0,
      "winner": null
    },
    {
      "ball_pos": [
        -12.318525314331055,
        1.9630982875823975
      ],
      "reward_shaping": null,
      "score": null,
      "step": 27,
      "team0_centroid": [
        -4.493850409984589,
        -1.7229714393615723
      ],
      "team0_step_reward": 0.0,
      "team1_centroid": [
        -2.734096884727478,
        -2.9019800424575806
      ],
      "team1_step_reward": 0.0,
      "winner": null
    },
    {
      "ball_pos": [
        -12.830047607421875,
        2.6526501178741455
      ],
      "reward_shaping": null,
      "score": null,
      "step": 28,
      "team0_centroid": [
        -4.442434936761856,
        -1.7383831143379211
      ],
      "team0_step_reward": 0.0,
      "team1_centroid": [
        -2.2660276889801025,
        -2.2000603079795837
      ],
      "team1_step_reward": 0.0,
      "winner": null
    },
    {
      "ball_pos": [
        -13.263211250305176,
        3.2365710735321045
      ],
      "reward_shaping": null,
      "score": null,
      "step": 29,
      "team0_centroid": [
        -4.4502237141132355,
        -1.6744367182254791
      ],
      "team0_step_reward": 0.0,
      "team1_centroid": [
        -1.645417034626007,
        -1.277468465268612
      ],
      "team1_step_reward": 0.0,
      "winner": null
    },
    {
      "ball_pos": [
        -13.629755973815918,
        3.7306876182556152
      ],
      "reward_shaping": null,
      "score": null,
      "step": 30,
      "team0_centroid": [
        -4.422961711883545,
        -1.5149092078208923
      ],
      "team0_step_reward": 0.0,
      "team1_centroid": [
        -1.2936808317899704,
        -0.5113774836063385
      ],
      "team1_step_reward": 0.0,
      "winner": null
    },
    {
      "ball_pos": [
        -13.95779037475586,
        4.1728901863098145
      ],
      "reward_shaping": null,
      "score": null,
      "step": 31,
      "team0_centroid": [
        -4.35062712430954,
        -1.3042075335979462
      ],
      "team0_step_reward": 0.0,
      "team1_centroid": [
        -1.0425789952278137,
        0.31163109838962555
      ],
      "team1_step_reward": 0.0,
      "winner": null
    },
    {
      "ball_pos": [
        -14.251365661621094,
        4.5686421394348145
      ],
      "reward_shaping": null,
      "score": null,
      "step": 32,
      "team0_centroid": [
        -4.509375214576721,
        -1.3462995886802673
      ],
      "team0_step_reward": 0.0,
      "team1_centroid": [
        -0.7928165197372437,
        1.1569129824638367
      ],
      "team1_step_reward": 0.0,
      "winner": null
    },
    {
      "ball_pos": [
        -14.29560661315918,
        4.772287845611572
      ],
      "reward_shaping": null,
      "score": null,
      "step": 33,
      "team0_centroid": [
        -4.690247356891632,
        -1.5101174116134644
      ],
      "team0_step_reward": 0.0,
      "team1_centroid": [
        -0.466239333152771,
        2.090942859649658
      ],
      "team1_step_reward": 0.0,
      "winner": null
    },
    {
      "ball_pos": [
        -14.077485084533691,
        4.804483890533447
      ],
      "reward_shaping": null,
      "score": null,
      "step": 34,
      "team0_centroid": [
        -4.711748838424683,
        -1.627455472946167
      ],