{
  "classification": {
    "labels": [
      "win"
    ],
    "primary_label": "win"
  },
  "cumulative_team0_reward": 1.9223999977111816,
  "cumulative_team1_reward": -2.0,
  "episode_index": 80,
  "final_score": null,
  "final_team0_step_reward": 1.9223999977111816,
  "final_team1_step_reward": -2.0,
  "final_winner": null,
  "metrics": {
    "mean_ball_x": 8.839180356034866,
    "tail_mean_ball_x": 10.631655295689901,
    "team0_possession_ratio": null,
    "team0_progress_toward_goal": 0.0,
    "team0_shaping_reward_sum": 0.0,
    "team1_possession_ratio": null,
    "team1_progress_toward_goal": 0.0,
    "team1_shaping_reward_sum": 0.0
  },
  "outcome": "team0_win",
  "sampled_trace": [
    {
      "ball_pos": [
        -0.21390309929847717,
        2.0540504455566406
      ],
      "reward_shaping": null,
      "score": null,
      "step": 0,
      "team0_centroid": [
        -3.9676084518432617,
        0.11548715829849243
      ],
      "team0_step_reward": 0.0,
      "team1_centroid": [
        10.7793288230896,
        -0.10567611455917358
      ],
      "team1_step_reward": 0.0,
      "winner": null
    },
    {
      "ball_pos": [
        7.907766342163086,
        6.34692907333374
      ],
      "reward_shaping": null,
      "score": null,
      "step": 10,
      "team0_centroid": [
        -0.8995885848999023,
        1.244269222021103
      ],
      "team0_step_reward": 0.0,
      "team1_centroid": [
        6.907902002334595,
        -2.365680456161499
      ],
      "team1_step_reward": 0.0,
      "winner": null
    },
    {
      "ball_pos": [
        10.237388610839844,
        4.777397632598877
      ],
      "reward_shaping": null,
      "score": null,
      "step": 20,
      "team0_centroid": [
        3.6749616265296936,
        2.3409696519374847
      ],
      "team0_step_reward": 0.0,
      "team1_centroid": [
        13.405238151550293,
        -0.3018871545791626
      ],
      "team1_step_reward": 0.0,
      "winner": null
    },
    {
      "ball_pos": [
        11.08480167388916,
        4.206470966339111
      ],
      "reward_shaping": null,
      "score": null,
      "step": 30,
      "team0_centroid": [
        4.706200733780861,
        3.7670214772224426
      ],
      "team0_step_reward": 0.0,
      "team1_centroid": [
        12.316173553466797,
        0.8560192734003067
      ],
      "team1_step_reward": 0.0,
      "winner": null
    }
  ],
  "steps": 39,
  "tail_trace": [
    {
      "ball_pos": [
        7.490898609161377,
        6.628844738006592
      ],
      "reward_shaping": null,
      "score": null,
      "step": 9,
      "team0_centroid": [
        -0.5147095918655396,
        1.342461884021759
      ],
      "team0_step_reward": 0.0,
      "team1_centroid": [
        7.152673959732056,
        -2.0741950273513794
      ],
      "team1_step_reward": 0.0,
      "winner": null
    },
    {
      "ball_pos": [
        7.907766342163086,
        6.34692907333374
      ],
      "reward_shaping": null,
      "score": null,
      "step": 10,
      "team0_centroid": [
        -0.8995885848999023,
        1.244269222021103
      ],
      "team0_step_reward": 0.0,
      "team1_centroid": [
        6.907902002334595,
        -2.365680456161499
      ],
      "team1_step_reward": 0.0,
      "winner": null
    },
    {
      "ball_pos": [
        8.260543823242188,
        6.109251499176025
      ],
      "reward_shaping": null,
      "score": null,
      "step": 11,
      "team0_centroid": [
        -0.9761919379234314,
        1.303460918366909
      ],
      "team0_step_reward": 0.0,
      "team1_centroid": [
        6.8304219245910645,
        -2.548976480960846
      ],
      "team1_step_reward": 0.0,
      "winner": null
    },
    {
      "ball_pos": [
        8.57914924621582,
        5.894598484039307
      ],
      "reward_shaping": null,
      "score": null,
      "step": 12,
      "team0_centroid": [
        -0.4150034189224243,
        1.5734890587627888
      ],
      "team0_step_reward": 0.0,
      "team1_centroid": [
        7.412943601608276,
        -2.5327961444854736
      ],
      "team1_step_reward": 0.0,
      "winner": null
    },
    {
      "ball_pos": [
        8.86693286895752,
        5.700710296630859
      ],
      "reward_shaping": null,
      "score": null,
      "step": 13,
      "team0_centroid": [
        0.2898399829864502,
        1.783973477780819
      ],
      "team0_step_reward": 0.0,
      "team1_centroid": [
        8.39672327041626,
        -2.4438535571098328
      ],
      "team1_step_reward": 0.0,
      "winner": null
    },
    {
      "ball_pos": [
        9.126856803894043,
        5.525592803955078
      ],
      "reward_shaping": null,
      "score": null,
      "step": 14,
      "team0_centroid": [
        0.7680245637893677,
        1.9594586417078972
      ],
      "team0_step_reward": 0.0,
      "team1_centroid": [
        9.479513168334961,
        -2.288423717021942
      ],
      "team1_step_reward": 0.0,
      "winner": null
    },
    {
      "ball_pos": [
        9.361627578735352,
        5.3674211502075195
      ],
      "reward_shaping": null,
      "score": null,
      "step": 15,
      "team0_centroid": [
        1.1002718210220337,
        2.049188941717148
      ],
      "team0_step_reward": 0.0,
      "team1_centroid": [
        10.54986047744751,
        -1.8760074824094772
      ],
      "team1_step_reward": 0.0,
      "winner": null
    },
    {
      "ball_pos": [
        9.573821067810059,
        5.224460124969482
      ],
      "reward_shaping": null,
      "score": null,
      "step": 16,
      "team0_centroid": [
        1.5651418566703796,
        2.1806208789348602
      ],
      "team0_step_reward": 0.0,
      "team1_centroid": [
        11.414169788360596,
        -1.4554567821323872
      ],
      "team1_step_reward": 0.0,
      "winner": null
    },
    {
      "ball_pos": [
        9.765626907348633,
        5.0952348709106445
      ],
      "reward_shaping": null,
      "score": null,
      "step": 17,
      "team0_centroid": [
        2.0543471574783325,
        2.28107750415802
      ],
      "team0_step_reward": 0.0,
      "team1_centroid": [
        12.026498317718506,
        -1.1589879393577576
      ],
      "team1_step_reward": 0.0,
      "winner": null
    },
    {
      "ball_pos": [
        9.939004898071289,
        4.9784255027771
      ],
      "reward_shaping": null,
      "score": null,
      "step": 18,
      "team0_centroid": [
        2.6893800497055054,
        2.165113352239132
      ],
      "team0_step_reward": 0.0,
      "team1_centroid": [
        12.423783779144287,
        -0.883295863866806
      ],
      "team1_step_reward": 0.0,
      "winner": null
    },
    {
      "ball_pos": [
        10.095725059509277,
        4.872839450836182
      ],
      "reward_shaping": null,
      "score": null,
      "step": 19,
      "team0_centroid": [
        3.2833493053913116,
        2.1369871720671654
      ],
      "team0_step_reward": 0.0,
      "team1_centroid": [
        12.925999164581299,
        -0.5964769423007965
      ],
      "team1_step_reward": 0.0,
      "winner": null
    },
    {
      "ball_pos": [
        10.237388610839844,
        4.777397632598877
      ],
      "reward_shaping": null,
      "score": null,
      "step": 20,
      "team0_centroid": [
        3.6749616265296936,
        2.3409696519374847
      ],
      "team0_step_reward": 0.0,
      "team1_centroid": [
        13.405238151550293,
        -0.3018871545791626
      ],
      "team1_step_reward": 0.0,
      "winner": null
    },
    {
      "ball_pos": [
        10.365438461303711,
        4.691125869750977
      ],
      "reward_shaping": null,
      "score": null,
      "step": 21,
      "team0_centroid": [
        3.972589433193207,
        2.5706136226654053
      ],
      "team0_step_reward": 0.0,
      "team1_centroid": [
        13.715364933013916,
        0.017865240573883057
      ],