{
  "classification": {
    "labels": [
      "unclear_loss"
    ],
    "primary_label": "unclear_loss"
  },
  "cumulative_team0_reward": -2.0,
  "cumulative_team1_reward": 1.9823999404907227,
  "episode_index": 279,
  "final_score": null,
  "final_team0_step_reward": -2.0,
  "final_team1_step_reward": 1.9823999404907227,
  "final_winner": null,
  "metrics": {
    "mean_ball_x": 5.3112596074740095,
    "tail_mean_ball_x": 5.3112596074740095,
    "team0_possession_ratio": null,
    "team0_progress_toward_goal": 0.0,
    "team0_shaping_reward_sum": 0.0,
    "team1_possession_ratio": null,
    "team1_progress_toward_goal": 0.0,
    "team1_shaping_reward_sum": 0.0
  },
  "outcome": "team1_win",
  "sampled_trace": [
    {
      "ball_pos": [
        -1.4384222030639648,
        -0.9461603164672852
      ],
      "reward_shaping": null,
      "score": null,
      "step": 0,
      "team0_centroid": [
        9.114840745925903,
        -0.026430249214172363
      ],
      "team0_step_reward": 0.0,
      "team1_centroid": [
        -8.606357336044312,
        -0.06516104936599731
      ],
      "team1_step_reward": 0.0,
      "winner": null
    }
  ],
  "steps": 9,
  "tail_trace": [
    {
      "ball_pos": [
        -1.4384222030639648,
        -0.9461603164672852
      ],
      "reward_shaping": null,
      "score": null,
      "step": 0,
      "team0_centroid": [
        9.114840745925903,
        -0.026430249214172363
      ],
      "team0_step_reward": 0.0,
      "team1_centroid": [
        -8.606357336044312,
        -0.06516104936599731
      ],
      "team1_step_reward": 0.0,
      "winner": null
    },
    {
      "ball_pos": [
        -1.4384222030639648,
        -0.9461603164672852
      ],
      "reward_shaping": null,
      "score": null,
      "step": 1,
      "team0_centroid": [
        8.501779317855835,
        -0.13983488082885742
      ],
      "team0_step_reward": 0.0,
      "team1_centroid": [
        -7.68243145942688,
        -0.04965144395828247
      ],
      "team1_step_reward": 0.0,
      "winner": null
    },
    {
      "ball_pos": [
        -1.4384222030639648,
        -0.9461603164672852
      ],
      "reward_shaping": null,
      "score": null,
      "step": 2,
      "team0_centroid": [
        7.865576267242432,
        -0.3756697177886963
      ],
      "team0_step_reward": 0.0,
      "team1_centroid": [
        -6.357302904129028,
        0.02870994806289673
      ],
      "team1_step_reward": 0.0,
      "winner": null
    },
    {
      "ball_pos": [
        -0.7219710946083069,
        -0.9508950114250183
      ],
      "reward_shaping": null,
      "score": null,
      "step": 3,
      "team0_centroid": [
        7.054213047027588,
        -0.7518133521080017
      ],
      "team0_step_reward": 0.0,
      "team1_centroid": [
        -4.889447927474976,
        -0.005248844623565674
      ],
      "team1_step_reward": 0.0,
      "winner": null
    },
    {
      "ball_pos": [
        3.7048518657684326,
        -1.3132649660110474
      ],
      "reward_shaping": null,
      "score": null,
      "step": 4,
      "team0_centroid": [
        6.096176624298096,
        -1.1313531696796417
      ],
      "team0_step_reward": 0.0,
      "team1_centroid": [
        -3.4947587847709656,
        -0.037670671939849854
      ],
      "team1_step_reward": 0.0,
      "winner": null
    },
    {
      "ball_pos": [
        7.657404899597168,
        -1.6377559900283813
      ],
      "reward_shaping": null,
      "score": null,
      "step": 5,
      "team0_centroid": [
        5.014330148696899,
        -1.3757278323173523
      ],
      "team0_step_reward": 0.0,
      "team1_centroid": [
        -2.3142576217651367,
        -0.0404604971408844
      ],
      "team1_step_reward": 0.0,
      "winner": null
    },
    {
      "ball_pos": [
        11.1813325881958,
        -1.9270648956298828
      ],
      "reward_shaping": null,
      "score": null,
      "step": 6,
      "team0_centroid": [
        4.352112829685211,
        -1.4982204362750053
      ],
      "team0_step_reward": 0.0,
      "team1_centroid": [
        -1.244278073310852,
        -0.2565915584564209
      ],
      "team1_step_reward": 0.0,
      "winner": null
    },
    {
      "ball_pos": [
        14.317817687988281,
        -2.184565544128418
      ],
      "reward_shaping": null,
      "score": null,
      "step": 7,
      "team0_centroid": [
        4.0495325922966,
        -1.6322898901998997
      ],
      "team0_step_reward": 0.0,
      "team1_centroid": [
        -0.14243388175964355,
        -0.6035593748092651
      ],
      "team1_step_reward": 0.0,
      "winner": null
    },
    {
      "ball_pos": [
        15.977167129516602,
        -2.321157932281494
      ],
      "reward_shaping": null,
      "score": null,
      "step": 8,
      "team0_centroid": [
        3.811346083879471,
        -1.7097790762782097
      ],
      "team0_step_reward": -2.0,
      "team1_centroid": [
        0.45487046241760254,
        -0.7949032634496689
      ],
      "team1_step_reward": 1.9823999404907227,
      "winner": null
    }
  ],
  "team0_module": "ceia_baseline_agent",
  "team1_module": "ceia_baseline_agent"
}