{
  "classification": {
    "labels": [
      "win"
    ],
    "primary_label": "win"
  },
  "cumulative_team0_reward": 1.9467999935150146,
  "cumulative_team1_reward": -2.0,
  "episode_index": 236,
  "final_score": null,
  "final_team0_step_reward": 1.9467999935150146,
  "final_team1_step_reward": -2.0,
  "final_winner": null,
  "metrics": {
    "mean_ball_x": 3.1267226989622467,
    "tail_mean_ball_x": 3.1267226989622467,
    "team0_possession_ratio": null,
    "team0_progress_toward_goal": 0.0,
    "team0_shaping_reward_sum": 0.0,
    "team1_possession_ratio": null,
    "team1_progress_toward_goal": 0.0,
    "team1_shaping_reward_sum": 0.0
  },
  "outcome": "team0_win",
  "sampled_trace": [
    {
      "ball_pos": [
        -1.449887752532959,
        2.3141722679138184
      ],
      "reward_shaping": null,
      "score": null,
      "step": 0,
      "team0_centroid": [
        -9.142616748809814,
        0.06873899698257446
      ],
      "team0_step_reward": 0.0,
      "team1_centroid": [
        7.31326961517334,
        0.13641154766082764
      ],
      "team1_step_reward": 0.0,
      "winner": null
    },
    {
      "ball_pos": [
        1.0764647722244263,
        0.2901654839515686
      ],
      "reward_shaping": null,
      "score": null,
      "step": 10,
      "team0_centroid": [
        -5.274847030639648,
        3.1065070629119873
      ],
      "team0_step_reward": 0.0,
      "team1_centroid": [
        -1.149772047996521,
        0.5317797809839249
      ],
      "team1_step_reward": 0.0,
      "winner": null
    },
    {
      "ball_pos": [
        3.1228582859039307,
        2.45912766456604
      ],
      "reward_shaping": null,
      "score": null,
      "step": 20,
      "team0_centroid": [
        -2.795224666595459,
        -0.0456312894821167
      ],
      "team0_step_reward": 0.0,
      "team1_centroid": [
        0.8214678764343262,
        0.8342415690422058
      ],
      "team1_step_reward": 0.0,
      "winner": null
    }
  ],
  "steps": 27,
  "tail_trace": [
    {
      "ball_pos": [
        -1.449887752532959,
        2.3141722679138184
      ],
      "reward_shaping": null,
      "score": null,
      "step": 0,
      "team0_centroid": [
        -9.142616748809814,
        0.06873899698257446
      ],
      "team0_step_reward": 0.0,
      "team1_centroid": [
        7.31326961517334,
        0.13641154766082764
      ],
      "team1_step_reward": 0.0,
      "winner": null
    },
    {
      "ball_pos": [
        -1.449887752532959,
        2.3141722679138184
      ],
      "reward_shaping": null,
      "score": null,
      "step": 1,
      "team0_centroid": [
        -9.174439191818237,
        0.22646334767341614
      ],
      "team0_step_reward": 0.0,
      "team1_centroid": [
        6.840002775192261,
        0.36391645669937134
      ],
      "team1_step_reward": 0.0,
      "winner": null
    },
    {
      "ball_pos": [
        -1.449887752532959,
        2.3141722679138184
      ],
      "reward_shaping": null,
      "score": null,
      "step": 2,
      "team0_centroid": [
        -8.98196268081665,
        0.4869725629687309
      ],
      "team0_step_reward": 0.0,
      "team1_centroid": [
        5.97510838508606,
        0.5773749798536301
      ],
      "team1_step_reward": 0.0,
      "winner": null
    },
    {
      "ball_pos": [
        -1.449887752532959,
        2.3141722679138184
      ],
      "reward_shaping": null,
      "score": null,
      "step": 3,
      "team0_centroid": [
        -8.45943546295166,
        0.9452098906040192
      ],
      "team0_step_reward": 0.0,
      "team1_centroid": [
        4.72700309753418,
        0.8058989346027374
      ],
      "team1_step_reward": 0.0,
      "winner": null
    },
    {
      "ball_pos": [
        -1.449887752532959,
        2.3141722679138184
      ],
      "reward_shaping": null,
      "score": null,
      "step": 4,
      "team0_centroid": [
        -7.682165622711182,
        1.595856487751007
      ],
      "team0_step_reward": 0.0,
      "team1_centroid": [
        3.32261860370636,
        1.2455173134803772
      ],
      "team1_step_reward": 0.0,
      "winner": null
    },
    {
      "ball_pos": [
        -1.449887752532959,
        2.3141722679138184
      ],
      "reward_shaping": null,
      "score": null,
      "step": 5,
      "team0_centroid": [
        -6.730733275413513,
        2.3944509029388428
      ],
      "team0_step_reward": 0.0,
      "team1_centroid": [
        2.141343057155609,
        1.7140174508094788
      ],
      "team1_step_reward": 0.0,
      "winner": null
    },
    {
      "ball_pos": [
        -1.5482046604156494,
        -0.773743748664856
      ],
      "reward_shaping": null,
      "score": null,
      "step": 6,
      "team0_centroid": [
        -5.9275171756744385,
        3.1672821044921875
      ],
      "team0_step_reward": 0.0,
      "team1_centroid": [
        1.315090000629425,
        1.8923804759979248
      ],
      "team1_step_reward": 0.0,
      "winner": null
    },
    {
      "ball_pos": [
        -0.7801542282104492,
        -5.263999938964844
      ],
      "reward_shaping": null,
      "score": null,
      "step": 7,
      "team0_centroid": [
        -5.4049553871154785,
        3.7181535959243774
      ],
      "team0_step_reward": 0.0,
      "team1_centroid": [
        0.6782268285751343,
        1.7910905480384827
      ],
      "team1_step_reward": 0.0,
      "winner": null
    },
    {
      "ball_pos": [
        -0.09632959961891174,
        -5.025973320007324
      ],
      "reward_shaping": null,
      "score": null,
      "step": 8,
      "team0_centroid": [
        -5.2883229702711105,
        3.939270257949829
      ],
      "team0_step_reward": 0.0,
      "team1_centroid": [
        0.20990383625030518,
        1.4915978014469147
      ],
      "team1_step_reward": 0.0,
      "winner": null
    },
    {
      "ball_pos": [
        0.5250497460365295,
        -2.208584785461426
      ],
      "reward_shaping": null,
      "score": null,
      "step": 9,
      "team0_centroid": [
        -5.288754224777222,
        3.7219401597976685
      ],
      "team0_step_reward": 0.0,
      "team1_centroid": [
        -0.38292038440704346,
        1.0266222655773163
      ],
      "team1_step_reward": 0.0,
      "winner": null
    },
    {
      "ball_pos": [
        1.0764647722244263,
        0.2901654839515686
      ],
      "reward_shaping": null,
      "score": null,
      "step": 10,
      "team0_centroid": [
        -5.274847030639648,
        3.1065070629119873
      ],
      "team0_step_reward": 0.0,
      "team1_centroid": [
        -1.149772047996521,
        0.5317797809839249
      ],
      "team1_step_reward": 0.0,
      "winner": null
    },
    {
      "ball_pos": [
        1.5643366575241089,
        2.50095796585083
      ],
      "reward_shaping": null,
      "score": null,
      "step": 11,
      "team0_centroid": [
        -5.5113139152526855,
        2.247105896472931
      ],
      "team0_step_reward": 0.0,
      "team1_centroid": [
        -1.8728262782096863,
        0.1423758864402771
      ],
      "team1_step_reward": 0.0,
      "winner": null
    },
    {
      "ball_pos": [
        1.9947682619094849,
        4.451459884643555
      ],
      "reward_shaping": null,
      "score": null,
      "step": 12,
      "team0_centroid": [
        -5.831674098968506,
        1.3748208284378052
      ],
      "team0_step_reward": 0.0,
      "team1_centroid": [
        -2.4610643833875656,
        -0.06742477416992188
      ],
      "team1_step_reward": 0.0,
      "winner": null
    },
    {
      "ball_pos": [
        2.3732783794403076,
        6.166679382324219
      ],
      "reward_shaping": null,
      "score": null,
      "step": 13,
      "team0_centroid": [
        -5.841826677322388,
        0.751226395368576
      ],
      "team0_step_reward": 0.0,
      "team1_centroid": [
        -3.0518494844436646,
        -0.6013902276754379
      ],