{
  "classification": {
    "labels": [
      "win"
    ],
    "primary_label": "win"
  },
  "cumulative_team0_reward": 1.9764000177383423,
  "cumulative_team1_reward": -2.0,
  "episode_index": 121,
  "final_score": null,
  "final_team0_step_reward": 1.9764000177383423,
  "final_team1_step_reward": -2.0,
  "final_winner": null,
  "metrics": {
    "mean_ball_x": -6.439349542061488,
    "tail_mean_ball_x": -6.439349542061488,
    "team0_possession_ratio": null,
    "team0_progress_toward_goal": 0.0,
    "team0_shaping_reward_sum": 0.0,
    "team1_possession_ratio": null,
    "team1_progress_toward_goal": 0.0,
    "team1_shaping_reward_sum": 0.0
  },
  "outcome": "team0_win",
  "sampled_trace": [
    {
      "ball_pos": [
        0.3104898929595947,
        -1.4537220001220703
      ],
      "reward_shaping": null,
      "score": null,
      "step": 0,
      "team0_centroid": [
        9.878175973892212,
        0.0558398962020874
      ],
      "team0_step_reward": 0.0,
      "team1_centroid": [
        -3.896331787109375,
        -0.08753204345703125
      ],
      "team1_step_reward": 0.0,
      "winner": null
    },
    {
      "ball_pos": [
        -14.793127059936523,
        -0.9878205060958862
      ],
      "reward_shaping": null,
      "score": null,
      "step": 10,
      "team0_centroid": [
        0.07458865642547607,
        1.3538223206996918
      ],
      "team0_step_reward": 0.0,
      "team1_centroid": [
        -1.8516850918531418,
        -1.49213045835495
      ],
      "team1_step_reward": 0.0,
      "winner": null
    }
  ],
  "steps": 12,
  "tail_trace": [
    {
      "ball_pos": [
        0.3104898929595947,
        -1.4537220001220703
      ],
      "reward_shaping": null,
      "score": null,
      "step": 0,
      "team0_centroid": [
        9.878175973892212,
        0.0558398962020874
      ],
      "team0_step_reward": 0.0,
      "team1_centroid": [
        -3.896331787109375,
        -0.08753204345703125
      ],
      "team1_step_reward": 0.0,
      "winner": null
    },
    {
      "ball_pos": [
        0.3104898929595947,
        -1.4537220001220703
      ],
      "reward_shaping": null,
      "score": null,
      "step": 1,
      "team0_centroid": [
        9.054749488830566,
        0.17397308349609375
      ],
      "team0_step_reward": 0.0,
      "team1_centroid": [
        -3.313889980316162,
        -0.3453742265701294
      ],
      "team1_step_reward": 0.0,
      "winner": null
    },
    {
      "ball_pos": [
        0.3104898929595947,
        -1.4537220001220703
      ],
      "reward_shaping": null,
      "score": null,
      "step": 2,
      "team0_centroid": [
        7.8953001499176025,
        0.16900384426116943
      ],
      "team0_step_reward": 0.0,
      "team1_centroid": [
        -2.7474623918533325,
        -0.614720344543457
      ],
      "team1_step_reward": 0.0,
      "winner": null
    },
    {
      "ball_pos": [
        0.8232892751693726,
        -1.430260419845581
      ],
      "reward_shaping": null,
      "score": null,
      "step": 3,
      "team0_centroid": [
        6.389919996261597,
        0.1549813151359558
      ],
      "team0_step_reward": 0.0,
      "team1_centroid": [
        -2.128376290202141,
        -0.9259006530046463
      ],
      "team1_step_reward": 0.0,
      "winner": null
    },
    {
      "ball_pos": [
        -0.5208613872528076,
        0.9047592878341675
      ],
      "reward_shaping": null,
      "score": null,
      "step": 4,
      "team0_centroid": [
        4.877384901046753,
        0.05107349157333374
      ],
      "team0_step_reward": 0.0,
      "team1_centroid": [
        -1.341137707233429,
        -1.2686713933944702
      ],
      "team1_step_reward": 0.0,
      "winner": null
    },
    {
      "ball_pos": [
        -4.70014762878418,
        4.471931457519531
      ],
      "reward_shaping": null,
      "score": null,
      "step": 5,
      "team0_centroid": [
        4.3601988554000854,
        0.0961260199546814
      ],
      "team0_step_reward": 0.0,
      "team1_centroid": [
        -1.238497793674469,
        -1.4913009703159332
      ],
      "team1_step_reward": 0.0,
      "winner": null
    },
    {
      "ball_pos": [
        -8.160486221313477,
        6.5471978187561035
      ],
      "reward_shaping": null,
      "score": null,
      "step": 6,
      "team0_centroid": [
        3.7301436066627502,
        0.2560592293739319
      ],
      "team0_step_reward": 0.0,
      "team1_centroid": [
        -1.3899572491645813,
        -1.462623953819275
      ],
      "team1_step_reward": 0.0,
      "winner": null
    },
    {
      "ball_pos": [
        -10.12999439239502,
        4.309019088745117
      ],
      "reward_shaping": null,
      "score": null,
      "step": 7,
      "team0_centroid": [
        2.835741639137268,
        0.5226276516914368
      ],
      "team0_step_reward": 0.0,
      "team1_centroid": [
        -1.6642547249794006,
        -1.414255976676941
      ],
      "team1_step_reward": 0.0,
      "winner": null
    },
    {
      "ball_pos": [
        -11.87833023071289,
        2.323084831237793
      ],
      "reward_shaping": null,
      "score": null,
      "step": 8,
      "team0_centroid": [
        1.764089584350586,
        0.9076869040727615
      ],
      "team0_step_reward": 0.0,
      "team1_centroid": [
        -1.8792735636234283,
        -1.5214373469352722
      ],
      "team1_step_reward": 0.0,
      "winner": null
    },
    {
      "ball_pos": [
        -13.426291465759277,
        0.5647621154785156
      ],
      "reward_shaping": null,
      "score": null,
      "step": 9,
      "team0_centroid": [
        0.8035729676485062,
        1.2583651840686798
      ],
      "team0_step_reward": 0.0,
      "team1_centroid": [
        -2.0102123022079468,
        -1.529876947402954
      ],
      "team1_step_reward": 0.0,
      "winner": null
    },
    {
      "ball_pos": [
        -14.793127059936523,
        -0.9878205060958862
      ],
      "reward_shaping": null,
      "score": null,
      "step": 10,
      "team0_centroid": [
        0.07458865642547607,
        1.3538223206996918
      ],
      "team0_step_reward": 0.0,
      "team1_centroid": [
        -1.8516850918531418,
        -1.49213045835495
      ],
      "team1_step_reward": 0.0,
      "winner": null
    },
    {
      "ball_pos": [
        -15.417715072631836,
        -1.7699768543243408
      ],
      "reward_shaping": null,
      "score": null,
      "step": 11,
      "team0_centroid": [
        -0.47246116399765015,
        1.3367539644241333
      ],
      "team0_step_reward": 1.9764000177383423,
      "team1_centroid": [
        -1.669406533241272,
        -1.426743745803833
      ],
      "team1_step_reward": -2.0,
      "winner": null
    }
  ],
  "team0_module": "ceia_baseline_agent",
  "team1_module": "ceia_baseline_agent"
}