{
  "classification": {
    "labels": [
      "win"
    ],
    "primary_label": "win"
  },
  "cumulative_team0_reward": 1.957200050354004,
  "cumulative_team1_reward": -2.0,
  "episode_index": 315,
  "final_score": null,
  "final_team0_step_reward": 1.957200050354004,
  "final_team1_step_reward": -2.0,
  "final_winner": null,
  "metrics": {
    "mean_ball_x": -7.734696415337649,
    "tail_mean_ball_x": -7.734696415337649,
    "team0_possession_ratio": null,
    "team0_progress_toward_goal": 0.0,
    "team0_shaping_reward_sum": 0.0,
    "team1_possession_ratio": null,
    "team1_progress_toward_goal": 0.0,
    "team1_shaping_reward_sum": 0.0
  },
  "outcome": "team0_win",
  "sampled_trace": [
    {
      "ball_pos": [
        0.9112023711204529,
        -1.6733460426330566
      ],
      "reward_shaping": null,
      "score": null,
      "step": 0,
      "team0_centroid": [
        8.517413854598999,
        0.0
      ],
      "team0_step_reward": 0.0,
      "team1_centroid": [
        -10.82103681564331,
        -0.010938465595245361
      ],
      "team1_step_reward": 0.0,
      "winner": null
    },
    {
      "ball_pos": [
        -9.60622501373291,
        -6.992827415466309
      ],
      "reward_shaping": null,
      "score": null,
      "step": 10,
      "team0_centroid": [
        1.0356743335723877,
        -1.6636040210723877
      ],
      "team0_step_reward": 0.0,
      "team1_centroid": [
        -10.749454021453857,
        0.6066510677337646
      ],
      "team1_step_reward": 0.0,
      "winner": null
    },
    {
      "ball_pos": [
        -15.0601806640625,
        -3.7015957832336426
      ],
      "reward_shaping": null,
      "score": null,
      "step": 20,
      "team0_centroid": [
        -4.537482500076294,
        -2.2926202416419983
      ],
      "team0_step_reward": 0.0,
      "team1_centroid": [
        -15.922640323638916,
        0.686967134475708
      ],
      "team1_step_reward": 0.0,
      "winner": null
    }
  ],
  "steps": 22,
  "tail_trace": [
    {
      "ball_pos": [
        0.9112023711204529,
        -1.6733460426330566
      ],
      "reward_shaping": null,
      "score": null,
      "step": 0,
      "team0_centroid": [
        8.517413854598999,
        0.0
      ],
      "team0_step_reward": 0.0,
      "team1_centroid": [
        -10.82103681564331,
        -0.010938465595245361
      ],
      "team1_step_reward": 0.0,
      "winner": null
    },
    {
      "ball_pos": [
        0.9112023711204529,
        -1.6733460426330566
      ],
      "reward_shaping": null,
      "score": null,
      "step": 1,
      "team0_centroid": [
        8.266210317611694,
        -0.004384517669677734
      ],
      "team0_step_reward": 0.0,
      "team1_centroid": [
        -10.569952487945557,
        -0.0206720232963562
      ],
      "team1_step_reward": 0.0,
      "winner": null
    },
    {
      "ball_pos": [
        0.9112023711204529,
        -1.6733460426330566
      ],
      "reward_shaping": null,
      "score": null,
      "step": 2,
      "team0_centroid": [
        7.442047119140625,
        -0.13261890411376953
      ],
      "team0_step_reward": 0.0,
      "team1_centroid": [
        -10.243218421936035,
        -0.10058698058128357
      ],
      "team1_step_reward": 0.0,
      "winner": null
    },
    {
      "ball_pos": [
        0.9112023711204529,
        -1.6733460426330566
      ],
      "reward_shaping": null,
      "score": null,
      "step": 3,
      "team0_centroid": [
        6.576577186584473,
        -0.30314692854881287
      ],
      "team0_step_reward": 0.0,
      "team1_centroid": [
        -10.00139570236206,
        -0.12243932485580444
      ],
      "team1_step_reward": 0.0,
      "winner": null
    },
    {
      "ball_pos": [
        0.9112023711204529,
        -1.6733460426330566
      ],
      "reward_shaping": null,
      "score": null,
      "step": 4,
      "team0_centroid": [
        5.723657250404358,
        -0.4644738435745239
      ],
      "team0_step_reward": 0.0,
      "team1_centroid": [
        -9.821004629135132,
        -0.0169651061296463
      ],
      "team1_step_reward": 0.0,
      "winner": null
    },
    {
      "ball_pos": [
        0.9112023711204529,
        -1.6733460426330566
      ],
      "reward_shaping": null,
      "score": null,
      "step": 5,
      "team0_centroid": [
        4.922419905662537,
        -0.467285692691803
      ],
      "team0_step_reward": 0.0,
      "team1_centroid": [
        -9.9497971534729,
        0.08743831515312195
      ],
      "team1_step_reward": 0.0,
      "winner": null
    },
    {
      "ball_pos": [
        -1.1631848812103271,
        -2.6240720748901367
      ],
      "reward_shaping": null,
      "score": null,
      "step": 6,
      "team0_centroid": [
        4.1350462436676025,
        -0.45005956292152405
      ],
      "team0_step_reward": 0.0,
      "team1_centroid": [
        -9.961573123931885,
        0.27112192660570145
      ],
      "team1_step_reward": 0.0,
      "winner": null
    },
    {
      "ball_pos": [
        -3.6744937896728516,
        -3.923490524291992
      ],
      "reward_shaping": null,
      "score": null,
      "step": 7,
      "team0_centroid": [
        3.2100908011198044,
        -0.568489596247673
      ],
      "team0_step_reward": 0.0,
      "team1_centroid": [
        -10.114483833312988,
        0.4936738386750221
      ],
      "team1_step_reward": 0.0,
      "winner": null
    },
    {
      "ball_pos": [
        -5.900955677032471,
        -5.075558185577393
      ],
      "reward_shaping": null,
      "score": null,
      "step": 8,
      "team0_centroid": [
        2.445027709007263,
        -0.7735329270362854
      ],
      "team0_step_reward": 0.0,
      "team1_centroid": [
        -10.370643854141235,
        0.5910087823867798
      ],
      "team1_step_reward": 0.0,
      "winner": null
    },
    {
      "ball_pos": [
        -7.8699541091918945,
        -6.094404220581055
      ],
      "reward_shaping": null,
      "score": null,
      "step": 9,
      "team0_centroid": [
        1.687073826789856,
        -1.1465998589992523
      ],
      "team0_step_reward": 0.0,
      "team1_centroid": [
        -10.56927752494812,
        0.6077730655670166
      ],
      "team1_step_reward": 0.0,
      "winner": null
    },
    {
      "ball_pos": [
        -9.60622501373291,
        -6.992827415466309
      ],
      "reward_shaping": null,
      "score": null,
      "step": 10,
      "team0_centroid": [
        1.0356743335723877,
        -1.6636040210723877
      ],
      "team0_step_reward": 0.0,
      "team1_centroid": [
        -10.749454021453857,
        0.6066510677337646
      ],
      "team1_step_reward": 0.0,
      "winner": null
    },
    {
      "ball_pos": [
        -10.586285591125488,
        -6.387923717498779
      ],
      "reward_shaping": null,
      "score": null,
      "step": 11,
      "team0_centroid": [
        0.3250981569290161,
        -2.0838811099529266
      ],
      "team0_step_reward": 0.0,
      "team1_centroid": [
        -11.138846158981323,
        0.5564450621604919
      ],
      "team1_step_reward": 0.0,
      "winner": null
    },
    {
      "ball_pos": [
        -11.431846618652344,
        -5.880163669586182
      ],
      "reward_shaping": null,
      "score": null,
      "step": 12,
      "team0_centroid": [
        -0.36467134952545166,
        -2.2810396552085876
      ],
      "team0_step_reward": 0.0,
      "team1_centroid": [
        -11.863574266433716,
        0.5358614921569824
      ],
      "team1_step_reward": 0.0,
      "winner": null
    },
    {
      "ball_pos": [
        -12.154153823852539,
        -5.446467399597168
      ],
      "reward_shaping": null,
      "score": null,
      "step": 13,
      "team0_centroid": [
        -1.1529771089553833,
        -2.3528873324394226
      ],
      "team0_step_reward": 0.0,