{
  "classification": {
    "labels": [
      "win"
    ],
    "primary_label": "win"
  },
  "cumulative_team0_reward": 1.9744000434875488,
  "cumulative_team1_reward": -2.0,
  "episode_index": 69,
  "final_score": null,
  "final_team0_step_reward": 1.9744000434875488,
  "final_team1_step_reward": -2.0,
  "final_winner": null,
  "metrics": {
    "mean_ball_x": -8.17463885820829,
    "tail_mean_ball_x": -8.17463885820829,
    "team0_possession_ratio": null,
    "team0_progress_toward_goal": 0.0,
    "team0_shaping_reward_sum": 0.0,
    "team1_possession_ratio": null,
    "team1_progress_toward_goal": 0.0,
    "team1_shaping_reward_sum": 0.0
  },
  "outcome": "team0_win",
  "sampled_trace": [
    {
      "ball_pos": [
        -1.430065631866455,
        -0.3034224510192871
      ],
      "reward_shaping": null,
      "score": null,
      "step": 0,
      "team0_centroid": [
        7.8558690547943115,
        0.0646674633026123
      ],
      "team0_step_reward": 0.0,
      "team1_centroid": [
        -9.871533870697021,
        -0.039523959159851074
      ],
      "team1_step_reward": 0.0,
      "winner": null
    },
    {
      "ball_pos": [
        -13.515742301940918,
        -1.713627576828003
      ],
      "reward_shaping": null,
      "score": null,
      "step": 10,
      "team0_centroid": [
        6.6185996532440186,
        -0.5368325114250183
      ],
      "team0_step_reward": 0.0,
      "team1_centroid": [
        -6.291244342923164,
        -0.8478895425796509
      ],
      "team1_step_reward": 0.0,
      "winner": null
    }
  ],
  "steps": 13,
  "tail_trace": [
    {
      "ball_pos": [
        -1.430065631866455,
        -0.3034224510192871
      ],
      "reward_shaping": null,
      "score": null,
      "step": 0,
      "team0_centroid": [
        7.8558690547943115,
        0.0646674633026123
      ],
      "team0_step_reward": 0.0,
      "team1_centroid": [
        -9.871533870697021,
        -0.039523959159851074
      ],
      "team1_step_reward": 0.0,
      "winner": null
    },
    {
      "ball_pos": [
        -1.430065631866455,
        -0.3034224510192871
      ],
      "reward_shaping": null,
      "score": null,
      "step": 1,
      "team0_centroid": [
        7.347126841545105,
        0.15210887789726257
      ],
      "team0_step_reward": 0.0,
      "team1_centroid": [
        -8.963226318359375,
        -0.058679282665252686
      ],
      "team1_step_reward": 0.0,
      "winner": null
    },
    {
      "ball_pos": [
        -1.430065631866455,
        -0.3034224510192871
      ],
      "reward_shaping": null,
      "score": null,
      "step": 2,
      "team0_centroid": [
        6.691938936710358,
        0.23079031705856323
      ],
      "team0_step_reward": 0.0,
      "team1_centroid": [
        -7.901789426803589,
        -0.03561636805534363
      ],
      "team1_step_reward": 0.0,
      "winner": null
    },
    {
      "ball_pos": [
        -1.430065631866455,
        -0.3034224510192871
      ],
      "reward_shaping": null,
      "score": null,
      "step": 3,
      "team0_centroid": [
        5.98312021791935,
        0.3354034721851349
      ],
      "team0_step_reward": 0.0,
      "team1_centroid": [
        -6.749046802520752,
        -0.020306818187236786
      ],
      "team1_step_reward": 0.0,
      "winner": null
    },
    {
      "ball_pos": [
        -3.061809539794922,
        -2.0875837802886963
      ],
      "reward_shaping": null,
      "score": null,
      "step": 4,
      "team0_centroid": [
        5.663509398698807,
        0.2634434401988983
      ],
      "team0_step_reward": 0.0,
      "team1_centroid": [
        -5.8212273716926575,
        0.011206835508346558
      ],
      "team1_step_reward": 0.0,
      "winner": null
    },
    {
      "ball_pos": [
        -6.965874195098877,
        -4.822474479675293
      ],
      "reward_shaping": null,
      "score": null,
      "step": 5,
      "team0_centroid": [
        5.949913263320923,
        0.06077688932418823
      ],
      "team0_step_reward": 0.0,
      "team1_centroid": [
        -5.707321584224701,
        0.13729848712682724
      ],
      "team1_step_reward": 0.0,
      "winner": null
    },
    {
      "ball_pos": [
        -10.454656600952148,
        -7.266502857208252
      ],
      "reward_shaping": null,
      "score": null,
      "step": 6,
      "team0_centroid": [
        6.188610851764679,
        -0.09395650029182434
      ],
      "team0_step_reward": 0.0,
      "team1_centroid": [
        -5.52325901389122,
        0.12150241434574127
      ],
      "team1_step_reward": 0.0,
      "winner": null
    },
    {
      "ball_pos": [
        -11.39457893371582,
        -5.596085548400879
      ],
      "reward_shaping": null,
      "score": null,
      "step": 7,
      "team0_centroid": [
        6.387987971305847,
        -0.22196786105632782
      ],
      "team0_step_reward": 0.0,
      "team1_centroid": [
        -5.529578655958176,
        -0.07651956379413605
      ],
      "team1_step_reward": 0.0,
      "winner": null
    },
    {
      "ball_pos": [
        -12.199226379394531,
        -4.1233134269714355
      ],
      "reward_shaping": null,
      "score": null,
      "step": 8,
      "team0_centroid": [
        6.532883524894714,
        -0.3135234536603093
      ],
      "team0_step_reward": 0.0,
      "team1_centroid": [
        -5.740067884325981,
        -0.3319758176803589
      ],
      "team1_step_reward": 0.0,
      "winner": null
    },
    {
      "ball_pos": [
        -12.903050422668457,
        -2.8350696563720703
      ],
      "reward_shaping": null,
      "score": null,
      "step": 9,
      "team0_centroid": [
        6.638060629367828,
        -0.38190460950136185
      ],
      "team0_step_reward": 0.0,
      "team1_centroid": [
        -5.931692436337471,
        -0.6178694665431976
      ],
      "team1_step_reward": 0.0,
      "winner": null
    },
    {
      "ball_pos": [
        -13.515742301940918,
        -1.713627576828003
      ],
      "reward_shaping": null,
      "score": null,
      "step": 10,
      "team0_centroid": [
        6.6185996532440186,
        -0.5368325114250183
      ],
      "team0_step_reward": 0.0,
      "team1_centroid": [
        -6.291244342923164,
        -0.8478895425796509
      ],
      "team1_step_reward": 0.0,
      "winner": null
    },
    {
      "ball_pos": [
        -14.44162654876709,
        -1.1773078441619873
      ],
      "reward_shaping": null,
      "score": null,
      "step": 11,
      "team0_centroid": [
        6.469581305980682,
        -0.8048021197319031
      ],
      "team0_step_reward": 0.0,
      "team1_centroid": [
        -6.850947581231594,
        -1.0415178835391998
      ],
      "team1_step_reward": 0.0,
      "winner": null
    },
    {
      "ball_pos": [
        -15.61347770690918,
        -1.812964916229248
      ],
      "reward_shaping": null,
      "score": null,
      "step": 12,
      "team0_centroid": [
        6.399300217628479,
        -0.9776775240898132
      ],
      "team0_step_reward": 1.9744000434875488,
      "team1_centroid": [
        -7.228346690535545,
        -1.1565737128257751
      ],
      "team1_step_reward": -2.0,
      "winner": null
    }
  ],
  "team0_module": "ceia_baseline_agent",
  "team1_module": "ceia_baseline_agent"
}