{
  "classification": {
    "labels": [
      "win"
    ],
    "primary_label": "win"
  },
  "cumulative_team0_reward": 1.9227999448776245,
  "cumulative_team1_reward": -2.0,
  "episode_index": 32,
  "final_score": null,
  "final_team0_step_reward": 1.9227999448776245,
  "final_team1_step_reward": -2.0,
  "final_winner": null,
  "metrics": {
    "mean_ball_x": 10.632780723082714,
    "tail_mean_ball_x": 13.316044934590657,
    "team0_possession_ratio": null,
    "team0_progress_toward_goal": 0.0,
    "team0_shaping_reward_sum": 0.0,
    "team1_possession_ratio": null,
    "team1_progress_toward_goal": 0.0,
    "team1_shaping_reward_sum": 0.0
  },
  "outcome": "team0_win",
  "sampled_trace": [
    {
      "ball_pos": [
        0.9549479484558105,
        2.3761940002441406
      ],
      "reward_shaping": null,
      "score": null,
      "step": 0,
      "team0_centroid": [
        -8.477623462677002,
        0.008198857307434082
      ],
      "team0_step_reward": 0.0,
      "team1_centroid": [
        9.981107711791992,
        0.09175431728363037
      ],
      "team1_step_reward": 0.0,
      "winner": null
    },
    {
      "ball_pos": [
        9.773224830627441,
        5.997365474700928
      ],
      "reward_shaping": null,
      "score": null,
      "step": 10,
      "team0_centroid": [
        2.8601008653640747,
        2.2091087996959686
      ],
      "team0_step_reward": 0.0,
      "team1_centroid": [
        5.429140329360962,
        1.4348623156547546
      ],
      "team1_step_reward": 0.0,
      "winner": null
    },
    {
      "ball_pos": [
        13.577677726745605,
        3.6174192428588867
      ],
      "reward_shaping": null,
      "score": null,
      "step": 20,
      "team0_centroid": [
        4.824716418981552,
        0.7783465385437012
      ],
      "team0_step_reward": 0.0,
      "team1_centroid": [
        9.809291362762451,
        1.7534217834472656
      ],
      "team1_step_reward": 0.0,
      "winner": null
    },
    {
      "ball_pos": [
        13.542986869812012,
        2.0237910747528076
      ],
      "reward_shaping": null,
      "score": null,
      "step": 30,
      "team0_centroid": [
        7.859795570373535,
        0.016683101654052734
      ],
      "team0_step_reward": 0.0,
      "team1_centroid": [
        10.58783483505249,
        2.3085350394248962
      ],
      "team1_step_reward": 0.0,
      "winner": null
    }
  ],
  "steps": 39,
  "tail_trace": [
    {
      "ball_pos": [
        7.781562805175781,
        5.188695907592773
      ],
      "reward_shaping": null,
      "score": null,
      "step": 9,
      "team0_centroid": [
        1.601934790611267,
        2.3352463245391846
      ],
      "team0_step_reward": 0.0,
      "team1_centroid": [
        5.118959665298462,
        1.1906942427158356
      ],
      "team1_step_reward": 0.0,
      "winner": null
    },
    {
      "ball_pos": [
        9.773224830627441,
        5.997365474700928
      ],
      "reward_shaping": null,
      "score": null,
      "step": 10,
      "team0_centroid": [
        2.8601008653640747,
        2.2091087996959686
      ],
      "team0_step_reward": 0.0,
      "team1_centroid": [
        5.429140329360962,
        1.4348623156547546
      ],
      "team1_step_reward": 0.0,
      "winner": null
    },
    {
      "ball_pos": [
        11.528101921081543,
        6.709892749786377
      ],
      "reward_shaping": null,
      "score": null,
      "step": 11,
      "team0_centroid": [
        3.7161524295806885,
        2.1983394026756287
      ],
      "team0_step_reward": 0.0,
      "team1_centroid": [
        6.154537677764893,
        1.502687156200409
      ],
      "team1_step_reward": 0.0,
      "winner": null
    },
    {
      "ball_pos": [
        12.70076847076416,
        6.68272590637207
      ],
      "reward_shaping": null,
      "score": null,
      "step": 12,
      "team0_centroid": [
        4.263883948326111,
        2.3898243606090546
      ],
      "team0_step_reward": 0.0,
      "team1_centroid": [
        6.876740217208862,
        1.551845908164978
      ],
      "team1_step_reward": 0.0,
      "winner": null
    },
    {
      "ball_pos": [
        13.493122100830078,
        6.289769172668457
      ],
      "reward_shaping": null,
      "score": null,
      "step": 13,
      "team0_centroid": [
        4.330952286720276,
        2.771771475672722
      ],
      "team0_step_reward": 0.0,
      "team1_centroid": [
        7.429381608963013,
        1.6221638321876526
      ],
      "team1_step_reward": 0.0,
      "winner": null
    },
    {
      "ball_pos": [
        13.624037742614746,
        5.7434539794921875
      ],
      "reward_shaping": null,
      "score": null,
      "step": 14,
      "team0_centroid": [
        4.232178211212158,
        3.006654154509306
      ],
      "team0_step_reward": 0.0,
      "team1_centroid": [
        7.815803050994873,
        1.5261940956115723
      ],
      "team1_step_reward": 0.0,
      "winner": null
    },
    {
      "ball_pos": [
        13.613598823547363,
        5.267594814300537
      ],
      "reward_shaping": null,
      "score": null,
      "step": 15,
      "team0_centroid": [
        4.142549693584442,
        2.9752642028033733
      ],
      "team0_step_reward": 0.0,
      "team1_centroid": [
        8.298816204071045,
        1.4741930961608887
      ],
      "team1_step_reward": 0.0,
      "winner": null
    },
    {
      "ball_pos": [
        13.604881286621094,
        4.867107391357422
      ],
      "reward_shaping": null,
      "score": null,
      "step": 16,
      "team0_centroid": [
        4.29435408115387,
        2.6381571888923645
      ],
      "team0_step_reward": 0.0,
      "team1_centroid": [
        8.79837417602539,
        1.5070925951004028
      ],
      "team1_step_reward": 0.0,
      "winner": null
    },
    {
      "ball_pos": [
        13.597009658813477,
        4.505478858947754
      ],
      "reward_shaping": null,
      "score": null,
      "step": 17,
      "team0_centroid": [
        4.51887971162796,
        2.1552599668502808
      ],
      "team0_step_reward": 0.0,
      "team1_centroid": [
        9.146028995513916,
        1.535783290863037
      ],
      "team1_step_reward": 0.0,
      "winner": null
    },
    {
      "ball_pos": [
        13.589899063110352,
        4.178848743438721
      ],
      "reward_shaping": null,
      "score": null,
      "step": 18,
      "team0_centroid": [
        4.665504515171051,
        1.6430414319038391
      ],
      "team0_step_reward": 0.0,
      "team1_centroid": [
        9.4264497756958,
        1.4908905029296875
      ],
      "team1_step_reward": 0.0,
      "winner": null
    },
    {
      "ball_pos": [
        13.583477973937988,
        3.883854627609253
      ],
      "reward_shaping": null,
      "score": null,
      "step": 19,
      "team0_centroid": [
        4.758050620555878,
        1.1048663854599
      ],
      "team0_step_reward": 0.0,
      "team1_centroid": [
        9.698166370391846,
        1.591232419013977
      ],
      "team1_step_reward": 0.0,
      "winner": null
    },
    {
      "ball_pos": [
        13.577677726745605,
        3.6174192428588867
      ],
      "reward_shaping": null,
      "score": null,
      "step": 20,
      "team0_centroid": [
        4.824716418981552,
        0.7783465385437012
      ],
      "team0_step_reward": 0.0,
      "team1_centroid": [
        9.809291362762451,
        1.7534217834472656
      ],
      "team1_step_reward": 0.0,
      "winner": null
    },
    {
      "ball_pos": [
        13.572436332702637,
        3.3766088485717773
      ],
      "reward_shaping": null,
      "score": null,
      "step": 21,
      "team0_centroid": [
        5.126725882291794,
        0.8329664468765259
      ],
      "team0_step_reward": 0.0,
      "team1_centroid": [
        9.97611141204834,
        1.8311554193496704
      ],
      "team1_step_reward": 0.0,