{
  "classification": {
    "labels": [
      "win"
    ],
    "primary_label": "win"
  },
  "cumulative_team0_reward": 1.9351999759674072,
  "cumulative_team1_reward": -2.0,
  "episode_index": 344,
  "final_score": null,
  "final_team0_step_reward": 1.9351999759674072,
  "final_team1_step_reward": -2.0,
  "final_winner": null,
  "metrics": {
    "mean_ball_x": -1.337375545592019,
    "tail_mean_ball_x": -1.5908472701907157,
    "team0_possession_ratio": null,
    "team0_progress_toward_goal": 0.0,
    "team0_shaping_reward_sum": 0.0,
    "team1_possession_ratio": null,
    "team1_progress_toward_goal": 0.0,
    "team1_shaping_reward_sum": 0.0
  },
  "outcome": "team0_win",
  "sampled_trace": [
    {
      "ball_pos": [
        1.644583821296692,
        1.8269025087356567
      ],
      "reward_shaping": null,
      "score": null,
      "step": 0,
      "team0_centroid": [
        -9.307381391525269,
        0.05864912271499634
      ],
      "team0_step_reward": 0.0,
      "team1_centroid": [
        7.400357007980347,
        -0.06011444330215454
      ],
      "team1_step_reward": 0.0,
      "winner": null
    },
    {
      "ball_pos": [
        -10.216870307922363,
        3.754877805709839
      ],
      "reward_shaping": null,
      "score": null,
      "step": 10,
      "team0_centroid": [
        -5.212573021650314,
        2.519211769104004
      ],
      "team0_step_reward": 0.0,
      "team1_centroid": [
        0.30284714698791504,
        1.570291519165039
      ],
      "team1_step_reward": 0.0,
      "winner": null
    },
    {
      "ball_pos": [
        -0.21825724840164185,
        -5.643744468688965
      ],
      "reward_shaping": null,
      "score": null,
      "step": 20,
      "team0_centroid": [
        -6.914620876312256,
        0.4802473336458206
      ],
      "team0_step_reward": 0.0,
      "team1_centroid": [
        -3.435757637023926,
        0.9172033369541168
      ],
      "team1_step_reward": 0.0,
      "winner": null
    },
    {
      "ball_pos": [
        13.192150115966797,
        -2.65588641166687
      ],
      "reward_shaping": null,
      "score": null,
      "step": 30,
      "team0_centroid": [
        -2.4412885904312134,
        -0.09615814685821533
      ],
      "team0_step_reward": 0.0,
      "team1_centroid": [
        -2.0504527390003204,
        3.5226259157061577
      ],
      "team1_step_reward": 0.0,
      "winner": null
    }
  ],
  "steps": 33,
  "tail_trace": [
    {
      "ball_pos": [
        -3.300816059112549,
        3.2384440898895264
      ],
      "reward_shaping": null,
      "score": null,
      "step": 3,
      "team0_centroid": [
        -7.538151741027832,
        0.575183741748333
      ],
      "team0_step_reward": 0.0,
      "team1_centroid": [
        5.362070947885513,
        0.16074782609939575
      ],
      "team1_step_reward": 0.0,
      "winner": null
    },
    {
      "ball_pos": [
        -6.51116418838501,
        4.190877437591553
      ],
      "reward_shaping": null,
      "score": null,
      "step": 4,
      "team0_centroid": [
        -6.663545370101929,
        0.7298849262297153
      ],
      "team0_step_reward": 0.0,
      "team1_centroid": [
        4.891002424061298,
        0.5289190411567688
      ],
      "team1_step_reward": 0.0,
      "winner": null
    },
    {
      "ball_pos": [
        -9.366058349609375,
        5.037858486175537
      ],
      "reward_shaping": null,
      "score": null,
      "step": 5,
      "team0_centroid": [
        -5.887734830379486,
        0.9615579545497894
      ],
      "team0_step_reward": 0.0,
      "team1_centroid": [
        4.575242102146149,
        0.7987109422683716
      ],
      "team1_step_reward": 0.0,
      "winner": null
    },
    {
      "ball_pos": [
        -11.899648666381836,
        5.789516448974609
      ],
      "reward_shaping": null,
      "score": null,
      "step": 6,
      "team0_centroid": [
        -5.609018385410309,
        1.2338971495628357
      ],
      "team0_step_reward": 0.0,
      "team1_centroid": [
        4.115193784236908,
        0.951738715171814
      ],
      "team1_step_reward": 0.0,
      "winner": null
    },
    {
      "ball_pos": [
        -13.410821914672852,
        6.108188152313232
      ],
      "reward_shaping": null,
      "score": null,
      "step": 7,
      "team0_centroid": [
        -5.619807377457619,
        1.573861539363861
      ],
      "team0_step_reward": 0.0,
      "team1_centroid": [
        3.417689085006714,
        0.9908273220062256
      ],
      "team1_step_reward": 0.0,
      "winner": null
    },
    {
      "ball_pos": [
        -12.202157974243164,
        5.066149711608887
      ],
      "reward_shaping": null,
      "score": null,
      "step": 8,
      "team0_centroid": [
        -5.424469992518425,
        1.988961637020111
      ],
      "team0_step_reward": 0.0,
      "team1_centroid": [
        2.517350673675537,
        1.1091922521591187
      ],
      "team1_step_reward": 0.0,
      "winner": null
    },
    {
      "ball_pos": [
        -11.150349617004395,
        4.152132511138916
      ],
      "reward_shaping": null,
      "score": null,
      "step": 9,
      "team0_centroid": [
        -5.146477103233337,
        2.3445096015930176
      ],
      "team0_step_reward": 0.0,
      "team1_centroid": [
        1.4632139205932617,
        1.3695976734161377
      ],
      "team1_step_reward": 0.0,
      "winner": null
    },
    {
      "ball_pos": [
        -10.216870307922363,
        3.754877805709839
      ],
      "reward_shaping": null,
      "score": null,
      "step": 10,
      "team0_centroid": [
        -5.212573021650314,
        2.519211769104004
      ],
      "team0_step_reward": 0.0,
      "team1_centroid": [
        0.30284714698791504,
        1.570291519165039
      ],
      "team1_step_reward": 0.0,
      "winner": null
    },
    {
      "ball_pos": [
        -9.382920265197754,
        3.9297597408294678
      ],
      "reward_shaping": null,
      "score": null,
      "step": 11,
      "team0_centroid": [
        -5.130150675773621,
        2.5944818258285522
      ],
      "team0_step_reward": 0.0,
      "team1_centroid": [
        -0.693702220916748,
        1.6240570545196533
      ],
      "team1_step_reward": 0.0,
      "winner": null
    },
    {
      "ball_pos": [
        -8.890385627746582,
        3.300945997238159
      ],
      "reward_shaping": null,
      "score": null,
      "step": 12,
      "team0_centroid": [
        -4.938589826226234,
        2.783853769302368
      ],
      "team0_step_reward": 0.0,
      "team1_centroid": [
        -1.6837821006774902,
        1.6048111319541931
      ],
      "team1_step_reward": 0.0,
      "winner": null
    },
    {
      "ball_pos": [
        -7.4030327796936035,
        1.162204384803772
      ],
      "reward_shaping": null,
      "score": null,
      "step": 13,
      "team0_centroid": [
        -4.807472608983517,
        2.846340298652649
      ],
      "team0_step_reward": 0.0,
      "team1_centroid": [
        -2.310762882232666,
        1.4908217787742615
      ],
      "team1_step_reward": 0.0,
      "winner": null
    },
    {
      "ball_pos": [
        -5.865748405456543,
        -0.8344680070877075
      ],
      "reward_shaping": null,
      "score": null,
      "step": 14,
      "team0_centroid": [
        -4.954308658838272,
        2.5356225967407227
      ],
      "team0_step_reward": 0.0,
      "team1_centroid": [
        -2.634123206138611,
        1.4356619715690613
      ],
      "team1_step_reward": 0.0,
      "winner": null
    },
    {
      "ball_pos": [
        -4.5061259269714355,
        -2.6004891395568848
      ],
      "reward_shaping": null,
      "score": null,
      "step": 15,
      "team0_centroid": [
        -5.225307822227478,
        2.238569915294647
      ],
      "team0_step_reward": 0.0,
      "team1_centroid": [
        -3.1298999786376953,
        1.4140666127204895
      ],