{
  "classification": {
    "labels": [
      "win"
    ],
    "primary_label": "win"
  },
  "cumulative_team0_reward": 1.9595999717712402,
  "cumulative_team1_reward": -2.0,
  "episode_index": 178,
  "final_score": null,
  "final_team0_step_reward": 1.9595999717712402,
  "final_team1_step_reward": -2.0,
  "final_winner": null,
  "metrics": {
    "mean_ball_x": 8.362228280305862,
    "tail_mean_ball_x": 8.362228280305862,
    "team0_possession_ratio": null,
    "team0_progress_toward_goal": 0.0,
    "team0_shaping_reward_sum": 0.0,
    "team1_possession_ratio": null,
    "team1_progress_toward_goal": 0.0,
    "team1_shaping_reward_sum": 0.0
  },
  "outcome": "team0_win",
  "sampled_trace": [
    {
      "ball_pos": [
        -0.6111921072006226,
        -0.2893080711364746
      ],
      "reward_shaping": null,
      "score": null,
      "step": 0,
      "team0_centroid": [
        -4.185577630996704,
        -0.06994116306304932
      ],
      "team0_step_reward": 0.0,
      "team1_centroid": [
        6.749823331832886,
        -0.029729187488555908
      ],
      "team1_step_reward": 0.0,
      "winner": null
    },
    {
      "ball_pos": [
        12.071844100952148,
        5.767100811004639
      ],
      "reward_shaping": null,
      "score": null,
      "step": 10,
      "team0_centroid": [
        -2.0671694576740265,
        1.7258061170578003
      ],
      "team0_step_reward": 0.0,
      "team1_centroid": [
        2.5581140518188477,
        1.0345165207982063
      ],
      "team1_step_reward": 0.0,
      "winner": null
    }
  ],
  "steps": 20,
  "tail_trace": [
    {
      "ball_pos": [
        -0.6111921072006226,
        -0.2893080711364746
      ],
      "reward_shaping": null,
      "score": null,
      "step": 0,
      "team0_centroid": [
        -4.185577630996704,
        -0.06994116306304932
      ],
      "team0_step_reward": 0.0,
      "team1_centroid": [
        6.749823331832886,
        -0.029729187488555908
      ],
      "team1_step_reward": 0.0,
      "winner": null
    },
    {
      "ball_pos": [
        -0.6111921072006226,
        -0.2893080711364746
      ],
      "reward_shaping": null,
      "score": null,
      "step": 1,
      "team0_centroid": [
        -3.8688745498657227,
        -0.07058727741241455
      ],
      "team0_step_reward": 0.0,
      "team1_centroid": [
        6.119067907333374,
        -0.15060606598854065
      ],
      "team1_step_reward": 0.0,
      "winner": null
    },
    {
      "ball_pos": [
        -0.6111921072006226,
        -0.2893080711364746
      ],
      "reward_shaping": null,
      "score": null,
      "step": 2,
      "team0_centroid": [
        -3.4087231159210205,
        0.047672420740127563
      ],
      "team0_step_reward": 0.0,
      "team1_centroid": [
        5.195248603820801,
        -0.32707151770591736
      ],
      "team1_step_reward": 0.0,
      "winner": null
    },
    {
      "ball_pos": [
        1.6417043209075928,
        0.7461007237434387
      ],
      "reward_shaping": null,
      "score": null,
      "step": 3,
      "team0_centroid": [
        -2.7255495488643646,
        0.25425684452056885
      ],
      "team0_step_reward": 0.0,
      "team1_centroid": [
        3.7310526371002197,
        -0.5036458447575569
      ],
      "team1_step_reward": 0.0,
      "winner": null
    },
    {
      "ball_pos": [
        4.377185821533203,
        2.118980884552002
      ],
      "reward_shaping": null,
      "score": null,
      "step": 4,
      "team0_centroid": [
        -2.120471805334091,
        0.6051086522638798
      ],
      "team0_step_reward": 0.0,
      "team1_centroid": [
        2.3600656986236572,
        -0.508297011256218
      ],
      "team1_step_reward": 0.0,
      "winner": null
    },
    {
      "ball_pos": [
        6.806007385253906,
        3.3379921913146973
      ],
      "reward_shaping": null,
      "score": null,
      "step": 5,
      "team0_centroid": [
        -1.9181536436080933,
        0.934706300497055
      ],
      "team0_step_reward": 0.0,
      "team1_centroid": [
        1.5364514291286469,
        -0.2788057141005993
      ],
      "team1_step_reward": 0.0,
      "winner": null
    },
    {
      "ball_pos": [
        8.957648277282715,
        4.417888164520264
      ],
      "reward_shaping": null,
      "score": null,
      "step": 6,
      "team0_centroid": [
        -1.9514667987823486,
        1.1509263515472412
      ],
      "team0_step_reward": 0.0,
      "team1_centroid": [
        1.5696706175804138,
        0.1489494889974594
      ],
      "team1_step_reward": 0.0,
      "winner": null
    },
    {
      "ball_pos": [
        10.858738899230957,
        5.372034549713135
      ],
      "reward_shaping": null,
      "score": null,
      "step": 7,
      "team0_centroid": [
        -1.9914010763168335,
        1.46065354347229
      ],
      "team0_step_reward": 0.0,
      "team1_centroid": [
        1.8246891498565674,
        0.6239340379834175
      ],
      "team1_step_reward": 0.0,
      "winner": null
    },
    {
      "ball_pos": [
        12.533352851867676,
        6.212512969970703
      ],
      "reward_shaping": null,
      "score": null,
      "step": 8,
      "team0_centroid": [
        -2.0257186889648438,
        1.6782532334327698
      ],
      "team0_step_reward": 0.0,
      "team1_centroid": [
        2.022973597049713,
        0.9262017756700516
      ],
      "team1_step_reward": 0.0,
      "winner": null
    },
    {
      "ball_pos": [
        12.998612403869629,
        6.387146949768066
      ],
      "reward_shaping": null,
      "score": null,
      "step": 9,
      "team0_centroid": [
        -2.0479981899261475,
        1.69086492061615
      ],
      "team0_step_reward": 0.0,
      "team1_centroid": [
        2.1928493678569794,
        1.0203025788068771
      ],
      "team1_step_reward": 0.0,
      "winner": null
    },
    {
      "ball_pos": [
        12.071844100952148,
        5.767100811004639
      ],
      "reward_shaping": null,
      "score": null,
      "step": 10,
      "team0_centroid": [
        -2.0671694576740265,
        1.7258061170578003
      ],
      "team0_step_reward": 0.0,
      "team1_centroid": [
        2.5581140518188477,
        1.0345165207982063
      ],
      "team1_step_reward": 0.0,
      "winner": null
    },
    {
      "ball_pos": [
        11.275074005126953,
        5.233590126037598
      ],
      "reward_shaping": null,
      "score": null,
      "step": 11,
      "team0_centroid": [
        -1.8395658731460571,
        1.8060938119888306
      ],
      "team0_step_reward": 0.0,
      "team1_centroid": [
        2.9674097299575806,
        1.1024820357561111
      ],
      "team1_step_reward": 0.0,
      "winner": null
    },
    {
      "ball_pos": [
        10.595599174499512,
        4.778616905212402
      ],
      "reward_shaping": null,
      "score": null,
      "step": 12,
      "team0_centroid": [
        -1.5018550753593445,
        1.8176889419555664
      ],
      "team0_step_reward": 0.0,
      "team1_centroid": [
        3.5075782537460327,
        1.163468450307846
      ],
      "team1_step_reward": 0.0,
      "winner": null
    },
    {
      "ball_pos": [
        10.022149085998535,
        4.394637107849121
      ],
      "reward_shaping": null,
      "score": null,
      "step": 13,
      "team0_centroid": [
        -1.0019416809082031,
        1.8578162789344788
      ],
      "team0_step_reward": 0.0,
      "team1_centroid": [
        4.036405086517334,
        1.1161416172981262
      ],
      "team1_step_reward": 0.0,
      "winner": null
    },
    {
      "ball_pos": [
        9.544537544250488,
        4.074830055236816
      ],
      "reward_shaping": null,
      "score": null,
      "step": 14,
      "team0_centroid": [
        0.003198862075805664,
        2.013433039188385
      ],
      "team0_step_reward": 0.0,