{
  "classification": {
    "labels": [
      "unclear_loss"
    ],
    "primary_label": "unclear_loss"
  },
  "cumulative_team0_reward": -2.0,
  "cumulative_team1_reward": 1.923200011253357,
  "episode_index": 455,
  "final_score": null,
  "final_team0_step_reward": -2.0,
  "final_team1_step_reward": 1.923200011253357,
  "final_winner": null,
  "metrics": {
    "mean_ball_x": 8.41871550755623,
    "tail_mean_ball_x": 10.445207770665487,
    "team0_possession_ratio": null,
    "team0_progress_toward_goal": 0.0,
    "team0_shaping_reward_sum": 0.0,
    "team1_possession_ratio": null,
    "team1_progress_toward_goal": 0.0,
    "team1_shaping_reward_sum": 0.0
  },
  "outcome": "team1_win",
  "sampled_trace": [
    {
      "ball_pos": [
        0.7928508520126343,
        1.5700793266296387
      ],
      "reward_shaping": null,
      "score": null,
      "step": 0,
      "team0_centroid": [
        10.619472026824951,
        0.10850197076797485
      ],
      "team0_step_reward": 0.0,
      "team1_centroid": [
        -8.219653606414795,
        -0.0005327463150024414
      ],
      "team1_step_reward": 0.0,
      "winner": null
    },
    {
      "ball_pos": [
        7.664526462554932,
        4.706432819366455
      ],
      "reward_shaping": null,
      "score": null,
      "step": 10,
      "team0_centroid": [
        2.330500364303589,
        0.696142315864563
      ],
      "team0_step_reward": 0.0,
      "team1_centroid": [
        -2.675426721572876,
        2.495968520641327
      ],
      "team1_step_reward": 0.0,
      "winner": null
    },
    {
      "ball_pos": [
        9.991595268249512,
        -2.445228338241577
      ],
      "reward_shaping": null,
      "score": null,
      "step": 20,
      "team0_centroid": [
        -3.386547088623047,
        -2.146561026573181
      ],
      "team0_step_reward": 0.0,
      "team1_centroid": [
        -0.6401932239532471,
        0.7998332232236862
      ],
      "team1_step_reward": 0.0,
      "winner": null
    },
    {
      "ball_pos": [
        10.435956001281738,
        -5.621981620788574
      ],
      "reward_shaping": null,
      "score": null,
      "step": 30,
      "team0_centroid": [
        -4.012376844882965,
        -2.0740951895713806
      ],
      "team0_step_reward": 0.0,
      "team1_centroid": [
        0.34862852096557617,
        -5.153118371963501
      ],
      "team1_step_reward": 0.0,
      "winner": null
    }
  ],
  "steps": 39,
  "tail_trace": [
    {
      "ball_pos": [
        6.419408798217773,
        1.7868711948394775
      ],
      "reward_shaping": null,
      "score": null,
      "step": 9,
      "team0_centroid": [
        2.9360915422439575,
        0.649990763515234
      ],
      "team0_step_reward": 0.0,
      "team1_centroid": [
        -3.2976062297821045,
        2.196852207183838
      ],
      "team1_step_reward": 0.0,
      "winner": null
    },
    {
      "ball_pos": [
        7.664526462554932,
        4.706432819366455
      ],
      "reward_shaping": null,
      "score": null,
      "step": 10,
      "team0_centroid": [
        2.330500364303589,
        0.696142315864563
      ],
      "team0_step_reward": 0.0,
      "team1_centroid": [
        -2.675426721572876,
        2.495968520641327
      ],
      "team1_step_reward": 0.0,
      "winner": null
    },
    {
      "ball_pos": [
        8.771086692810059,
        7.300253868103027
      ],
      "reward_shaping": null,
      "score": null,
      "step": 11,
      "team0_centroid": [
        2.02702260017395,
        0.700629249215126
      ],
      "team0_step_reward": 0.0,
      "team1_centroid": [
        -1.9880726337432861,
        2.770871639251709
      ],
      "team1_step_reward": 0.0,
      "winner": null
    },
    {
      "ball_pos": [
        8.946271896362305,
        5.475064277648926
      ],
      "reward_shaping": null,
      "score": null,
      "step": 12,
      "team0_centroid": [
        1.5442125797271729,
        0.5763111114501953
      ],
      "team0_step_reward": 0.0,
      "team1_centroid": [
        -1.3316504955291748,
        2.984903573989868
      ],
      "team1_step_reward": 0.0,
      "winner": null
    },
    {
      "ball_pos": [
        9.131575584411621,
        3.90852689743042
      ],
      "reward_shaping": null,
      "score": null,
      "step": 13,
      "team0_centroid": [
        0.801242470741272,
        0.324701476842165
      ],
      "team0_step_reward": 0.0,
      "team1_centroid": [
        -0.426220178604126,
        3.397007942199707
      ],
      "team1_step_reward": 0.0,
      "winner": null
    },
    {
      "ball_pos": [
        9.30321216583252,
        2.5431694984436035
      ],
      "reward_shaping": null,
      "score": null,
      "step": 14,
      "team0_centroid": [
        0.10164010524749756,
        0.15520638227462769
      ],
      "team0_step_reward": 0.0,
      "team1_centroid": [
        0.563269853591919,
        3.7613409757614136
      ],
      "team1_step_reward": 0.0,
      "winner": null
    },
    {
      "ball_pos": [
        9.460539817810059,
        1.35922372341156
      ],
      "reward_shaping": null,
      "score": null,
      "step": 15,
      "team0_centroid": [
        -0.37739551067352295,
        -0.06549426913261414
      ],
      "team0_step_reward": 0.0,
      "team1_centroid": [
        1.31142258644104,
        3.9370973110198975
      ],
      "team1_step_reward": 0.0,
      "winner": null
    },
    {
      "ball_pos": [
        9.602197647094727,
        0.3386076092720032
      ],
      "reward_shaping": null,
      "score": null,
      "step": 16,
      "team0_centroid": [
        -0.9612247943878174,
        -0.45038431882858276
      ],
      "team0_step_reward": 0.0,
      "team1_centroid": [
        1.4634110927581787,
        3.7041109800338745
      ],
      "team1_step_reward": 0.0,
      "winner": null
    },
    {
      "ball_pos": [
        9.7244291305542,
        -0.5352509021759033
      ],
      "reward_shaping": null,
      "score": null,
      "step": 17,
      "team0_centroid": [
        -1.7924554944038391,
        -0.9763134866952896
      ],
      "team0_step_reward": 0.0,
      "team1_centroid": [
        1.000706434249878,
        2.991238534450531
      ],
      "team1_step_reward": 0.0,
      "winner": null
    },
    {
      "ball_pos": [
        9.828126907348633,
        -1.2765908241271973
      ],
      "reward_shaping": null,
      "score": null,
      "step": 18,
      "team0_centroid": [
        -2.5377376973629,
        -1.357754535973072
      ],
      "team0_step_reward": 0.0,
      "team1_centroid": [
        0.2997136116027832,
        2.0970711410045624
      ],
      "team1_step_reward": 0.0,
      "winner": null
    },
    {
      "ball_pos": [
        9.915178298950195,
        -1.8989211320877075
      ],
      "reward_shaping": null,
      "score": null,
      "step": 19,
      "team0_centroid": [
        -3.044097661972046,
        -1.7265747487545013
      ],
      "team0_step_reward": 0.0,
      "team1_centroid": [
        -0.2755446434020996,
        1.3702083975076675
      ],
      "team1_step_reward": 0.0,
      "winner": null
    },
    {
      "ball_pos": [
        9.991595268249512,
        -2.445228338241577
      ],
      "reward_shaping": null,
      "score": null,
      "step": 20,
      "team0_centroid": [
        -3.386547088623047,
        -2.146561026573181
      ],
      "team0_step_reward": 0.0,
      "team1_centroid": [
        -0.6401932239532471,
        0.7998332232236862
      ],
      "team1_step_reward": 0.0,
      "winner": null
    },
    {
      "ball_pos": [
        10.060636520385742,
        -2.938795566558838
      ],
      "reward_shaping": null,
      "score": null,
      "step": 21,
      "team0_centroid": [
        -3.614496946334839,
        -2.40282940864563
      ],
      "team0_step_reward": 0.0,
      "team1_centroid": [
        -0.7856173515319824,
        0.26069211959838867
      ],