{
  "classification": {
    "labels": [
      "unclear_loss"
    ],
    "primary_label": "unclear_loss"
  },
  "cumulative_team0_reward": -2.0,
  "cumulative_team1_reward": 1.9564000368118286,
  "episode_index": 29,
  "final_score": null,
  "final_team0_step_reward": -2.0,
  "final_team1_step_reward": 1.9564000368118286,
  "final_winner": null,
  "metrics": {
    "mean_ball_x": 9.813508835705845,
    "tail_mean_ball_x": 9.813508835705845,
    "team0_possession_ratio": null,
    "team0_progress_toward_goal": 0.0,
    "team0_shaping_reward_sum": 0.0,
    "team1_possession_ratio": null,
    "team1_progress_toward_goal": 0.0,
    "team1_shaping_reward_sum": 0.0
  },
  "outcome": "team1_win",
  "sampled_trace": [
    {
      "ball_pos": [
        0.6016466617584229,
        -2.445040702819824
      ],
      "reward_shaping": null,
      "score": null,
      "step": 0,
      "team0_centroid": [
        8.625333309173584,
        -0.03691601753234863
      ],
      "team0_step_reward": 0.0,
      "team1_centroid": [
        -3.354189395904541,
        -0.10709214210510254
      ],
      "team1_step_reward": 0.0,
      "winner": null
    },
    {
      "ball_pos": [
        11.334020614624023,
        -0.06782543659210205
      ],
      "reward_shaping": null,
      "score": null,
      "step": 10,
      "team0_centroid": [
        1.9979405403137207,
        -3.502712845802307
      ],
      "team0_step_reward": 0.0,
      "team1_centroid": [
        -0.6319376230239868,
        -3.4867990016937256
      ],
      "team1_step_reward": 0.0,
      "winner": null
    },
    {
      "ball_pos": [
        14.826234817504883,
        3.800304651260376
      ],
      "reward_shaping": null,
      "score": null,
      "step": 20,
      "team0_centroid": [
        2.8659307956695557,
        -5.347217321395874
      ],
      "team0_step_reward": 0.0,
      "team1_centroid": [
        1.8500438928604126,
        -1.4062387943267822
      ],
      "team1_step_reward": 0.0,
      "winner": null
    }
  ],
  "steps": 22,
  "tail_trace": [
    {
      "ball_pos": [
        0.6016466617584229,
        -2.445040702819824
      ],
      "reward_shaping": null,
      "score": null,
      "step": 0,
      "team0_centroid": [
        8.625333309173584,
        -0.03691601753234863
      ],
      "team0_step_reward": 0.0,
      "team1_centroid": [
        -3.354189395904541,
        -0.10709214210510254
      ],
      "team1_step_reward": 0.0,
      "winner": null
    },
    {
      "ball_pos": [
        0.6016466617584229,
        -2.445040702819824
      ],
      "reward_shaping": null,
      "score": null,
      "step": 1,
      "team0_centroid": [
        8.040470361709595,
        -0.176642507314682
      ],
      "team0_step_reward": 0.0,
      "team1_centroid": [
        -2.7986456155776978,
        -0.36832675337791443
      ],
      "team1_step_reward": 0.0,
      "winner": null
    },
    {
      "ball_pos": [
        0.6016466617584229,
        -2.445040702819824
      ],
      "reward_shaping": null,
      "score": null,
      "step": 2,
      "team0_centroid": [
        7.2257349491119385,
        -0.4621545374393463
      ],
      "team0_step_reward": 0.0,
      "team1_centroid": [
        -2.017175868153572,
        -0.7909105122089386
      ],
      "team1_step_reward": 0.0,
      "winner": null
    },
    {
      "ball_pos": [
        2.987600564956665,
        -4.6858038902282715
      ],
      "reward_shaping": null,
      "score": null,
      "step": 3,
      "team0_centroid": [
        6.273675441741943,
        -0.9085248708724976
      ],
      "team0_step_reward": 0.0,
      "team1_centroid": [
        -1.391674280166626,
        -1.1387246027588844
      ],
      "team1_step_reward": 0.0,
      "winner": null
    },
    {
      "ball_pos": [
        5.145682334899902,
        -6.907200336456299
      ],
      "reward_shaping": null,
      "score": null,
      "step": 4,
      "team0_centroid": [
        4.976231694221497,
        -1.5062049627304077
      ],
      "team0_step_reward": 0.0,
      "team1_centroid": [
        -0.978935182094574,
        -1.3800725787878036
      ],
      "team1_step_reward": 0.0,
      "winner": null
    },
    {
      "ball_pos": [
        6.563869953155518,
        -5.351478099822998
      ],
      "reward_shaping": null,
      "score": null,
      "step": 5,
      "team0_centroid": [
        3.733399361371994,
        -1.9673856496810913
      ],
      "team0_step_reward": 0.0,
      "team1_centroid": [
        -0.8617005348205566,
        -1.7294061332941055
      ],
      "team1_step_reward": 0.0,
      "winner": null
    },
    {
      "ball_pos": [
        7.7919769287109375,
        -3.991151809692383
      ],
      "reward_shaping": null,
      "score": null,
      "step": 6,
      "team0_centroid": [
        2.656331419944763,
        -2.368108630180359
      ],
      "team0_step_reward": 0.0,
      "team1_centroid": [
        -0.7347745895385742,
        -2.0931752175092697
      ],
      "team1_step_reward": 0.0,
      "winner": null
    },
    {
      "ball_pos": [
        8.869239807128906,
        -2.797926187515259
      ],
      "reward_shaping": null,
      "score": null,
      "step": 7,
      "team0_centroid": [
        1.9064918756484985,
        -2.793983578681946
      ],
      "team0_step_reward": 0.0,
      "team1_centroid": [
        -0.6275665760040283,
        -2.5652426332235336
      ],
      "team1_step_reward": 0.0,
      "winner": null
    },
    {
      "ball_pos": [
        9.810142517089844,
        -1.7557387351989746
      ],
      "reward_shaping": null,
      "score": null,
      "step": 8,
      "team0_centroid": [
        1.5742957592010498,
        -3.0842775106430054
      ],
      "team0_step_reward": 0.0,
      "team1_centroid": [
        -0.5884554386138916,
        -2.978128284215927
      ],
      "team1_step_reward": 0.0,
      "winner": null
    },
    {
      "ball_pos": [
        10.627789497375488,
        -0.8500775098800659
      ],
      "reward_shaping": null,
      "score": null,
      "step": 9,
      "team0_centroid": [
        1.7408790588378906,
        -3.363365650177002
      ],
      "team0_step_reward": 0.0,
      "team1_centroid": [
        -0.6215450763702393,
        -3.276080936193466
      ],
      "team1_step_reward": 0.0,
      "winner": null
    },
    {
      "ball_pos": [
        11.334020614624023,
        -0.06782543659210205
      ],
      "reward_shaping": null,
      "score": null,
      "step": 10,
      "team0_centroid": [
        1.9979405403137207,
        -3.502712845802307
      ],
      "team0_step_reward": 0.0,
      "team1_centroid": [
        -0.6319376230239868,
        -3.4867990016937256
      ],
      "team1_step_reward": 0.0,
      "winner": null
    },
    {
      "ball_pos": [
        11.939539909362793,
        0.6028746366500854
      ],
      "reward_shaping": null,
      "score": null,
      "step": 11,
      "team0_centroid": [
        2.4488091468811035,
        -3.6144375801086426
      ],
      "team0_step_reward": 0.0,
      "team1_centroid": [
        -0.6086879968643188,
        -3.6178579330444336
      ],
      "team1_step_reward": 0.0,
      "winner": null
    },
    {
      "ball_pos": [
        12.454024314880371,
        1.1727405786514282
      ],
      "reward_shaping": null,
      "score": null,
      "step": 12,
      "team0_centroid": [
        2.884312868118286,
        -3.6054214239120483
      ],
      "team0_step_reward": 0.0,
      "team1_centroid": [
        -0.5794086456298828,
        -3.5575552880764008
      ],
      "team1_step_reward": 0.0,
      "winner": null
    },
    {
      "ball_pos": [
        12.886507034301758,
        1.6517771482467651
      ],
      "reward_shaping": null,
      "score": null,
      "step": 13,
      "team0_centroid": [
        2.937206268310547,
        -3.6415985822677612
      ],
      "team0_step_reward": 0.0,