{
  "classification": {
    "labels": [
      "win"
    ],
    "primary_label": "win"
  },
  "cumulative_team0_reward": 1.9423999786376953,
  "cumulative_team1_reward": -2.0,
  "episode_index": 75,
  "final_score": null,
  "final_team0_step_reward": 1.9423999786376953,
  "final_team1_step_reward": -2.0,
  "final_winner": null,
  "metrics": {
    "mean_ball_x": -7.215819663014905,
    "tail_mean_ball_x": -7.215819663014905,
    "team0_possession_ratio": null,
    "team0_progress_toward_goal": 0.0,
    "team0_shaping_reward_sum": 0.0,
    "team1_possession_ratio": null,
    "team1_progress_toward_goal": 0.0,
    "team1_shaping_reward_sum": 0.0
  },
  "outcome": "team0_win",
  "sampled_trace": [
    {
      "ball_pos": [
        -1.424793004989624,
        0.7441903352737427
      ],
      "reward_shaping": null,
      "score": null,
      "step": 0,
      "team0_centroid": [
        6.249227523803711,
        0.0690610408782959
      ],
      "team0_step_reward": 0.0,
      "team1_centroid": [
        -10.537420749664307,
        -0.045316338539123535
      ],
      "team1_step_reward": 0.0,
      "winner": null
    },
    {
      "ball_pos": [
        -5.379797458648682,
        2.173165798187256
      ],
      "reward_shaping": null,
      "score": null,
      "step": 10,
      "team0_centroid": [
        -1.17439503967762,
        2.331722140312195
      ],
      "team0_step_reward": 0.0,
      "team1_centroid": [
        -0.3940587043762207,
        -0.6440097540616989
      ],
      "team1_step_reward": 0.0,
      "winner": null
    },
    {
      "ball_pos": [
        -10.402910232543945,
        2.874876022338867
      ],
      "reward_shaping": null,
      "score": null,
      "step": 20,
      "team0_centroid": [
        -6.182972431182861,
        1.2873682081699371
      ],
      "team0_step_reward": 0.0,
      "team1_centroid": [
        1.2795131206512451,
        0.5839927792549133
      ],
      "team1_step_reward": 0.0,
      "winner": null
    }
  ],
  "steps": 29,
  "tail_trace": [
    {
      "ball_pos": [
        -1.424793004989624,
        0.7441903352737427
      ],
      "reward_shaping": null,
      "score": null,
      "step": 0,
      "team0_centroid": [
        6.249227523803711,
        0.0690610408782959
      ],
      "team0_step_reward": 0.0,
      "team1_centroid": [
        -10.537420749664307,
        -0.045316338539123535
      ],
      "team1_step_reward": 0.0,
      "winner": null
    },
    {
      "ball_pos": [
        -1.424793004989624,
        0.7441905736923218
      ],
      "reward_shaping": null,
      "score": null,
      "step": 1,
      "team0_centroid": [
        6.001789212226868,
        0.2015419602394104
      ],
      "team0_step_reward": 0.0,
      "team1_centroid": [
        -9.964833974838257,
        -0.10143852233886719
      ],
      "team1_step_reward": 0.0,
      "winner": null
    },
    {
      "ball_pos": [
        -1.424793004989624,
        0.7441908717155457
      ],
      "reward_shaping": null,
      "score": null,
      "step": 2,
      "team0_centroid": [
        5.440350532531738,
        0.4508804380893707
      ],
      "team0_step_reward": 0.0,
      "team1_centroid": [
        -9.395922899246216,
        -0.1314806342124939
      ],
      "team1_step_reward": 0.0,
      "winner": null
    },
    {
      "ball_pos": [
        -1.424793004989624,
        0.7441911101341248
      ],
      "reward_shaping": null,
      "score": null,
      "step": 3,
      "team0_centroid": [
        4.921540141105652,
        0.7830355763435364
      ],
      "team0_step_reward": 0.0,
      "team1_centroid": [
        -8.479938983917236,
        -0.20989248156547546
      ],
      "team1_step_reward": 0.0,
      "winner": null
    },
    {
      "ball_pos": [
        -1.424793004989624,
        0.7441914081573486
      ],
      "reward_shaping": null,
      "score": null,
      "step": 4,
      "team0_centroid": [
        4.056248486042023,
        1.0682082250714302
      ],
      "team0_step_reward": 0.0,
      "team1_centroid": [
        -7.009500503540039,
        -0.35580623149871826
      ],
      "team1_step_reward": 0.0,
      "winner": null
    },
    {
      "ball_pos": [
        -1.424793004989624,
        0.7441917061805725
      ],
      "reward_shaping": null,
      "score": null,
      "step": 5,
      "team0_centroid": [
        2.6261686235666275,
        1.3124588429927826
      ],
      "team0_step_reward": 0.0,
      "team1_centroid": [
        -5.375340104103088,
        -0.440584272146225
      ],
      "team1_step_reward": 0.0,
      "winner": null
    },
    {
      "ball_pos": [
        -1.2216886281967163,
        1.3602311611175537
      ],
      "reward_shaping": null,
      "score": null,
      "step": 6,
      "team0_centroid": [
        2.303093370050192,
        1.6379947066307068
      ],
      "team0_step_reward": 0.0,
      "team1_centroid": [
        -4.553019165992737,
        -0.7009277492761612
      ],
      "team1_step_reward": 0.0,
      "winner": null
    },
    {
      "ball_pos": [
        -1.8109349012374878,
        1.697390079498291
      ],
      "reward_shaping": null,
      "score": null,
      "step": 7,
      "team0_centroid": [
        1.8752810657024384,
        1.9573724269866943
      ],
      "team0_step_reward": 0.0,
      "team1_centroid": [
        -3.694019913673401,
        -0.9188061505556107
      ],
      "team1_step_reward": 0.0,
      "winner": null
    },
    {
      "ball_pos": [
        -3.1757025718688965,
        1.8712939023971558
      ],
      "reward_shaping": null,
      "score": null,
      "step": 8,
      "team0_centroid": [
        1.0145046710968018,
        2.132880926132202
      ],
      "team0_step_reward": 0.0,
      "team1_centroid": [
        -2.6321921348571777,
        -0.9633862972259521
      ],
      "team1_step_reward": 0.0,
      "winner": null
    },
    {
      "ball_pos": [
        -4.359253883361816,
        2.0308148860931396
      ],
      "reward_shaping": null,
      "score": null,
      "step": 9,
      "team0_centroid": [
        -0.014183223247528076,
        2.2454497814178467
      ],
      "team0_step_reward": 0.0,
      "team1_centroid": [
        -1.4347057491540909,
        -0.8865429628640413
      ],
      "team1_step_reward": 0.0,
      "winner": null
    },
    {
      "ball_pos": [
        -5.379797458648682,
        2.173165798187256
      ],
      "reward_shaping": null,
      "score": null,
      "step": 10,
      "team0_centroid": [
        -1.17439503967762,
        2.331722140312195
      ],
      "team0_step_reward": 0.0,
      "team1_centroid": [
        -0.3940587043762207,
        -0.6440097540616989
      ],
      "team1_step_reward": 0.0,
      "winner": null
    },
    {
      "ball_pos": [
        -6.253702163696289,
        2.2952463626861572
      ],
      "reward_shaping": null,
      "score": null,
      "step": 11,
      "team0_centroid": [
        -2.166070580482483,
        2.374557137489319
      ],
      "team0_step_reward": 0.0,
      "team1_centroid": [
        0.3621600866317749,
        -0.3873699903488159
      ],
      "team1_step_reward": 0.0,
      "winner": null
    },
    {
      "ball_pos": [
        -6.995082378387451,
        2.3988146781921387
      ],
      "reward_shaping": null,
      "score": null,
      "step": 12,
      "team0_centroid": [
        -2.9066829681396484,
        2.385245978832245
      ],
      "team0_step_reward": 0.0,
      "team1_centroid": [
        0.9073888063430786,
        -0.36734068393707275
      ],
      "team1_step_reward": 0.0,
      "winner": null
    },
    {
      "ball_pos": [
        -7.616671562194824,
        2.4856483936309814
      ],
      "reward_shaping": null,
      "score": null,
      "step": 13,
      "team0_centroid": [
        -3.6229758262634277,
        2.339890778064728
      ],
      "team0_step_reward": 0.0,