{
  "classification": {
    "labels": [
      "late_defensive_collapse",
      "territory_loss"
    ],
    "primary_label": "late_defensive_collapse"
  },
  "cumulative_team0_reward": -2.0,
  "cumulative_team1_reward": 1.972000002861023,
  "episode_index": 88,
  "final_score": null,
  "final_team0_step_reward": -2.0,
  "final_team1_step_reward": 1.972000002861023,
  "final_winner": null,
  "metrics": {
    "mean_ball_x": -3.928858176672033,
    "tail_mean_ball_x": -3.928858176672033,
    "team0_possession_ratio": null,
    "team0_progress_toward_goal": 0.0,
    "team0_shaping_reward_sum": 0.0,
    "team1_possession_ratio": null,
    "team1_progress_toward_goal": 0.0,
    "team1_shaping_reward_sum": 0.0
  },
  "outcome": "team1_win",
  "sampled_trace": [
    {
      "ball_pos": [
        0.04845224320888519,
        -1.564929485321045
      ],
      "reward_shaping": null,
      "score": null,
      "step": 0,
      "team0_centroid": [
        -10.605019092559814,
        0.009525001049041748
      ],
      "team0_step_reward": 0.0,
      "team1_centroid": [
        9.512701034545898,
        -0.10155713558197021
      ],
      "team1_step_reward": 0.0,
      "winner": null
    },
    {
      "ball_pos": [
        -8.351816177368164,
        -0.48167505860328674
      ],
      "reward_shaping": null,
      "score": null,
      "step": 10,
      "team0_centroid": [
        -6.277698665857315,
        0.6542960405349731
      ],
      "team0_step_reward": 0.0,
      "team1_centroid": [
        4.603795409202576,
        -2.1390103101730347
      ],
      "team1_step_reward": 0.0,
      "winner": null
    }
  ],
  "steps": 14,
  "tail_trace": [
    {
      "ball_pos": [
        0.04845224320888519,
        -1.564929485321045
      ],
      "reward_shaping": null,
      "score": null,
      "step": 0,
      "team0_centroid": [
        -10.605019092559814,
        0.009525001049041748
      ],
      "team0_step_reward": 0.0,
      "team1_centroid": [
        9.512701034545898,
        -0.10155713558197021
      ],
      "team1_step_reward": 0.0,
      "winner": null
    },
    {
      "ball_pos": [
        0.04845205321907997,
        -1.564929485321045
      ],
      "reward_shaping": null,
      "score": null,
      "step": 1,
      "team0_centroid": [
        -10.007315635681152,
        0.11229079961776733
      ],
      "team0_step_reward": 0.0,
      "team1_centroid": [
        9.194800853729248,
        -0.3078474998474121
      ],
      "team1_step_reward": 0.0,
      "winner": null
    },
    {
      "ball_pos": [
        0.04845191910862923,
        -1.564929485321045
      ],
      "reward_shaping": null,
      "score": null,
      "step": 2,
      "team0_centroid": [
        -9.171085834503174,
        0.3077988028526306
      ],
      "team0_step_reward": 0.0,
      "team1_centroid": [
        8.993699789047241,
        -0.4815417230129242
      ],
      "team1_step_reward": 0.0,
      "winner": null
    },
    {
      "ball_pos": [
        0.048451896756887436,
        -1.564929485321045
      ],
      "reward_shaping": null,
      "score": null,
      "step": 3,
      "team0_centroid": [
        -8.183024168014526,
        0.5131887346506119
      ],
      "team0_step_reward": 0.0,
      "team1_centroid": [
        8.86508321762085,
        -0.6647413074970245
      ],
      "team1_step_reward": 0.0,
      "winner": null
    },
    {
      "ball_pos": [
        0.048451896756887436,
        -1.564929485321045
      ],
      "reward_shaping": null,
      "score": null,
      "step": 4,
      "team0_centroid": [
        -7.098307251930237,
        0.8656281903386116
      ],
      "team0_step_reward": 0.0,
      "team1_centroid": [
        8.520444393157959,
        -0.7744150757789612
      ],
      "team1_step_reward": 0.0,
      "winner": null
    },
    {
      "ball_pos": [
        0.048451896756887436,
        -1.564929485321045
      ],
      "reward_shaping": null,
      "score": null,
      "step": 5,
      "team0_centroid": [
        -6.143010258674622,
        1.2395659685134888
      ],
      "team0_step_reward": 0.0,
      "team1_centroid": [
        8.135687351226807,
        -0.9052594751119614
      ],
      "team1_step_reward": 0.0,
      "winner": null
    },
    {
      "ball_pos": [
        0.048451896756887436,
        -1.564929485321045
      ],
      "reward_shaping": null,
      "score": null,
      "step": 6,
      "team0_centroid": [
        -5.41031140089035,
        1.5144715011119843
      ],
      "team0_step_reward": 0.0,
      "team1_centroid": [
        7.61165177822113,
        -1.058625191450119
      ],
      "team1_step_reward": 0.0,
      "winner": null
    },
    {
      "ball_pos": [
        0.048451896756887436,
        -1.564929485321045
      ],
      "reward_shaping": null,
      "score": null,
      "step": 7,
      "team0_centroid": [
        -5.128407776355743,
        1.6538183689117432
      ],
      "team0_step_reward": 0.0,
      "team1_centroid": [
        6.8185975551605225,
        -1.2147399187088013
      ],
      "team1_step_reward": 0.0,
      "winner": null
    },
    {
      "ball_pos": [
        -1.3971590995788574,
        -1.501369595527649
      ],
      "reward_shaping": null,
      "score": null,
      "step": 8,
      "team0_centroid": [
        -5.2806302309036255,
        1.562737688422203
      ],
      "team0_step_reward": 0.0,
      "team1_centroid": [
        5.898132428526878,
        -1.4933550953865051
      ],
      "team1_step_reward": 0.0,
      "winner": null
    },
    {
      "ball_pos": [
        -5.075422763824463,
        -0.9618922472000122
      ],
      "reward_shaping": null,
      "score": null,
      "step": 9,
      "team0_centroid": [
        -5.674048840999603,
        1.1758228540420532
      ],
      "team0_step_reward": 0.0,
      "team1_centroid": [
        5.124848365783691,
        -1.788511872291565
      ],
      "team1_step_reward": 0.0,
      "winner": null
    },
    {
      "ball_pos": [
        -8.351816177368164,
        -0.48167505860328674
      ],
      "reward_shaping": null,
      "score": null,
      "step": 10,
      "team0_centroid": [
        -6.277698665857315,
        0.6542960405349731
      ],
      "team0_step_reward": 0.0,
      "team1_centroid": [
        4.603795409202576,
        -2.1390103101730347
      ],
      "team1_step_reward": 0.0,
      "winner": null
    },
    {
      "ball_pos": [
        -11.26490306854248,
        -0.05470941960811615
      ],
      "reward_shaping": null,
      "score": null,
      "step": 11,
      "team0_centroid": [
        -6.812136232852936,
        0.14089089632034302
      ],
      "team0_step_reward": 0.0,
      "team1_centroid": [
        4.203992962837219,
        -2.323075234889984
      ],
      "team1_step_reward": 0.0,
      "winner": null
    },
    {
      "ball_pos": [
        -13.849590301513672,
        0.32412320375442505
      ],
      "reward_shaping": null,
      "score": null,
      "step": 12,
      "team0_centroid": [
        -7.19591099023819,
        -0.18655407428741455
      ],
      "team0_step_reward": 0.0,
      "team1_centroid": [
        4.09432315826416,
        -2.266851246356964
      ],
      "team1_step_reward": 0.0,
      "winner": null
    },
    {
      "ball_pos": [
        -15.452738761901855,
        0.5727478861808777
      ],
      "reward_shaping": null,
      "score": null,
      "step": 13,
      "team0_centroid": [
        -7.454829931259155,
        -0.2362259030342102
      ],
      "team0_step_reward": -2.0,
      "team1_centroid": [
        3.928220748901367,
        -2.1604195833206177
      ],
      "team1_step_reward": 1.972000002861023,
      "winner": null
    }
  ],
  "team0_module": "ceia_baseline_agent",
  "team1_module": "ceia_baseline_agent"
}