{
  "classification": {
    "labels": [
      "win"
    ],
    "primary_label": "win"
  },
  "cumulative_team0_reward": 1.9780000448226929,
  "cumulative_team1_reward": -2.0,
  "episode_index": 442,
  "final_score": null,
  "final_team0_step_reward": 1.9780000448226929,
  "final_team1_step_reward": -2.0,
  "final_winner": null,
  "metrics": {
    "mean_ball_x": 5.293462016365745,
    "tail_mean_ball_x": 5.293462016365745,
    "team0_possession_ratio": null,
    "team0_progress_toward_goal": 0.0,
    "team0_shaping_reward_sum": 0.0,
    "team1_possession_ratio": null,
    "team1_progress_toward_goal": 0.0,
    "team1_shaping_reward_sum": 0.0
  },
  "outcome": "team0_win",
  "sampled_trace": [
    {
      "ball_pos": [
        2.4753355979919434,
        1.8917632102966309
      ],
      "reward_shaping": null,
      "score": null,
      "step": 0,
      "team0_centroid": [
        -9.298818588256836,
        0.0
      ],
      "team0_step_reward": 0.0,
      "team1_centroid": [
        12.338314533233643,
        -0.06804096698760986
      ],
      "team1_step_reward": 0.0,
      "winner": null
    },
    {
      "ball_pos": [
        16.731828689575195,
        0.7361830472946167
      ],
      "reward_shaping": null,
      "score": null,
      "step": 10,
      "team0_centroid": [
        -2.8728749752044678,
        3.0046549439430237
      ],
      "team0_step_reward": 1.9780000448226929,
      "team1_centroid": [
        7.1902806758880615,
        -0.9202554076910019
      ],
      "team1_step_reward": -2.0,
      "winner": null
    }
  ],
  "steps": 11,
  "tail_trace": [
    {
      "ball_pos": [
        2.4753355979919434,
        1.8917632102966309
      ],
      "reward_shaping": null,
      "score": null,
      "step": 0,
      "team0_centroid": [
        -9.298818588256836,
        0.0
      ],
      "team0_step_reward": 0.0,
      "team1_centroid": [
        12.338314533233643,
        -0.06804096698760986
      ],
      "team1_step_reward": 0.0,
      "winner": null
    },
    {
      "ball_pos": [
        2.4753355979919434,
        1.8917632102966309
      ],
      "reward_shaping": null,
      "score": null,
      "step": 1,
      "team0_centroid": [
        -9.048453330993652,
        0.10875868797302246
      ],
      "team0_step_reward": 0.0,
      "team1_centroid": [
        12.07934284210205,
        -0.2805764675140381
      ],
      "team1_step_reward": 0.0,
      "winner": null
    },
    {
      "ball_pos": [
        2.4753355979919434,
        1.8917632102966309
      ],
      "reward_shaping": null,
      "score": null,
      "step": 2,
      "team0_centroid": [
        -8.473034381866455,
        0.39062610268592834
      ],
      "team0_step_reward": 0.0,
      "team1_centroid": [
        11.733691692352295,
        -0.4337310791015625
      ],
      "team1_step_reward": 0.0,
      "winner": null
    },
    {
      "ball_pos": [
        2.4753355979919434,
        1.8917632102966309
      ],
      "reward_shaping": null,
      "score": null,
      "step": 3,
      "team0_centroid": [
        -7.921244859695435,
        0.7325038611888885
      ],
      "team0_step_reward": 0.0,
      "team1_centroid": [
        11.218233585357666,
        -0.4036392271518707
      ],
      "team1_step_reward": 0.0,
      "winner": null
    },
    {
      "ball_pos": [
        2.4753355979919434,
        1.8917632102966309
      ],
      "reward_shaping": null,
      "score": null,
      "step": 4,
      "team0_centroid": [
        -7.265566110610962,
        1.0747140794992447
      ],
      "team0_step_reward": 0.0,
      "team1_centroid": [
        10.684396743774414,
        -0.33240824192762375
      ],
      "team1_step_reward": 0.0,
      "winner": null
    },
    {
      "ball_pos": [
        2.4753355979919434,
        1.8917632102966309
      ],
      "reward_shaping": null,
      "score": null,
      "step": 5,
      "team0_centroid": [
        -6.36566698551178,
        1.394873023033142
      ],
      "team0_step_reward": 0.0,
      "team1_centroid": [
        10.035499095916748,
        -0.1959766075015068
      ],
      "team1_step_reward": 0.0,
      "winner": null
    },
    {
      "ball_pos": [
        2.4753355979919434,
        1.8917632102966309
      ],
      "reward_shaping": null,
      "score": null,
      "step": 6,
      "team0_centroid": [
        -5.547808766365051,
        1.7898738980293274
      ],
      "team0_step_reward": 0.0,
      "team1_centroid": [
        9.426153659820557,
        -0.2035373728722334
      ],
      "team1_step_reward": 0.0,
      "winner": null
    },
    {
      "ball_pos": [
        5.418375492095947,
        1.023268461227417
      ],
      "reward_shaping": null,
      "score": null,
      "step": 7,
      "team0_centroid": [
        -4.777913212776184,
        2.2332433462142944
      ],
      "team0_step_reward": 0.0,
      "team1_centroid": [
        8.760626792907715,
        -0.35722270607948303
      ],
      "team1_step_reward": 0.0,
      "winner": null
    },
    {
      "ball_pos": [
        6.259032726287842,
        1.8948614597320557
      ],
      "reward_shaping": null,
      "score": null,
      "step": 8,
      "team0_centroid": [
        -3.872182846069336,
        2.59186851978302
      ],
      "team0_step_reward": 0.0,
      "team1_centroid": [
        8.026755094528198,
        -0.5750284306704998
      ],
      "team1_step_reward": 0.0,
      "winner": null
    },
    {
      "ball_pos": [
        12.491496086120605,
        1.2051953077316284
      ],
      "reward_shaping": null,
      "score": null,
      "step": 9,
      "team0_centroid": [
        -3.265679121017456,
        2.9124159812927246
      ],
      "team0_step_reward": 0.0,
      "team1_centroid": [
        7.476500988006592,
        -0.7646371871232986
      ],
      "team1_step_reward": 0.0,
      "winner": null
    },
    {
      "ball_pos": [
        16.731828689575195,
        0.7361830472946167
      ],
      "reward_shaping": null,
      "score": null,
      "step": 10,
      "team0_centroid": [
        -2.8728749752044678,
        3.0046549439430237
      ],
      "team0_step_reward": 1.9780000448226929,
      "team1_centroid": [
        7.1902806758880615,
        -0.9202554076910019
      ],
      "team1_step_reward": -2.0,
      "winner": null
    }
  ],
  "team0_module": "ceia_baseline_agent",
  "team1_module": "ceia_baseline_agent"
}