{
  "classification": {
    "labels": [
      "late_defensive_collapse",
      "territory_loss"
    ],
    "primary_label": "late_defensive_collapse"
  },
  "cumulative_team0_reward": -2.0,
  "cumulative_team1_reward": 1.7971999645233154,
  "episode_index": 252,
  "final_score": null,
  "final_team0_step_reward": -2.0,
  "final_team1_step_reward": 1.7971999645233154,
  "final_winner": null,
  "metrics": {
    "mean_ball_x": -11.81764626269247,
    "tail_mean_ball_x": -12.788024679819744,
    "team0_possession_ratio": null,
    "team0_progress_toward_goal": 0.0,
    "team0_shaping_reward_sum": 0.0,
    "team1_possession_ratio": null,
    "team1_progress_toward_goal": 0.0,
    "team1_shaping_reward_sum": 0.0
  },
  "outcome": "team1_win",
  "sampled_trace": [
    {
      "ball_pos": [
        -0.9705712795257568,
        -2.1789937019348145
      ],
      "reward_shaping": null,
      "score": null,
      "step": 0,
      "team0_centroid": [
        -7.006335616111755,
        -0.09320175647735596
      ],
      "team0_step_reward": 0.0,
      "team1_centroid": [
        8.873229503631592,
        -0.0933300256729126
      ],
      "team1_step_reward": 0.0,
      "winner": null
    },
    {
      "ball_pos": [
        -8.187694549560547,
        -4.84589958190918
      ],
      "reward_shaping": null,
      "score": null,
      "step": 10,
      "team0_centroid": [
        -7.38444185256958,
        -3.082315683364868
      ],
      "team0_step_reward": 0.0,
      "team1_centroid": [
        -1.2272841930389404,
        -2.432697966694832
      ],
      "team1_step_reward": 0.0,
      "winner": null
    },
    {
      "ball_pos": [
        -13.64022159576416,
        -5.281189441680908
      ],
      "reward_shaping": null,
      "score": null,
      "step": 20,
      "team0_centroid": [
        -11.178226232528687,
        -2.5449182093143463
      ],
      "team0_step_reward": 0.0,
      "team1_centroid": [
        -6.4023042023181915,
        -3.7579490542411804
      ],
      "team1_step_reward": 0.0,
      "winner": null
    },
    {
      "ball_pos": [
        -10.900347709655762,
        -0.428518146276474
      ],
      "reward_shaping": null,
      "score": null,
      "step": 30,
      "team0_centroid": [
        -10.129406452178955,
        -1.5496764183044434
      ],
      "team0_step_reward": 0.0,
      "team1_centroid": [
        -1.1913788318634033,
        -0.07959562540054321
      ],
      "team1_step_reward": 0.0,
      "winner": null
    },
    {
      "ball_pos": [
        -14.585016250610352,
        4.192004680633545
      ],
      "reward_shaping": null,
      "score": null,
      "step": 40,
      "team0_centroid": [
        -8.943196058273315,
        0.6521142423152924
      ],
      "team0_step_reward": 0.0,
      "team1_centroid": [
        -0.8096656799316406,
        3.428406000137329
      ],
      "team1_step_reward": 0.0,
      "winner": null
    },
    {
      "ball_pos": [
        -13.251166343688965,
        -2.913116931915283
      ],
      "reward_shaping": null,
      "score": null,
      "step": 50,
      "team0_centroid": [
        -11.744073867797852,
        0.9557962417602539
      ],
      "team0_step_reward": 0.0,
      "team1_centroid": [
        -0.7887668609619141,
        3.045129418373108
      ],
      "team1_step_reward": 0.0,
      "winner": null
    },
    {
      "ball_pos": [
        -12.423929214477539,
        -6.579847812652588
      ],
      "reward_shaping": null,
      "score": null,
      "step": 60,
      "team0_centroid": [
        -10.188532829284668,
        3.8427992165088654
      ],
      "team0_step_reward": 0.0,
      "team1_centroid": [
        -0.07973814010620117,
        2.240338981151581
      ],
      "team1_step_reward": 0.0,
      "winner": null
    },
    {
      "ball_pos": [
        -12.065741539001465,
        -6.880692481994629
      ],
      "reward_shaping": null,
      "score": null,
      "step": 70,
      "team0_centroid": [
        -8.746407985687256,
        2.5619640946388245
      ],
      "team0_step_reward": 0.0,
      "team1_centroid": [
        3.308194637298584,
        1.9868177473545074
      ],
      "team1_step_reward": 0.0,
      "winner": null
    },
    {
      "ball_pos": [
        -11.942596435546875,
        -6.8773908615112305
      ],
      "reward_shaping": null,
      "score": null,
      "step": 80,
      "team0_centroid": [
        -10.832993984222412,
        -0.05713963508605957
      ],
      "team0_step_reward": 0.0,
      "team1_centroid": [
        2.619500160217285,
        -2.1342596411705017
      ],
      "team1_step_reward": 0.0,
      "winner": null
    },
    {
      "ball_pos": [
        -13.916746139526367,
        3.4049057960510254
      ],
      "reward_shaping": null,
      "score": null,
      "step": 90,
      "team0_centroid": [
        -10.318214893341064,
        1.3544647693634033
      ],
      "team0_step_reward": 0.0,
      "team1_centroid": [
        3.414541244506836,
        0.33487917482852936
      ],
      "team1_step_reward": 0.0,
      "winner": null
    },
    {
      "ball_pos": [
        -15.378438949584961,
        2.8173158168792725
      ],
      "reward_shaping": null,
      "score": null,
      "step": 100,
      "team0_centroid": [
        -12.269680500030518,
        0.0882863998413086
      ],
      "team0_step_reward": 0.0,
      "team1_centroid": [
        2.241391181945801,
        3.256499081850052
      ],
      "team1_step_reward": 0.0,
      "winner": null
    }
  ],
  "steps": 102,
  "tail_trace": [
    {
      "ball_pos": [
        -12.030313491821289,
        -6.879742622375488
      ],
      "reward_shaping": null,
      "score": null,
      "step": 72,
      "team0_centroid": [
        -8.73270297050476,
        1.9058438539505005
      ],
      "team0_step_reward": 0.0,
      "team1_centroid": [
        3.2483901977539062,
        1.5513259172439575
      ],
      "team1_step_reward": 0.0,
      "winner": null
    },
    {
      "ball_pos": [
        -12.015109062194824,
        -6.879334926605225
      ],
      "reward_shaping": null,
      "score": null,
      "step": 73,
      "team0_centroid": [
        -8.972100257873535,
        1.5473906993865967
      ],
      "team0_step_reward": 0.0,
      "team1_centroid": [
        3.0574092864990234,
        1.2121841311454773
      ],
      "team1_step_reward": 0.0,
      "winner": null
    },
    {
      "ball_pos": [
        -12.001365661621094,
        -6.878966331481934
      ],
      "reward_shaping": null,
      "score": null,
      "step": 74,
      "team0_centroid": [
        -9.257573127746582,
        1.3147850036621094
      ],
      "team0_step_reward": 0.0,
      "team1_centroid": [
        2.7251224517822266,
        0.8016500473022461
      ],
      "team1_step_reward": 0.0,
      "winner": null
    },
    {
      "ball_pos": [
        -11.988943099975586,
        -6.87863302230835
      ],
      "reward_shaping": null,
      "score": null,
      "step": 75,
      "team0_centroid": [
        -9.432795524597168,
        1.0119202136993408
      ],
      "team0_step_reward": 0.0,
      "team1_centroid": [
        2.3960371017456055,
        0.36409759521484375
      ],
      "team1_step_reward": 0.0,
      "winner": null
    },
    {
      "ball_pos": [
        -11.977713584899902,
        -6.878332138061523
      ],
      "reward_shaping": null,
      "score": null,
      "step": 76,
      "team0_centroid": [
        -9.646016597747803,
        0.6952991485595703
      ],
      "team0_step_reward": 0.0,
      "team1_centroid": [
        2.2283010482788086,
        -0.04975175857543945
      ],
      "team1_step_reward": 0.0,
      "winner": null
    },
    {
      "ball_pos": [
        -11.967562675476074,
        -6.8780598640441895
      ],
      "reward_shaping": null,
      "score": null,
      "step": 77,
      "team0_centroid": [
        -9.916577816009521,
        0.3564138412475586
      ],