{
  "classification": {
    "labels": [
      "unclear_loss"
    ],
    "primary_label": "unclear_loss"
  },
  "cumulative_team0_reward": -2.0,
  "cumulative_team1_reward": 1.9287999868392944,
  "episode_index": 373,
  "final_score": null,
  "final_team0_step_reward": -2.0,
  "final_team1_step_reward": 1.9287999868392944,
  "final_winner": null,
  "metrics": {
    "mean_ball_x": 4.869607337647015,
    "tail_mean_ball_x": 6.261620006958643,
    "team0_possession_ratio": null,
    "team0_progress_toward_goal": 0.0,
    "team0_shaping_reward_sum": 0.0,
    "team1_possession_ratio": null,
    "team1_progress_toward_goal": 0.0,
    "team1_shaping_reward_sum": 0.0
  },
  "outcome": "team1_win",
  "sampled_trace": [
    {
      "ball_pos": [
        -2.090456008911133,
        2.427356719970703
      ],
      "reward_shaping": null,
      "score": null,
      "step": 0,
      "team0_centroid": [
        7.191328525543213,
        0.017816543579101562
      ],
      "team0_step_reward": 0.0,
      "team1_centroid": [
        -10.942078590393066,
        0.06889057159423828
      ],
      "team1_step_reward": 0.0,
      "winner": null
    },
    {
      "ball_pos": [
        0.2030383050441742,
        3.6782569885253906
      ],
      "reward_shaping": null,
      "score": null,
      "step": 10,
      "team0_centroid": [
        1.89145889878273,
        2.380281925201416
      ],
      "team0_step_reward": 0.0,
      "team1_centroid": [
        -4.890157580375671,
        2.628682255744934
      ],
      "team1_step_reward": 0.0,
      "winner": null
    },
    {
      "ball_pos": [
        7.144826889038086,
        3.0511438846588135
      ],
      "reward_shaping": null,
      "score": null,
      "step": 20,
      "team0_centroid": [
        2.3041980266571045,
        2.6425775289535522
      ],
      "team0_step_reward": 0.0,
      "team1_centroid": [
        -2.396562695503235,
        4.09562087059021
      ],
      "team1_step_reward": 0.0,
      "winner": null
    },
    {
      "ball_pos": [
        9.417926788330078,
        0.9170960187911987
      ],
      "reward_shaping": null,
      "score": null,
      "step": 30,
      "team0_centroid": [
        6.797474265098572,
        -2.8873931169509888
      ],
      "team0_step_reward": 0.0,
      "team1_centroid": [
        -2.5884339809417725,
        2.8361446261405945
      ],
      "team1_step_reward": 0.0,
      "winner": null
    }
  ],
  "steps": 36,
  "tail_trace": [
    {
      "ball_pos": [
        -2.4491569995880127,
        3.207524061203003
      ],
      "reward_shaping": null,
      "score": null,
      "step": 6,
      "team0_centroid": [
        1.7671948075294495,
        1.3611399233341217
      ],
      "team0_step_reward": 0.0,
      "team1_centroid": [
        -5.879342079162598,
        1.6983698606491089
      ],
      "team1_step_reward": 0.0,
      "winner": null
    },
    {
      "ball_pos": [
        -1.3879666328430176,
        6.109073638916016
      ],
      "reward_shaping": null,
      "score": null,
      "step": 7,
      "team0_centroid": [
        1.6454118490219116,
        1.687896966934204
      ],
      "team0_step_reward": 0.0,
      "team1_centroid": [
        -5.402347683906555,
        1.8785271048545837
      ],
      "team1_step_reward": 0.0,
      "winner": null
    },
    {
      "ball_pos": [
        -0.7204946279525757,
        5.958589553833008
      ],
      "reward_shaping": null,
      "score": null,
      "step": 8,
      "team0_centroid": [
        1.8146475851535797,
        2.1022173166275024
      ],
      "team0_step_reward": 0.0,
      "team1_centroid": [
        -5.187799155712128,
        2.037601947784424
      ],
      "team1_step_reward": 0.0,
      "winner": null
    },
    {
      "ball_pos": [
        -0.27835163474082947,
        4.178012847900391
      ],
      "reward_shaping": null,
      "score": null,
      "step": 9,
      "team0_centroid": [
        1.9969011545181274,
        2.31119441986084
      ],
      "team0_step_reward": 0.0,
      "team1_centroid": [
        -4.9931671023368835,
        2.261719584465027
      ],
      "team1_step_reward": 0.0,
      "winner": null
    },
    {
      "ball_pos": [
        0.2030383050441742,
        3.6782569885253906
      ],
      "reward_shaping": null,
      "score": null,
      "step": 10,
      "team0_centroid": [
        1.89145889878273,
        2.380281925201416
      ],
      "team0_step_reward": 0.0,
      "team1_centroid": [
        -4.890157580375671,
        2.628682255744934
      ],
      "team1_step_reward": 0.0,
      "winner": null
    },
    {
      "ball_pos": [
        0.9677358269691467,
        5.265676021575928
      ],
      "reward_shaping": null,
      "score": null,
      "step": 11,
      "team0_centroid": [
        1.9085030555725098,
        2.343764901161194
      ],
      "team0_step_reward": 0.0,
      "team1_centroid": [
        -4.6109119057655334,
        3.1742621660232544
      ],
      "team1_step_reward": 0.0,
      "winner": null
    },
    {
      "ball_pos": [
        1.6382910013198853,
        6.656111240386963
      ],
      "reward_shaping": null,
      "score": null,
      "step": 12,
      "team0_centroid": [
        1.8448324985802174,
        2.4725940823554993
      ],
      "team0_step_reward": 0.0,
      "team1_centroid": [
        -4.063847303390503,
        3.888132929801941
      ],
      "team1_step_reward": 0.0,
      "winner": null
    },
    {
      "ball_pos": [
        2.008359432220459,
        6.147952556610107
      ],
      "reward_shaping": null,
      "score": null,
      "step": 13,
      "team0_centroid": [
        1.6740416586399078,
        2.6964904069900513
      ],
      "team0_step_reward": 0.0,
      "team1_centroid": [
        -3.5475743412971497,
        4.502573370933533
      ],
      "team1_step_reward": 0.0,
      "winner": null
    },
    {
      "ball_pos": [
        3.4525814056396484,
        6.517749786376953
      ],
      "reward_shaping": null,
      "score": null,
      "step": 14,
      "team0_centroid": [
        1.6025415360927582,
        2.9014386534690857
      ],
      "team0_step_reward": 0.0,
      "team1_centroid": [
        -3.1913204193115234,
        4.722306609153748
      ],
      "team1_step_reward": 0.0,
      "winner": null
    },
    {
      "ball_pos": [
        4.331812858581543,
        5.692079067230225
      ],
      "reward_shaping": null,
      "score": null,
      "step": 15,
      "team0_centroid": [
        1.400159627199173,
        3.3207910656929016
      ],
      "team0_step_reward": 0.0,
      "team1_centroid": [
        -2.9193410873413086,
        4.797175645828247
      ],
      "team1_step_reward": 0.0,
      "winner": null
    },
    {
      "ball_pos": [
        5.0909223556518555,
        4.979404926300049
      ],
      "reward_shaping": null,
      "score": null,
      "step": 16,
      "team0_centroid": [
        1.3252082169055939,
        3.573052406311035
      ],
      "team0_step_reward": 0.0,
      "team1_centroid": [
        -2.679758906364441,
        4.710569143295288
      ],
      "team1_step_reward": 0.0,
      "winner": null
    },
    {
      "ball_pos": [
        5.74135160446167,
        4.368764877319336
      ],
      "reward_shaping": null,
      "score": null,
      "step": 17,
      "team0_centroid": [
        1.5877720713615417,
        3.411186099052429
      ],
      "team0_step_reward": 0.0,
      "team1_centroid": [
        -2.521385073661804,
        4.560591697692871
      ],
      "team1_step_reward": 0.0,
      "winner": null
    },
    {
      "ball_pos": [
        6.293541431427002,
        3.850353956222534
      ],
      "reward_shaping": null,
      "score": null,
      "step": 18,
      "team0_centroid": [
        1.8663887977600098,
        3.1099261045455933
      ],
      "team0_step_reward": 0.0,
      "team1_centroid": [
        -2.473203182220459,
        4.437927007675171
      ],