{
  "classification": {
    "labels": [
      "late_defensive_collapse",
      "territory_loss"
    ],
    "primary_label": "late_defensive_collapse"
  },
  "cumulative_team0_reward": -2.0,
  "cumulative_team1_reward": 1.9387999773025513,
  "episode_index": 452,
  "final_score": null,
  "final_team0_step_reward": -2.0,
  "final_team1_step_reward": 1.9387999773025513,
  "final_winner": null,
  "metrics": {
    "mean_ball_x": -8.84487445123734,
    "tail_mean_ball_x": -9.205668536822001,
    "team0_possession_ratio": null,
    "team0_progress_toward_goal": 0.0,
    "team0_shaping_reward_sum": 0.0,
    "team1_possession_ratio": null,
    "team1_progress_toward_goal": 0.0,
    "team1_shaping_reward_sum": 0.0
  },
  "outcome": "team1_win",
  "sampled_trace": [
    {
      "ball_pos": [
        1.9789481163024902,
        1.7909550666809082
      ],
      "reward_shaping": null,
      "score": null,
      "step": 0,
      "team0_centroid": [
        -6.225277423858643,
        0.05204331874847412
      ],
      "team0_step_reward": 0.0,
      "team1_centroid": [
        9.419071197509766,
        0.08695018291473389
      ],
      "team1_step_reward": 0.0,
      "winner": null
    },
    {
      "ball_pos": [
        -8.760902404785156,
        4.240865707397461
      ],
      "reward_shaping": null,
      "score": null,
      "step": 10,
      "team0_centroid": [
        -2.1195456981658936,
        -0.2516481280326843
      ],
      "team0_step_reward": 0.0,
      "team1_centroid": [
        0.537729412317276,
        3.6999353170394897
      ],
      "team1_step_reward": 0.0,
      "winner": null
    },
    {
      "ball_pos": [
        -12.449864387512207,
        0.5945033431053162
      ],
      "reward_shaping": null,
      "score": null,
      "step": 20,
      "team0_centroid": [
        -2.02143132686615,
        -0.7283627986907959
      ],
      "team0_step_reward": 0.0,
      "team1_centroid": [
        -1.868439942598343,
        4.050044775009155
      ],
      "team1_step_reward": 0.0,
      "winner": null
    },
    {
      "ball_pos": [
        -15.573555946350098,
        -1.6729576587677002
      ],
      "reward_shaping": null,
      "score": null,
      "step": 30,
      "team0_centroid": [
        -6.6938560009002686,
        -3.102749824523926
      ],
      "team0_step_reward": -2.0,
      "team1_centroid": [
        -7.45452344417572,
        2.4133787006139755
      ],
      "team1_step_reward": 1.9387999773025513,
      "winner": null
    }
  ],
  "steps": 31,
  "tail_trace": [
    {
      "ball_pos": [
        1.9789481163024902,
        1.7909550666809082
      ],
      "reward_shaping": null,
      "score": null,
      "step": 1,
      "team0_centroid": [
        -5.07549774646759,
        0.2665020823478699
      ],
      "team0_step_reward": 0.0,
      "team1_centroid": [
        8.61951208114624,
        0.2890370786190033
      ],
      "team1_step_reward": 0.0,
      "winner": null
    },
    {
      "ball_pos": [
        1.9789481163024902,
        1.7909550666809082
      ],
      "reward_shaping": null,
      "score": null,
      "step": 2,
      "team0_centroid": [
        -3.9409555196762085,
        0.4303475320339203
      ],
      "team0_step_reward": 0.0,
      "team1_centroid": [
        7.241449356079102,
        0.5233510136604309
      ],
      "team1_step_reward": 0.0,
      "winner": null
    },
    {
      "ball_pos": [
        1.9789481163024902,
        1.7909550666809082
      ],
      "reward_shaping": null,
      "score": null,
      "step": 3,
      "team0_centroid": [
        -3.112319052219391,
        0.4324624538421631
      ],
      "team0_step_reward": 0.0,
      "team1_centroid": [
        5.929121255874634,
        0.6400919854640961
      ],
      "team1_step_reward": 0.0,
      "winner": null
    },
    {
      "ball_pos": [
        0.8788597583770752,
        2.342472553253174
      ],
      "reward_shaping": null,
      "score": null,
      "step": 4,
      "team0_centroid": [
        -2.269500195980072,
        0.4554457366466522
      ],
      "team0_step_reward": 0.0,
      "team1_centroid": [
        4.78621768951416,
        0.8582131862640381
      ],
      "team1_step_reward": 0.0,
      "winner": null
    },
    {
      "ball_pos": [
        -1.803478717803955,
        4.2208967208862305
      ],
      "reward_shaping": null,
      "score": null,
      "step": 5,
      "team0_centroid": [
        -2.0163485407829285,
        0.4156799018383026
      ],
      "team0_step_reward": 0.0,
      "team1_centroid": [
        3.6721211671829224,
        1.3814162015914917
      ],
      "team1_step_reward": 0.0,
      "winner": null
    },
    {
      "ball_pos": [
        -4.187795162200928,
        5.890921592712402
      ],
      "reward_shaping": null,
      "score": null,
      "step": 6,
      "team0_centroid": [
        -2.3912740349769592,
        0.18397706747055054
      ],
      "team0_step_reward": 0.0,
      "team1_centroid": [
        2.688630595803261,
        1.8979862928390503
      ],
      "team1_step_reward": 0.0,
      "winner": null
    },
    {
      "ball_pos": [
        -6.12537145614624,
        6.848013401031494
      ],
      "reward_shaping": null,
      "score": null,
      "step": 7,
      "team0_centroid": [
        -2.5530133843421936,
        0.04804646968841553
      ],
      "team0_step_reward": 0.0,
      "team1_centroid": [
        1.9524003565311432,
        2.3445630073547363
      ],
      "team1_step_reward": 0.0,
      "winner": null
    },
    {
      "ball_pos": [
        -7.130537033081055,
        5.852418899536133
      ],
      "reward_shaping": null,
      "score": null,
      "step": 8,
      "team0_centroid": [
        -2.512664318084717,
        0.011560499668121338
      ],
      "team0_step_reward": 0.0,
      "team1_centroid": [
        1.424038827419281,
        2.8536555767059326
      ],
      "team1_step_reward": 0.0,
      "winner": null
    },
    {
      "ball_pos": [
        -8.005168914794922,
        4.987872123718262
      ],
      "reward_shaping": null,
      "score": null,
      "step": 9,
      "team0_centroid": [
        -2.2266292572021484,
        -0.13076484203338623
      ],
      "team0_step_reward": 0.0,
      "team1_centroid": [
        1.0556706488132477,
        3.3649784326553345
      ],
      "team1_step_reward": 0.0,
      "winner": null
    },
    {
      "ball_pos": [
        -8.760902404785156,
        4.240865707397461
      ],
      "reward_shaping": null,
      "score": null,
      "step": 10,
      "team0_centroid": [
        -2.1195456981658936,
        -0.2516481280326843
      ],
      "team0_step_reward": 0.0,
      "team1_centroid": [
        0.537729412317276,
        3.6999353170394897
      ],
      "team1_step_reward": 0.0,
      "winner": null
    },
    {
      "ball_pos": [
        -9.409154891967773,
        3.6000993251800537
      ],
      "reward_shaping": null,
      "score": null,
      "step": 11,
      "team0_centroid": [
        -2.1854408979415894,
        -0.40080583095550537
      ],
      "team0_step_reward": 0.0,
      "team1_centroid": [
        -0.004247009754180908,
        3.8354543447494507
      ],
      "team1_step_reward": 0.0,
      "winner": null
    },
    {
      "ball_pos": [
        -9.96025276184082,
        3.055366039276123
      ],
      "reward_shaping": null,
      "score": null,
      "step": 12,
      "team0_centroid": [
        -2.2648600190877914,
        -0.40276628732681274
      ],
      "team0_step_reward": 0.0,
      "team1_centroid": [
        -0.6481764577329159,
        3.8324334621429443
      ],
      "team1_step_reward": 0.0,
      "winner": null
    },
    {
      "ball_pos": [
        -10.423530578613281,
        2.5974385738372803
      ],
      "reward_shaping": null,
      "score": null,
      "step": 13,
      "team0_centroid": [
        -2.124079942703247,
        -0.20447444915771484
      ],
      "team0_step_reward": 0.0,