{
  "classification": {
    "labels": [
      "late_defensive_collapse",
      "territory_loss"
    ],
    "primary_label": "late_defensive_collapse"
  },
  "cumulative_team0_reward": -2.0,
  "cumulative_team1_reward": 1.943600058555603,
  "episode_index": 102,
  "final_score": null,
  "final_team0_step_reward": -2.0,
  "final_team1_step_reward": 1.943600058555603,
  "final_winner": null,
  "metrics": {
    "mean_ball_x": -5.4220543546336035,
    "tail_mean_ball_x": -5.4220543546336035,
    "team0_possession_ratio": null,
    "team0_progress_toward_goal": 0.0,
    "team0_shaping_reward_sum": 0.0,
    "team1_possession_ratio": null,
    "team1_progress_toward_goal": 0.0,
    "team1_shaping_reward_sum": 0.0
  },
  "outcome": "team1_win",
  "sampled_trace": [
    {
      "ball_pos": [
        1.0653495788574219,
        1.5415105819702148
      ],
      "reward_shaping": null,
      "score": null,
      "step": 0,
      "team0_centroid": [
        -8.630788326263428,
        0.0
      ],
      "team0_step_reward": 0.0,
      "team1_centroid": [
        8.346744775772095,
        0.03241521120071411
      ],
      "team1_step_reward": 0.0,
      "winner": null
    },
    {
      "ball_pos": [
        -3.1566319465637207,
        6.392050743103027
      ],
      "reward_shaping": null,
      "score": null,
      "step": 10,
      "team0_centroid": [
        -3.1428105235099792,
        0.8644611239433289
      ],
      "team0_step_reward": 0.0,
      "team1_centroid": [
        0.16859200596809387,
        3.687113881111145
      ],
      "team1_step_reward": 0.0,
      "winner": null
    },
    {
      "ball_pos": [
        -9.424967765808105,
        1.8131606578826904
      ],
      "reward_shaping": null,
      "score": null,
      "step": 20,
      "team0_centroid": [
        -0.6761256456375122,
        4.10899817943573
      ],
      "team0_step_reward": 0.0,
      "team1_centroid": [
        -0.37863099575042725,
        5.328802585601807
      ],
      "team1_step_reward": 0.0,
      "winner": null
    }
  ],
  "steps": 28,
  "tail_trace": [
    {
      "ball_pos": [
        1.0653495788574219,
        1.5415105819702148
      ],
      "reward_shaping": null,
      "score": null,
      "step": 0,
      "team0_centroid": [
        -8.630788326263428,
        0.0
      ],
      "team0_step_reward": 0.0,
      "team1_centroid": [
        8.346744775772095,
        0.03241521120071411
      ],
      "team1_step_reward": 0.0,
      "winner": null
    },
    {
      "ball_pos": [
        1.0653495788574219,
        1.5415105819702148
      ],
      "reward_shaping": null,
      "score": null,
      "step": 1,
      "team0_centroid": [
        -8.381433963775635,
        -0.030736446380615234
      ],
      "team0_step_reward": 0.0,
      "team1_centroid": [
        7.537402153015137,
        0.13602995872497559
      ],
      "team1_step_reward": 0.0,
      "winner": null
    },
    {
      "ball_pos": [
        1.0653495788574219,
        1.5415105819702148
      ],
      "reward_shaping": null,
      "score": null,
      "step": 2,
      "team0_centroid": [
        -8.051640510559082,
        -0.054390907287597656
      ],
      "team0_step_reward": 0.0,
      "team1_centroid": [
        6.162285566329956,
        0.2816014885902405
      ],
      "team1_step_reward": 0.0,
      "winner": null
    },
    {
      "ball_pos": [
        1.0653495788574219,
        1.5415105819702148
      ],
      "reward_shaping": null,
      "score": null,
      "step": 3,
      "team0_centroid": [
        -7.3193604946136475,
        -0.006530702114105225
      ],
      "team0_step_reward": 0.0,
      "team1_centroid": [
        4.383012771606445,
        0.531364694237709
      ],
      "team1_step_reward": 0.0,
      "winner": null
    },
    {
      "ball_pos": [
        1.0653495788574219,
        1.5415105819702148
      ],
      "reward_shaping": null,
      "score": null,
      "step": 4,
      "team0_centroid": [
        -6.482963562011719,
        -0.014299541711807251
      ],
      "team0_step_reward": 0.0,
      "team1_centroid": [
        2.555817663669586,
        0.9138744473457336
      ],
      "team1_step_reward": 0.0,
      "winner": null
    },
    {
      "ball_pos": [
        0.25465160608291626,
        2.4915006160736084
      ],
      "reward_shaping": null,
      "score": null,
      "step": 5,
      "team0_centroid": [
        -5.654939413070679,
        0.042478084564208984
      ],
      "team0_step_reward": 0.0,
      "team1_centroid": [
        1.3808249831199646,
        1.2400191128253937
      ],
      "team1_step_reward": 0.0,
      "winner": null
    },
    {
      "ball_pos": [
        -0.642934262752533,
        3.517835855484009
      ],
      "reward_shaping": null,
      "score": null,
      "step": 6,
      "team0_centroid": [
        -4.64713442325592,
        0.1324951946735382
      ],
      "team0_step_reward": 0.0,
      "team1_centroid": [
        0.7484683394432068,
        1.5988264381885529
      ],
      "team1_step_reward": 0.0,
      "winner": null
    },
    {
      "ball_pos": [
        -1.4220099449157715,
        4.408647537231445
      ],
      "reward_shaping": null,
      "score": null,
      "step": 7,
      "team0_centroid": [
        -3.849129855632782,
        0.3304169178009033
      ],
      "team0_step_reward": 0.0,
      "team1_centroid": [
        0.6842280924320221,
        2.076219081878662
      ],
      "team1_step_reward": 0.0,
      "winner": null
    },
    {
      "ball_pos": [
        -2.09395432472229,
        5.176962375640869
      ],
      "reward_shaping": null,
      "score": null,
      "step": 8,
      "team0_centroid": [
        -3.3354492131620646,
        0.5964344441890717
      ],
      "team0_step_reward": 0.0,
      "team1_centroid": [
        0.7813967764377594,
        2.5238823294639587
      ],
      "team1_step_reward": 0.0,
      "winner": null
    },
    {
      "ball_pos": [
        -2.669060230255127,
        5.834550857543945
      ],
      "reward_shaping": null,
      "score": null,
      "step": 9,
      "team0_centroid": [
        -3.19012650847435,
        0.6408265829086304
      ],
      "team0_step_reward": 0.0,
      "team1_centroid": [
        0.6294718533754349,
        2.968303084373474
      ],
      "team1_step_reward": 0.0,
      "winner": null
    },
    {
      "ball_pos": [
        -3.1566319465637207,
        6.392050743103027
      ],
      "reward_shaping": null,
      "score": null,
      "step": 10,
      "team0_centroid": [
        -3.1428105235099792,
        0.8644611239433289
      ],
      "team0_step_reward": 0.0,
      "team1_centroid": [
        0.16859200596809387,
        3.687113881111145
      ],
      "team1_step_reward": 0.0,
      "winner": null
    },
    {
      "ball_pos": [
        -3.565079927444458,
        6.859078407287598
      ],
      "reward_shaping": null,
      "score": null,
      "step": 11,
      "team0_centroid": [
        -3.0643914341926575,
        1.344701960682869
      ],
      "team0_step_reward": 0.0,
      "team1_centroid": [
        -0.4252595901489258,
        4.487066626548767
      ],
      "team1_step_reward": 0.0,
      "winner": null
    },
    {
      "ball_pos": [
        -3.883061408996582,
        6.713227272033691
      ],
      "reward_shaping": null,
      "score": null,
      "step": 12,
      "team0_centroid": [
        -2.973407357931137,
        2.017719330266118
      ],
      "team0_step_reward": 0.0,
      "team1_centroid": [
        -0.9070468246936798,
        5.457672119140625
      ],
      "team1_step_reward": 0.0,
      "winner": null
    },
    {
      "ball_pos": [
        -4.358209609985352,
        6.336586952209473
      ],
      "reward_shaping": null,
      "score": null,
      "step": 13,
      "team0_centroid": [
        -2.787210911512375,
        2.7279365956783295
      ],
      "team0_step_reward": 0.0,