{
  "classification": {
    "labels": [
      "win"
    ],
    "primary_label": "win"
  },
  "cumulative_team0_reward": 1.9312000274658203,
  "cumulative_team1_reward": -2.0,
  "episode_index": 329,
  "final_score": null,
  "final_team0_step_reward": 1.9312000274658203,
  "final_team1_step_reward": -2.0,
  "final_winner": null,
  "metrics": {
    "mean_ball_x": -6.104924397809165,
    "tail_mean_ball_x": -7.2507452964782715,
    "team0_possession_ratio": null,
    "team0_progress_toward_goal": 0.0,
    "team0_shaping_reward_sum": 0.0,
    "team1_possession_ratio": null,
    "team1_progress_toward_goal": 0.0,
    "team1_shaping_reward_sum": 0.0
  },
  "outcome": "team0_win",
  "sampled_trace": [
    {
      "ball_pos": [
        0.7937817573547363,
        -0.6964805126190186
      ],
      "reward_shaping": null,
      "score": null,
      "step": 0,
      "team0_centroid": [
        6.385491132736206,
        0.005312561988830566
      ],
      "team0_step_reward": 0.0,
      "team1_centroid": [
        -6.058269381523132,
        -0.06949514150619507
      ],
      "team1_step_reward": 0.0,
      "winner": null
    },
    {
      "ball_pos": [
        -0.975845456123352,
        -5.649294376373291
      ],
      "reward_shaping": null,
      "score": null,
      "step": 10,
      "team0_centroid": [
        1.5061602592468262,
        -1.6300114691257477
      ],
      "team0_step_reward": 0.0,
      "team1_centroid": [
        1.0067399740219116,
        -1.4559954702854156
      ],
      "team1_step_reward": 0.0,
      "winner": null
    },
    {
      "ball_pos": [
        -8.83249282836914,
        -1.8017657995224
      ],
      "reward_shaping": null,
      "score": null,
      "step": 20,
      "team0_centroid": [
        1.4336478561162949,
        -3.139552026987076
      ],
      "team0_step_reward": 0.0,
      "team1_centroid": [
        0.8483307361602783,
        -2.08188658952713
      ],
      "team1_step_reward": 0.0,
      "winner": null
    },
    {
      "ball_pos": [
        -11.959936141967773,
        1.427725911140442
      ],
      "reward_shaping": null,
      "score": null,
      "step": 30,
      "team0_centroid": [
        -7.593289852142334,
        -2.6599984765052795
      ],
      "team0_step_reward": 0.0,
      "team1_centroid": [
        -4.723113775253296,
        0.32050460763275623
      ],
      "team1_step_reward": 0.0,
      "winner": null
    }
  ],
  "steps": 35,
  "tail_trace": [
    {
      "ball_pos": [
        0.5418735146522522,
        -1.620377540588379
      ],
      "reward_shaping": null,
      "score": null,
      "step": 5,
      "team0_centroid": [
        2.954349637031555,
        -1.2397053390741348
      ],
      "team0_step_reward": 0.0,
      "team1_centroid": [
        -1.9654434323310852,
        -0.15637484192848206
      ],
      "team1_step_reward": 0.0,
      "winner": null
    },
    {
      "ball_pos": [
        0.42173925042152405,
        -1.9267337322235107
      ],
      "reward_shaping": null,
      "score": null,
      "step": 6,
      "team0_centroid": [
        2.50183641910553,
        -1.3419585712254047
      ],
      "team0_step_reward": 0.0,
      "team1_centroid": [
        -1.3049801588058472,
        -0.22136914730072021
      ],
      "team1_step_reward": 0.0,
      "winner": null
    },
    {
      "ball_pos": [
        0.6824724078178406,
        -3.7023630142211914
      ],
      "reward_shaping": null,
      "score": null,
      "step": 7,
      "team0_centroid": [
        2.000282049179077,
        -1.257690243422985
      ],
      "team0_step_reward": 0.0,
      "team1_centroid": [
        -0.7781737446784973,
        -0.4051591753959656
      ],
      "team1_step_reward": 0.0,
      "winner": null
    },
    {
      "ball_pos": [
        -0.03973832726478577,
        -5.706601142883301
      ],
      "reward_shaping": null,
      "score": null,
      "step": 8,
      "team0_centroid": [
        1.726462483406067,
        -1.2957230657339096
      ],
      "team0_step_reward": 0.0,
      "team1_centroid": [
        -0.31733179092407227,
        -0.8537588343024254
      ],
      "team1_step_reward": 0.0,
      "winner": null
    },
    {
      "ball_pos": [
        -0.609764575958252,
        -6.862202167510986
      ],
      "reward_shaping": null,
      "score": null,
      "step": 9,
      "team0_centroid": [
        1.5859358310699463,
        -1.4469100534915924
      ],
      "team0_step_reward": 0.0,
      "team1_centroid": [
        0.3861333131790161,
        -1.2468125075101852
      ],
      "team1_step_reward": 0.0,
      "winner": null
    },
    {
      "ball_pos": [
        -0.975845456123352,
        -5.649294376373291
      ],
      "reward_shaping": null,
      "score": null,
      "step": 10,
      "team0_centroid": [
        1.5061602592468262,
        -1.6300114691257477
      ],
      "team0_step_reward": 0.0,
      "team1_centroid": [
        1.0067399740219116,
        -1.4559954702854156
      ],
      "team1_step_reward": 0.0,
      "winner": null
    },
    {
      "ball_pos": [
        -1.2950888872146606,
        -4.600626468658447
      ],
      "reward_shaping": null,
      "score": null,
      "step": 11,
      "team0_centroid": [
        1.5033238530158997,
        -1.9505347609519958
      ],
      "team0_step_reward": 0.0,
      "team1_centroid": [
        1.5198477506637573,
        -1.807201087474823
      ],
      "team1_step_reward": 0.0,
      "winner": null
    },
    {
      "ball_pos": [
        -1.5694127082824707,
        -3.699629545211792
      ],
      "reward_shaping": null,
      "score": null,
      "step": 12,
      "team0_centroid": [
        1.5347506999969482,
        -2.30280701816082
      ],
      "team0_step_reward": 0.0,
      "team1_centroid": [
        1.7896350622177124,
        -2.436166822910309
      ],
      "team1_step_reward": 0.0,
      "winner": null
    },
    {
      "ball_pos": [
        -3.4628028869628906,
        -5.656691551208496
      ],
      "reward_shaping": null,
      "score": null,
      "step": 13,
      "team0_centroid": [
        1.7935905456542969,
        -2.451488345861435
      ],
      "team0_step_reward": 0.0,
      "team1_centroid": [
        1.8659959137439728,
        -2.8953717947006226
      ],
      "team1_step_reward": 0.0,
      "winner": null
    },
    {
      "ball_pos": [
        -5.216845989227295,
        -6.793454170227051
      ],
      "reward_shaping": null,
      "score": null,
      "step": 14,
      "team0_centroid": [
        2.1334582716226578,
        -2.480008363723755
      ],
      "team0_step_reward": 0.0,
      "team1_centroid": [
        1.8218315839767456,
        -3.153941810131073
      ],
      "team1_step_reward": 0.0,
      "winner": null
    },
    {
      "ball_pos": [
        -6.060580253601074,
        -5.62672233581543
      ],
      "reward_shaping": null,
      "score": null,
      "step": 15,
      "team0_centroid": [
        2.1936638057231903,
        -2.65951007604599
      ],
      "team0_step_reward": 0.0,
      "team1_centroid": [
        1.639728844165802,
        -3.2477120459079742
      ],
      "team1_step_reward": 0.0,
      "winner": null
    },
    {
      "ball_pos": [
        -6.795530796051025,
        -4.612553596496582
      ],
      "reward_shaping": null,
      "score": null,
      "step": 16,
      "team0_centroid": [
        2.1945220828056335,
        -2.9221404790878296
      ],
      "team0_step_reward": 0.0,
      "team1_centroid": [
        1.4619296193122864,
        -3.139270007610321
      ],
      "team1_step_reward": 0.0,
      "winner": null
    },
    {
      "ball_pos": [
        -7.431102752685547,
        -3.7355329990386963
      ],
      "reward_shaping": null,
      "score": null,
      "step": 17,
      "team0_centroid": [
        2.403506964445114,
        -2.928871124982834
      ],
      "team0_step_reward": 0.0,