{
  "classification": {
    "labels": [
      "low_possession"
    ],
    "primary_label": "low_possession"
  },
  "cumulative_team0_reward": -2.3168162479400634,
  "cumulative_team1_reward": 2.208416226387024,
  "episode_index": 243,
  "final_score": null,
  "final_team0_step_reward": -2.039713291168213,
  "final_team1_step_reward": 2.0013132696151734,
  "final_winner": null,
  "metrics": {
    "mean_ball_x": 6.366596698760986,
    "tail_mean_ball_x": 6.366596698760986,
    "team0_possession_ratio": 0.1,
    "team0_progress_toward_goal": 0.0,
    "team0_shaping_reward_sum": 0.23081624794006347,
    "team1_possession_ratio": 0.9,
    "team1_progress_toward_goal": 0.0,
    "team1_shaping_reward_sum": -0.3168162479400635
  },
  "outcome": "team1_win",
  "sampled_trace": [
    {
      "ball_pos": [
        2.4963955879211426,
        0.48280826210975647
      ],
      "reward_shaping": {
        "applied_reward": {
          "0": -0.001,
          "1": -0.001,
          "2": -0.001,
          "3": -0.001
        },
        "ball_dx": null,
        "ball_found": true,
        "ball_pos": [
          2.4963955879211426,
          0.48280826210975647
        ],
        "closest_agent_distance": null,
        "closest_agent_id": null,
        "deep_zone_team0_inner": false,
        "deep_zone_team0_outer": false,
        "deep_zone_team1_inner": false,
        "deep_zone_team1_outer": false,
        "defensive_survival_team0_active": false,
        "defensive_survival_team1_active": false,
        "episode_steps": 1,
        "player_count": 4,
        "possessing_team": null,
        "possession_confirmed": false,
        "prev_ball_x": null,
        "progress_reward_applied": false,
        "progress_reward_gated": false,
        "progress_toward_goal": null,
        "scalar_reward_delta": 0.0
      },
      "score": null,
      "step": 0,
      "team0_centroid": [
        11.30391550064087,
        -0.04449617862701416
      ],
      "team0_step_reward": -0.002,
      "team1_centroid": [
        -9.050312995910645,
        0.04238998889923096
      ],
      "team1_step_reward": -0.002,
      "winner": null
    },
    {
      "ball_pos": [
        15.137207984924316,
        3.537195920944214
      ],
      "reward_shaping": {
        "applied_reward": {
          "0": 0.011856645584106446,
          "1": 0.011856645584106446,
          "2": -0.019856645584106446,
          "3": -0.019856645584106446
        },
        "ball_dx": 1.2856645584106445,
        "ball_found": true,
        "ball_pos": [
          15.137207984924316,
          3.537195920944214
        ],
        "closest_agent_distance": 9.755347719007185,
        "closest_agent_id": 2,
        "deep_zone_team0_inner": false,
        "deep_zone_team0_outer": false,
        "deep_zone_team1_inner": true,
        "deep_zone_team1_outer": true,
        "defensive_survival_team0_active": false,
        "defensive_survival_team1_active": false,
        "episode_steps": 11,
        "fast_loss_penalty_team0": 0.0,
        "fast_loss_penalty_team1": 0.0,
        "player_count": 4,
        "possessing_team": 1,
        "possession_confirmed": false,
        "prev_ball_x": 13.851543426513672,
        "progress_reward_applied": true,
        "progress_reward_gated": false,
        "progress_toward_goal": 0.0,
        "scalar_reward_delta": 0.0,
        "terminal_winner": null
      },
      "score": null,
      "step": 10,
      "team0_centroid": [
        4.311126232147217,
        0.6834312528371811
      ],
      "team0_step_reward": -2.039713291168213,
      "team1_centroid": [
        -2.0956918001174927,
        0.7673522233963013
      ],
      "team1_step_reward": 2.0013132696151734,
      "winner": null
    }
  ],
  "steps": 11,
  "tail_trace": [
    {
      "ball_pos": [
        2.4963955879211426,
        0.48280826210975647
      ],
      "reward_shaping": {
        "applied_reward": {
          "0": -0.001,
          "1": -0.001,
          "2": -0.001,
          "3": -0.001
        },
        "ball_dx": null,
        "ball_found": true,
        "ball_pos": [
          2.4963955879211426,
          0.48280826210975647
        ],
        "closest_agent_distance": null,
        "closest_agent_id": null,
        "deep_zone_team0_inner": false,
        "deep_zone_team0_outer": false,
        "deep_zone_team1_inner": false,
        "deep_zone_team1_outer": false,
        "defensive_survival_team0_active": false,
        "defensive_survival_team1_active": false,
        "episode_steps": 1,
        "player_count": 4,
        "possessing_team": null,
        "possession_confirmed": false,
        "prev_ball_x": null,
        "progress_reward_applied": false,
        "progress_reward_gated": false,
        "progress_toward_goal": null,
        "scalar_reward_delta": 0.0
      },
      "score": null,
      "step": 0,
      "team0_centroid": [
        11.30391550064087,
        -0.04449617862701416
      ],
      "team0_step_reward": -0.002,
      "team1_centroid": [
        -9.050312995910645,
        0.04238998889923096
      ],
      "team1_step_reward": -0.002,
      "winner": null
    },
    {
      "ball_pos": [
        2.4963955879211426,
        0.48280829191207886
      ],
      "reward_shaping": {
        "applied_reward": {
          "0": -0.001,
          "1": -0.001,
          "2": -0.001,
          "3": -0.001
        },
        "ball_dx": 0.0,
        "ball_found": true,
        "ball_pos": [
          2.4963955879211426,
          0.48280829191207886
        ],
        "closest_agent_distance": 7.404923066211285,
        "closest_agent_id": 2,
        "deep_zone_team0_inner": false,
        "deep_zone_team0_outer": false,
        "deep_zone_team1_inner": false,
        "deep_zone_team1_outer": false,
        "defensive_survival_team0_active": false,
        "defensive_survival_team1_active": false,
        "episode_steps": 2,
        "player_count": 4,
        "possessing_team": 1,
        "possession_confirmed": false,
        "prev_ball_x": 2.4963955879211426,
        "progress_reward_applied": true,
        "progress_reward_gated": false,
        "progress_toward_goal": -0.0,
        "scalar_reward_delta": 0.0
      },
      "score": null,
      "step": 1,
      "team0_centroid": [
        10.376747131347656,
        -0.054385364055633545
      ],
      "team0_step_reward": -0.002,
      "team1_centroid": [
        -8.146922588348389,
        0.12367275357246399
      ],
      "team1_step_reward": -0.002,
      "winner": null
    },
    {
      "ball_pos": [
        2.4963955879211426,
        0.48280829191207886
      ],
      "reward_shaping": {
        "applied_reward": {
          "0": -0.001,
          "1": -0.001,
          "2": -0.001,
          "3": -0.001
        },
        "ball_dx": 0.0,
        "ball_found": true,
        "ball_pos": [
          2.4963955879211426,
          0.48280829191207886
        ],
        "closest_agent_distance": 6.4011066462650765,
        "closest_agent_id": 2,
        "deep_zone_team0_inner": false,
        "deep_zone_team0_outer": false,
        "deep_zone_team1_inner": false,
        "deep_zone_team1_outer": false,
        "defensive_survival_team0_active": false,
        "defensive_survival_team1_active": false,
        "episode_steps": 3,
        "player_count": 4,
        "possessing_team": 1,
        "possession_confirmed": false,
        "prev_ball_x": 2.4963955879211426,
        "progress_reward_applied": true,
        "progress_reward_gated": false,
        "progress_toward_goal": -0.0,
        "scalar_reward_delta": 0.0
      },
      "score": null,
      "step": 2,
      "team0_centroid": [
        9.304272174835205,
        -0.19053706526756287
      ],
      "team0_step_reward": -0.002,
      "team1_centroid": [
        -7.095543622970581,
        0.2959997355937958
      ],
      "team1_step_reward": -0.002,
      "winner": null
    },
    {
      "ball_pos": [
        2.4963955879211426,
        0.48280829191207886
      ],