{
  "/home/hice1/wsun377/Desktop/cs8803drl/docs/experiments/artifacts/failure-cases/bc_rl_checkpoint2100_baseline_500": {
    "episodes": 86,
    "outcomes": {
      "team1_win": 86
    },
    "primary_labels": {
      "late_defensive_collapse": 40,
      "poor_conversion": 11,
      "low_possession": 23,
      "unclear_loss": 10,
      "opponent_forward_progress": 1,
      "territory_loss": 1
    },
    "labels": {
      "late_defensive_collapse": 40,
      "territory_loss": 38,
      "poor_conversion": 38,
      "opponent_forward_progress": 31,
      "low_possession": 29,
      "unclear_loss": 10
    },
    "steps_all": {
      "count": 86,
      "mean": 39.97674418604651,
      "median": 27.5,
      "p75": 45.0,
      "min": 7.0,
      "max": 225.0
    },
    "steps_by_outcome": {
      "team1_win": {
        "count": 86,
        "mean": 39.97674418604651,
        "median": 27.5,
        "p75": 45.0,
        "min": 7.0,
        "max": 225.0
      }
    },
    "metrics_all": {
      "mean_ball_x": 0.5338587681124902,
      "tail_mean_ball_x": 0.5482726625085075,
      "team0_possession_ratio": 0.4957477486248764,
      "team0_progress_toward_goal": 4.042764882015628,
      "team0_shaping_reward_sum": -0.2254304225339966,
      "team1_possession_ratio": 0.5042522513751235,
      "team1_progress_toward_goal": 4.603408393276812,
      "team1_shaping_reward_sum": -0.2782837406462709
    },
    "metrics_by_primary_label": {
      "late_defensive_collapse": {
        "mean_ball_x": -5.943054265867974,
        "tail_mean_ball_x": -7.222288220038758,
        "team0_possession_ratio": 0.6340251305041085,
        "team0_progress_toward_goal": 3.680625741183758,
        "team0_shaping_reward_sum": -0.6897748468771577,
        "team1_possession_ratio": 0.3659748694958915,
        "team1_progress_toward_goal": 7.2476600028574465,
        "team1_shaping_reward_sum": 0.08075913199633351
      },
      "poor_conversion": {
        "mean_ball_x": 7.00425342602731,
        "tail_mean_ball_x": 7.443511430318799,
        "team0_possession_ratio": 0.6662407797359802,
        "team0_progress_toward_goal": 8.581192658706145,
        "team0_shaping_reward_sum": 0.28202238655090334,
        "team1_possession_ratio": 0.3337592202640198,
        "team1_progress_toward_goal": 0.44568040154197,
        "team1_shaping_reward_sum": -0.6587416659376838
      },
      "low_possession": {
        "mean_ball_x": 6.691941541562271,
        "tail_mean_ball_x": 7.553988811106421,
        "team0_possession_ratio": 0.17967397240185926,
        "team0_progress_toward_goal": 2.0124160932457964,
        "team0_shaping_reward_sum": 0.1727848267688051,
        "team1_possession_ratio": 0.820326027598141,
        "team1_progress_toward_goal": 3.3660371879358655,
        "team1_shaping_reward_sum": -0.5483538923924385
      },
      "unclear_loss": {
        "mean_ball_x": 5.919718977355104,
        "tail_mean_ball_x": 6.6869627751405885,
        "team0_possession_ratio": 0.4600339221710189,
        "team0_progress_toward_goal": 4.290645113587379,
        "team0_shaping_reward_sum": 0.2354469522893429,
        "team1_possession_ratio": 0.5399660778289811,
        "team1_progress_toward_goal": 1.447229552268982,
        "team1_shaping_reward_sum": -0.5614044456064702
      },
      "opponent_forward_progress": {
        "mean_ball_x": 0.9327305712726679,
        "tail_mean_ball_x": 6.736085875829061,
        "team0_possession_ratio": 0.4090909090909091,
        "team0_progress_toward_goal": 5.500920295715332,
        "team0_shaping_reward_sum": -0.13824961662292434,
        "team1_possession_ratio": 0.5909090909090909,
        "team1_progress_toward_goal": 8.834690570831299,
        "team1_shaping_reward_sum": -0.7124626007080076
      },
      "territory_loss": {
        "mean_ball_x": -7.457338794663146,
        "tail_mean_ball_x": 6.816895761092504,
        "team0_possession_ratio": 0.8027210884353742,
        "team0_progress_toward_goal": 11.366689383983612,
        "team0_shaping_reward_sum": -1.0885396368503573,
        "team1_possession_ratio": 0.19727891156462585,
        "team1_progress_toward_goal": 0.35839587450027466,
        "team1_shaping_reward_sum": -0.9779620683193209
      }
    }
  }
}