{
  "classification": {
    "labels": [
      "low_possession",
      "opponent_forward_progress"
    ],
    "primary_label": "low_possession"
  },
  "cumulative_team0_reward": -2.4487849788665774,
  "cumulative_team1_reward": 2.283381974220276,
  "episode_index": 87,
  "final_score": null,
  "final_team0_step_reward": -2.0151033058166505,
  "final_team1_step_reward": 1.9723032693862914,
  "final_winner": null,
  "metrics": {
    "mean_ball_x": 5.922506936958858,
    "tail_mean_ball_x": 5.922506936958858,
    "team0_possession_ratio": 0.0,
    "team0_progress_toward_goal": 0.0,
    "team0_shaping_reward_sum": 0.3101820106506348,
    "team1_possession_ratio": 1.0,
    "team1_progress_toward_goal": 0.6301484107971191,
    "team1_shaping_reward_sum": -0.4487849788665772
  },
  "outcome": "team1_win",
  "sampled_trace": [
    {
      "ball_pos": [
        -2.296006679534912,
        -1.543839454650879
      ],
      "reward_shaping": {
        "applied_reward": {
          "0": -0.001,
          "1": -0.001,
          "2": -0.001,
          "3": -0.001
        },
        "ball_dx": null,
        "ball_found": true,
        "ball_pos": [
          -2.296006679534912,
          -1.543839454650879
        ],
        "deep_zone_team0_inner": false,
        "deep_zone_team0_outer": false,
        "deep_zone_team1_inner": false,
        "deep_zone_team1_outer": false,
        "player_count": 4,
        "prev_ball_x": null,
        "scalar_reward_delta": 0.0
      },
      "score": null,
      "step": 0,
      "team0_centroid": [
        4.3544148206710815,
        -0.07551819086074829
      ],
      "team0_step_reward": -0.002,
      "team1_centroid": [
        -8.022549867630005,
        -0.06908738613128662
      ],
      "team1_step_reward": -0.002,
      "winner": null
    },
    {
      "ball_pos": [
        13.369685173034668,
        4.816061496734619
      ],
      "reward_shaping": {
        "applied_reward": {
          "0": 0.010169071197509767,
          "1": 0.010169071197509767,
          "2": -0.018169071197509767,
          "3": -0.018169071197509767
        },
        "ball_dx": 1.1169071197509766,
        "ball_found": true,
        "ball_pos": [
          13.369685173034668,
          4.816061496734619
        ],
        "closest_agent_id": 2,
        "deep_zone_team0_inner": false,
        "deep_zone_team0_outer": false,
        "deep_zone_team1_inner": true,
        "deep_zone_team1_outer": true,
        "player_count": 4,
        "possessing_team": 1,
        "prev_ball_x": 12.252778053283691,
        "progress_toward_goal": 0.0,
        "scalar_reward_delta": 0.0
      },
      "score": null,
      "step": 10,
      "team0_centroid": [
        0.1393115520477295,
        -1.3523095846176147
      ],
      "team0_step_reward": -0.036338142395019535,
      "team1_centroid": [
        -3.565635561943054,
        -2.590643048286438
      ],
      "team1_step_reward": 0.020338142395019534,
      "winner": null
    }
  ],
  "steps": 14,
  "tail_trace": [
    {
      "ball_pos": [
        -2.296006679534912,
        -1.543839454650879
      ],
      "reward_shaping": {
        "applied_reward": {
          "0": -0.001,
          "1": -0.001,
          "2": -0.001,
          "3": -0.001
        },
        "ball_dx": null,
        "ball_found": true,
        "ball_pos": [
          -2.296006679534912,
          -1.543839454650879
        ],
        "deep_zone_team0_inner": false,
        "deep_zone_team0_outer": false,
        "deep_zone_team1_inner": false,
        "deep_zone_team1_outer": false,
        "player_count": 4,
        "prev_ball_x": null,
        "scalar_reward_delta": 0.0
      },
      "score": null,
      "step": 0,
      "team0_centroid": [
        4.3544148206710815,
        -0.07551819086074829
      ],
      "team0_step_reward": -0.002,
      "team1_centroid": [
        -8.022549867630005,
        -0.06908738613128662
      ],
      "team1_step_reward": -0.002,
      "winner": null
    },
    {
      "ball_pos": [
        -2.296006679534912,
        -1.543839454650879
      ],
      "reward_shaping": {
        "applied_reward": {
          "0": -0.001,
          "1": -0.001,
          "2": -0.001,
          "3": -0.001
        },
        "ball_dx": 0.0,
        "ball_found": true,
        "ball_pos": [
          -2.296006679534912,
          -1.543839454650879
        ],
        "closest_agent_id": 3,
        "deep_zone_team0_inner": false,
        "deep_zone_team0_outer": false,
        "deep_zone_team1_inner": false,
        "deep_zone_team1_outer": false,
        "player_count": 4,
        "possessing_team": 1,
        "prev_ball_x": -2.296006679534912,
        "progress_toward_goal": -0.0,
        "scalar_reward_delta": 0.0
      },
      "score": null,
      "step": 1,
      "team0_centroid": [
        3.785860061645508,
        -0.29152095317840576
      ],
      "team0_step_reward": -0.002,
      "team1_centroid": [
        -7.791161298751831,
        -0.2269512116909027
      ],
      "team1_step_reward": -0.002,
      "winner": null
    },
    {
      "ball_pos": [
        -2.296006679534912,
        -1.543839454650879
      ],
      "reward_shaping": {
        "applied_reward": {
          "0": -0.001,
          "1": -0.001,
          "2": -0.001,
          "3": -0.001
        },
        "ball_dx": 0.0,
        "ball_found": true,
        "ball_pos": [
          -2.296006679534912,
          -1.543839454650879
        ],
        "closest_agent_id": 3,
        "deep_zone_team0_inner": false,
        "deep_zone_team0_outer": false,
        "deep_zone_team1_inner": false,
        "deep_zone_team1_outer": false,
        "player_count": 4,
        "possessing_team": 1,
        "prev_ball_x": -2.296006679534912,
        "progress_toward_goal": -0.0,
        "scalar_reward_delta": 0.0
      },
      "score": null,
      "step": 2,
      "team0_centroid": [
        2.733540415763855,
        -0.6082987934350967
      ],
      "team0_step_reward": -0.002,
      "team1_centroid": [
        -7.247724771499634,
        -0.4022425562143326
      ],
      "team1_step_reward": -0.002,
      "winner": null
    },
    {
      "ball_pos": [
        -2.296006679534912,
        -1.543839454650879
      ],
      "reward_shaping": {
        "applied_reward": {
          "0": -0.001,
          "1": -0.001,
          "2": -0.001,
          "3": -0.001
        },
        "ball_dx": 0.0,
        "ball_found": true,
        "ball_pos": [
          -2.296006679534912,
          -1.543839454650879
        ],
        "closest_agent_id": 3,
        "deep_zone_team0_inner": false,
        "deep_zone_team0_outer": false,
        "deep_zone_team1_inner": false,
        "deep_zone_team1_outer": false,
        "player_count": 4,
        "possessing_team": 1,
        "prev_ball_x": -2.296006679534912,
        "progress_toward_goal": -0.0,
        "scalar_reward_delta": 0.0
      },
      "score": null,
      "step": 3,
      "team0_centroid": [
        1.4166604280471802,
        -0.847036000341177
      ],
      "team0_step_reward": -0.002,
      "team1_centroid": [
        -6.4969236850738525,
        -0.7355621606111526
      ],
      "team1_step_reward": -0.002,
      "winner": null
    },
    {
      "ball_pos": [
        -2.9261550903320312,
        -1.2274765968322754
      ],
      "reward_shaping": {
        "applied_reward": {
          "0": -0.013602968215942382,
          "1": -0.013602968215942382,
          "2": 0.005301484107971191,
          "3": 0.007301484107971192
        },
        "ball_dx": -0.6301484107971191,
        "ball_found": true,
        "ball_pos": [
          -2.9261550903320312,
          -1.2274765968322754
        ],
        "closest_agent_id": 3,
        "deep_zone_team0_inner": false,
        "deep_zone_team0_outer": false,
        "deep_zone_team1_inner": false,
        "deep_zone_team1_outer": false,
        "player_count": 4,
        "possessing_team": 1,
        "prev_ball_x": -2.296006679534912,