{
  "classification": {
    "labels": [
      "late_defensive_collapse",
      "territory_loss",
      "poor_conversion",
      "opponent_forward_progress"
    ],
    "primary_label": "late_defensive_collapse"
  },
  "cumulative_team0_reward": -2.5010914268493654,
  "cumulative_team1_reward": 2.217797903060913,
  "episode_index": 368,
  "final_score": null,
  "final_team0_step_reward": -2.030867847442627,
  "final_team1_step_reward": 1.9888678245544433,
  "final_winner": null,
  "metrics": {
    "mean_ball_x": -6.833361240533682,
    "tail_mean_ball_x": -6.833361240533682,
    "team0_possession_ratio": 0.6666666666666666,
    "team0_progress_toward_goal": 0.0,
    "team0_shaping_reward_sum": -0.5010914268493653,
    "team1_possession_ratio": 0.3333333333333333,
    "team1_progress_toward_goal": 7.864675045013428,
    "team1_shaping_reward_sum": 0.24379792594909672
  },
  "outcome": "team1_win",
  "sampled_trace": [
    {
      "ball_pos": [
        -1.8276066780090332,
        2.2593836784362793
      ],
      "reward_shaping": {
        "applied_reward": {
          "0": -0.001,
          "1": -0.001,
          "2": -0.001,
          "3": -0.001
        },
        "ball_dx": null,
        "ball_found": true,
        "ball_pos": [
          -1.8276066780090332,
          2.2593836784362793
        ],
        "deep_zone_team0_inner": false,
        "deep_zone_team0_outer": false,
        "deep_zone_team1_inner": false,
        "deep_zone_team1_outer": false,
        "player_count": 4,
        "prev_ball_x": null,
        "scalar_reward_delta": 0.0
      },
      "score": null,
      "step": 0,
      "team0_centroid": [
        -6.665229320526123,
        -0.0018878579139709473
      ],
      "team0_step_reward": -0.002,
      "team1_centroid": [
        7.594675302505493,
        0.08013856410980225
      ],
      "team1_step_reward": -0.002,
      "winner": null
    },
    {
      "ball_pos": [
        -13.08865737915039,
        3.1134519577026367
      ],
      "reward_shaping": {
        "applied_reward": {
          "0": -0.022868082046508788,
          "1": -0.022868082046508788,
          "2": 0.014868082046508788,
          "3": 0.014868082046508788
        },
        "ball_dx": -1.586808204650879,
        "ball_found": true,
        "ball_pos": [
          -13.08865737915039,
          3.1134519577026367
        ],
        "closest_agent_id": 1,
        "deep_zone_team0_inner": true,
        "deep_zone_team0_outer": true,
        "deep_zone_team1_inner": false,
        "deep_zone_team1_outer": false,
        "player_count": 4,
        "possessing_team": 0,
        "prev_ball_x": -11.501849174499512,
        "progress_toward_goal": 0.0,
        "scalar_reward_delta": 0.0
      },
      "score": null,
      "step": 10,
      "team0_centroid": [
        -6.5205124616622925,
        0.539017915725708
      ],
      "team0_step_reward": -0.045736164093017576,
      "team1_centroid": [
        -2.1801869869232178,
        2.9546247720718384
      ],
      "team1_step_reward": 0.029736164093017575,
      "winner": null
    }
  ],
  "steps": 13,
  "tail_trace": [
    {
      "ball_pos": [
        -1.8276066780090332,
        2.2593836784362793
      ],
      "reward_shaping": {
        "applied_reward": {
          "0": -0.001,
          "1": -0.001,
          "2": -0.001,
          "3": -0.001
        },
        "ball_dx": null,
        "ball_found": true,
        "ball_pos": [
          -1.8276066780090332,
          2.2593836784362793
        ],
        "deep_zone_team0_inner": false,
        "deep_zone_team0_outer": false,
        "deep_zone_team1_inner": false,
        "deep_zone_team1_outer": false,
        "player_count": 4,
        "prev_ball_x": null,
        "scalar_reward_delta": 0.0
      },
      "score": null,
      "step": 0,
      "team0_centroid": [
        -6.665229320526123,
        -0.0018878579139709473
      ],
      "team0_step_reward": -0.002,
      "team1_centroid": [
        7.594675302505493,
        0.08013856410980225
      ],
      "team1_step_reward": -0.002,
      "winner": null
    },
    {
      "ball_pos": [
        -1.8276066780090332,
        2.2593836784362793
      ],
      "reward_shaping": {
        "applied_reward": {
          "0": -0.001,
          "1": -0.001,
          "2": -0.001,
          "3": -0.001
        },
        "ball_dx": 0.0,
        "ball_found": true,
        "ball_pos": [
          -1.8276066780090332,
          2.2593836784362793
        ],
        "closest_agent_id": 1,
        "deep_zone_team0_inner": false,
        "deep_zone_team0_outer": false,
        "deep_zone_team1_inner": false,
        "deep_zone_team1_outer": false,
        "player_count": 4,
        "possessing_team": 0,
        "prev_ball_x": -1.8276066780090332,
        "progress_toward_goal": 0.0,
        "scalar_reward_delta": 0.0
      },
      "score": null,
      "step": 1,
      "team0_centroid": [
        -6.428453207015991,
        0.07135581970214844
      ],
      "team0_step_reward": -0.002,
      "team1_centroid": [
        7.0176146030426025,
        0.16068217158317566
      ],
      "team1_step_reward": -0.002,
      "winner": null
    },
    {
      "ball_pos": [
        -1.8276066780090332,
        2.2593836784362793
      ],
      "reward_shaping": {
        "applied_reward": {
          "0": -0.001,
          "1": -0.001,
          "2": -0.001,
          "3": -0.001
        },
        "ball_dx": 0.0,
        "ball_found": true,
        "ball_pos": [
          -1.8276066780090332,
          2.2593836784362793
        ],
        "closest_agent_id": 0,
        "deep_zone_team0_inner": false,
        "deep_zone_team0_outer": false,
        "deep_zone_team1_inner": false,
        "deep_zone_team1_outer": false,
        "player_count": 4,
        "possessing_team": 0,
        "prev_ball_x": -1.8276066780090332,
        "progress_toward_goal": 0.0,
        "scalar_reward_delta": 0.0
      },
      "score": null,
      "step": 2,
      "team0_centroid": [
        -6.098432779312134,
        0.1111333966255188
      ],
      "team0_step_reward": -0.002,
      "team1_centroid": [
        5.959137678146362,
        0.34634143114089966
      ],
      "team1_step_reward": -0.002,
      "winner": null
    },
    {
      "ball_pos": [
        -1.8276066780090332,
        2.2593836784362793
      ],
      "reward_shaping": {
        "applied_reward": {
          "0": -0.001,
          "1": -0.001,
          "2": -0.001,
          "3": -0.001
        },
        "ball_dx": 0.0,
        "ball_found": true,
        "ball_pos": [
          -1.8276066780090332,
          2.2593836784362793
        ],
        "closest_agent_id": 0,
        "deep_zone_team0_inner": false,
        "deep_zone_team0_outer": false,
        "deep_zone_team1_inner": false,
        "deep_zone_team1_outer": false,
        "player_count": 4,
        "possessing_team": 0,
        "prev_ball_x": -1.8276066780090332,
        "progress_toward_goal": 0.0,
        "scalar_reward_delta": 0.0
      },
      "score": null,
      "step": 3,
      "team0_centroid": [
        -5.6074113845825195,
        0.1607210636138916
      ],
      "team0_step_reward": -0.002,
      "team1_centroid": [
        4.42034387588501,
        0.7291211411356926
      ],
      "team1_step_reward": -0.002,
      "winner": null
    },
    {
      "ball_pos": [
        -1.8276066780090332,
        2.2593836784362793
      ],
      "reward_shaping": {
        "applied_reward": {
          "0": -0.001,
          "1": -0.001,
          "2": -0.001,
          "3": -0.001
        },
        "ball_dx": 0.0,
        "ball_found": true,
        "ball_pos": [
          -1.8276066780090332,
          2.2593836784362793
        ],
        "closest_agent_id": 0,
        "deep_zone_team0_inner": false,
        "deep_zone_team0_outer": false,
        "deep_zone_team1_inner": false,
        "deep_zone_team1_outer": false,
        "player_count": 4,
        "possessing_team": 0,