{
  "classification": {
    "labels": [
      "late_defensive_collapse",
      "territory_loss",
      "poor_conversion"
    ],
    "primary_label": "late_defensive_collapse"
  },
  "cumulative_team0_reward": -2.3588892240524295,
  "cumulative_team1_reward": 2.2344892539978027,
  "episode_index": 304,
  "final_score": null,
  "final_team0_step_reward": -2.034373287200928,
  "final_team1_step_reward": 1.9919733171463012,
  "final_winner": null,
  "metrics": {
    "mean_ball_x": -6.070537878916814,
    "tail_mean_ball_x": -6.070537878916814,
    "team0_possession_ratio": 0.9166666666666666,
    "team0_progress_toward_goal": 0.0,
    "team0_shaping_reward_sum": -0.3588892240524292,
    "team1_possession_ratio": 0.08333333333333333,
    "team1_progress_toward_goal": 0.0,
    "team1_shaping_reward_sum": 0.2608892240524292
  },
  "outcome": "team1_win",
  "sampled_trace": [
    {
      "ball_pos": [
        -0.9937784671783447,
        0.18694309890270233
      ],
      "reward_shaping": {
        "applied_reward": {
          "0": -0.001,
          "1": -0.001,
          "2": -0.001,
          "3": -0.001
        },
        "ball_dx": null,
        "ball_found": true,
        "ball_pos": [
          -0.9937784671783447,
          0.18694309890270233
        ],
        "deep_zone_team0_inner": false,
        "deep_zone_team0_outer": false,
        "deep_zone_team1_inner": false,
        "deep_zone_team1_outer": false,
        "player_count": 4,
        "prev_ball_x": null,
        "scalar_reward_delta": 0.0
      },
      "score": null,
      "step": 0,
      "team0_centroid": [
        -8.918051481246948,
        -4.7147274017333984e-05
      ],
      "team0_step_reward": -0.002,
      "team1_centroid": [
        9.982919692993164,
        -0.05196505784988403
      ],
      "team1_step_reward": -0.002,
      "winner": null
    },
    {
      "ball_pos": [
        -13.016050338745117,
        -4.818472862243652
      ],
      "reward_shaping": {
        "applied_reward": {
          "0": -0.021875211715698242,
          "1": -0.021875211715698242,
          "2": 0.013875211715698242,
          "3": 0.013875211715698242
        },
        "ball_dx": -1.4875211715698242,
        "ball_found": true,
        "ball_pos": [
          -13.016050338745117,
          -4.818472862243652
        ],
        "closest_agent_id": 0,
        "deep_zone_team0_inner": true,
        "deep_zone_team0_outer": true,
        "deep_zone_team1_inner": false,
        "deep_zone_team1_outer": false,
        "player_count": 4,
        "possessing_team": 0,
        "prev_ball_x": -11.528529167175293,
        "progress_toward_goal": 0.0,
        "scalar_reward_delta": 0.0
      },
      "score": null,
      "step": 10,
      "team0_centroid": [
        -8.320750951766968,
        0.03840532898902893
      ],
      "team0_step_reward": -0.043750423431396485,
      "team1_centroid": [
        6.481470108032227,
        -1.9539672285318375
      ],
      "team1_step_reward": 0.027750423431396484,
      "winner": null
    }
  ],
  "steps": 13,
  "tail_trace": [
    {
      "ball_pos": [
        -0.9937784671783447,
        0.18694309890270233
      ],
      "reward_shaping": {
        "applied_reward": {
          "0": -0.001,
          "1": -0.001,
          "2": -0.001,
          "3": -0.001
        },
        "ball_dx": null,
        "ball_found": true,
        "ball_pos": [
          -0.9937784671783447,
          0.18694309890270233
        ],
        "deep_zone_team0_inner": false,
        "deep_zone_team0_outer": false,
        "deep_zone_team1_inner": false,
        "deep_zone_team1_outer": false,
        "player_count": 4,
        "prev_ball_x": null,
        "scalar_reward_delta": 0.0
      },
      "score": null,
      "step": 0,
      "team0_centroid": [
        -8.918051481246948,
        -4.7147274017333984e-05
      ],
      "team0_step_reward": -0.002,
      "team1_centroid": [
        9.982919692993164,
        -0.05196505784988403
      ],
      "team1_step_reward": -0.002,
      "winner": null
    },
    {
      "ball_pos": [
        -0.9937784671783447,
        0.18694309890270233
      ],
      "reward_shaping": {
        "applied_reward": {
          "0": -0.001,
          "1": -0.001,
          "2": -0.001,
          "3": -0.001
        },
        "ball_dx": 0.0,
        "ball_found": true,
        "ball_pos": [
          -0.9937784671783447,
          0.18694309890270233
        ],
        "closest_agent_id": 1,
        "deep_zone_team0_inner": false,
        "deep_zone_team0_outer": false,
        "deep_zone_team1_inner": false,
        "deep_zone_team1_outer": false,
        "player_count": 4,
        "possessing_team": 0,
        "prev_ball_x": -0.9937784671783447,
        "progress_toward_goal": 0.0,
        "scalar_reward_delta": 0.0
      },
      "score": null,
      "step": 1,
      "team0_centroid": [
        -8.6787748336792,
        0.07737395167350769
      ],
      "team0_step_reward": -0.002,
      "team1_centroid": [
        10.052419662475586,
        -0.20396360754966736
      ],
      "team1_step_reward": -0.002,
      "winner": null
    },
    {
      "ball_pos": [
        -0.9937784671783447,
        0.18694309890270233
      ],
      "reward_shaping": {
        "applied_reward": {
          "0": -0.001,
          "1": -0.001,
          "2": -0.001,
          "3": -0.001
        },
        "ball_dx": 0.0,
        "ball_found": true,
        "ball_pos": [
          -0.9937784671783447,
          0.18694309890270233
        ],
        "closest_agent_id": 1,
        "deep_zone_team0_inner": false,
        "deep_zone_team0_outer": false,
        "deep_zone_team1_inner": false,
        "deep_zone_team1_outer": false,
        "player_count": 4,
        "possessing_team": 0,
        "prev_ball_x": -0.9937784671783447,
        "progress_toward_goal": 0.0,
        "scalar_reward_delta": 0.0
      },
      "score": null,
      "step": 2,
      "team0_centroid": [
        -8.105959296226501,
        0.18545445799827576
      ],
      "team0_step_reward": -0.002,
      "team1_centroid": [
        9.674319982528687,
        -0.44611674547195435
      ],
      "team1_step_reward": -0.002,
      "winner": null
    },
    {
      "ball_pos": [
        -0.9937784671783447,
        0.18694309890270233
      ],
      "reward_shaping": {
        "applied_reward": {
          "0": -0.001,
          "1": 0.001,
          "2": -0.001,
          "3": -0.001
        },
        "ball_dx": 0.0,
        "ball_found": true,
        "ball_pos": [
          -0.9937784671783447,
          0.18694309890270233
        ],
        "closest_agent_id": 1,
        "deep_zone_team0_inner": false,
        "deep_zone_team0_outer": false,
        "deep_zone_team1_inner": false,
        "deep_zone_team1_outer": false,
        "player_count": 4,
        "possessing_team": 0,
        "prev_ball_x": -0.9937784671783447,
        "progress_toward_goal": 0.0,
        "scalar_reward_delta": 0.0
      },
      "score": null,
      "step": 3,
      "team0_centroid": [
        -7.277368426322937,
        0.27183787524700165
      ],
      "team0_step_reward": 0.0,
      "team1_centroid": [
        8.958084344863892,
        -0.7361267507076263
      ],
      "team1_step_reward": -0.002,
      "winner": null
    },
    {
      "ball_pos": [
        1.4416311979293823,
        0.11583001911640167
      ],
      "reward_shaping": {
        "applied_reward": {
          "0": 0.02335409665107727,
          "1": 0.02335409665107727,
          "2": -0.02535409665107727,
          "3": -0.02535409665107727
        },
        "ball_dx": 2.435409665107727,
        "ball_found": true,
        "ball_pos": [
          1.4416311979293823,
          0.11583001911640167
        ],
        "closest_agent_id": 2,
        "deep_zone_team0_inner": false,
        "deep_zone_team0_outer": false,
        "deep_zone_team1_inner": false,
        "deep_zone_team1_outer": false,
        "player_count": 4,