{
  "classification": {
    "labels": [
      "late_defensive_collapse",
      "territory_loss",
      "poor_conversion"
    ],
    "primary_label": "late_defensive_collapse"
  },
  "cumulative_team0_reward": -2.3734473237991334,
  "cumulative_team1_reward": 2.251759246826172,
  "episode_index": 252,
  "final_score": null,
  "final_team0_step_reward": -2.0091118659973146,
  "final_team1_step_reward": 1.963423789024353,
  "final_winner": null,
  "metrics": {
    "mean_ball_x": -6.358530172934899,
    "tail_mean_ball_x": -6.358530172934899,
    "team0_possession_ratio": 0.8333333333333334,
    "team0_progress_toward_goal": 0.24440670013427734,
    "team0_shaping_reward_sum": -0.3734473237991333,
    "team1_possession_ratio": 0.16666666666666666,
    "team1_progress_toward_goal": 0.0,
    "team1_shaping_reward_sum": 0.27655918979644767
  },
  "outcome": "team1_win",
  "sampled_trace": [
    {
      "ball_pos": [
        0.3556063175201416,
        -1.73112154006958
      ],
      "reward_shaping": {
        "applied_reward": {
          "0": -0.001,
          "1": -0.001,
          "2": -0.001,
          "3": -0.001
        },
        "ball_dx": null,
        "ball_found": true,
        "ball_pos": [
          0.3556063175201416,
          -1.73112154006958
        ],
        "deep_zone_team0_inner": false,
        "deep_zone_team0_outer": false,
        "deep_zone_team1_inner": false,
        "deep_zone_team1_outer": false,
        "player_count": 4,
        "prev_ball_x": null,
        "scalar_reward_delta": 0.0
      },
      "score": null,
      "step": 0,
      "team0_centroid": [
        -7.516114950180054,
        -0.09030753374099731
      ],
      "team0_step_reward": -0.002,
      "team1_centroid": [
        7.965853452682495,
        -0.10126537084579468
      ],
      "team1_step_reward": -0.002,
      "winner": null
    },
    {
      "ball_pos": [
        -12.694854736328125,
        -3.54429030418396
      ],
      "reward_shaping": {
        "applied_reward": {
          "0": -0.03590825271606446,
          "1": -0.03590825271606446,
          "2": 0.027908252716064452,
          "3": 0.027908252716064452
        },
        "ball_dx": -2.8908252716064453,
        "ball_found": true,
        "ball_pos": [
          -12.694854736328125,
          -3.54429030418396
        ],
        "closest_agent_id": 0,
        "deep_zone_team0_inner": true,
        "deep_zone_team0_outer": true,
        "deep_zone_team1_inner": false,
        "deep_zone_team1_outer": false,
        "player_count": 4,
        "possessing_team": 0,
        "prev_ball_x": -9.80402946472168,
        "progress_toward_goal": 0.0,
        "scalar_reward_delta": 0.0
      },
      "score": null,
      "step": 10,
      "team0_centroid": [
        -10.487136840820312,
        -1.9506492614746094
      ],
      "team0_step_reward": -0.07181650543212892,
      "team1_centroid": [
        4.565202832221985,
        -4.964978218078613
      ],
      "team1_step_reward": 0.055816505432128904,
      "winner": null
    }
  ],
  "steps": 13,
  "tail_trace": [
    {
      "ball_pos": [
        0.3556063175201416,
        -1.73112154006958
      ],
      "reward_shaping": {
        "applied_reward": {
          "0": -0.001,
          "1": -0.001,
          "2": -0.001,
          "3": -0.001
        },
        "ball_dx": null,
        "ball_found": true,
        "ball_pos": [
          0.3556063175201416,
          -1.73112154006958
        ],
        "deep_zone_team0_inner": false,
        "deep_zone_team0_outer": false,
        "deep_zone_team1_inner": false,
        "deep_zone_team1_outer": false,
        "player_count": 4,
        "prev_ball_x": null,
        "scalar_reward_delta": 0.0
      },
      "score": null,
      "step": 0,
      "team0_centroid": [
        -7.516114950180054,
        -0.09030753374099731
      ],
      "team0_step_reward": -0.002,
      "team1_centroid": [
        7.965853452682495,
        -0.10126537084579468
      ],
      "team1_step_reward": -0.002,
      "winner": null
    },
    {
      "ball_pos": [
        0.3556063175201416,
        -1.73112154006958
      ],
      "reward_shaping": {
        "applied_reward": {
          "0": -0.001,
          "1": -0.001,
          "2": -0.001,
          "3": -0.001
        },
        "ball_dx": 0.0,
        "ball_found": true,
        "ball_pos": [
          0.3556063175201416,
          -1.73112154006958
        ],
        "closest_agent_id": 3,
        "deep_zone_team0_inner": false,
        "deep_zone_team0_outer": false,
        "deep_zone_team1_inner": false,
        "deep_zone_team1_outer": false,
        "player_count": 4,
        "possessing_team": 1,
        "prev_ball_x": 0.3556063175201416,
        "progress_toward_goal": -0.0,
        "scalar_reward_delta": 0.0
      },
      "score": null,
      "step": 1,
      "team0_centroid": [
        -6.931097388267517,
        -0.26057013869285583
      ],
      "team0_step_reward": -0.002,
      "team1_centroid": [
        7.3811293840408325,
        -0.3663322627544403
      ],
      "team1_step_reward": -0.002,
      "winner": null
    },
    {
      "ball_pos": [
        0.3556063175201416,
        -1.73112154006958
      ],
      "reward_shaping": {
        "applied_reward": {
          "0": -0.001,
          "1": -0.001,
          "2": -0.001,
          "3": -0.001
        },
        "ball_dx": 0.0,
        "ball_found": true,
        "ball_pos": [
          0.3556063175201416,
          -1.73112154006958
        ],
        "closest_agent_id": 3,
        "deep_zone_team0_inner": false,
        "deep_zone_team0_outer": false,
        "deep_zone_team1_inner": false,
        "deep_zone_team1_outer": false,
        "player_count": 4,
        "possessing_team": 1,
        "prev_ball_x": 0.3556063175201416,
        "progress_toward_goal": -0.0,
        "scalar_reward_delta": 0.0
      },
      "score": null,
      "step": 2,
      "team0_centroid": [
        -6.107500314712524,
        -0.32513245940208435
      ],
      "team0_step_reward": -0.002,
      "team1_centroid": [
        6.783673644065857,
        -0.6142808645963669
      ],
      "team1_step_reward": -0.002,
      "winner": null
    },
    {
      "ball_pos": [
        -0.9237363338470459,
        -2.418905735015869
      ],
      "reward_shaping": {
        "applied_reward": {
          "0": -0.013793426513671877,
          "1": -0.011793426513671875,
          "2": 0.011793426513671875,
          "3": 0.011793426513671875
        },
        "ball_dx": -1.2793426513671875,
        "ball_found": true,
        "ball_pos": [
          -0.9237363338470459,
          -2.418905735015869
        ],
        "closest_agent_id": 1,
        "deep_zone_team0_inner": false,
        "deep_zone_team0_outer": false,
        "deep_zone_team1_inner": false,
        "deep_zone_team1_outer": false,
        "player_count": 4,
        "possessing_team": 0,
        "prev_ball_x": 0.3556063175201416,
        "progress_toward_goal": 0.0,
        "scalar_reward_delta": 0.0
      },
      "score": null,
      "step": 3,
      "team0_centroid": [
        -5.382693380117416,
        -0.31698861718177795
      ],
      "team0_step_reward": -0.025586853027343752,
      "team1_centroid": [
        6.110361158847809,
        -0.9269938319921494
      ],
      "team1_step_reward": 0.02358685302734375,
      "winner": null
    },
    {
      "ball_pos": [
        -3.3714725971221924,
        -4.9137444496154785
      ],
      "reward_shaping": {
        "applied_reward": {
          "0": -0.025477362632751466,
          "1": -0.025477362632751466,
          "2": 0.023477362632751464,
          "3": 0.023477362632751464
        },
        "ball_dx": -2.4477362632751465,
        "ball_found": true,
        "ball_pos": [
          -3.3714725971221924,
          -4.9137444496154785
        ],
        "closest_agent_id": 1,
        "deep_zone_team0_inner": false,
        "deep_zone_team0_outer": false,