{
  "classification": {
    "labels": [
      "low_possession"
    ],
    "primary_label": "low_possession"
  },
  "cumulative_team0_reward": -2.352426463127136,
  "cumulative_team1_reward": 2.2402043886184693,
  "episode_index": 333,
  "final_score": null,
  "final_team0_step_reward": -2.025396198272705,
  "final_team1_step_reward": 1.9901962308883667,
  "final_winner": null,
  "metrics": {
    "mean_ball_x": 7.47591507434845,
    "tail_mean_ball_x": 7.47591507434845,
    "team0_possession_ratio": 0.3333333333333333,
    "team0_progress_toward_goal": 0.45110535621643066,
    "team0_shaping_reward_sum": 0.25940435600280765,
    "team1_possession_ratio": 0.6666666666666666,
    "team1_progress_toward_goal": 0.0,
    "team1_shaping_reward_sum": -0.3524264631271363
  },
  "outcome": "team1_win",
  "sampled_trace": [
    {
      "ball_pos": [
        1.6536669731140137,
        2.120945930480957
      ],
      "reward_shaping": {
        "applied_reward": {
          "0": -0.001,
          "1": -0.001,
          "2": -0.001,
          "3": -0.001
        },
        "ball_dx": null,
        "ball_found": true,
        "ball_pos": [
          1.6536669731140137,
          2.120945930480957
        ],
        "deep_zone_team0_inner": false,
        "deep_zone_team0_outer": false,
        "deep_zone_team1_inner": false,
        "deep_zone_team1_outer": false,
        "player_count": 4,
        "prev_ball_x": null,
        "scalar_reward_delta": 0.0
      },
      "score": null,
      "step": 0,
      "team0_centroid": [
        9.957407236099243,
        0.0003949403762817383
      ],
      "team0_step_reward": -0.002,
      "team1_centroid": [
        -5.0546183586120605,
        0.024741291999816895
      ],
      "team1_step_reward": -0.002,
      "winner": null
    }
  ],
  "steps": 10,
  "tail_trace": [
    {
      "ball_pos": [
        1.6536669731140137,
        2.120945930480957
      ],
      "reward_shaping": {
        "applied_reward": {
          "0": -0.001,
          "1": -0.001,
          "2": -0.001,
          "3": -0.001
        },
        "ball_dx": null,
        "ball_found": true,
        "ball_pos": [
          1.6536669731140137,
          2.120945930480957
        ],
        "deep_zone_team0_inner": false,
        "deep_zone_team0_outer": false,
        "deep_zone_team1_inner": false,
        "deep_zone_team1_outer": false,
        "player_count": 4,
        "prev_ball_x": null,
        "scalar_reward_delta": 0.0
      },
      "score": null,
      "step": 0,
      "team0_centroid": [
        9.957407236099243,
        0.0003949403762817383
      ],
      "team0_step_reward": -0.002,
      "team1_centroid": [
        -5.0546183586120605,
        0.024741291999816895
      ],
      "team1_step_reward": -0.002,
      "winner": null
    },
    {
      "ball_pos": [
        1.6536669731140137,
        2.120945930480957
      ],
      "reward_shaping": {
        "applied_reward": {
          "0": -0.001,
          "1": -0.001,
          "2": -0.001,
          "3": -0.001
        },
        "ball_dx": 0.0,
        "ball_found": true,
        "ball_pos": [
          1.6536669731140137,
          2.120945930480957
        ],
        "closest_agent_id": 0,
        "deep_zone_team0_inner": false,
        "deep_zone_team0_outer": false,
        "deep_zone_team1_inner": false,
        "deep_zone_team1_outer": false,
        "player_count": 4,
        "possessing_team": 0,
        "prev_ball_x": 1.6536669731140137,
        "progress_toward_goal": 0.0,
        "scalar_reward_delta": 0.0
      },
      "score": null,
      "step": 1,
      "team0_centroid": [
        9.954594135284424,
        0.15159794688224792
      ],
      "team0_step_reward": -0.002,
      "team1_centroid": [
        -3.8934834003448486,
        0.06628066301345825
      ],
      "team1_step_reward": -0.002,
      "winner": null
    },
    {
      "ball_pos": [
        1.6536669731140137,
        2.120945930480957
      ],
      "reward_shaping": {
        "applied_reward": {
          "0": -0.001,
          "1": -0.001,
          "2": -0.001,
          "3": -0.001
        },
        "ball_dx": 0.0,
        "ball_found": true,
        "ball_pos": [
          1.6536669731140137,
          2.120945930480957
        ],
        "closest_agent_id": 0,
        "deep_zone_team0_inner": false,
        "deep_zone_team0_outer": false,
        "deep_zone_team1_inner": false,
        "deep_zone_team1_outer": false,
        "player_count": 4,
        "possessing_team": 0,
        "prev_ball_x": 1.6536669731140137,
        "progress_toward_goal": 0.0,
        "scalar_reward_delta": 0.0
      },
      "score": null,
      "step": 2,
      "team0_centroid": [
        9.981253862380981,
        0.3408554941415787
      ],
      "team0_step_reward": -0.002,
      "team1_centroid": [
        -2.5154712200164795,
        0.28440433740615845
      ],
      "team1_step_reward": -0.002,
      "winner": null
    },
    {
      "ball_pos": [
        2.1047723293304443,
        2.134671688079834
      ],
      "reward_shaping": {
        "applied_reward": {
          "0": 0.0055110535621643066,
          "1": 0.0035110535621643065,
          "2": -0.010022107124328612,
          "3": -0.010022107124328612
        },
        "ball_dx": 0.45110535621643066,
        "ball_found": true,
        "ball_pos": [
          2.1047723293304443,
          2.134671688079834
        ],
        "closest_agent_id": 0,
        "deep_zone_team0_inner": false,
        "deep_zone_team0_outer": false,
        "deep_zone_team1_inner": false,
        "deep_zone_team1_outer": false,
        "player_count": 4,
        "possessing_team": 0,
        "prev_ball_x": 1.6536669731140137,
        "progress_toward_goal": 0.45110535621643066,
        "scalar_reward_delta": 0.0
      },
      "score": null,
      "step": 3,
      "team0_centroid": [
        9.766707420349121,
        0.64141845703125
      ],
      "team0_step_reward": -0.020044214248657224,
      "team1_centroid": [
        -1.1131904423236847,
        0.46148473024368286
      ],
      "team1_step_reward": 0.009022107124328613,
      "winner": null
    },
    {
      "ball_pos": [
        5.326043128967285,
        2.1550233364105225
      ],
      "reward_shaping": {
        "applied_reward": {
          "0": 0.03121270799636841,
          "1": 0.03121270799636841,
          "2": -0.03321270799636841,
          "3": -0.03121270799636841
        },
        "ball_dx": 3.221270799636841,
        "ball_found": true,
        "ball_pos": [
          5.326043128967285,
          2.1550233364105225
        ],
        "closest_agent_id": 3,
        "deep_zone_team0_inner": false,
        "deep_zone_team0_outer": false,
        "deep_zone_team1_inner": false,
        "deep_zone_team1_outer": false,
        "player_count": 4,
        "possessing_team": 1,
        "prev_ball_x": 2.1047723293304443,
        "progress_toward_goal": 0.0,
        "scalar_reward_delta": 0.0
      },
      "score": null,
      "step": 4,
      "team0_centroid": [
        9.225653648376465,
        1.0346615314483643
      ],
      "team0_step_reward": -0.06442541599273682,
      "team1_centroid": [
        0.25941765308380127,
        0.70066899061203
      ],
      "team1_step_reward": 0.06242541599273682,
      "winner": null
    },
    {
      "ball_pos": [
        8.188780784606934,
        2.1739916801452637
      ],
      "reward_shaping": {
        "applied_reward": {
          "0": 0.027627376556396483,
          "1": 0.027627376556396483,
          "2": -0.032627376556396484,
          "3": -0.032627376556396484
        },
        "ball_dx": 2.8627376556396484,
        "ball_found": true,
        "ball_pos": [
          8.188780784606934,
          2.1739916801452637
        ],
        "closest_agent_id": 3,
        "deep_zone_team0_inner": false,
        "deep_zone_team0_outer": false,
        "deep_zone_team1_inner": false,
        "deep_zone_team1_outer": true,
        "player_count": 4,