{
  "classification": {
    "labels": [
      "late_defensive_collapse",
      "territory_loss",
      "poor_conversion",
      "opponent_forward_progress"
    ],
    "primary_label": "late_defensive_collapse"
  },
  "cumulative_team0_reward": -2.444618027210236,
  "cumulative_team1_reward": 2.3083819217681882,
  "episode_index": 444,
  "final_score": null,
  "final_team0_step_reward": -2.0270290412902834,
  "final_team1_step_reward": 1.9922290210723876,
  "final_winner": null,
  "metrics": {
    "mean_ball_x": -5.162256515026092,
    "tail_mean_ball_x": -5.162256515026092,
    "team0_possession_ratio": 0.5555555555555556,
    "team0_progress_toward_goal": 0.0,
    "team0_shaping_reward_sum": -0.4446180272102356,
    "team1_possession_ratio": 0.4444444444444444,
    "team1_progress_toward_goal": 2.4718042612075806,
    "team1_shaping_reward_sum": 0.32718194198608397
  },
  "outcome": "team1_win",
  "sampled_trace": [
    {
      "ball_pos": [
        1.0359907150268555,
        1.4817142486572266
      ],
      "reward_shaping": {
        "applied_reward": {
          "0": -0.001,
          "1": -0.001,
          "2": -0.001,
          "3": -0.001
        },
        "ball_dx": null,
        "ball_found": true,
        "ball_pos": [
          1.0359907150268555,
          1.4817142486572266
        ],
        "deep_zone_team0_inner": false,
        "deep_zone_team0_outer": false,
        "deep_zone_team1_inner": false,
        "deep_zone_team1_outer": false,
        "player_count": 4,
        "prev_ball_x": null,
        "scalar_reward_delta": 0.0
      },
      "score": null,
      "step": 0,
      "team0_centroid": [
        -10.210420608520508,
        0.08102518320083618
      ],
      "team0_step_reward": -0.002,
      "team1_centroid": [
        7.441633462905884,
        0.00942695140838623
      ],
      "team1_step_reward": -0.002,
      "winner": null
    }
  ],
  "steps": 10,
  "tail_trace": [
    {
      "ball_pos": [
        1.0359907150268555,
        1.4817142486572266
      ],
      "reward_shaping": {
        "applied_reward": {
          "0": -0.001,
          "1": -0.001,
          "2": -0.001,
          "3": -0.001
        },
        "ball_dx": null,
        "ball_found": true,
        "ball_pos": [
          1.0359907150268555,
          1.4817142486572266
        ],
        "deep_zone_team0_inner": false,
        "deep_zone_team0_outer": false,
        "deep_zone_team1_inner": false,
        "deep_zone_team1_outer": false,
        "player_count": 4,
        "prev_ball_x": null,
        "scalar_reward_delta": 0.0
      },
      "score": null,
      "step": 0,
      "team0_centroid": [
        -10.210420608520508,
        0.08102518320083618
      ],
      "team0_step_reward": -0.002,
      "team1_centroid": [
        7.441633462905884,
        0.00942695140838623
      ],
      "team1_step_reward": -0.002,
      "winner": null
    },
    {
      "ball_pos": [
        1.0359907150268555,
        1.4817142486572266
      ],
      "reward_shaping": {
        "applied_reward": {
          "0": -0.001,
          "1": -0.001,
          "2": -0.001,
          "3": -0.001
        },
        "ball_dx": 0.0,
        "ball_found": true,
        "ball_pos": [
          1.0359907150268555,
          1.4817142486572266
        ],
        "closest_agent_id": 2,
        "deep_zone_team0_inner": false,
        "deep_zone_team0_outer": false,
        "deep_zone_team1_inner": false,
        "deep_zone_team1_outer": false,
        "player_count": 4,
        "possessing_team": 1,
        "prev_ball_x": 1.0359907150268555,
        "progress_toward_goal": -0.0,
        "scalar_reward_delta": 0.0
      },
      "score": null,
      "step": 1,
      "team0_centroid": [
        -9.668291807174683,
        0.30910056829452515
      ],
      "team0_step_reward": -0.002,
      "team1_centroid": [
        6.529605388641357,
        0.0005530118942260742
      ],
      "team1_step_reward": -0.002,
      "winner": null
    },
    {
      "ball_pos": [
        1.0359907150268555,
        1.4817142486572266
      ],
      "reward_shaping": {
        "applied_reward": {
          "0": -0.001,
          "1": -0.001,
          "2": -0.001,
          "3": -0.001
        },
        "ball_dx": 0.0,
        "ball_found": true,
        "ball_pos": [
          1.0359907150268555,
          1.4817142486572266
        ],
        "closest_agent_id": 2,
        "deep_zone_team0_inner": false,
        "deep_zone_team0_outer": false,
        "deep_zone_team1_inner": false,
        "deep_zone_team1_outer": false,
        "player_count": 4,
        "possessing_team": 1,
        "prev_ball_x": 1.0359907150268555,
        "progress_toward_goal": -0.0,
        "scalar_reward_delta": 0.0
      },
      "score": null,
      "step": 2,
      "team0_centroid": [
        -8.87195897102356,
        0.5035303235054016
      ],
      "team0_step_reward": -0.002,
      "team1_centroid": [
        5.7341508865356445,
        -0.017208099365234375
      ],
      "team1_step_reward": -0.002,
      "winner": null
    },
    {
      "ball_pos": [
        1.0359907150268555,
        1.4817142486572266
      ],
      "reward_shaping": {
        "applied_reward": {
          "0": -0.001,
          "1": -0.001,
          "2": 0.001,
          "3": -0.001
        },
        "ball_dx": 0.0,
        "ball_found": true,
        "ball_pos": [
          1.0359907150268555,
          1.4817142486572266
        ],
        "closest_agent_id": 2,
        "deep_zone_team0_inner": false,
        "deep_zone_team0_outer": false,
        "deep_zone_team1_inner": false,
        "deep_zone_team1_outer": false,
        "player_count": 4,
        "possessing_team": 1,
        "prev_ball_x": 1.0359907150268555,
        "progress_toward_goal": -0.0,
        "scalar_reward_delta": 0.0
      },
      "score": null,
      "step": 3,
      "team0_centroid": [
        -7.888759136199951,
        0.5985443592071533
      ],
      "team0_step_reward": -0.002,
      "team1_centroid": [
        4.927755117416382,
        -0.07748591899871826
      ],
      "team1_step_reward": 0.0,
      "winner": null
    },
    {
      "ball_pos": [
        -0.8434509038925171,
        0.7097174525260925
      ],
      "reward_shaping": {
        "applied_reward": {
          "0": -0.019794416189193725,
          "1": -0.019794416189193725,
          "2": 0.017794416189193724,
          "3": 0.017794416189193724
        },
        "ball_dx": -1.8794416189193726,
        "ball_found": true,
        "ball_pos": [
          -0.8434509038925171,
          0.7097174525260925
        ],
        "closest_agent_id": 1,
        "deep_zone_team0_inner": false,
        "deep_zone_team0_outer": false,
        "deep_zone_team1_inner": false,
        "deep_zone_team1_outer": false,
        "player_count": 4,
        "possessing_team": 0,
        "prev_ball_x": 1.0359907150268555,
        "progress_toward_goal": 0.0,
        "scalar_reward_delta": 0.0
      },
      "score": null,
      "step": 4,
      "team0_centroid": [
        -6.793641448020935,
        0.6317611299455166
      ],
      "team0_step_reward": -0.03958883237838745,
      "team1_centroid": [
        4.02971875667572,
        -0.19329237937927246
      ],
      "team1_step_reward": 0.03558883237838745,
      "winner": null
    },
    {
      "ball_pos": [
        -3.3152551651000977,
        0.576330304145813
      ],
      "reward_shaping": {
        "applied_reward": {
          "0": -0.05043608522415161,
          "1": -0.05043608522415161,
          "2": 0.023718042612075805,
          "3": 0.023718042612075805
        },
        "ball_dx": -2.4718042612075806,
        "ball_found": true,
        "ball_pos": [
          -3.3152551651000977,
          0.576330304145813
        ],
        "closest_agent_id": 2,
        "deep_zone_team0_inner": false,
        "deep_zone_team0_outer": false,
        "deep_zone_team1_inner": false,
        "deep_zone_team1_outer": false,