{
  "classification": {
    "labels": [
      "late_defensive_collapse",
      "territory_loss",
      "poor_conversion"
    ],
    "primary_label": "late_defensive_collapse"
  },
  "cumulative_team0_reward": -2.3420186163783074,
  "cumulative_team1_reward": 2.219626331925392,
  "episode_index": 402,
  "final_score": null,
  "final_team0_step_reward": -2.083601707458496,
  "final_team1_step_reward": 2.0476017265319824,
  "final_winner": null,
  "metrics": {
    "mean_ball_x": -2.5999657660722733,
    "tail_mean_ball_x": -2.5999657660722733,
    "team0_possession_ratio": 0.8888888888888888,
    "team0_progress_toward_goal": 2.219615176320076,
    "team0_shaping_reward_sum": -0.34201861637830744,
    "team1_possession_ratio": 0.1111111111111111,
    "team1_progress_toward_goal": 0.0,
    "team1_shaping_reward_sum": 0.23962631285190583
  },
  "outcome": "team1_win",
  "sampled_trace": [
    {
      "ball_pos": [
        0.2490999549627304,
        1.6095846891403198
      ],
      "reward_shaping": {
        "applied_reward": {
          "0": -0.001,
          "1": -0.001,
          "2": -0.001,
          "3": -0.001
        },
        "ball_dx": null,
        "ball_found": true,
        "ball_pos": [
          0.2490999549627304,
          1.6095846891403198
        ],
        "deep_zone_team0_inner": false,
        "deep_zone_team0_outer": false,
        "deep_zone_team1_inner": false,
        "deep_zone_team1_outer": false,
        "player_count": 4,
        "prev_ball_x": null,
        "scalar_reward_delta": 0.0
      },
      "score": null,
      "step": 0,
      "team0_centroid": [
        -8.812158346176147,
        0.019872546195983887
      ],
      "team0_step_reward": -0.002,
      "team1_centroid": [
        10.450756549835205,
        -0.06804412603378296
      ],
      "team1_step_reward": -0.002,
      "winner": null
    }
  ],
  "steps": 10,
  "tail_trace": [
    {
      "ball_pos": [
        0.2490999549627304,
        1.6095846891403198
      ],
      "reward_shaping": {
        "applied_reward": {
          "0": -0.001,
          "1": -0.001,
          "2": -0.001,
          "3": -0.001
        },
        "ball_dx": null,
        "ball_found": true,
        "ball_pos": [
          0.2490999549627304,
          1.6095846891403198
        ],
        "deep_zone_team0_inner": false,
        "deep_zone_team0_outer": false,
        "deep_zone_team1_inner": false,
        "deep_zone_team1_outer": false,
        "player_count": 4,
        "prev_ball_x": null,
        "scalar_reward_delta": 0.0
      },
      "score": null,
      "step": 0,
      "team0_centroid": [
        -8.812158346176147,
        0.019872546195983887
      ],
      "team0_step_reward": -0.002,
      "team1_centroid": [
        10.450756549835205,
        -0.06804412603378296
      ],
      "team1_step_reward": -0.002,
      "winner": null
    },
    {
      "ball_pos": [
        0.24909991025924683,
        1.6095846891403198
      ],
      "reward_shaping": {
        "applied_reward": {
          "0": -0.0010000004470348358,
          "1": -0.0010000004470348358,
          "2": -0.0009999995529651642,
          "3": -0.0009999995529651642
        },
        "ball_dx": -4.470348358154297e-08,
        "ball_found": true,
        "ball_pos": [
          0.24909991025924683,
          1.6095846891403198
        ],
        "closest_agent_id": 0,
        "deep_zone_team0_inner": false,
        "deep_zone_team0_outer": false,
        "deep_zone_team1_inner": false,
        "deep_zone_team1_outer": false,
        "player_count": 4,
        "possessing_team": 0,
        "prev_ball_x": 0.2490999549627304,
        "progress_toward_goal": 0.0,
        "scalar_reward_delta": 0.0
      },
      "score": null,
      "step": 1,
      "team0_centroid": [
        -8.537055015563965,
        -0.03677588701248169
      ],
      "team0_step_reward": -0.0020000008940696716,
      "team1_centroid": [
        10.198630332946777,
        -0.08642375469207764
      ],
      "team1_step_reward": -0.0019999991059303284,
      "winner": null
    },
    {
      "ball_pos": [
        0.24909985065460205,
        1.6095846891403198
      ],
      "reward_shaping": {
        "applied_reward": {
          "0": -0.0010000005960464477,
          "1": -0.0010000005960464477,
          "2": -0.0009999994039535524,
          "3": -0.0009999994039535524
        },
        "ball_dx": -5.960464477539063e-08,
        "ball_found": true,
        "ball_pos": [
          0.24909985065460205,
          1.6095846891403198
        ],
        "closest_agent_id": 0,
        "deep_zone_team0_inner": false,
        "deep_zone_team0_outer": false,
        "deep_zone_team1_inner": false,
        "deep_zone_team1_outer": false,
        "player_count": 4,
        "possessing_team": 0,
        "prev_ball_x": 0.24909991025924683,
        "progress_toward_goal": 0.0,
        "scalar_reward_delta": 0.0
      },
      "score": null,
      "step": 2,
      "team0_centroid": [
        -7.934988975524902,
        -0.0028827786445617676
      ],
      "team0_step_reward": -0.0020000011920928954,
      "team1_centroid": [
        9.623688220977783,
        0.04616907238960266
      ],
      "team1_step_reward": -0.0019999988079071047,
      "winner": null
    },
    {
      "ball_pos": [
        0.24909977614879608,
        1.6095846891403198
      ],
      "reward_shaping": {
        "applied_reward": {
          "0": -0.0010000007450580598,
          "1": -0.0010000007450580598,
          "2": -0.0009999992549419403,
          "3": -0.0009999992549419403
        },
        "ball_dx": -7.450580596923828e-08,
        "ball_found": true,
        "ball_pos": [
          0.24909977614879608,
          1.6095846891403198
        ],
        "closest_agent_id": 0,
        "deep_zone_team0_inner": false,
        "deep_zone_team0_outer": false,
        "deep_zone_team1_inner": false,
        "deep_zone_team1_outer": false,
        "player_count": 4,
        "possessing_team": 0,
        "prev_ball_x": 0.24909985065460205,
        "progress_toward_goal": 0.0,
        "scalar_reward_delta": 0.0
      },
      "score": null,
      "step": 3,
      "team0_centroid": [
        -7.067340016365051,
        0.01186603307723999
      ],
      "team0_step_reward": -0.0020000014901161195,
      "team1_centroid": [
        8.55275297164917,
        0.2202935814857483
      ],
      "team1_step_reward": -0.0019999985098838806,
      "winner": null
    },
    {
      "ball_pos": [
        2.468714952468872,
        1.5487468242645264
      ],
      "reward_shaping": {
        "applied_reward": {
          "0": 0.02119615176320076,
          "1": 0.02119615176320076,
          "2": -0.04539230352640152,
          "3": -0.04539230352640152
        },
        "ball_dx": 2.219615176320076,
        "ball_found": true,
        "ball_pos": [
          2.468714952468872,
          1.5487468242645264
        ],
        "closest_agent_id": 0,
        "deep_zone_team0_inner": false,
        "deep_zone_team0_outer": false,
        "deep_zone_team1_inner": false,
        "deep_zone_team1_outer": false,
        "player_count": 4,
        "possessing_team": 0,
        "prev_ball_x": 0.24909977614879608,
        "progress_toward_goal": 2.219615176320076,
        "scalar_reward_delta": 0.0
      },
      "score": null,
      "step": 4,
      "team0_centroid": [
        -6.276416748762131,
        -0.14518874883651733
      ],
      "team0_step_reward": 0.04239230352640152,
      "team1_centroid": [
        7.229351043701172,
        0.460008904337883
      ],
      "team1_step_reward": -0.09078460705280304,
      "winner": null
    },
    {
      "ball_pos": [
        4.5865983963012695,
        1.4760805368423462
      ],
      "reward_shaping": {
        "applied_reward": {
          "0": 0.020178834438323974,
          "1": 0.020178834438323974,
          "2": -0.022178834438323976,
          "3": -0.022178834438323976
        },
        "ball_dx": 2.1178834438323975,