{
  "classification": {
    "labels": [
      "tie"
    ],
    "primary_label": "tie"
  },
  "cumulative_team0_reward": -0.10000000000000007,
  "cumulative_team1_reward": -0.10000000000000007,
  "episode_index": 0,
  "final_score": null,
  "final_team0_step_reward": -0.002,
  "final_team1_step_reward": -0.002,
  "final_winner": null,
  "metrics": {
    "mean_ball_x": 1.090998649597168,
    "tail_mean_ball_x": 1.090998649597168,
    "team0_possession_ratio": 0.2857142857142857,
    "team0_progress_toward_goal": 0.0,
    "team0_shaping_reward_sum": -0.10000000000000007,
    "team1_possession_ratio": 0.7142857142857143,
    "team1_progress_toward_goal": 0.0,
    "team1_shaping_reward_sum": -0.10000000000000007
  },
  "outcome": "tie",
  "sampled_trace": [
    {
      "ball_pos": [
        1.090998649597168,
        1.8254880905151367
      ],
      "reward_shaping": {
        "applied_reward": {
          "0": -0.001,
          "1": -0.001,
          "2": -0.001,
          "3": -0.001
        },
        "ball_dx": null,
        "ball_found": true,
        "ball_pos": [
          1.090998649597168,
          1.8254880905151367
        ],
        "player_count": 4,
        "prev_ball_x": null,
        "scalar_reward_delta": 0.0
      },
      "score": null,
      "step": 0,
      "team0_centroid": [
        -7.891971588134766,
        0.07136493921279907
      ],
      "team0_step_reward": -0.002,
      "team1_centroid": [
        6.555098056793213,
        -0.04341840744018555
      ],
      "team1_step_reward": -0.002,
      "winner": null
    },
    {
      "ball_pos": [
        1.090998649597168,
        1.8254880905151367
      ],
      "reward_shaping": {
        "applied_reward": {
          "0": -0.001,
          "1": -0.001,
          "2": -0.001,
          "3": -0.001
        },
        "ball_dx": 0.0,
        "ball_found": true,
        "ball_pos": [
          1.090998649597168,
          1.8254880905151367
        ],
        "closest_agent_id": 3,
        "player_count": 4,
        "possessing_team": 1,
        "prev_ball_x": 1.090998649597168,
        "progress_toward_goal": -0.0,
        "scalar_reward_delta": 0.0
      },
      "score": null,
      "step": 10,
      "team0_centroid": [
        -9.102885007858276,
        0.25872528553009033
      ],
      "team0_step_reward": -0.002,
      "team1_centroid": [
        6.668616369366646,
        -2.4707453846931458
      ],
      "team1_step_reward": -0.002,
      "winner": null
    },
    {
      "ball_pos": [
        1.090998649597168,
        1.8254880905151367
      ],
      "reward_shaping": {
        "applied_reward": {
          "0": -0.001,
          "1": -0.001,
          "2": -0.001,
          "3": -0.001
        },
        "ball_dx": 0.0,
        "ball_found": true,
        "ball_pos": [
          1.090998649597168,
          1.8254880905151367
        ],
        "closest_agent_id": 3,
        "player_count": 4,
        "possessing_team": 1,
        "prev_ball_x": 1.090998649597168,
        "progress_toward_goal": -0.0,
        "scalar_reward_delta": 0.0
      },
      "score": null,
      "step": 20,
      "team0_centroid": [
        -13.30317497253418,
        -1.5409198999404907
      ],
      "team0_step_reward": -0.002,
      "team1_centroid": [
        9.277151107788086,
        0.49844083189964294
      ],
      "team1_step_reward": -0.002,
      "winner": null
    },
    {
      "ball_pos": [
        1.090998649597168,
        1.8254880905151367
      ],
      "reward_shaping": {
        "applied_reward": {
          "0": -0.001,
          "1": -0.001,
          "2": -0.001,
          "3": -0.001
        },
        "ball_dx": 0.0,
        "ball_found": true,
        "ball_pos": [
          1.090998649597168,
          1.8254880905151367
        ],
        "closest_agent_id": 3,
        "player_count": 4,
        "possessing_team": 1,
        "prev_ball_x": 1.090998649597168,
        "progress_toward_goal": -0.0,
        "scalar_reward_delta": 0.0
      },
      "score": null,
      "step": 30,
      "team0_centroid": [
        -10.34079098701477,
        -2.570261001586914
      ],
      "team0_step_reward": -0.002,
      "team1_centroid": [
        9.2370285987854,
        0.8152998387813568
      ],
      "team1_step_reward": -0.002,
      "winner": null
    },
    {
      "ball_pos": [
        1.090998649597168,
        1.8254880905151367
      ],
      "reward_shaping": {
        "applied_reward": {
          "0": -0.001,
          "1": -0.001,
          "2": -0.001,
          "3": -0.001
        },
        "ball_dx": 0.0,
        "ball_found": true,
        "ball_pos": [
          1.090998649597168,
          1.8254880905151367
        ],
        "closest_agent_id": 0,
        "player_count": 4,
        "possessing_team": 0,
        "prev_ball_x": 1.090998649597168,
        "progress_toward_goal": 0.0,
        "scalar_reward_delta": 0.0
      },
      "score": null,
      "step": 40,
      "team0_centroid": [
        -8.728656888008118,
        -2.3118109330534935
      ],
      "team0_step_reward": -0.002,
      "team1_centroid": [
        7.207751989364624,
        -1.4848219156265259
      ],
      "team1_step_reward": -0.002,
      "winner": null
    }
  ],
  "steps": 50,
  "tail_trace": [
    {
      "ball_pos": [
        1.090998649597168,
        1.8254880905151367
      ],
      "reward_shaping": {
        "applied_reward": {
          "0": -0.001,
          "1": -0.001,
          "2": -0.001,
          "3": -0.001
        },
        "ball_dx": 0.0,
        "ball_found": true,
        "ball_pos": [
          1.090998649597168,
          1.8254880905151367
        ],
        "closest_agent_id": 0,
        "player_count": 4,
        "possessing_team": 0,
        "prev_ball_x": 1.090998649597168,
        "progress_toward_goal": 0.0,
        "scalar_reward_delta": 0.0
      },
      "score": null,
      "step": 45,
      "team0_centroid": [
        -8.505825281143188,
        -1.38189697265625
      ],
      "team0_step_reward": -0.002,
      "team1_centroid": [
        7.201037168502808,
        -2.583935558795929
      ],
      "team1_step_reward": -0.002,
      "winner": null
    },
    {
      "ball_pos": [
        1.090998649597168,
        1.8254880905151367
      ],
      "reward_shaping": {
        "applied_reward": {
          "0": -0.001,
          "1": -0.001,
          "2": -0.001,
          "3": -0.001
        },
        "ball_dx": 0.0,
        "ball_found": true,
        "ball_pos": [
          1.090998649597168,
          1.8254880905151367
        ],
        "closest_agent_id": 0,
        "player_count": 4,
        "possessing_team": 0,
        "prev_ball_x": 1.090998649597168,
        "progress_toward_goal": 0.0,
        "scalar_reward_delta": 0.0
      },
      "score": null,
      "step": 46,
      "team0_centroid": [
        -8.478972673416138,
        -0.8370461463928223
      ],
      "team0_step_reward": -0.002,
      "team1_centroid": [
        7.304833650588989,
        -2.9188870787620544
      ],
      "team1_step_reward": -0.002,
      "winner": null
    },
    {
      "ball_pos": [
        1.090998649597168,
        1.8254880905151367
      ],
      "reward_shaping": {
        "applied_reward": {
          "0": -0.001,
          "1": -0.001,
          "2": -0.001,
          "3": -0.001
        },
        "ball_dx": 0.0,
        "ball_found": true,
        "ball_pos": [
          1.090998649597168,
          1.8254880905151367
        ],
        "closest_agent_id": 0,
        "player_count": 4,
        "possessing_team": 0,
        "prev_ball_x": 1.090998649597168,
        "progress_toward_goal": 0.0,
        "scalar_reward_delta": 0.0
      },
      "score": null,
      "step": 47,
      "team0_centroid": [
        -8.541232705116272,
        -0.41417527198791504
      ],
      "team0_step_reward": -0.002,
      "team1_centroid": [
        7.37430477142334,
        -3.0858174562454224
      ],
      "team1_step_reward": -0.002,