{
  "/home/hice1/wsun377/Desktop/cs8803drl/docs/experiments/artifacts/failure-cases/mappo_pool290_vs_mappo_v2_500": {
    "episodes": 239,
    "outcomes": {
      "team1_win": 239
    },
    "primary_labels": {
      "late_defensive_collapse": 112,
      "poor_conversion": 25,
      "territory_loss": 23,
      "unclear_loss": 34,
      "low_possession": 37,
      "opponent_forward_progress": 8
    },
    "labels": {
      "late_defensive_collapse": 112,
      "territory_loss": 120,
      "opponent_forward_progress": 102,
      "low_possession": 56,
      "poor_conversion": 89,
      "unclear_loss": 34
    },
    "steps_all": {
      "count": 239,
      "mean": 59.66108786610879,
      "median": 48.0,
      "p75": 81.0,
      "min": 7.0,
      "max": 408.0
    },
    "steps_by_outcome": {
      "team1_win": {
        "count": 239,
        "mean": 59.66108786610879,
        "median": 48.0,
        "p75": 81.0,
        "min": 7.0,
        "max": 408.0
      }
    },
    "metrics_all": {
      "mean_ball_x": -0.06544660191364404,
      "tail_mean_ball_x": 0.158317465612982,
      "team0_possession_ratio": 0.49418367607522723,
      "team0_progress_toward_goal": 7.957061231900084,
      "team0_shaping_reward_sum": -0.3934995057158731,
      "team1_possession_ratio": 0.5058163239247727,
      "team1_progress_toward_goal": 8.434599892364885,
      "team1_shaping_reward_sum": -0.39081907241796177
    },
    "metrics_by_primary_label": {
      "late_defensive_collapse": {
        "mean_ball_x": -4.674390586779575,
        "tail_mean_ball_x": -6.519673892275727,
        "team0_possession_ratio": 0.5498608493659347,
        "team0_progress_toward_goal": 6.070546290454721,
        "team0_shaping_reward_sum": -0.7600273520954819,
        "team1_possession_ratio": 0.4501391506340652,
        "team1_progress_toward_goal": 10.602683914692275,
        "team1_shaping_reward_sum": -0.02147296629317246
      },
      "poor_conversion": {
        "mean_ball_x": 6.0277327293358205,
        "tail_mean_ball_x": 6.851222289058475,
        "team0_possession_ratio": 0.7278634369595403,
        "team0_progress_toward_goal": 13.786074641942978,
        "team0_shaping_reward_sum": 0.09310281397342682,
        "team1_possession_ratio": 0.27213656304045963,
        "team1_progress_toward_goal": 3.4740103602409365,
        "team1_shaping_reward_sum": -0.8652645140171049
      },
      "territory_loss": {
        "mean_ball_x": -2.3850548948398416,
        "tail_mean_ball_x": 4.07613567083642,
        "team0_possession_ratio": 0.5521214025363689,
        "team0_progress_toward_goal": 16.831504116239756,
        "team0_shaping_reward_sum": -0.22588317199375316,
        "team1_possession_ratio": 0.4478785974636311,
        "team1_progress_toward_goal": 7.267859753707181,
        "team1_shaping_reward_sum": -0.9101041054051854
      },
      "unclear_loss": {
        "mean_ball_x": 5.45599220770838,
        "tail_mean_ball_x": 7.79995902466999,
        "team0_possession_ratio": 0.44044069199779423,
        "team0_progress_toward_goal": 9.282055563129047,
        "team0_shaping_reward_sum": 0.06415223480848706,
        "team1_possession_ratio": 0.5595593080022057,
        "team1_progress_toward_goal": 4.760659278753926,
        "team1_shaping_reward_sum": -0.8460653551755585
      },
      "low_possession": {
        "mean_ball_x": 5.395010450005933,
        "tail_mean_ball_x": 5.90110924005363,
        "team0_possession_ratio": 0.19898640501959816,
        "team0_progress_toward_goal": 2.964740912505501,
        "team0_shaping_reward_sum": -0.003272420779071988,
        "team1_possession_ratio": 0.8010135949804018,
        "team1_progress_toward_goal": 5.7893913460744395,
        "team1_shaping_reward_sum": -0.44197238655468907
      },
      "opponent_forward_progress": {
        "mean_ball_x": 3.3667288121960155,
        "tail_mean_ball_x": 2.4337529799900945,
        "team0_possession_ratio": 0.4115780946274398,
        "team0_progress_toward_goal": 8.096835782751441,
        "team0_shaping_reward_sum": -1.0144590299427512,
        "team1_possession_ratio": 0.5884219053725602,
        "team1_progress_toward_goal": 24.785980900749564,
        "team1_shaping_reward_sum": -0.4146973037272692
      }
    }
  }
}