{
  "classification": {
    "labels": [
      "low_possession"
    ],
    "primary_label": "low_possession"
  },
  "cumulative_team0_reward": -2.318500716686249,
  "cumulative_team1_reward": 2.254500761508942,
  "episode_index": 187,
  "final_score": null,
  "final_team0_step_reward": -2.0298518676757813,
  "final_team1_step_reward": 2.003851912498474,
  "final_winner": null,
  "metrics": {
    "mean_ball_x": 5.633462873372165,
    "tail_mean_ball_x": 5.633462873372165,
    "team0_possession_ratio": 0.0,
    "team0_progress_toward_goal": 0.0,
    "team0_shaping_reward_sum": 0.2765007166862488,
    "team1_possession_ratio": 1.0,
    "team1_progress_toward_goal": 0.0,
    "team1_shaping_reward_sum": -0.31850071668624885
  },
  "outcome": "team1_win",
  "sampled_trace": [
    {
      "ball_pos": [
        0.47004663944244385,
        1.5324515104293823
      ],
      "reward_shaping": {
        "applied_reward": {
          "0": -0.001,
          "1": -0.001,
          "2": -0.001,
          "3": -0.001
        },
        "ball_dx": null,
        "ball_found": true,
        "ball_pos": [
          0.47004663944244385,
          1.5324515104293823
        ],
        "deep_zone_team0_inner": false,
        "deep_zone_team0_outer": false,
        "deep_zone_team1_inner": false,
        "deep_zone_team1_outer": false,
        "player_count": 4,
        "prev_ball_x": null,
        "scalar_reward_delta": 0.0
      },
      "score": null,
      "step": 0,
      "team0_centroid": [
        6.857598066329956,
        0.023477017879486084
      ],
      "team0_step_reward": -0.002,
      "team1_centroid": [
        -7.813431739807129,
        0.11476010084152222
      ],
      "team1_step_reward": -0.002,
      "winner": null
    },
    {
      "ball_pos": [
        15.395082473754883,
        -1.0438652038574219
      ],
      "reward_shaping": {
        "applied_reward": {
          "0": 0.012925933837890625,
          "1": 0.012925933837890625,
          "2": -0.014925933837890624,
          "3": -0.014925933837890624
        },
        "ball_dx": 1.3925933837890625,
        "ball_found": true,
        "ball_pos": [
          15.395082473754883,
          -1.0438652038574219
        ],
        "closest_agent_id": 3,
        "deep_zone_team0_inner": false,
        "deep_zone_team0_outer": false,
        "deep_zone_team1_inner": false,
        "deep_zone_team1_outer": false,
        "player_count": 4,
        "possessing_team": 1,
        "prev_ball_x": 14.00248908996582,
        "progress_toward_goal": 0.0,
        "scalar_reward_delta": 0.0
      },
      "score": null,
      "step": 10,
      "team0_centroid": [
        2.988030195236206,
        1.8858667016029358
      ],
      "team0_step_reward": -2.0298518676757813,
      "team1_centroid": [
        -4.832086861133575,
        2.417312055826187
      ],
      "team1_step_reward": 2.003851912498474,
      "winner": null
    }
  ],
  "steps": 11,
  "tail_trace": [
    {
      "ball_pos": [
        0.47004663944244385,
        1.5324515104293823
      ],
      "reward_shaping": {
        "applied_reward": {
          "0": -0.001,
          "1": -0.001,
          "2": -0.001,
          "3": -0.001
        },
        "ball_dx": null,
        "ball_found": true,
        "ball_pos": [
          0.47004663944244385,
          1.5324515104293823
        ],
        "deep_zone_team0_inner": false,
        "deep_zone_team0_outer": false,
        "deep_zone_team1_inner": false,
        "deep_zone_team1_outer": false,
        "player_count": 4,
        "prev_ball_x": null,
        "scalar_reward_delta": 0.0
      },
      "score": null,
      "step": 0,
      "team0_centroid": [
        6.857598066329956,
        0.023477017879486084
      ],
      "team0_step_reward": -0.002,
      "team1_centroid": [
        -7.813431739807129,
        0.11476010084152222
      ],
      "team1_step_reward": -0.002,
      "winner": null
    },
    {
      "ball_pos": [
        0.47004663944244385,
        1.5324515104293823
      ],
      "reward_shaping": {
        "applied_reward": {
          "0": -0.001,
          "1": -0.001,
          "2": -0.001,
          "3": -0.001
        },
        "ball_dx": 0.0,
        "ball_found": true,
        "ball_pos": [
          0.47004663944244385,
          1.5324515104293823
        ],
        "closest_agent_id": 3,
        "deep_zone_team0_inner": false,
        "deep_zone_team0_outer": false,
        "deep_zone_team1_inner": false,
        "deep_zone_team1_outer": false,
        "player_count": 4,
        "possessing_team": 1,
        "prev_ball_x": 0.47004663944244385,
        "progress_toward_goal": -0.0,
        "scalar_reward_delta": 0.0
      },
      "score": null,
      "step": 1,
      "team0_centroid": [
        6.302948474884033,
        0.12892591953277588
      ],
      "team0_step_reward": -0.002,
      "team1_centroid": [
        -7.503239631652832,
        0.3367989957332611
      ],
      "team1_step_reward": -0.002,
      "winner": null
    },
    {
      "ball_pos": [
        0.47004663944244385,
        1.5324515104293823
      ],
      "reward_shaping": {
        "applied_reward": {
          "0": -0.001,
          "1": -0.001,
          "2": -0.001,
          "3": -0.001
        },
        "ball_dx": 0.0,
        "ball_found": true,
        "ball_pos": [
          0.47004663944244385,
          1.5324515104293823
        ],
        "closest_agent_id": 3,
        "deep_zone_team0_inner": false,
        "deep_zone_team0_outer": false,
        "deep_zone_team1_inner": false,
        "deep_zone_team1_outer": false,
        "player_count": 4,
        "possessing_team": 1,
        "prev_ball_x": 0.47004663944244385,
        "progress_toward_goal": -0.0,
        "scalar_reward_delta": 0.0
      },
      "score": null,
      "step": 2,
      "team0_centroid": [
        5.275064945220947,
        0.3721226304769516
      ],
      "team0_step_reward": -0.002,
      "team1_centroid": [
        -7.0718817710876465,
        0.7206793427467346
      ],
      "team1_step_reward": -0.002,
      "winner": null
    },
    {
      "ball_pos": [
        0.47004663944244385,
        1.5324515104293823
      ],
      "reward_shaping": {
        "applied_reward": {
          "0": -0.001,
          "1": -0.001,
          "2": -0.001,
          "3": -0.001
        },
        "ball_dx": 0.0,
        "ball_found": true,
        "ball_pos": [
          0.47004663944244385,
          1.5324515104293823
        ],
        "closest_agent_id": 3,
        "deep_zone_team0_inner": false,
        "deep_zone_team0_outer": false,
        "deep_zone_team1_inner": false,
        "deep_zone_team1_outer": false,
        "player_count": 4,
        "possessing_team": 1,
        "prev_ball_x": 0.47004663944244385,
        "progress_toward_goal": -0.0,
        "scalar_reward_delta": 0.0
      },
      "score": null,
      "step": 3,
      "team0_centroid": [
        3.7642927169799805,
        0.7145901918411255
      ],
      "team0_step_reward": -0.002,
      "team1_centroid": [
        -6.39928412437439,
        1.2232726067304611
      ],
      "team1_step_reward": -0.002,
      "winner": null
    },
    {
      "ball_pos": [
        0.47004663944244385,
        1.5324515104293823
      ],
      "reward_shaping": {
        "applied_reward": {
          "0": -0.001,
          "1": -0.001,
          "2": -0.001,
          "3": 0.001
        },
        "ball_dx": 0.0,
        "ball_found": true,
        "ball_pos": [
          0.47004663944244385,
          1.5324515104293823
        ],
        "closest_agent_id": 3,
        "deep_zone_team0_inner": false,
        "deep_zone_team0_outer": false,
        "deep_zone_team1_inner": false,
        "deep_zone_team1_outer": false,
        "player_count": 4,
        "possessing_team": 1,
        "prev_ball_x": 0.47004663944244385,
        "progress_toward_goal": -0.0,
        "scalar_reward_delta": 0.0
      },
      "score": null,
      "step": 4,