{
  "classification": {
    "labels": [
      "low_possession"
    ],
    "primary_label": "low_possession"
  },
  "cumulative_team0_reward": -2.3483056113719942,
  "cumulative_team1_reward": 2.2691056277751924,
  "episode_index": 303,
  "final_score": null,
  "final_team0_step_reward": -2.0048948211669924,
  "final_team1_step_reward": 1.9736948375701904,
  "final_winner": null,
  "metrics": {
    "mean_ball_x": 8.031877956220082,
    "tail_mean_ball_x": 8.031877956220082,
    "team0_possession_ratio": 0.15384615384615385,
    "team0_progress_toward_goal": 0.0,
    "team0_shaping_reward_sum": 0.29630561137199396,
    "team1_possession_ratio": 0.8461538461538461,
    "team1_progress_toward_goal": 0.0,
    "team1_shaping_reward_sum": -0.34830561137199395
  },
  "outcome": "team1_win",
  "sampled_trace": [
    {
      "ball_pos": [
        -0.993778645992279,
        0.18694305419921875
      ],
      "reward_shaping": {
        "applied_reward": {
          "0": -0.001,
          "1": -0.001,
          "2": -0.001,
          "3": -0.001
        },
        "ball_dx": null,
        "ball_found": true,
        "ball_pos": [
          -0.993778645992279,
          0.18694305419921875
        ],
        "deep_zone_team0_inner": false,
        "deep_zone_team0_outer": false,
        "deep_zone_team1_inner": false,
        "deep_zone_team1_outer": false,
        "player_count": 4,
        "prev_ball_x": null,
        "scalar_reward_delta": 0.0
      },
      "score": null,
      "step": 0,
      "team0_centroid": [
        9.482991218566895,
        0.09103661775588989
      ],
      "team0_step_reward": -0.002,
      "team1_centroid": [
        -8.421115398406982,
        0.07262629270553589
      ],
      "team1_step_reward": -0.002,
      "winner": null
    },
    {
      "ball_pos": [
        13.551675796508789,
        3.266737222671509
      ],
      "reward_shaping": {
        "applied_reward": {
          "0": 0.00794065856933594,
          "1": 0.00794065856933594,
          "2": -0.009940658569335938,
          "3": -0.009940658569335938
        },
        "ball_dx": 0.8940658569335938,
        "ball_found": true,
        "ball_pos": [
          13.551675796508789,
          3.266737222671509
        ],
        "closest_agent_id": 3,
        "deep_zone_team0_inner": false,
        "deep_zone_team0_outer": false,
        "deep_zone_team1_inner": false,
        "deep_zone_team1_outer": false,
        "player_count": 4,
        "possessing_team": 1,
        "prev_ball_x": 12.657609939575195,
        "progress_toward_goal": 0.0,
        "scalar_reward_delta": 0.0
      },
      "score": null,
      "step": 10,
      "team0_centroid": [
        10.0127592086792,
        2.479463681578636
      ],
      "team0_step_reward": -0.019881317138671875,
      "team1_centroid": [
        -3.831292152404785,
        3.369966149330139
      ],
      "team1_step_reward": 0.01588131713867188,
      "winner": null
    }
  ],
  "steps": 14,
  "tail_trace": [
    {
      "ball_pos": [
        -0.993778645992279,
        0.18694305419921875
      ],
      "reward_shaping": {
        "applied_reward": {
          "0": -0.001,
          "1": -0.001,
          "2": -0.001,
          "3": -0.001
        },
        "ball_dx": null,
        "ball_found": true,
        "ball_pos": [
          -0.993778645992279,
          0.18694305419921875
        ],
        "deep_zone_team0_inner": false,
        "deep_zone_team0_outer": false,
        "deep_zone_team1_inner": false,
        "deep_zone_team1_outer": false,
        "player_count": 4,
        "prev_ball_x": null,
        "scalar_reward_delta": 0.0
      },
      "score": null,
      "step": 0,
      "team0_centroid": [
        9.482991218566895,
        0.09103661775588989
      ],
      "team0_step_reward": -0.002,
      "team1_centroid": [
        -8.421115398406982,
        0.07262629270553589
      ],
      "team1_step_reward": -0.002,
      "winner": null
    },
    {
      "ball_pos": [
        -0.9937788248062134,
        0.18694305419921875
      ],
      "reward_shaping": {
        "applied_reward": {
          "0": -0.0010000017881393432,
          "1": -0.0010000017881393432,
          "2": -0.0009999982118606568,
          "3": -0.0009999982118606568
        },
        "ball_dx": -1.7881393432617188e-07,
        "ball_found": true,
        "ball_pos": [
          -0.9937788248062134,
          0.18694305419921875
        ],
        "closest_agent_id": 1,
        "deep_zone_team0_inner": false,
        "deep_zone_team0_outer": false,
        "deep_zone_team1_inner": false,
        "deep_zone_team1_outer": false,
        "player_count": 4,
        "possessing_team": 0,
        "prev_ball_x": -0.993778645992279,
        "progress_toward_goal": 0.0,
        "scalar_reward_delta": 0.0
      },
      "score": null,
      "step": 1,
      "team0_centroid": [
        8.886221170425415,
        0.26265910267829895
      ],
      "team0_step_reward": -0.0019999964237213137,
      "team1_centroid": [
        -7.526556611061096,
        0.3299340307712555
      ],
      "team1_step_reward": -0.0020000035762786864,
      "winner": null
    },
    {
      "ball_pos": [
        -0.9937789440155029,
        0.18694302439689636
      ],
      "reward_shaping": {
        "applied_reward": {
          "0": -0.0010000011920928956,
          "1": 0.0009999988079071047,
          "2": -0.0009999988079071045,
          "3": -0.0009999988079071045
        },
        "ball_dx": -1.1920928955078125e-07,
        "ball_found": true,
        "ball_pos": [
          -0.9937789440155029,
          0.18694302439689636
        ],
        "closest_agent_id": 1,
        "deep_zone_team0_inner": false,
        "deep_zone_team0_outer": false,
        "deep_zone_team1_inner": false,
        "deep_zone_team1_outer": false,
        "player_count": 4,
        "possessing_team": 0,
        "prev_ball_x": -0.9937788248062134,
        "progress_toward_goal": 0.0,
        "scalar_reward_delta": 0.0
      },
      "score": null,
      "step": 2,
      "team0_centroid": [
        8.038536071777344,
        0.4833492189645767
      ],
      "team0_step_reward": -0.001999997615814209,
      "team1_centroid": [
        -6.498909831047058,
        0.7977917194366455
      ],
      "team1_step_reward": -2.3841857908508263e-09,
      "winner": null
    },
    {
      "ball_pos": [
        1.933119535446167,
        2.089627504348755
      ],
      "reward_shaping": {
        "applied_reward": {
          "0": 0.0282689847946167,
          "1": 0.0282689847946167,
          "2": -0.028268984794616703,
          "3": -0.0302689847946167
        },
        "ball_dx": 2.92689847946167,
        "ball_found": true,
        "ball_pos": [
          1.933119535446167,
          2.089627504348755
        ],
        "closest_agent_id": 2,
        "deep_zone_team0_inner": false,
        "deep_zone_team0_outer": false,
        "deep_zone_team1_inner": false,
        "deep_zone_team1_outer": false,
        "player_count": 4,
        "possessing_team": 1,
        "prev_ball_x": -0.9937789440155029,
        "progress_toward_goal": 0.0,
        "scalar_reward_delta": 0.0
      },
      "score": null,
      "step": 3,
      "team0_centroid": [
        7.007726788520813,
        0.7278528660535812
      ],
      "team0_step_reward": -0.05853796958923341,
      "team1_centroid": [
        -5.6589063704013824,
        1.2012789929285645
      ],
      "team1_step_reward": 0.0565379695892334,
      "winner": null
    },
    {
      "ball_pos": [
        4.649759292602539,
        3.987856388092041
      ],
      "reward_shaping": {
        "applied_reward": {
          "0": 0.02616639757156372,
          "1": 0.02616639757156372,
          "2": -0.028166397571563723,
          "3": -0.028166397571563723
        },
        "ball_dx": 2.716639757156372,
        "ball_found": true,
        "ball_pos": [
          4.649759292602539,
          3.987856388092041
        ],