{
  "classification": {
    "labels": [
      "late_defensive_collapse",
      "territory_loss",
      "poor_conversion",
      "opponent_forward_progress"
    ],
    "primary_label": "late_defensive_collapse"
  },
  "cumulative_team0_reward": -2.2980647029876713,
  "cumulative_team1_reward": 2.2184646530151366,
  "episode_index": 100,
  "final_score": null,
  "final_team0_step_reward": -2.004996566772461,
  "final_team1_step_reward": 1.9753965167999268,
  "final_winner": null,
  "metrics": {
    "mean_ball_x": -6.861790452684675,
    "tail_mean_ball_x": -6.861790452684675,
    "team0_possession_ratio": 0.6923076923076923,
    "team0_progress_toward_goal": 0.0,
    "team0_shaping_reward_sum": -0.29806470298767096,
    "team1_possession_ratio": 0.3076923076923077,
    "team1_progress_toward_goal": 0.8667659759521484,
    "team1_shaping_reward_sum": 0.2460647029876709
  },
  "outcome": "team1_win",
  "sampled_trace": [
    {
      "ball_pos": [
        -1.2509007453918457,
        -1.4451451301574707
      ],
      "reward_shaping": {
        "applied_reward": {
          "0": -0.001,
          "1": -0.001,
          "2": -0.001,
          "3": -0.001
        },
        "ball_dx": null,
        "ball_found": true,
        "ball_pos": [
          -1.2509007453918457,
          -1.4451451301574707
        ],
        "deep_zone_team0_inner": false,
        "deep_zone_team0_outer": false,
        "deep_zone_team1_inner": false,
        "deep_zone_team1_outer": false,
        "player_count": 4,
        "prev_ball_x": null,
        "scalar_reward_delta": 0.0
      },
      "score": null,
      "step": 0,
      "team0_centroid": [
        -9.283634662628174,
        -0.02589505910873413
      ],
      "team0_step_reward": -0.002,
      "team1_centroid": [
        8.307656526565552,
        0.012055516242980957
      ],
      "team1_step_reward": -0.002,
      "winner": null
    },
    {
      "ball_pos": [
        -11.195425033569336,
        -4.649867057800293
      ],
      "reward_shaping": {
        "applied_reward": {
          "0": -0.0143840274810791,
          "1": -0.012384027481079102,
          "2": 0.012384027481079102,
          "3": 0.012384027481079102
        },
        "ball_dx": -1.3384027481079102,
        "ball_found": true,
        "ball_pos": [
          -11.195425033569336,
          -4.649867057800293
        ],
        "closest_agent_id": 1,
        "deep_zone_team0_inner": false,
        "deep_zone_team0_outer": false,
        "deep_zone_team1_inner": false,
        "deep_zone_team1_outer": false,
        "player_count": 4,
        "possessing_team": 0,
        "prev_ball_x": -9.857022285461426,
        "progress_toward_goal": 0.0,
        "scalar_reward_delta": 0.0
      },
      "score": null,
      "step": 10,
      "team0_centroid": [
        -5.47851175069809,
        -2.489767163991928
      ],
      "team0_step_reward": -0.026768054962158203,
      "team1_centroid": [
        1.6447556018829346,
        -3.071625828742981
      ],
      "team1_step_reward": 0.024768054962158205,
      "winner": null
    }
  ],
  "steps": 14,
  "tail_trace": [
    {
      "ball_pos": [
        -1.2509007453918457,
        -1.4451451301574707
      ],
      "reward_shaping": {
        "applied_reward": {
          "0": -0.001,
          "1": -0.001,
          "2": -0.001,
          "3": -0.001
        },
        "ball_dx": null,
        "ball_found": true,
        "ball_pos": [
          -1.2509007453918457,
          -1.4451451301574707
        ],
        "deep_zone_team0_inner": false,
        "deep_zone_team0_outer": false,
        "deep_zone_team1_inner": false,
        "deep_zone_team1_outer": false,
        "player_count": 4,
        "prev_ball_x": null,
        "scalar_reward_delta": 0.0
      },
      "score": null,
      "step": 0,
      "team0_centroid": [
        -9.283634662628174,
        -0.02589505910873413
      ],
      "team0_step_reward": -0.002,
      "team1_centroid": [
        8.307656526565552,
        0.012055516242980957
      ],
      "team1_step_reward": -0.002,
      "winner": null
    },
    {
      "ball_pos": [
        -1.2509007453918457,
        -1.4451451301574707
      ],
      "reward_shaping": {
        "applied_reward": {
          "0": -0.001,
          "1": -0.001,
          "2": -0.001,
          "3": -0.001
        },
        "ball_dx": 0.0,
        "ball_found": true,
        "ball_pos": [
          -1.2509007453918457,
          -1.4451451301574707
        ],
        "closest_agent_id": 3,
        "deep_zone_team0_inner": false,
        "deep_zone_team0_outer": false,
        "deep_zone_team1_inner": false,
        "deep_zone_team1_outer": false,
        "player_count": 4,
        "possessing_team": 1,
        "prev_ball_x": -1.2509007453918457,
        "progress_toward_goal": -0.0,
        "scalar_reward_delta": 0.0
      },
      "score": null,
      "step": 1,
      "team0_centroid": [
        -8.69860553741455,
        -0.13928425312042236
      ],
      "team0_step_reward": -0.002,
      "team1_centroid": [
        7.978909254074097,
        0.09550750255584717
      ],
      "team1_step_reward": -0.002,
      "winner": null
    },
    {
      "ball_pos": [
        -1.2509007453918457,
        -1.4451451301574707
      ],
      "reward_shaping": {
        "applied_reward": {
          "0": -0.001,
          "1": -0.001,
          "2": -0.001,
          "3": -0.001
        },
        "ball_dx": 0.0,
        "ball_found": true,
        "ball_pos": [
          -1.2509007453918457,
          -1.4451451301574707
        ],
        "closest_agent_id": 3,
        "deep_zone_team0_inner": false,
        "deep_zone_team0_outer": false,
        "deep_zone_team1_inner": false,
        "deep_zone_team1_outer": false,
        "player_count": 4,
        "possessing_team": 1,
        "prev_ball_x": -1.2509007453918457,
        "progress_toward_goal": -0.0,
        "scalar_reward_delta": 0.0
      },
      "score": null,
      "step": 2,
      "team0_centroid": [
        -7.858319282531738,
        -0.38712137937545776
      ],
      "team0_step_reward": -0.002,
      "team1_centroid": [
        7.521969795227051,
        0.1494920253753662
      ],
      "team1_step_reward": -0.002,
      "winner": null
    },
    {
      "ball_pos": [
        -1.2509007453918457,
        -1.4451451301574707
      ],
      "reward_shaping": {
        "applied_reward": {
          "0": -0.001,
          "1": -0.001,
          "2": -0.001,
          "3": -0.001
        },
        "ball_dx": 0.0,
        "ball_found": true,
        "ball_pos": [
          -1.2509007453918457,
          -1.4451451301574707
        ],
        "closest_agent_id": 3,
        "deep_zone_team0_inner": false,
        "deep_zone_team0_outer": false,
        "deep_zone_team1_inner": false,
        "deep_zone_team1_outer": false,
        "player_count": 4,
        "possessing_team": 1,
        "prev_ball_x": -1.2509007453918457,
        "progress_toward_goal": -0.0,
        "scalar_reward_delta": 0.0
      },
      "score": null,
      "step": 3,
      "team0_centroid": [
        -6.854326009750366,
        -0.8034001588821411
      ],
      "team0_step_reward": -0.002,
      "team1_centroid": [
        6.8401981592178345,
        0.05661699175834656
      ],
      "team1_step_reward": -0.002,
      "winner": null
    },
    {
      "ball_pos": [
        -2.117666721343994,
        -2.27426815032959
      ],
      "reward_shaping": {
        "applied_reward": {
          "0": -0.009667659759521486,
          "1": -0.009667659759521486,
          "2": 0.007667659759521485,
          "3": 0.007667659759521485
        },
        "ball_dx": -0.8667659759521484,
        "ball_found": true,
        "ball_pos": [
          -2.117666721343994,
          -2.27426815032959
        ],
        "closest_agent_id": 3,
        "deep_zone_team0_inner": false,
        "deep_zone_team0_outer": false,
        "deep_zone_team1_inner": false,