{
  "classification": {
    "labels": [
      "low_possession"
    ],
    "primary_label": "low_possession"
  },
  "cumulative_team0_reward": -2.348251214981079,
  "cumulative_team1_reward": 2.3006512489318847,
  "episode_index": 25,
  "final_score": null,
  "final_team0_step_reward": -2.0607015533447264,
  "final_team1_step_reward": 2.041101587295532,
  "final_winner": null,
  "metrics": {
    "mean_ball_x": 5.122238492593169,
    "tail_mean_ball_x": 5.122238492593169,
    "team0_possession_ratio": 0.0,
    "team0_progress_toward_goal": 0.0,
    "team0_shaping_reward_sum": 0.3162512149810791,
    "team1_possession_ratio": 1.0,
    "team1_progress_toward_goal": 2.2351741790771484e-08,
    "team1_shaping_reward_sum": -0.34825121498107914
  },
  "outcome": "team1_win",
  "sampled_trace": [
    {
      "ball_pos": [
        0.07018232345581055,
        0.13796186447143555
      ],
      "reward_shaping": {
        "applied_reward": {
          "0": -0.001,
          "1": -0.001,
          "2": -0.001,
          "3": -0.001
        },
        "ball_dx": null,
        "ball_found": true,
        "ball_pos": [
          0.07018232345581055,
          0.13796186447143555
        ],
        "deep_zone_team0_inner": false,
        "deep_zone_team0_outer": false,
        "deep_zone_team1_inner": false,
        "deep_zone_team1_outer": false,
        "player_count": 4,
        "prev_ball_x": null,
        "scalar_reward_delta": 0.0
      },
      "score": null,
      "step": 0,
      "team0_centroid": [
        7.0086376667022705,
        0.1068410873413086
      ],
      "team0_step_reward": -0.002,
      "team1_centroid": [
        -6.894351959228516,
        0.08240240812301636
      ],
      "team1_step_reward": -0.002,
      "winner": null
    }
  ],
  "steps": 8,
  "tail_trace": [
    {
      "ball_pos": [
        0.07018232345581055,
        0.13796186447143555
      ],
      "reward_shaping": {
        "applied_reward": {
          "0": -0.001,
          "1": -0.001,
          "2": -0.001,
          "3": -0.001
        },
        "ball_dx": null,
        "ball_found": true,
        "ball_pos": [
          0.07018232345581055,
          0.13796186447143555
        ],
        "deep_zone_team0_inner": false,
        "deep_zone_team0_outer": false,
        "deep_zone_team1_inner": false,
        "deep_zone_team1_outer": false,
        "player_count": 4,
        "prev_ball_x": null,
        "scalar_reward_delta": 0.0
      },
      "score": null,
      "step": 0,
      "team0_centroid": [
        7.0086376667022705,
        0.1068410873413086
      ],
      "team0_step_reward": -0.002,
      "team1_centroid": [
        -6.894351959228516,
        0.08240240812301636
      ],
      "team1_step_reward": -0.002,
      "winner": null
    },
    {
      "ball_pos": [
        0.07018236070871353,
        0.13796186447143555
      ],
      "reward_shaping": {
        "applied_reward": {
          "0": -0.0009999996274709703,
          "1": -0.0009999996274709703,
          "2": -0.0010000003725290298,
          "3": -0.0010000003725290298
        },
        "ball_dx": 3.725290298461914e-08,
        "ball_found": true,
        "ball_pos": [
          0.07018236070871353,
          0.13796186447143555
        ],
        "closest_agent_id": 3,
        "deep_zone_team0_inner": false,
        "deep_zone_team0_outer": false,
        "deep_zone_team1_inner": false,
        "deep_zone_team1_outer": false,
        "player_count": 4,
        "possessing_team": 1,
        "prev_ball_x": 0.07018232345581055,
        "progress_toward_goal": 0.0,
        "scalar_reward_delta": 0.0
      },
      "score": null,
      "step": 1,
      "team0_centroid": [
        6.181460022926331,
        0.27190911769866943
      ],
      "team0_step_reward": -0.0020000007450580596,
      "team1_centroid": [
        -6.32572340965271,
        0.2593926191329956
      ],
      "team1_step_reward": -0.0019999992549419405,
      "winner": null
    },
    {
      "ball_pos": [
        0.07018239796161652,
        0.13796186447143555
      ],
      "reward_shaping": {
        "applied_reward": {
          "0": -0.0009999996274709703,
          "1": -0.0009999996274709703,
          "2": -0.0010000003725290298,
          "3": -0.0010000003725290298
        },
        "ball_dx": 3.725290298461914e-08,
        "ball_found": true,
        "ball_pos": [
          0.07018239796161652,
          0.13796186447143555
        ],
        "closest_agent_id": 3,
        "deep_zone_team0_inner": false,
        "deep_zone_team0_outer": false,
        "deep_zone_team1_inner": false,
        "deep_zone_team1_outer": false,
        "player_count": 4,
        "possessing_team": 1,
        "prev_ball_x": 0.07018236070871353,
        "progress_toward_goal": 0.0,
        "scalar_reward_delta": 0.0
      },
      "score": null,
      "step": 2,
      "team0_centroid": [
        5.050480008125305,
        0.36912864446640015
      ],
      "team0_step_reward": -0.0020000007450580596,
      "team1_centroid": [
        -5.545222759246826,
        0.4888140559196472
      ],
      "team1_step_reward": -0.0019999992549419405,
      "winner": null
    },
    {
      "ball_pos": [
        0.07018237560987473,
        0.13796187937259674
      ],
      "reward_shaping": {
        "applied_reward": {
          "0": -0.001000000223517418,
          "1": -0.001000000223517418,
          "2": -0.0009999997764825821,
          "3": -0.0009999997764825821
        },
        "ball_dx": -2.2351741790771484e-08,
        "ball_found": true,
        "ball_pos": [
          0.07018237560987473,
          0.13796187937259674
        ],
        "closest_agent_id": 3,
        "deep_zone_team0_inner": false,
        "deep_zone_team0_outer": false,
        "deep_zone_team1_inner": false,
        "deep_zone_team1_outer": false,
        "player_count": 4,
        "possessing_team": 1,
        "prev_ball_x": 0.07018239796161652,
        "progress_toward_goal": 2.2351741790771484e-08,
        "scalar_reward_delta": 0.0
      },
      "score": null,
      "step": 3,
      "team0_centroid": [
        3.871827244758606,
        0.4252753332257271
      ],
      "team0_step_reward": -0.0019999995529651642,
      "team1_centroid": [
        -4.592401623725891,
        0.7361622303724289
      ],
      "team1_step_reward": -0.002000000447034836,
      "winner": null
    },
    {
      "ball_pos": [
        1.9100099802017212,
        -0.13871385157108307
      ],
      "reward_shaping": {
        "applied_reward": {
          "0": 0.017398276045918464,
          "1": 0.017398276045918464,
          "2": -0.019398276045918466,
          "3": -0.019398276045918466
        },
        "ball_dx": 1.8398276045918465,
        "ball_found": true,
        "ball_pos": [
          1.9100099802017212,
          -0.13871385157108307
        ],
        "closest_agent_id": 3,
        "deep_zone_team0_inner": false,
        "deep_zone_team0_outer": false,
        "deep_zone_team1_inner": false,
        "deep_zone_team1_outer": false,
        "player_count": 4,
        "possessing_team": 1,
        "prev_ball_x": 0.07018237560987473,
        "progress_toward_goal": 0.0,
        "scalar_reward_delta": 0.0
      },
      "score": null,
      "step": 4,
      "team0_centroid": [
        2.695446088910103,
        0.4934013932943344
      ],
      "team0_step_reward": -0.03879655209183693,
      "team1_centroid": [
        -3.59931480884552,
        0.8945500403642654
      ],
      "team1_step_reward": 0.03479655209183693,
      "winner": null
    },
    {
      "ball_pos": [
        8.356760025024414,
        0.9907460808753967
      ],
      "reward_shaping": {
        "applied_reward": {
          "0": 0.06346750044822692,
          "1": 0.06346750044822692,
          "2": -0.06546750044822693,
          "3": -0.06546750044822693
        },
        "ball_dx": 6.446750044822693,
        "ball_found": true,