{
  "classification": {
    "labels": [
      "late_defensive_collapse",
      "territory_loss",
      "poor_conversion"
    ],
    "primary_label": "late_defensive_collapse"
  },
  "cumulative_team0_reward": -2.3360118780136108,
  "cumulative_team1_reward": 2.284811884880066,
  "episode_index": 82,
  "final_score": null,
  "final_team0_step_reward": -2.01960627746582,
  "final_team1_step_reward": 1.9984062843322754,
  "final_winner": null,
  "metrics": {
    "mean_ball_x": -5.801330119371414,
    "tail_mean_ball_x": -5.801330119371414,
    "team0_possession_ratio": 1.0,
    "team0_progress_toward_goal": 8.940696716308594e-08,
    "team0_shaping_reward_sum": -0.33601187801361093,
    "team1_possession_ratio": 0.0,
    "team1_progress_toward_goal": 0.0,
    "team1_shaping_reward_sum": 0.30201187801361096
  },
  "outcome": "team1_win",
  "sampled_trace": [
    {
      "ball_pos": [
        0.4098060131072998,
        0.6365495324134827
      ],
      "reward_shaping": {
        "applied_reward": {
          "0": -0.001,
          "1": -0.001,
          "2": -0.001,
          "3": -0.001
        },
        "ball_dx": null,
        "ball_found": true,
        "ball_pos": [
          0.4098060131072998,
          0.6365495324134827
        ],
        "deep_zone_team0_inner": false,
        "deep_zone_team0_outer": false,
        "deep_zone_team1_inner": false,
        "deep_zone_team1_outer": false,
        "player_count": 4,
        "prev_ball_x": null,
        "scalar_reward_delta": 0.0
      },
      "score": null,
      "step": 0,
      "team0_centroid": [
        -5.368835210800171,
        0.045340657234191895
      ],
      "team0_step_reward": -0.002,
      "team1_centroid": [
        7.5791709423065186,
        -0.010568022727966309
      ],
      "team1_step_reward": -0.002,
      "winner": null
    }
  ],
  "steps": 9,
  "tail_trace": [
    {
      "ball_pos": [
        0.4098060131072998,
        0.6365495324134827
      ],
      "reward_shaping": {
        "applied_reward": {
          "0": -0.001,
          "1": -0.001,
          "2": -0.001,
          "3": -0.001
        },
        "ball_dx": null,
        "ball_found": true,
        "ball_pos": [
          0.4098060131072998,
          0.6365495324134827
        ],
        "deep_zone_team0_inner": false,
        "deep_zone_team0_outer": false,
        "deep_zone_team1_inner": false,
        "deep_zone_team1_outer": false,
        "player_count": 4,
        "prev_ball_x": null,
        "scalar_reward_delta": 0.0
      },
      "score": null,
      "step": 0,
      "team0_centroid": [
        -5.368835210800171,
        0.045340657234191895
      ],
      "team0_step_reward": -0.002,
      "team1_centroid": [
        7.5791709423065186,
        -0.010568022727966309
      ],
      "team1_step_reward": -0.002,
      "winner": null
    },
    {
      "ball_pos": [
        0.4098060131072998,
        0.6365495324134827
      ],
      "reward_shaping": {
        "applied_reward": {
          "0": -0.001,
          "1": -0.001,
          "2": -0.001,
          "3": -0.001
        },
        "ball_dx": 0.0,
        "ball_found": true,
        "ball_pos": [
          0.4098060131072998,
          0.6365495324134827
        ],
        "closest_agent_id": 0,
        "deep_zone_team0_inner": false,
        "deep_zone_team0_outer": false,
        "deep_zone_team1_inner": false,
        "deep_zone_team1_outer": false,
        "player_count": 4,
        "possessing_team": 0,
        "prev_ball_x": 0.4098060131072998,
        "progress_toward_goal": 0.0,
        "scalar_reward_delta": 0.0
      },
      "score": null,
      "step": 1,
      "team0_centroid": [
        -4.790059447288513,
        -0.025593161582946777
      ],
      "team0_step_reward": -0.002,
      "team1_centroid": [
        6.6761603355407715,
        -0.03447312116622925
      ],
      "team1_step_reward": -0.002,
      "winner": null
    },
    {
      "ball_pos": [
        0.40980610251426697,
        0.6365496516227722
      ],
      "reward_shaping": {
        "applied_reward": {
          "0": -0.0009999991059303284,
          "1": -0.0009999991059303284,
          "2": -0.0010000008940696716,
          "3": -0.0010000008940696716
        },
        "ball_dx": 8.940696716308594e-08,
        "ball_found": true,
        "ball_pos": [
          0.40980610251426697,
          0.6365496516227722
        ],
        "closest_agent_id": 0,
        "deep_zone_team0_inner": false,
        "deep_zone_team0_outer": false,
        "deep_zone_team1_inner": false,
        "deep_zone_team1_outer": false,
        "player_count": 4,
        "possessing_team": 0,
        "prev_ball_x": 0.4098060131072998,
        "progress_toward_goal": 8.940696716308594e-08,
        "scalar_reward_delta": 0.0
      },
      "score": null,
      "step": 2,
      "team0_centroid": [
        -3.941559672355652,
        -0.20193776488304138
      ],
      "team0_step_reward": -0.001999998211860657,
      "team1_centroid": [
        5.373917579650879,
        -0.1255567967891693
      ],
      "team1_step_reward": -0.0020000017881393432,
      "winner": null
    },
    {
      "ball_pos": [
        0.3469020128250122,
        0.5876972675323486
      ],
      "reward_shaping": {
        "applied_reward": {
          "0": 0.0003709591031074524,
          "1": -0.0016290408968925476,
          "2": -0.0003709591031074524,
          "3": -0.0003709591031074524
        },
        "ball_dx": -0.06290408968925476,
        "ball_found": true,
        "ball_pos": [
          0.3469020128250122,
          0.5876972675323486
        ],
        "closest_agent_id": 0,
        "deep_zone_team0_inner": false,
        "deep_zone_team0_outer": false,
        "deep_zone_team1_inner": false,
        "deep_zone_team1_outer": false,
        "player_count": 4,
        "possessing_team": 0,
        "prev_ball_x": 0.40980610251426697,
        "progress_toward_goal": 0.0,
        "scalar_reward_delta": 0.0
      },
      "score": null,
      "step": 3,
      "team0_centroid": [
        -3.4635292142629623,
        -0.43936219811439514
      ],
      "team0_step_reward": -0.0012580817937850952,
      "team1_centroid": [
        3.926210880279541,
        -0.20332002639770508
      ],
      "team1_step_reward": -0.0007419182062149048,
      "winner": null
    },
    {
      "ball_pos": [
        -3.976039171218872,
        0.14769287407398224
      ],
      "reward_shaping": {
        "applied_reward": {
          "0": -0.04422941184043885,
          "1": -0.04422941184043885,
          "2": 0.042229411840438845,
          "3": 0.042229411840438845
        },
        "ball_dx": -4.322941184043884,
        "ball_found": true,
        "ball_pos": [
          -3.976039171218872,
          0.14769287407398224
        ],
        "closest_agent_id": 1,
        "deep_zone_team0_inner": false,
        "deep_zone_team0_outer": false,
        "deep_zone_team1_inner": false,
        "deep_zone_team1_outer": false,
        "player_count": 4,
        "possessing_team": 0,
        "prev_ball_x": 0.3469020128250122,
        "progress_toward_goal": 0.0,
        "scalar_reward_delta": 0.0
      },
      "score": null,
      "step": 4,
      "team0_centroid": [
        -3.6104676723480225,
        -0.5491170287132263
      ],
      "team0_step_reward": -0.0884588236808777,
      "team1_centroid": [
        3.1804590821266174,
        -0.2465345859527588
      ],
      "team1_step_reward": 0.08445882368087769,
      "winner": null
    },
    {
      "ball_pos": [
        -7.973357200622559,
        -0.030028503388166428
      ],
      "reward_shaping": {
        "applied_reward": {
          "0": -0.04097318029403687,
          "1": -0.04097318029403687,
          "2": 0.03897318029403687,
          "3": 0.03897318029403687
        },
        "ball_dx": -3.9973180294036865,
        "ball_found": true,
        "ball_pos": [
          -7.973357200622559,
          -0.030028503388166428
        ],