{
  "classification": {
    "labels": [
      "low_possession"
    ],
    "primary_label": "low_possession"
  },
  "cumulative_team0_reward": -2.3645077152252196,
  "cumulative_team1_reward": 2.2989077072143553,
  "episode_index": 129,
  "final_score": null,
  "final_team0_step_reward": -2.0118708724975587,
  "final_team1_step_reward": 1.9862708644866944,
  "final_winner": null,
  "metrics": {
    "mean_ball_x": 8.104195128787648,
    "tail_mean_ball_x": 8.104195128787648,
    "team0_possession_ratio": 0.2,
    "team0_progress_toward_goal": 4.409112453460693,
    "team0_shaping_reward_sum": 0.32050771522521976,
    "team1_possession_ratio": 0.8,
    "team1_progress_toward_goal": 0.0,
    "team1_shaping_reward_sum": -0.3645077152252198
  },
  "outcome": "team1_win",
  "sampled_trace": [
    {
      "ball_pos": [
        -1.8247742652893066,
        1.4271974563598633
      ],
      "reward_shaping": {
        "applied_reward": {
          "0": -0.001,
          "1": -0.001,
          "2": -0.001,
          "3": -0.001
        },
        "ball_dx": null,
        "ball_found": true,
        "ball_pos": [
          -1.8247742652893066,
          1.4271974563598633
        ],
        "deep_zone_team0_inner": false,
        "deep_zone_team0_outer": false,
        "deep_zone_team1_inner": false,
        "deep_zone_team1_outer": false,
        "player_count": 4,
        "prev_ball_x": null,
        "scalar_reward_delta": 0.0
      },
      "score": null,
      "step": 0,
      "team0_centroid": [
        11.710881233215332,
        0.013235628604888916
      ],
      "team0_step_reward": -0.002,
      "team1_centroid": [
        -7.213665127754211,
        0.10630911588668823
      ],
      "team1_step_reward": -0.002,
      "winner": null
    },
    {
      "ball_pos": [
        15.30061149597168,
        3.214627742767334
      ],
      "reward_shaping": {
        "applied_reward": {
          "0": 0.003935436248779297,
          "1": 0.003935436248779297,
          "2": -0.005935436248779297,
          "3": -0.005935436248779297
        },
        "ball_dx": 0.4935436248779297,
        "ball_found": true,
        "ball_pos": [
          15.30061149597168,
          3.214627742767334
        ],
        "closest_agent_id": 3,
        "deep_zone_team0_inner": false,
        "deep_zone_team0_outer": false,
        "deep_zone_team1_inner": false,
        "deep_zone_team1_outer": false,
        "player_count": 4,
        "possessing_team": 1,
        "prev_ball_x": 14.80706787109375,
        "progress_toward_goal": 0.0,
        "scalar_reward_delta": 0.0
      },
      "score": null,
      "step": 10,
      "team0_centroid": [
        11.534356117248535,
        0.6386653482913971
      ],
      "team0_step_reward": -2.0118708724975587,
      "team1_centroid": [
        -5.900055885314941,
        1.3162050247192383
      ],
      "team1_step_reward": 1.9862708644866944,
      "winner": null
    }
  ],
  "steps": 11,
  "tail_trace": [
    {
      "ball_pos": [
        -1.8247742652893066,
        1.4271974563598633
      ],
      "reward_shaping": {
        "applied_reward": {
          "0": -0.001,
          "1": -0.001,
          "2": -0.001,
          "3": -0.001
        },
        "ball_dx": null,
        "ball_found": true,
        "ball_pos": [
          -1.8247742652893066,
          1.4271974563598633
        ],
        "deep_zone_team0_inner": false,
        "deep_zone_team0_outer": false,
        "deep_zone_team1_inner": false,
        "deep_zone_team1_outer": false,
        "player_count": 4,
        "prev_ball_x": null,
        "scalar_reward_delta": 0.0
      },
      "score": null,
      "step": 0,
      "team0_centroid": [
        11.710881233215332,
        0.013235628604888916
      ],
      "team0_step_reward": -0.002,
      "team1_centroid": [
        -7.213665127754211,
        0.10630911588668823
      ],
      "team1_step_reward": -0.002,
      "winner": null
    },
    {
      "ball_pos": [
        -0.21593129634857178,
        1.579668402671814
      ],
      "reward_shaping": {
        "applied_reward": {
          "0": 0.015088429689407348,
          "1": 0.015088429689407348,
          "2": -0.01708842968940735,
          "3": -0.01708842968940735
        },
        "ball_dx": 1.6088429689407349,
        "ball_found": true,
        "ball_pos": [
          -0.21593129634857178,
          1.579668402671814
        ],
        "closest_agent_id": 0,
        "deep_zone_team0_inner": false,
        "deep_zone_team0_outer": false,
        "deep_zone_team1_inner": false,
        "deep_zone_team1_outer": false,
        "player_count": 4,
        "possessing_team": 0,
        "prev_ball_x": -1.8247742652893066,
        "progress_toward_goal": 1.6088429689407349,
        "scalar_reward_delta": 0.0
      },
      "score": null,
      "step": 1,
      "team0_centroid": [
        10.811667919158936,
        0.07871267199516296
      ],
      "team0_step_reward": -0.0341768593788147,
      "team1_centroid": [
        -6.92134153842926,
        0.22233223915100098
      ],
      "team1_step_reward": 0.030176859378814695,
      "winner": null
    },
    {
      "ball_pos": [
        2.5843381881713867,
        1.8729671239852905
      ],
      "reward_shaping": {
        "applied_reward": {
          "0": 0.027002694845199585,
          "1": 0.027002694845199585,
          "2": -0.029002694845199586,
          "3": -0.029002694845199586
        },
        "ball_dx": 2.8002694845199585,
        "ball_found": true,
        "ball_pos": [
          2.5843381881713867,
          1.8729671239852905
        ],
        "closest_agent_id": 0,
        "deep_zone_team0_inner": false,
        "deep_zone_team0_outer": false,
        "deep_zone_team1_inner": false,
        "deep_zone_team1_outer": false,
        "player_count": 4,
        "possessing_team": 0,
        "prev_ball_x": -0.21593129634857178,
        "progress_toward_goal": 2.8002694845199585,
        "scalar_reward_delta": 0.0
      },
      "score": null,
      "step": 2,
      "team0_centroid": [
        9.781810283660889,
        0.25345979630947113
      ],
      "team0_step_reward": -0.05800538969039917,
      "team1_centroid": [
        -6.469386428594589,
        0.45428964495658875
      ],
      "team1_step_reward": 0.05400538969039917,
      "winner": null
    },
    {
      "ball_pos": [
        5.066783905029297,
        2.1330926418304443
      ],
      "reward_shaping": {
        "applied_reward": {
          "0": 0.023824457168579102,
          "1": 0.023824457168579102,
          "2": -0.025824457168579104,
          "3": -0.025824457168579104
        },
        "ball_dx": 2.48244571685791,
        "ball_found": true,
        "ball_pos": [
          5.066783905029297,
          2.1330926418304443
        ],
        "closest_agent_id": 2,
        "deep_zone_team0_inner": false,
        "deep_zone_team0_outer": false,
        "deep_zone_team1_inner": false,
        "deep_zone_team1_outer": false,
        "player_count": 4,
        "possessing_team": 1,
        "prev_ball_x": 2.5843381881713867,
        "progress_toward_goal": 0.0,
        "scalar_reward_delta": 0.0
      },
      "score": null,
      "step": 3,
      "team0_centroid": [
        8.637298583984375,
        0.5163967348635197
      ],
      "team0_step_reward": -0.05164891433715821,
      "team1_centroid": [
        -5.941950798034668,
        0.7139514237642288
      ],
      "team1_step_reward": 0.047648914337158205,
      "winner": null
    },
    {
      "ball_pos": [
        7.261952877044678,
        2.36311674118042
      ],
      "reward_shaping": {
        "applied_reward": {
          "0": 0.020951689720153807,
          "1": 0.020951689720153807,
          "2": -0.02295168972015381,
          "3": -0.02295168972015381
        },
        "ball_dx": 2.195168972015381,
        "ball_found": true,
        "ball_pos": [
          7.261952877044678,
          2.36311674118042
        ],
        "closest_agent_id": 2,