{
  "classification": {
    "labels": [
      "unclear_loss"
    ],
    "primary_label": "unclear_loss"
  },
  "cumulative_team0_reward": -2.3683426685333253,
  "cumulative_team1_reward": 2.2943426456451417,
  "episode_index": 137,
  "final_score": null,
  "final_team0_step_reward": -2.0167553634643554,
  "final_team1_step_reward": 1.986755340576172,
  "final_winner": null,
  "metrics": {
    "mean_ball_x": 5.706713671867664,
    "tail_mean_ball_x": 5.706713671867664,
    "team0_possession_ratio": 0.4166666666666667,
    "team0_progress_toward_goal": 7.104364395141602,
    "team0_shaping_reward_sum": 0.32034266853332516,
    "team1_possession_ratio": 0.5833333333333334,
    "team1_progress_toward_goal": 0.8925275802612305,
    "team1_shaping_reward_sum": -0.3683426685333252
  },
  "outcome": "team1_win",
  "sampled_trace": [
    {
      "ball_pos": [
        -2.027289867401123,
        1.2554435729980469
      ],
      "reward_shaping": {
        "applied_reward": {
          "0": -0.001,
          "1": -0.001,
          "2": -0.001,
          "3": -0.001
        },
        "ball_dx": null,
        "ball_found": true,
        "ball_pos": [
          -2.027289867401123,
          1.2554435729980469
        ],
        "deep_zone_team0_inner": false,
        "deep_zone_team0_outer": false,
        "deep_zone_team1_inner": false,
        "deep_zone_team1_outer": false,
        "player_count": 4,
        "prev_ball_x": null,
        "scalar_reward_delta": 0.0
      },
      "score": null,
      "step": 0,
      "team0_centroid": [
        6.627236604690552,
        0.05833911895751953
      ],
      "team0_step_reward": -0.002,
      "team1_centroid": [
        -7.849907875061035,
        0.08208280801773071
      ],
      "team1_step_reward": -0.002,
      "winner": null
    },
    {
      "ball_pos": [
        13.32638931274414,
        3.1315863132476807
      ],
      "reward_shaping": {
        "applied_reward": {
          "0": -0.009925275802612304,
          "1": -0.009925275802612304,
          "2": 0.007925275802612305,
          "3": 0.009925275802612304
        },
        "ball_dx": -0.8925275802612305,
        "ball_found": true,
        "ball_pos": [
          13.32638931274414,
          3.1315863132476807
        ],
        "closest_agent_id": 3,
        "deep_zone_team0_inner": false,
        "deep_zone_team0_outer": false,
        "deep_zone_team1_inner": false,
        "deep_zone_team1_outer": false,
        "player_count": 4,
        "possessing_team": 1,
        "prev_ball_x": 14.218916893005371,
        "progress_toward_goal": 0.8925275802612305,
        "scalar_reward_delta": 0.0
      },
      "score": null,
      "step": 10,
      "team0_centroid": [
        6.8793665766716,
        0.9000755548477173
      ],
      "team0_step_reward": 0.01785055160522461,
      "team1_centroid": [
        -2.0119665265083313,
        1.7922477722167969
      ],
      "team1_step_reward": -0.019850551605224608,
      "winner": null
    }
  ],
  "steps": 13,
  "tail_trace": [
    {
      "ball_pos": [
        -2.027289867401123,
        1.2554435729980469
      ],
      "reward_shaping": {
        "applied_reward": {
          "0": -0.001,
          "1": -0.001,
          "2": -0.001,
          "3": -0.001
        },
        "ball_dx": null,
        "ball_found": true,
        "ball_pos": [
          -2.027289867401123,
          1.2554435729980469
        ],
        "deep_zone_team0_inner": false,
        "deep_zone_team0_outer": false,
        "deep_zone_team1_inner": false,
        "deep_zone_team1_outer": false,
        "player_count": 4,
        "prev_ball_x": null,
        "scalar_reward_delta": 0.0
      },
      "score": null,
      "step": 0,
      "team0_centroid": [
        6.627236604690552,
        0.05833911895751953
      ],
      "team0_step_reward": -0.002,
      "team1_centroid": [
        -7.849907875061035,
        0.08208280801773071
      ],
      "team1_step_reward": -0.002,
      "winner": null
    },
    {
      "ball_pos": [
        -2.027289867401123,
        1.2554435729980469
      ],
      "reward_shaping": {
        "applied_reward": {
          "0": -0.001,
          "1": -0.001,
          "2": -0.001,
          "3": -0.001
        },
        "ball_dx": 0.0,
        "ball_found": true,
        "ball_pos": [
          -2.027289867401123,
          1.2554435729980469
        ],
        "closest_agent_id": 1,
        "deep_zone_team0_inner": false,
        "deep_zone_team0_outer": false,
        "deep_zone_team1_inner": false,
        "deep_zone_team1_outer": false,
        "player_count": 4,
        "possessing_team": 0,
        "prev_ball_x": -2.027289867401123,
        "progress_toward_goal": 0.0,
        "scalar_reward_delta": 0.0
      },
      "score": null,
      "step": 1,
      "team0_centroid": [
        6.625189661979675,
        0.12561345100402832
      ],
      "team0_step_reward": -0.002,
      "team1_centroid": [
        -7.559551477432251,
        0.1718425452709198
      ],
      "team1_step_reward": -0.002,
      "winner": null
    },
    {
      "ball_pos": [
        -2.027289867401123,
        1.2554435729980469
      ],
      "reward_shaping": {
        "applied_reward": {
          "0": -0.001,
          "1": -0.001,
          "2": -0.001,
          "3": -0.001
        },
        "ball_dx": 0.0,
        "ball_found": true,
        "ball_pos": [
          -2.027289867401123,
          1.2554435729980469
        ],
        "closest_agent_id": 1,
        "deep_zone_team0_inner": false,
        "deep_zone_team0_outer": false,
        "deep_zone_team1_inner": false,
        "deep_zone_team1_outer": false,
        "player_count": 4,
        "possessing_team": 0,
        "prev_ball_x": -2.027289867401123,
        "progress_toward_goal": 0.0,
        "scalar_reward_delta": 0.0
      },
      "score": null,
      "step": 2,
      "team0_centroid": [
        6.376831650733948,
        0.24300700426101685
      ],
      "team0_step_reward": -0.002,
      "team1_centroid": [
        -7.405402421951294,
        0.29585954546928406
      ],
      "team1_step_reward": -0.002,
      "winner": null
    },
    {
      "ball_pos": [
        -2.027289867401123,
        1.2554435729980469
      ],
      "reward_shaping": {
        "applied_reward": {
          "0": -0.001,
          "1": -0.001,
          "2": -0.001,
          "3": -0.001
        },
        "ball_dx": 0.0,
        "ball_found": true,
        "ball_pos": [
          -2.027289867401123,
          1.2554435729980469
        ],
        "closest_agent_id": 1,
        "deep_zone_team0_inner": false,
        "deep_zone_team0_outer": false,
        "deep_zone_team1_inner": false,
        "deep_zone_team1_outer": false,
        "player_count": 4,
        "possessing_team": 0,
        "prev_ball_x": -2.027289867401123,
        "progress_toward_goal": 0.0,
        "scalar_reward_delta": 0.0
      },
      "score": null,
      "step": 3,
      "team0_centroid": [
        5.814801573753357,
        0.405281700193882
      ],
      "team0_step_reward": -0.002,
      "team1_centroid": [
        -6.86089301109314,
        0.634116604924202
      ],
      "team1_step_reward": -0.002,
      "winner": null
    },
    {
      "ball_pos": [
        -2.027289867401123,
        1.2554435729980469
      ],
      "reward_shaping": {
        "applied_reward": {
          "0": -0.001,
          "1": -0.001,
          "2": 0.001,
          "3": -0.001
        },
        "ball_dx": 0.0,
        "ball_found": true,
        "ball_pos": [
          -2.027289867401123,
          1.2554435729980469
        ],
        "closest_agent_id": 2,
        "deep_zone_team0_inner": false,
        "deep_zone_team0_outer": false,
        "deep_zone_team1_inner": false,
        "deep_zone_team1_outer": false,
        "player_count": 4,
        "possessing_team": 1,
        "prev_ball_x": -2.027289867401123,
        "progress_toward_goal": -0.0,
        "scalar_reward_delta": 0.0
      },