{
  "classification": {
    "labels": [
      "late_defensive_collapse",
      "territory_loss",
      "poor_conversion"
    ],
    "primary_label": "late_defensive_collapse"
  },
  "cumulative_team0_reward": -2.320638560056686,
  "cumulative_team1_reward": 2.2522385642528535,
  "episode_index": 98,
  "final_score": null,
  "final_team0_step_reward": -2.0397765655517577,
  "final_team1_step_reward": 2.0113765697479247,
  "final_winner": null,
  "metrics": {
    "mean_ball_x": -4.740154420336087,
    "tail_mean_ball_x": -4.740154420336087,
    "team0_possession_ratio": 0.7272727272727273,
    "team0_progress_toward_goal": 0.0,
    "team0_shaping_reward_sum": -0.3206385600566864,
    "team1_possession_ratio": 0.2727272727272727,
    "team1_progress_toward_goal": 0.0,
    "team1_shaping_reward_sum": 0.2766385600566864
  },
  "outcome": "team1_win",
  "sampled_trace": [
    {
      "ball_pos": [
        -0.4946032166481018,
        -0.6028172969818115
      ],
      "reward_shaping": {
        "applied_reward": {
          "0": -0.001,
          "1": -0.001,
          "2": -0.001,
          "3": -0.001
        },
        "ball_dx": null,
        "ball_found": true,
        "ball_pos": [
          -0.4946032166481018,
          -0.6028172969818115
        ],
        "deep_zone_team0_inner": false,
        "deep_zone_team0_outer": false,
        "deep_zone_team1_inner": false,
        "deep_zone_team1_outer": false,
        "player_count": 4,
        "prev_ball_x": null,
        "scalar_reward_delta": 0.0
      },
      "score": null,
      "step": 0,
      "team0_centroid": [
        -8.448431253433228,
        -0.0797891616821289
      ],
      "team0_step_reward": -0.002,
      "team1_centroid": [
        7.034209489822388,
        -0.1353437900543213
      ],
      "team1_step_reward": -0.002,
      "winner": null
    },
    {
      "ball_pos": [
        -13.637702941894531,
        1.1470270156860352
      ],
      "reward_shaping": {
        "applied_reward": {
          "0": -0.024398704528808594,
          "1": -0.024398704528808594,
          "2": 0.022398704528808593,
          "3": 0.022398704528808593
        },
        "ball_dx": -2.3398704528808594,
        "ball_found": true,
        "ball_pos": [
          -13.637702941894531,
          1.1470270156860352
        ],
        "closest_agent_id": 1,
        "deep_zone_team0_inner": false,
        "deep_zone_team0_outer": false,
        "deep_zone_team1_inner": false,
        "deep_zone_team1_outer": false,
        "player_count": 4,
        "possessing_team": 0,
        "prev_ball_x": -11.297832489013672,
        "progress_toward_goal": 0.0,
        "scalar_reward_delta": 0.0
      },
      "score": null,
      "step": 10,
      "team0_centroid": [
        -6.195032596588135,
        -2.166270434856415
      ],
      "team0_step_reward": -0.04879740905761719,
      "team1_centroid": [
        3.4673047065734863,
        -0.1981360735371709
      ],
      "team1_step_reward": 0.044797409057617185,
      "winner": null
    }
  ],
  "steps": 12,
  "tail_trace": [
    {
      "ball_pos": [
        -0.4946032166481018,
        -0.6028172969818115
      ],
      "reward_shaping": {
        "applied_reward": {
          "0": -0.001,
          "1": -0.001,
          "2": -0.001,
          "3": -0.001
        },
        "ball_dx": null,
        "ball_found": true,
        "ball_pos": [
          -0.4946032166481018,
          -0.6028172969818115
        ],
        "deep_zone_team0_inner": false,
        "deep_zone_team0_outer": false,
        "deep_zone_team1_inner": false,
        "deep_zone_team1_outer": false,
        "player_count": 4,
        "prev_ball_x": null,
        "scalar_reward_delta": 0.0
      },
      "score": null,
      "step": 0,
      "team0_centroid": [
        -8.448431253433228,
        -0.0797891616821289
      ],
      "team0_step_reward": -0.002,
      "team1_centroid": [
        7.034209489822388,
        -0.1353437900543213
      ],
      "team1_step_reward": -0.002,
      "winner": null
    },
    {
      "ball_pos": [
        -0.4946032166481018,
        -0.6028172969818115
      ],
      "reward_shaping": {
        "applied_reward": {
          "0": -0.001,
          "1": -0.001,
          "2": -0.001,
          "3": -0.001
        },
        "ball_dx": 0.0,
        "ball_found": true,
        "ball_pos": [
          -0.4946032166481018,
          -0.6028172969818115
        ],
        "closest_agent_id": 2,
        "deep_zone_team0_inner": false,
        "deep_zone_team0_outer": false,
        "deep_zone_team1_inner": false,
        "deep_zone_team1_outer": false,
        "player_count": 4,
        "possessing_team": 1,
        "prev_ball_x": -0.4946032166481018,
        "progress_toward_goal": -0.0,
        "scalar_reward_delta": 0.0
      },
      "score": null,
      "step": 1,
      "team0_centroid": [
        -8.510235071182251,
        -0.2099607288837433
      ],
      "team0_step_reward": -0.002,
      "team1_centroid": [
        7.009457349777222,
        -0.3757725656032562
      ],
      "team1_step_reward": -0.002,
      "winner": null
    },
    {
      "ball_pos": [
        -0.4946032166481018,
        -0.6028172969818115
      ],
      "reward_shaping": {
        "applied_reward": {
          "0": -0.001,
          "1": -0.001,
          "2": -0.001,
          "3": -0.001
        },
        "ball_dx": 0.0,
        "ball_found": true,
        "ball_pos": [
          -0.4946032166481018,
          -0.6028172969818115
        ],
        "closest_agent_id": 2,
        "deep_zone_team0_inner": false,
        "deep_zone_team0_outer": false,
        "deep_zone_team1_inner": false,
        "deep_zone_team1_outer": false,
        "player_count": 4,
        "possessing_team": 1,
        "prev_ball_x": -0.4946032166481018,
        "progress_toward_goal": -0.0,
        "scalar_reward_delta": 0.0
      },
      "score": null,
      "step": 2,
      "team0_centroid": [
        -8.139063596725464,
        -0.40681807696819305
      ],
      "team0_step_reward": -0.002,
      "team1_centroid": [
        7.001404762268066,
        -0.5707335621118546
      ],
      "team1_step_reward": -0.002,
      "winner": null
    },
    {
      "ball_pos": [
        -0.4946032166481018,
        -0.6028172969818115
      ],
      "reward_shaping": {
        "applied_reward": {
          "0": -0.001,
          "1": -0.001,
          "2": -0.001,
          "3": -0.001
        },
        "ball_dx": 0.0,
        "ball_found": true,
        "ball_pos": [
          -0.4946032166481018,
          -0.6028172969818115
        ],
        "closest_agent_id": 2,
        "deep_zone_team0_inner": false,
        "deep_zone_team0_outer": false,
        "deep_zone_team1_inner": false,
        "deep_zone_team1_outer": false,
        "player_count": 4,
        "possessing_team": 1,
        "prev_ball_x": -0.4946032166481018,
        "progress_toward_goal": -0.0,
        "scalar_reward_delta": 0.0
      },
      "score": null,
      "step": 3,
      "team0_centroid": [
        -7.437117099761963,
        -0.7192228101193905
      ],
      "team0_step_reward": -0.002,
      "team1_centroid": [
        6.539874076843262,
        -0.6541646085679531
      ],
      "team1_step_reward": -0.002,
      "winner": null
    },
    {
      "ball_pos": [
        -0.4946032166481018,
        -0.6028172969818115
      ],
      "reward_shaping": {
        "applied_reward": {
          "0": -0.001,
          "1": -0.001,
          "2": -0.001,
          "3": -0.001
        },
        "ball_dx": 0.0,
        "ball_found": true,
        "ball_pos": [
          -0.4946032166481018,
          -0.6028172969818115
        ],
        "closest_agent_id": 0,
        "deep_zone_team0_inner": false,
        "deep_zone_team0_outer": false,
        "deep_zone_team1_inner": false,
        "deep_zone_team1_outer": false,
        "player_count": 4,
        "possessing_team": 0,
        "prev_ball_x": -0.4946032166481018,