{
  "classification": {
    "labels": [
      "late_defensive_collapse",
      "territory_loss",
      "poor_conversion",
      "opponent_forward_progress"
    ],
    "primary_label": "late_defensive_collapse"
  },
  "cumulative_team0_reward": -2.3385895332098006,
  "cumulative_team1_reward": 2.2673894981145857,
  "episode_index": 414,
  "final_score": null,
  "final_team0_step_reward": -2.012543212890625,
  "final_team1_step_reward": 1.9853431777954103,
  "final_winner": null,
  "metrics": {
    "mean_ball_x": -6.33926722407341,
    "tail_mean_ball_x": -6.33926722407341,
    "team0_possession_ratio": 0.6363636363636364,
    "team0_progress_toward_goal": 0.0,
    "team0_shaping_reward_sum": -0.3385895332098007,
    "team1_possession_ratio": 0.36363636363636365,
    "team1_progress_toward_goal": 1.1264683902263641,
    "team1_shaping_reward_sum": 0.2905895332098007
  },
  "outcome": "team1_win",
  "sampled_trace": [
    {
      "ball_pos": [
        0.13605567812919617,
        -0.3265532851219177
      ],
      "reward_shaping": {
        "applied_reward": {
          "0": -0.001,
          "1": -0.001,
          "2": -0.001,
          "3": -0.001
        },
        "ball_dx": null,
        "ball_found": true,
        "ball_pos": [
          0.13605567812919617,
          -0.3265532851219177
        ],
        "deep_zone_team0_inner": false,
        "deep_zone_team0_outer": false,
        "deep_zone_team1_inner": false,
        "deep_zone_team1_outer": false,
        "player_count": 4,
        "prev_ball_x": null,
        "scalar_reward_delta": 0.0
      },
      "score": null,
      "step": 0,
      "team0_centroid": [
        -11.001652240753174,
        -0.03699791431427002
      ],
      "team0_step_reward": -0.002,
      "team1_centroid": [
        5.892517566680908,
        0.022513508796691895
      ],
      "team1_step_reward": -0.002,
      "winner": null
    },
    {
      "ball_pos": [
        -15.06626033782959,
        -2.315093755722046
      ],
      "reward_shaping": {
        "applied_reward": {
          "0": -0.01787621116638184,
          "1": -0.01787621116638184,
          "2": 0.015876211166381837,
          "3": 0.015876211166381837
        },
        "ball_dx": -1.6876211166381836,
        "ball_found": true,
        "ball_pos": [
          -15.06626033782959,
          -2.315093755722046
        ],
        "closest_agent_id": 1,
        "deep_zone_team0_inner": false,
        "deep_zone_team0_outer": false,
        "deep_zone_team1_inner": false,
        "deep_zone_team1_outer": false,
        "player_count": 4,
        "possessing_team": 0,
        "prev_ball_x": -13.378639221191406,
        "progress_toward_goal": 0.0,
        "scalar_reward_delta": 0.0
      },
      "score": null,
      "step": 10,
      "team0_centroid": [
        -9.351994037628174,
        -0.22733676433563232
      ],
      "team0_step_reward": -0.03575242233276368,
      "team1_centroid": [
        -1.8807328157126904,
        1.5824723839759827
      ],
      "team1_step_reward": 0.03175242233276367,
      "winner": null
    }
  ],
  "steps": 12,
  "tail_trace": [
    {
      "ball_pos": [
        0.13605567812919617,
        -0.3265532851219177
      ],
      "reward_shaping": {
        "applied_reward": {
          "0": -0.001,
          "1": -0.001,
          "2": -0.001,
          "3": -0.001
        },
        "ball_dx": null,
        "ball_found": true,
        "ball_pos": [
          0.13605567812919617,
          -0.3265532851219177
        ],
        "deep_zone_team0_inner": false,
        "deep_zone_team0_outer": false,
        "deep_zone_team1_inner": false,
        "deep_zone_team1_outer": false,
        "player_count": 4,
        "prev_ball_x": null,
        "scalar_reward_delta": 0.0
      },
      "score": null,
      "step": 0,
      "team0_centroid": [
        -11.001652240753174,
        -0.03699791431427002
      ],
      "team0_step_reward": -0.002,
      "team1_centroid": [
        5.892517566680908,
        0.022513508796691895
      ],
      "team1_step_reward": -0.002,
      "winner": null
    },
    {
      "ball_pos": [
        0.13605567812919617,
        -0.3265532851219177
      ],
      "reward_shaping": {
        "applied_reward": {
          "0": -0.001,
          "1": -0.001,
          "2": -0.001,
          "3": -0.001
        },
        "ball_dx": 0.0,
        "ball_found": true,
        "ball_pos": [
          0.13605567812919617,
          -0.3265532851219177
        ],
        "closest_agent_id": 3,
        "deep_zone_team0_inner": false,
        "deep_zone_team0_outer": false,
        "deep_zone_team1_inner": false,
        "deep_zone_team1_outer": false,
        "player_count": 4,
        "possessing_team": 1,
        "prev_ball_x": 0.13605567812919617,
        "progress_toward_goal": -0.0,
        "scalar_reward_delta": 0.0
      },
      "score": null,
      "step": 1,
      "team0_centroid": [
        -10.416846752166748,
        -0.17686814069747925
      ],
      "team0_step_reward": -0.002,
      "team1_centroid": [
        4.7322880029678345,
        -0.018294721841812134
      ],
      "team1_step_reward": -0.002,
      "winner": null
    },
    {
      "ball_pos": [
        0.13605567812919617,
        -0.3265532851219177
      ],
      "reward_shaping": {
        "applied_reward": {
          "0": -0.001,
          "1": -0.001,
          "2": -0.001,
          "3": -0.001
        },
        "ball_dx": 0.0,
        "ball_found": true,
        "ball_pos": [
          0.13605567812919617,
          -0.3265532851219177
        ],
        "closest_agent_id": 3,
        "deep_zone_team0_inner": false,
        "deep_zone_team0_outer": false,
        "deep_zone_team1_inner": false,
        "deep_zone_team1_outer": false,
        "player_count": 4,
        "possessing_team": 1,
        "prev_ball_x": 0.13605567812919617,
        "progress_toward_goal": -0.0,
        "scalar_reward_delta": 0.0
      },
      "score": null,
      "step": 2,
      "team0_centroid": [
        -9.590260982513428,
        -0.3848860263824463
      ],
      "team0_step_reward": -0.002,
      "team1_centroid": [
        3.356366753578186,
        -0.09368157386779785
      ],
      "team1_step_reward": -0.002,
      "winner": null
    },
    {
      "ball_pos": [
        0.13605567812919617,
        -0.3265532851219177
      ],
      "reward_shaping": {
        "applied_reward": {
          "0": -0.001,
          "1": -0.001,
          "2": -0.001,
          "3": -0.001
        },
        "ball_dx": 0.0,
        "ball_found": true,
        "ball_pos": [
          0.13605567812919617,
          -0.3265532851219177
        ],
        "closest_agent_id": 3,
        "deep_zone_team0_inner": false,
        "deep_zone_team0_outer": false,
        "deep_zone_team1_inner": false,
        "deep_zone_team1_outer": false,
        "player_count": 4,
        "possessing_team": 1,
        "prev_ball_x": 0.13605567812919617,
        "progress_toward_goal": -0.0,
        "scalar_reward_delta": 0.0
      },
      "score": null,
      "step": 3,
      "team0_centroid": [
        -8.346190214157104,
        -0.6440663635730743
      ],
      "team0_step_reward": -0.002,
      "team1_centroid": [
        2.197672188282013,
        0.008394315838813782
      ],
      "team1_step_reward": -0.002,
      "winner": null
    },
    {
      "ball_pos": [
        -0.990412712097168,
        -0.4261596202850342
      ],
      "reward_shaping": {
        "applied_reward": {
          "0": -0.01226468390226364,
          "1": -0.01226468390226364,
          "2": 0.010264683902263642,
          "3": 0.010264683902263642
        },
        "ball_dx": -1.1264683902263641,
        "ball_found": true,
        "ball_pos": [
          -0.990412712097168,
          -0.4261596202850342
        ],
        "closest_agent_id": 3,
        "deep_zone_team0_inner": false,
        "deep_zone_team0_outer": false,
        "deep_zone_team1_inner": false,