{
  "classification": {
    "labels": [
      "low_possession"
    ],
    "primary_label": "low_possession"
  },
  "cumulative_team0_reward": -2.334193494319916,
  "cumulative_team1_reward": 2.240193539142609,
  "episode_index": 69,
  "final_score": null,
  "final_team0_step_reward": -2.060716079711914,
  "final_team1_step_reward": 2.022716124534607,
  "final_winner": null,
  "metrics": {
    "mean_ball_x": 5.6504950306632304,
    "tail_mean_ball_x": 5.6504950306632304,
    "team0_possession_ratio": 0.0,
    "team0_progress_toward_goal": 0.0,
    "team0_shaping_reward_sum": 0.26219349431991573,
    "team1_possession_ratio": 1.0,
    "team1_progress_toward_goal": 0.0,
    "team1_shaping_reward_sum": -0.3341934943199158
  },
  "outcome": "team1_win",
  "sampled_trace": [
    {
      "ball_pos": [
        1.9812451601028442,
        -0.6132159233093262
      ],
      "reward_shaping": {
        "applied_reward": {
          "0": -0.001,
          "1": -0.001,
          "2": -0.001,
          "3": -0.001
        },
        "ball_dx": null,
        "ball_found": true,
        "ball_pos": [
          1.9812451601028442,
          -0.6132159233093262
        ],
        "closest_agent_distance": null,
        "closest_agent_id": null,
        "deep_zone_team0_inner": false,
        "deep_zone_team0_outer": false,
        "deep_zone_team1_inner": false,
        "deep_zone_team1_outer": false,
        "defensive_survival_team0_active": false,
        "defensive_survival_team1_active": false,
        "episode_steps": 1,
        "player_count": 4,
        "possessing_team": null,
        "possession_confirmed": false,
        "prev_ball_x": null,
        "progress_reward_applied": false,
        "progress_reward_gated": false,
        "progress_toward_goal": null,
        "scalar_reward_delta": 0.0
      },
      "score": null,
      "step": 0,
      "team0_centroid": [
        8.590613842010498,
        -0.13723403215408325
      ],
      "team0_step_reward": -0.002,
      "team1_centroid": [
        -8.625338554382324,
        -0.038238584995269775
      ],
      "team1_step_reward": -0.002,
      "winner": null
    },
    {
      "ball_pos": [
        16.190919876098633,
        0.48902589082717896
      ],
      "reward_shaping": {
        "applied_reward": {
          "0": 0.02235803985595703,
          "1": 0.02235803985595703,
          "2": -0.03035803985595703,
          "3": -0.03035803985595703
        },
        "ball_dx": 2.335803985595703,
        "ball_found": true,
        "ball_pos": [
          16.190919876098633,
          0.48902589082717896
        ],
        "closest_agent_distance": 13.636739461244654,
        "closest_agent_id": 3,
        "deep_zone_team0_inner": false,
        "deep_zone_team0_outer": false,
        "deep_zone_team1_inner": true,
        "deep_zone_team1_outer": true,
        "defensive_survival_team0_active": false,
        "defensive_survival_team1_active": false,
        "episode_steps": 11,
        "fast_loss_penalty_team0": 0.0,
        "fast_loss_penalty_team1": 0.0,
        "player_count": 4,
        "possessing_team": 1,
        "possession_confirmed": false,
        "prev_ball_x": 13.85511589050293,
        "progress_reward_applied": true,
        "progress_reward_gated": false,
        "progress_toward_goal": 0.0,
        "scalar_reward_delta": 0.0,
        "terminal_winner": null
      },
      "score": null,
      "step": 10,
      "team0_centroid": [
        1.4218691065907478,
        -1.1168477982282639
      ],
      "team0_step_reward": -2.060716079711914,
      "team1_centroid": [
        -5.946330666542053,
        -0.9616446197032928
      ],
      "team1_step_reward": 2.022716124534607,
      "winner": null
    }
  ],
  "steps": 11,
  "tail_trace": [
    {
      "ball_pos": [
        1.9812451601028442,
        -0.6132159233093262
      ],
      "reward_shaping": {
        "applied_reward": {
          "0": -0.001,
          "1": -0.001,
          "2": -0.001,
          "3": -0.001
        },
        "ball_dx": null,
        "ball_found": true,
        "ball_pos": [
          1.9812451601028442,
          -0.6132159233093262
        ],
        "closest_agent_distance": null,
        "closest_agent_id": null,
        "deep_zone_team0_inner": false,
        "deep_zone_team0_outer": false,
        "deep_zone_team1_inner": false,
        "deep_zone_team1_outer": false,
        "defensive_survival_team0_active": false,
        "defensive_survival_team1_active": false,
        "episode_steps": 1,
        "player_count": 4,
        "possessing_team": null,
        "possession_confirmed": false,
        "prev_ball_x": null,
        "progress_reward_applied": false,
        "progress_reward_gated": false,
        "progress_toward_goal": null,
        "scalar_reward_delta": 0.0
      },
      "score": null,
      "step": 0,
      "team0_centroid": [
        8.590613842010498,
        -0.13723403215408325
      ],
      "team0_step_reward": -0.002,
      "team1_centroid": [
        -8.625338554382324,
        -0.038238584995269775
      ],
      "team1_step_reward": -0.002,
      "winner": null
    },
    {
      "ball_pos": [
        1.9812451601028442,
        -0.6132159233093262
      ],
      "reward_shaping": {
        "applied_reward": {
          "0": -0.001,
          "1": -0.001,
          "2": -0.001,
          "3": -0.001
        },
        "ball_dx": 0.0,
        "ball_found": true,
        "ball_pos": [
          1.9812451601028442,
          -0.6132159233093262
        ],
        "closest_agent_distance": 5.622050320886529,
        "closest_agent_id": 3,
        "deep_zone_team0_inner": false,
        "deep_zone_team0_outer": false,
        "deep_zone_team1_inner": false,
        "deep_zone_team1_outer": false,
        "defensive_survival_team0_active": false,
        "defensive_survival_team1_active": false,
        "episode_steps": 2,
        "player_count": 4,
        "possessing_team": 1,
        "possession_confirmed": false,
        "prev_ball_x": 1.9812451601028442,
        "progress_reward_applied": true,
        "progress_reward_gated": false,
        "progress_toward_goal": -0.0,
        "scalar_reward_delta": 0.0
      },
      "score": null,
      "step": 1,
      "team0_centroid": [
        8.066945314407349,
        -0.24245759844779968
      ],
      "team0_step_reward": -0.002,
      "team1_centroid": [
        -8.54988431930542,
        0.04626023769378662
      ],
      "team1_step_reward": -0.002,
      "winner": null
    },
    {
      "ball_pos": [
        1.9812451601028442,
        -0.6132159233093262
      ],
      "reward_shaping": {
        "applied_reward": {
          "0": -0.001,
          "1": -0.001,
          "2": -0.001,
          "3": -0.001
        },
        "ball_dx": 0.0,
        "ball_found": true,
        "ball_pos": [
          1.9812451601028442,
          -0.6132159233093262
        ],
        "closest_agent_distance": 4.448317320864019,
        "closest_agent_id": 3,
        "deep_zone_team0_inner": false,
        "deep_zone_team0_outer": false,
        "deep_zone_team1_inner": false,
        "deep_zone_team1_outer": false,
        "defensive_survival_team0_active": false,
        "defensive_survival_team1_active": false,
        "episode_steps": 3,
        "player_count": 4,
        "possessing_team": 1,
        "possession_confirmed": false,
        "prev_ball_x": 1.9812451601028442,
        "progress_reward_applied": true,
        "progress_reward_gated": false,
        "progress_toward_goal": -0.0,
        "scalar_reward_delta": 0.0
      },
      "score": null,
      "step": 2,
      "team0_centroid": [
        7.14846658706665,
        -0.337862491607666
      ],
      "team0_step_reward": -0.002,
      "team1_centroid": [
        -8.651149868965149,
        0.2566817104816437
      ],
      "team1_step_reward": -0.002,
      "winner": null
    },
    {
      "ball_pos": [
        1.9812451601028442,
        -0.6132159233093262
      ],