{
  "/home/hice1/wsun377/Desktop/cs8803drl/docs/experiments/artifacts/failure-cases/mappo_aux_teammate_checkpoint420_baseline_500": {
    "episodes": 122,
    "outcomes": {
      "team1_win": 122
    },
    "primary_labels": {
      "late_defensive_collapse": 54,
      "territory_loss": 6,
      "low_possession": 35,
      "unclear_loss": 16,
      "poor_conversion": 8,
      "opponent_forward_progress": 3
    },
    "labels": {
      "late_defensive_collapse": 54,
      "territory_loss": 56,
      "poor_conversion": 50,
      "low_possession": 39,
      "opponent_forward_progress": 37,
      "unclear_loss": 16
    },
    "steps_all": {
      "count": 122,
      "mean": 45.49180327868852,
      "median": 33.0,
      "p75": 59.0,
      "min": 10.0,
      "max": 202.0
    },
    "steps_by_outcome": {
      "team1_win": {
        "count": 122,
        "mean": 45.49180327868852,
        "median": 33.0,
        "p75": 59.0,
        "min": 10.0,
        "max": 202.0
      }
    },
    "metrics_all": {
      "mean_ball_x": 0.8510325068187752,
      "tail_mean_ball_x": 0.9408660863611181,
      "team0_possession_ratio": 0.49250977282576724,
      "team0_progress_toward_goal": 5.30486609166885,
      "team0_shaping_reward_sum": -0.2268285983077129,
      "team1_possession_ratio": 0.5074902271742328,
      "team1_progress_toward_goal": 4.539028580315778,
      "team1_shaping_reward_sum": -0.33342634431230755
    },
    "metrics_by_primary_label": {
      "late_defensive_collapse": {
        "mean_ball_x": -5.798492286181253,
        "tail_mean_ball_x": -7.6040427568073365,
        "team0_possession_ratio": 0.6497836918423578,
        "team0_progress_toward_goal": 4.465572211684452,
        "team0_shaping_reward_sum": -0.6899692246839407,
        "team1_possession_ratio": 0.3502163081576423,
        "team1_progress_toward_goal": 7.0054727224288165,
        "team1_shaping_reward_sum": 0.07743721489056393
      },
      "territory_loss": {
        "mean_ball_x": -1.2437964776947183,
        "tail_mean_ball_x": 4.415575149779518,
        "team0_possession_ratio": 0.5651713064075656,
        "team0_progress_toward_goal": 18.613115424911182,
        "team0_shaping_reward_sum": -0.1190866451263427,
        "team1_possession_ratio": 0.43482869359243437,
        "team1_progress_toward_goal": 5.335562328497569,
        "team1_shaping_reward_sum": -0.9392202432751658
      },
      "low_possession": {
        "mean_ball_x": 6.9431807503699545,
        "tail_mean_ball_x": 8.46160559429505,
        "team0_possession_ratio": 0.21417886181055978,
        "team0_progress_toward_goal": 2.9191372277481213,
        "team0_shaping_reward_sum": 0.15139880937593322,
        "team1_possession_ratio": 0.7858211381894403,
        "team1_progress_toward_goal": 2.698972770997456,
        "team1_shaping_reward_sum": -0.6048467236365592
      },
      "unclear_loss": {
        "mean_ball_x": 6.766935058502126,
        "tail_mean_ball_x": 7.827037787626195,
        "team0_possession_ratio": 0.4573814476119887,
        "team0_progress_toward_goal": 6.3839295010548085,
        "team0_shaping_reward_sum": 0.22009531951282407,
        "team1_possession_ratio": 0.5426185523880113,
        "team1_progress_toward_goal": 1.568518154323101,
        "team1_shaping_reward_sum": -0.6518942726203824
      },
      "poor_conversion": {
        "mean_ball_x": 7.053956366028007,
        "tail_mean_ball_x": 7.184612481805186,
        "team0_possession_ratio": 0.7047636565547791,
        "team0_progress_toward_goal": 10.797107432037592,
        "team0_shaping_reward_sum": 0.13084807784855368,
        "team1_possession_ratio": 0.2952363434452208,
        "team1_progress_toward_goal": 1.4519108422100544,
        "team1_shaping_reward_sum": -0.7575784433335069
      },
      "opponent_forward_progress": {
        "mean_ball_x": 5.564463341546648,
        "tail_mean_ball_x": 6.681606749396046,
        "team0_possession_ratio": 0.3847908364037396,
        "team0_progress_toward_goal": 1.2281789196034272,
        "team0_shaping_reward_sum": 0.14416698233286532,
        "team1_possession_ratio": 0.6152091635962603,
        "team1_progress_toward_goal": 4.092320541540782,
        "team1_shaping_reward_sum": -0.5212436382224163
      }
    }
  }
}